reg;clage_vacsi;jour;n_dose1;n_dose2;n_cum_dose1;n_cum_dose2
01;24;2020-12-27;0;0;0;0
01;24;2020-12-28;0;0;0;0
01;24;2020-12-29;0;0;0;0
01;24;2020-12-30;0;0;0;0
01;24;2020-12-31;0;0;0;0
01;24;2021-01-01;0;0;0;0
01;24;2021-01-02;0;0;0;0
01;24;2021-01-03;0;0;0;0
01;24;2021-01-04;0;0;0;0
01;24;2021-01-05;0;0;0;0
01;24;2021-01-06;0;0;0;0
01;24;2021-01-07;0;0;0;0
01;24;2021-01-08;0;0;0;0
01;24;2021-01-09;0;0;0;0
01;24;2021-01-10;0;0;0;0
01;24;2021-01-11;0;0;0;0
01;24;2021-01-12;0;0;0;0
01;24;2021-01-13;1;0;1;0
01;24;2021-01-14;0;0;1;0
01;24;2021-01-15;0;0;1;0
01;24;2021-01-16;0;0;1;0
01;24;2021-01-17;0;0;1;0
01;24;2021-01-18;0;0;1;0
01;24;2021-01-19;0;0;1;0
01;24;2021-01-20;1;0;2;0
01;24;2021-01-21;1;0;3;0
01;24;2021-01-22;1;0;4;0
01;24;2021-01-23;0;0;4;0
01;24;2021-01-24;0;0;4;0
01;24;2021-01-25;0;0;4;0
01;24;2021-01-26;0;0;4;0
01;24;2021-01-27;2;0;6;0
01;24;2021-01-28;0;0;6;0
01;24;2021-01-29;0;0;6;0
01;24;2021-01-30;1;0;7;0
01;24;2021-01-31;0;0;7;0
01;24;2021-02-01;0;0;7;0
01;24;2021-02-02;0;0;7;0
01;24;2021-02-03;0;0;7;0
01;24;2021-02-04;1;0;8;0
01;24;2021-02-05;0;0;8;0
01;24;2021-02-06;0;0;8;0
01;24;2021-02-07;0;0;8;0
01;24;2021-02-08;0;0;8;0
01;24;2021-02-09;0;0;8;0
01;24;2021-02-10;0;0;8;0
01;24;2021-02-11;2;1;10;1
01;24;2021-02-12;0;0;10;1
01;24;2021-02-13;0;0;10;1
01;24;2021-02-14;0;0;10;1
01;24;2021-02-15;0;0;10;1
01;24;2021-02-16;1;0;11;1
01;24;2021-02-17;0;0;11;1
01;24;2021-02-18;1;0;12;1
01;24;2021-02-19;1;0;13;1
01;24;2021-02-20;0;0;13;1
01;24;2021-02-21;0;0;13;1
01;24;2021-02-22;1;0;14;1
01;24;2021-02-23;0;0;14;1
01;24;2021-02-24;5;1;19;2
01;24;2021-02-25;2;0;21;2
01;24;2021-02-26;0;0;21;2
01;24;2021-02-27;0;0;21;2
01;24;2021-02-28;0;0;21;2
01;24;2021-03-01;2;0;23;2
01;24;2021-03-02;1;0;24;2
01;24;2021-03-03;0;0;24;2
01;24;2021-03-04;2;1;26;3
01;24;2021-03-05;1;1;27;4
01;24;2021-03-06;1;0;28;4
01;24;2021-03-07;0;0;28;4
01;24;2021-03-08;2;0;30;4
01;24;2021-03-09;0;1;30;5
01;24;2021-03-10;0;0;30;5
01;24;2021-03-11;0;0;30;5
01;24;2021-03-12;2;0;32;5
01;24;2021-03-13;0;0;32;5
01;24;2021-03-14;0;0;32;5
01;24;2021-03-15;3;0;35;5
01;24;2021-03-16;2;0;37;5
01;24;2021-03-17;5;2;42;7
01;24;2021-03-18;6;3;48;10
01;24;2021-03-19;2;1;50;11
01;24;2021-03-20;0;0;50;11
01;24;2021-03-21;0;0;50;11
01;24;2021-03-22;2;0;52;11
01;24;2021-03-23;3;0;55;11
01;24;2021-03-24;3;2;58;13
01;24;2021-03-25;1;1;59;14
01;24;2021-03-26;6;0;65;14
01;24;2021-03-27;1;0;66;14
01;24;2021-03-28;0;0;66;14
01;24;2021-03-29;3;1;69;15
01;24;2021-03-30;4;1;73;16
01;24;2021-03-31;6;0;79;16
01;24;2021-04-01;2;1;81;17
01;24;2021-04-02;0;0;81;17
01;24;2021-04-03;0;0;81;17
01;24;2021-04-04;0;0;81;17
01;24;2021-04-05;0;0;81;17
01;24;2021-04-06;12;0;93;17
01;24;2021-04-07;5;7;98;24
01;24;2021-04-08;3;2;101;26
01;24;2021-04-09;5;2;106;28
01;24;2021-04-10;3;0;109;28
01;24;2021-04-11;0;0;109;28
01;24;2021-04-12;3;2;112;30
01;24;2021-04-13;11;1;123;31
01;24;2021-04-14;4;3;127;34
01;24;2021-04-15;2;2;129;36
01;24;2021-04-16;9;3;138;39
01;24;2021-04-17;4;0;142;39
01;24;2021-04-18;0;0;142;39
01;24;2021-04-19;2;3;144;42
01;24;2021-04-20;7;2;151;44
01;24;2021-04-21;3;5;154;49
01;29;2020-12-27;0;0;0;0
01;29;2020-12-28;0;0;0;0
01;29;2020-12-29;0;0;0;0
01;29;2020-12-30;0;0;0;0
01;29;2020-12-31;0;0;0;0
01;29;2021-01-01;0;0;0;0
01;29;2021-01-02;0;0;0;0
01;29;2021-01-03;0;0;0;0
01;29;2021-01-04;0;0;0;0
01;29;2021-01-05;0;0;0;0
01;29;2021-01-06;0;0;0;0
01;29;2021-01-07;0;0;0;0
01;29;2021-01-08;0;0;0;0
01;29;2021-01-09;0;0;0;0
01;29;2021-01-10;0;0;0;0
01;29;2021-01-11;0;0;0;0
01;29;2021-01-12;0;0;0;0
01;29;2021-01-13;4;0;4;0
01;29;2021-01-14;0;0;4;0
01;29;2021-01-15;5;0;9;0
01;29;2021-01-16;0;0;9;0
01;29;2021-01-17;0;0;9;0
01;29;2021-01-18;0;0;9;0
01;29;2021-01-19;0;0;9;0
01;29;2021-01-20;2;0;11;0
01;29;2021-01-21;4;0;15;0
01;29;2021-01-22;3;0;18;0
01;29;2021-01-23;0;0;18;0
01;29;2021-01-24;0;0;18;0
01;29;2021-01-25;3;0;21;0
01;29;2021-01-26;1;0;22;0
01;29;2021-01-27;2;0;24;0
01;29;2021-01-28;2;0;26;0
01;29;2021-01-29;1;0;27;0
01;29;2021-01-30;0;0;27;0
01;29;2021-01-31;0;0;27;0
01;29;2021-02-01;3;0;30;0
01;29;2021-02-02;2;0;32;0
01;29;2021-02-03;0;0;32;0
01;29;2021-02-04;1;0;33;0
01;29;2021-02-05;0;0;33;0
01;29;2021-02-06;0;0;33;0
01;29;2021-02-07;0;0;33;0
01;29;2021-02-08;0;0;33;0
01;29;2021-02-09;1;0;34;0
01;29;2021-02-10;1;0;35;0
01;29;2021-02-11;7;2;42;2
01;29;2021-02-12;7;0;49;2
01;29;2021-02-13;0;0;49;2
01;29;2021-02-14;0;0;49;2
01;29;2021-02-15;0;0;49;2
01;29;2021-02-16;2;0;51;2
01;29;2021-02-17;0;0;51;2
01;29;2021-02-18;3;2;54;4
01;29;2021-02-19;5;1;59;5
01;29;2021-02-20;0;0;59;5
01;29;2021-02-21;0;0;59;5
01;29;2021-02-22;3;1;62;6
01;29;2021-02-23;2;0;64;6
01;29;2021-02-24;9;2;73;8
01;29;2021-02-25;8;0;81;8
01;29;2021-02-26;3;0;84;8
01;29;2021-02-27;0;0;84;8
01;29;2021-02-28;1;0;85;8
01;29;2021-03-01;0;0;85;8
01;29;2021-03-02;8;1;93;9
01;29;2021-03-03;5;1;98;10
01;29;2021-03-04;6;2;104;12
01;29;2021-03-05;15;2;119;14
01;29;2021-03-06;0;0;119;14
01;29;2021-03-07;0;0;119;14
01;29;2021-03-08;7;3;126;17
01;29;2021-03-09;9;2;135;19
01;29;2021-03-10;7;4;142;23
01;29;2021-03-11;0;1;142;24
01;29;2021-03-12;8;2;150;26
01;29;2021-03-13;0;0;150;26
01;29;2021-03-14;0;0;150;26
01;29;2021-03-15;7;1;157;27
01;29;2021-03-16;3;2;160;29
01;29;2021-03-17;6;4;166;33
01;29;2021-03-18;12;5;178;38
01;29;2021-03-19;10;2;188;40
01;29;2021-03-20;1;0;189;40
01;29;2021-03-21;0;0;189;40
01;29;2021-03-22;5;1;194;41
01;29;2021-03-23;12;4;206;45
01;29;2021-03-24;8;2;214;47
01;29;2021-03-25;11;6;225;53
01;29;2021-03-26;6;10;231;63
01;29;2021-03-27;3;0;234;63
01;29;2021-03-28;0;0;234;63
01;29;2021-03-29;5;1;239;64
01;29;2021-03-30;9;3;248;67
01;29;2021-03-31;7;8;255;75
01;29;2021-04-01;8;2;263;77
01;29;2021-04-02;0;0;263;77
01;29;2021-04-03;0;0;263;77
01;29;2021-04-04;0;0;263;77
01;29;2021-04-05;0;0;263;77
01;29;2021-04-06;12;6;275;83
01;29;2021-04-07;8;10;283;93
01;29;2021-04-08;7;10;290;103
01;29;2021-04-09;15;7;305;110
01;29;2021-04-10;2;0;307;110
01;29;2021-04-11;0;0;307;110
01;29;2021-04-12;6;5;313;115
01;29;2021-04-13;2;13;315;128
01;29;2021-04-14;9;5;324;133
01;29;2021-04-15;6;8;330;141
01;29;2021-04-16;6;5;336;146
01;29;2021-04-17;13;0;349;146
01;29;2021-04-18;0;0;349;146
01;29;2021-04-19;5;3;354;149
01;29;2021-04-20;14;10;368;159
01;29;2021-04-21;12;6;380;165
01;39;2020-12-27;0;0;0;0
01;39;2020-12-28;0;0;0;0
01;39;2020-12-29;0;0;0;0
01;39;2020-12-30;0;0;0;0
01;39;2020-12-31;0;0;0;0
01;39;2021-01-01;0;0;0;0
01;39;2021-01-02;0;0;0;0
01;39;2021-01-03;0;0;0;0
01;39;2021-01-04;0;0;0;0
01;39;2021-01-05;0;0;0;0
01;39;2021-01-06;0;0;0;0
01;39;2021-01-07;0;0;0;0
01;39;2021-01-08;0;0;0;0
01;39;2021-01-09;0;0;0;0
01;39;2021-01-10;0;0;0;0
01;39;2021-01-11;0;0;0;0
01;39;2021-01-12;1;0;1;0
01;39;2021-01-13;8;0;9;0
01;39;2021-01-14;4;0;13;0
01;39;2021-01-15;5;0;18;0
01;39;2021-01-16;0;0;18;0
01;39;2021-01-17;0;0;18;0
01;39;2021-01-18;4;0;22;0
01;39;2021-01-19;6;0;28;0
01;39;2021-01-20;3;0;31;0
01;39;2021-01-21;1;0;32;0
01;39;2021-01-22;8;0;40;0
01;39;2021-01-23;0;0;40;0
01;39;2021-01-24;0;0;40;0
01;39;2021-01-25;9;0;49;0
01;39;2021-01-26;1;0;50;0
01;39;2021-01-27;10;0;60;0
01;39;2021-01-28;2;0;62;0
01;39;2021-01-29;5;0;67;0
01;39;2021-01-30;1;0;68;0
01;39;2021-01-31;0;0;68;0
01;39;2021-02-01;5;0;73;0
01;39;2021-02-02;11;2;84;2
01;39;2021-02-03;4;1;88;3
01;39;2021-02-04;7;0;95;3
01;39;2021-02-05;11;0;106;3
01;39;2021-02-06;1;0;107;3
01;39;2021-02-07;0;0;107;3
01;39;2021-02-08;4;1;111;4
01;39;2021-02-09;2;1;113;5
01;39;2021-02-10;5;2;118;7
01;39;2021-02-11;11;5;129;12
01;39;2021-02-12;9;1;138;13
01;39;2021-02-13;0;0;138;13
01;39;2021-02-14;0;0;138;13
01;39;2021-02-15;5;0;143;13
01;39;2021-02-16;2;0;145;13
01;39;2021-02-17;0;0;145;13
01;39;2021-02-18;4;4;149;17
01;39;2021-02-19;5;2;154;19
01;39;2021-02-20;0;0;154;19
01;39;2021-02-21;0;0;154;19
01;39;2021-02-22;6;0;160;19
01;39;2021-02-23;6;3;166;22
01;39;2021-02-24;16;8;182;30
01;39;2021-02-25;14;1;196;31
01;39;2021-02-26;6;3;202;34
01;39;2021-02-27;0;0;202;34
01;39;2021-02-28;0;0;202;34
01;39;2021-03-01;1;2;203;36
01;39;2021-03-02;12;7;215;43
01;39;2021-03-03;7;7;222;50
01;39;2021-03-04;13;8;235;58
01;39;2021-03-05;18;5;253;63
01;39;2021-03-06;4;0;257;63
01;39;2021-03-07;0;0;257;63
01;39;2021-03-08;12;8;269;71
01;39;2021-03-09;16;7;285;78
01;39;2021-03-10;16;3;301;81
01;39;2021-03-11;2;2;303;83
01;39;2021-03-12;26;5;329;88
01;39;2021-03-13;3;0;332;88
01;39;2021-03-14;0;0;332;88
01;39;2021-03-15;9;3;341;91
01;39;2021-03-16;13;3;354;94
01;39;2021-03-17;17;7;371;101
01;39;2021-03-18;21;8;392;109
01;39;2021-03-19;23;6;415;115
01;39;2021-03-20;1;0;416;115
01;39;2021-03-21;0;0;416;115
01;39;2021-03-22;11;0;427;115
01;39;2021-03-23;21;6;448;121
01;39;2021-03-24;26;6;474;127
01;39;2021-03-25;30;5;504;132
01;39;2021-03-26;34;7;538;139
01;39;2021-03-27;16;0;554;139
01;39;2021-03-28;0;0;554;139
01;39;2021-03-29;11;4;565;143
01;39;2021-03-30;20;12;585;155
01;39;2021-03-31;29;17;614;172
01;39;2021-04-01;36;12;650;184
01;39;2021-04-02;0;1;650;185
01;39;2021-04-03;1;0;651;185
01;39;2021-04-04;0;0;651;185
01;39;2021-04-05;0;0;651;185
01;39;2021-04-06;16;6;667;191
01;39;2021-04-07;28;15;695;206
01;39;2021-04-08;20;18;715;224
01;39;2021-04-09;30;17;745;241
01;39;2021-04-10;6;0;751;241
01;39;2021-04-11;0;0;751;241
01;39;2021-04-12;18;7;769;248
01;39;2021-04-13;36;16;805;264
01;39;2021-04-14;15;16;820;280
01;39;2021-04-15;28;16;848;296
01;39;2021-04-16;33;16;881;312
01;39;2021-04-17;36;0;917;312
01;39;2021-04-18;0;0;917;312
01;39;2021-04-19;10;17;927;329
01;39;2021-04-20;40;22;967;351
01;39;2021-04-21;30;19;997;370
01;49;2020-12-27;0;0;0;0
01;49;2020-12-28;0;0;0;0
01;49;2020-12-29;0;0;0;0
01;49;2020-12-30;0;0;0;0
01;49;2020-12-31;0;0;0;0
01;49;2021-01-01;0;0;0;0
01;49;2021-01-02;0;0;0;0
01;49;2021-01-03;0;0;0;0
01;49;2021-01-04;0;0;0;0
01;49;2021-01-05;0;0;0;0
01;49;2021-01-06;0;0;0;0
01;49;2021-01-07;0;0;0;0
01;49;2021-01-08;1;0;1;0
01;49;2021-01-09;0;0;1;0
01;49;2021-01-10;0;0;1;0
01;49;2021-01-11;0;0;1;0
01;49;2021-01-12;0;0;1;0
01;49;2021-01-13;8;0;9;0
01;49;2021-01-14;8;0;17;0
01;49;2021-01-15;10;0;27;0
01;49;2021-01-16;0;0;27;0
01;49;2021-01-17;0;0;27;0
01;49;2021-01-18;0;0;27;0
01;49;2021-01-19;1;0;28;0
01;49;2021-01-20;3;0;31;0
01;49;2021-01-21;12;0;43;0
01;49;2021-01-22;8;0;51;0
01;49;2021-01-23;0;0;51;0
01;49;2021-01-24;0;0;51;0
01;49;2021-01-25;9;0;60;0
01;49;2021-01-26;8;0;68;0
01;49;2021-01-27;10;0;78;0
01;49;2021-01-28;2;0;80;0
01;49;2021-01-29;8;1;88;1
01;49;2021-01-30;0;0;88;1
01;49;2021-01-31;0;0;88;1
01;49;2021-02-01;7;0;95;1
01;49;2021-02-02;7;0;102;1
01;49;2021-02-03;8;1;110;2
01;49;2021-02-04;11;1;121;3
01;49;2021-02-05;10;0;131;3
01;49;2021-02-06;0;0;131;3
01;49;2021-02-07;0;0;131;3
01;49;2021-02-08;5;0;136;3
01;49;2021-02-09;8;0;144;3
01;49;2021-02-10;13;0;157;3
01;49;2021-02-11;14;5;171;8
01;49;2021-02-12;15;2;186;10
01;49;2021-02-13;0;0;186;10
01;49;2021-02-14;0;0;186;10
01;49;2021-02-15;7;3;193;13
01;49;2021-02-16;0;0;193;13
01;49;2021-02-17;0;0;193;13
01;49;2021-02-18;20;7;213;20
01;49;2021-02-19;10;7;223;27
01;49;2021-02-20;0;0;223;27
01;49;2021-02-21;0;0;223;27
01;49;2021-02-22;8;3;231;30
01;49;2021-02-23;12;2;243;32
01;49;2021-02-24;22;5;265;37
01;49;2021-02-25;16;5;281;42
01;49;2021-02-26;16;8;297;50
01;49;2021-02-27;0;0;297;50
01;49;2021-02-28;0;0;297;50
01;49;2021-03-01;8;5;305;55
01;49;2021-03-02;11;5;316;60
01;49;2021-03-03;12;6;328;66
01;49;2021-03-04;17;13;345;79
01;49;2021-03-05;23;11;368;90
01;49;2021-03-06;7;0;375;90
01;49;2021-03-07;0;0;375;90
01;49;2021-03-08;25;10;400;100
01;49;2021-03-09;21;6;421;106
01;49;2021-03-10;30;9;451;115
01;49;2021-03-11;4;1;455;116
01;49;2021-03-12;33;7;488;123
01;49;2021-03-13;2;3;490;126
01;49;2021-03-14;1;0;491;126
01;49;2021-03-15;11;3;502;129
01;49;2021-03-16;31;7;533;136
01;49;2021-03-17;31;13;564;149
01;49;2021-03-18;32;16;596;165
01;49;2021-03-19;56;9;652;174
01;49;2021-03-20;3;0;655;174
01;49;2021-03-21;0;0;655;174
01;49;2021-03-22;24;5;679;179
01;49;2021-03-23;36;8;715;187
01;49;2021-03-24;38;6;753;193
01;49;2021-03-25;69;11;822;204
01;49;2021-03-26;58;13;880;217
01;49;2021-03-27;47;0;927;217
01;49;2021-03-28;0;0;927;217
01;49;2021-03-29;36;11;963;228
01;49;2021-03-30;47;25;1010;253
01;49;2021-03-31;58;23;1068;276
01;49;2021-04-01;62;11;1130;287
01;49;2021-04-02;4;1;1134;288
01;49;2021-04-03;7;0;1141;288
01;49;2021-04-04;2;1;1143;289
01;49;2021-04-05;0;0;1143;289
01;49;2021-04-06;29;19;1172;308
01;49;2021-04-07;43;18;1215;326
01;49;2021-04-08;33;20;1248;346
01;49;2021-04-09;44;36;1292;382
01;49;2021-04-10;18;0;1310;382
01;49;2021-04-11;0;0;1310;382
01;49;2021-04-12;19;23;1329;405
01;49;2021-04-13;40;50;1369;455
01;49;2021-04-14;34;34;1403;489
01;49;2021-04-15;32;39;1435;528
01;49;2021-04-16;50;45;1485;573
01;49;2021-04-17;41;0;1526;573
01;49;2021-04-18;0;0;1526;573
01;49;2021-04-19;34;28;1560;601
01;49;2021-04-20;84;44;1644;645
01;49;2021-04-21;60;40;1704;685
01;59;2020-12-27;0;0;0;0
01;59;2020-12-28;0;0;0;0
01;59;2020-12-29;0;0;0;0
01;59;2020-12-30;0;0;0;0
01;59;2020-12-31;0;0;0;0
01;59;2021-01-01;0;0;0;0
01;59;2021-01-02;0;0;0;0
01;59;2021-01-03;0;0;0;0
01;59;2021-01-04;0;0;0;0
01;59;2021-01-05;0;0;0;0
01;59;2021-01-06;0;0;0;0
01;59;2021-01-07;0;0;0;0
01;59;2021-01-08;0;0;0;0
01;59;2021-01-09;1;0;1;0
01;59;2021-01-10;0;0;1;0
01;59;2021-01-11;0;0;1;0
01;59;2021-01-12;9;0;10;0
01;59;2021-01-13;7;0;17;0
01;59;2021-01-14;21;0;38;0
01;59;2021-01-15;24;0;62;0
01;59;2021-01-16;0;0;62;0
01;59;2021-01-17;0;0;62;0
01;59;2021-01-18;21;0;83;0
01;59;2021-01-19;27;0;110;0
01;59;2021-01-20;21;0;131;0
01;59;2021-01-21;26;0;157;0
01;59;2021-01-22;20;0;177;0
01;59;2021-01-23;0;0;177;0
01;59;2021-01-24;0;0;177;0
01;59;2021-01-25;24;0;201;0
01;59;2021-01-26;19;0;220;0
01;59;2021-01-27;21;0;241;0
01;59;2021-01-28;16;0;257;0
01;59;2021-01-29;23;0;280;0
01;59;2021-01-30;0;0;280;0
01;59;2021-01-31;0;0;280;0
01;59;2021-02-01;20;2;300;2
01;59;2021-02-02;21;8;321;10
01;59;2021-02-03;20;1;341;11
01;59;2021-02-04;18;8;359;19
01;59;2021-02-05;16;13;375;32
01;59;2021-02-06;0;0;375;32
01;59;2021-02-07;0;0;375;32
01;59;2021-02-08;13;8;388;40
01;59;2021-02-09;28;20;416;60
01;59;2021-02-10;30;16;446;76
01;59;2021-02-11;37;44;483;120
01;59;2021-02-12;38;11;521;131
01;59;2021-02-13;0;0;521;131
01;59;2021-02-14;1;0;522;131
01;59;2021-02-15;12;1;534;132
01;59;2021-02-16;2;0;536;132
01;59;2021-02-17;0;0;536;132
01;59;2021-02-18;38;6;574;138
01;59;2021-02-19;40;14;614;152
01;59;2021-02-20;0;0;614;152
01;59;2021-02-21;0;0;614;152
01;59;2021-02-22;21;7;635;159
01;59;2021-02-23;29;22;664;181
01;59;2021-02-24;35;11;699;192
01;59;2021-02-25;45;12;744;204
01;59;2021-02-26;30;16;774;220
01;59;2021-02-27;0;0;774;220
01;59;2021-02-28;0;0;774;220
01;59;2021-03-01;8;14;782;234
01;59;2021-03-02;25;26;807;260
01;59;2021-03-03;16;23;823;283
01;59;2021-03-04;25;21;848;304
01;59;2021-03-05;50;17;898;321
01;59;2021-03-06;14;0;912;321
01;59;2021-03-07;0;0;912;321
01;59;2021-03-08;30;14;942;335
01;59;2021-03-09;40;21;982;356
01;59;2021-03-10;51;24;1033;380
01;59;2021-03-11;28;5;1061;385
01;59;2021-03-12;49;30;1110;415
01;59;2021-03-13;12;2;1122;417
01;59;2021-03-14;0;0;1122;417
01;59;2021-03-15;38;1;1160;418
01;59;2021-03-16;46;16;1206;434
01;59;2021-03-17;54;20;1260;454
01;59;2021-03-18;74;48;1334;502
01;59;2021-03-19;82;19;1416;521
01;59;2021-03-20;4;0;1420;521
01;59;2021-03-21;0;0;1420;521
01;59;2021-03-22;43;16;1463;537
01;59;2021-03-23;64;28;1527;565
01;59;2021-03-24;60;15;1587;580
01;59;2021-03-25;128;28;1715;608
01;59;2021-03-26;115;28;1830;636
01;59;2021-03-27;68;0;1898;636
01;59;2021-03-28;3;0;1901;636
01;59;2021-03-29;66;17;1967;653
01;59;2021-03-30;89;24;2056;677
01;59;2021-03-31;87;30;2143;707
01;59;2021-04-01;92;29;2235;736
01;59;2021-04-02;11;3;2246;739
01;59;2021-04-03;8;0;2254;739
01;59;2021-04-04;1;0;2255;739
01;59;2021-04-05;0;0;2255;739
01;59;2021-04-06;65;34;2320;773
01;59;2021-04-07;96;30;2416;803
01;59;2021-04-08;58;33;2474;836
01;59;2021-04-09;66;56;2540;892
01;59;2021-04-10;22;2;2562;894
01;59;2021-04-11;0;0;2562;894
01;59;2021-04-12;30;49;2592;943
01;59;2021-04-13;60;55;2652;998
01;59;2021-04-14;58;52;2710;1050
01;59;2021-04-15;71;58;2781;1108
01;59;2021-04-16;65;68;2846;1176
01;59;2021-04-17;54;1;2900;1177
01;59;2021-04-18;0;0;2900;1177
01;59;2021-04-19;48;47;2948;1224
01;59;2021-04-20;109;59;3057;1283
01;59;2021-04-21;81;56;3138;1339
01;64;2020-12-27;0;0;0;0
01;64;2020-12-28;0;0;0;0
01;64;2020-12-29;0;0;0;0
01;64;2020-12-30;0;0;0;0
01;64;2020-12-31;0;0;0;0
01;64;2021-01-01;0;0;0;0
01;64;2021-01-02;0;0;0;0
01;64;2021-01-03;0;0;0;0
01;64;2021-01-04;0;0;0;0
01;64;2021-01-05;0;0;0;0
01;64;2021-01-06;0;0;0;0
01;64;2021-01-07;0;0;0;0
01;64;2021-01-08;0;0;0;0
01;64;2021-01-09;1;0;1;0
01;64;2021-01-10;0;0;1;0
01;64;2021-01-11;0;0;1;0
01;64;2021-01-12;9;0;10;0
01;64;2021-01-13;9;0;19;0
01;64;2021-01-14;21;0;40;0
01;64;2021-01-15;13;0;53;0
01;64;2021-01-16;0;0;53;0
01;64;2021-01-17;0;0;53;0
01;64;2021-01-18;7;0;60;0
01;64;2021-01-19;13;0;73;0
01;64;2021-01-20;9;0;82;0
01;64;2021-01-21;13;0;95;0
01;64;2021-01-22;15;0;110;0
01;64;2021-01-23;0;0;110;0
01;64;2021-01-24;0;0;110;0
01;64;2021-01-25;13;0;123;0
01;64;2021-01-26;10;1;133;1
01;64;2021-01-27;16;0;149;1
01;64;2021-01-28;9;0;158;1
01;64;2021-01-29;20;0;178;1
01;64;2021-01-30;0;0;178;1
01;64;2021-01-31;0;0;178;1
01;64;2021-02-01;2;3;180;4
01;64;2021-02-02;15;10;195;14
01;64;2021-02-03;15;3;210;17
01;64;2021-02-04;12;7;222;24
01;64;2021-02-05;16;5;238;29
01;64;2021-02-06;0;0;238;29
01;64;2021-02-07;0;0;238;29
01;64;2021-02-08;9;2;247;31
01;64;2021-02-09;28;6;275;37
01;64;2021-02-10;14;9;289;46
01;64;2021-02-11;18;14;307;60
01;64;2021-02-12;39;3;346;63
01;64;2021-02-13;0;0;346;63
01;64;2021-02-14;2;0;348;63
01;64;2021-02-15;11;1;359;64
01;64;2021-02-16;0;1;359;65
01;64;2021-02-17;0;0;359;65
01;64;2021-02-18;16;8;375;73
01;64;2021-02-19;35;9;410;82
01;64;2021-02-20;0;0;410;82
01;64;2021-02-21;0;0;410;82
01;64;2021-02-22;10;5;420;87
01;64;2021-02-23;15;3;435;90
01;64;2021-02-24;24;11;459;101
01;64;2021-02-25;29;6;488;107
01;64;2021-02-26;18;8;506;115
01;64;2021-02-27;0;0;506;115
01;64;2021-02-28;0;0;506;115
01;64;2021-03-01;6;3;512;118
01;64;2021-03-02;17;18;529;136
01;64;2021-03-03;17;11;546;147
01;64;2021-03-04;34;7;580;154
01;64;2021-03-05;24;15;604;169
01;64;2021-03-06;13;0;617;169
01;64;2021-03-07;0;0;617;169
01;64;2021-03-08;8;18;625;187
01;64;2021-03-09;23;16;648;203
01;64;2021-03-10;43;17;691;220
01;64;2021-03-11;22;5;713;225
01;64;2021-03-12;32;27;745;252
01;64;2021-03-13;0;1;745;253
01;64;2021-03-14;1;0;746;253
01;64;2021-03-15;22;3;768;256
01;64;2021-03-16;30;6;798;262
01;64;2021-03-17;22;16;820;278
01;64;2021-03-18;50;16;870;294
01;64;2021-03-19;53;15;923;309
01;64;2021-03-20;4;0;927;309
01;64;2021-03-21;0;0;927;309
01;64;2021-03-22;20;8;947;317
01;64;2021-03-23;52;14;999;331
01;64;2021-03-24;38;16;1037;347
01;64;2021-03-25;93;26;1130;373
01;64;2021-03-26;66;16;1196;389
01;64;2021-03-27;25;1;1221;390
01;64;2021-03-28;1;0;1222;390
01;64;2021-03-29;22;10;1244;400
01;64;2021-03-30;82;19;1326;419
01;64;2021-03-31;53;17;1379;436
01;64;2021-04-01;54;23;1433;459
01;64;2021-04-02;8;2;1441;461
01;64;2021-04-03;5;0;1446;461
01;64;2021-04-04;0;0;1446;461
01;64;2021-04-05;0;0;1446;461
01;64;2021-04-06;25;22;1471;483
01;64;2021-04-07;57;17;1528;500
01;64;2021-04-08;46;32;1574;532
01;64;2021-04-09;48;26;1622;558
01;64;2021-04-10;13;0;1635;558
01;64;2021-04-11;0;0;1635;558
01;64;2021-04-12;12;29;1647;587
01;64;2021-04-13;51;44;1698;631
01;64;2021-04-14;26;29;1724;660
01;64;2021-04-15;38;36;1762;696
01;64;2021-04-16;36;39;1798;735
01;64;2021-04-17;25;1;1823;736
01;64;2021-04-18;0;0;1823;736
01;64;2021-04-19;13;19;1836;755
01;64;2021-04-20;48;51;1884;806
01;64;2021-04-21;39;26;1923;832
01;69;2020-12-27;0;0;0;0
01;69;2020-12-28;0;0;0;0
01;69;2020-12-29;0;0;0;0
01;69;2020-12-30;0;0;0;0
01;69;2020-12-31;0;0;0;0
01;69;2021-01-01;0;0;0;0
01;69;2021-01-02;0;0;0;0
01;69;2021-01-03;0;0;0;0
01;69;2021-01-04;0;0;0;0
01;69;2021-01-05;0;0;0;0
01;69;2021-01-06;0;0;0;0
01;69;2021-01-07;0;0;0;0
01;69;2021-01-08;0;0;0;0
01;69;2021-01-09;0;0;0;0
01;69;2021-01-10;0;0;0;0
01;69;2021-01-11;0;0;0;0
01;69;2021-01-12;2;0;2;0
01;69;2021-01-13;3;0;5;0
01;69;2021-01-14;10;0;15;0
01;69;2021-01-15;7;0;22;0
01;69;2021-01-16;0;0;22;0
01;69;2021-01-17;0;0;22;0
01;69;2021-01-18;7;0;29;0
01;69;2021-01-19;10;0;39;0
01;69;2021-01-20;7;0;46;0
01;69;2021-01-21;12;0;58;0
01;69;2021-01-22;11;0;69;0
01;69;2021-01-23;0;0;69;0
01;69;2021-01-24;0;0;69;0
01;69;2021-01-25;20;0;89;0
01;69;2021-01-26;12;0;101;0
01;69;2021-01-27;34;0;135;0
01;69;2021-01-28;15;1;150;1
01;69;2021-01-29;13;1;163;2
01;69;2021-01-30;0;0;163;2
01;69;2021-01-31;0;0;163;2
01;69;2021-02-01;12;0;175;2
01;69;2021-02-02;19;2;194;4
01;69;2021-02-03;21;1;215;5
01;69;2021-02-04;20;2;235;7
01;69;2021-02-05;17;3;252;10
01;69;2021-02-06;0;0;252;10
01;69;2021-02-07;0;0;252;10
01;69;2021-02-08;21;2;273;12
01;69;2021-02-09;30;3;303;15
01;69;2021-02-10;20;4;323;19
01;69;2021-02-11;32;9;355;28
01;69;2021-02-12;44;4;399;32
01;69;2021-02-13;0;2;399;34
01;69;2021-02-14;3;4;402;38
01;69;2021-02-15;14;3;416;41
01;69;2021-02-16;3;0;419;41
01;69;2021-02-17;0;0;419;41
01;69;2021-02-18;23;5;442;46
01;69;2021-02-19;36;6;478;52
01;69;2021-02-20;0;0;478;52
01;69;2021-02-21;0;0;478;52
01;69;2021-02-22;13;2;491;54
01;69;2021-02-23;19;11;510;65
01;69;2021-02-24;33;13;543;78
01;69;2021-02-25;32;12;575;90
01;69;2021-02-26;13;14;588;104
01;69;2021-02-27;0;0;588;104
01;69;2021-02-28;0;0;588;104
01;69;2021-03-01;9;14;597;118
01;69;2021-03-02;34;29;631;147
01;69;2021-03-03;11;17;642;164
01;69;2021-03-04;34;12;676;176
01;69;2021-03-05;37;19;713;195
01;69;2021-03-06;13;0;726;195
01;69;2021-03-07;0;0;726;195
01;69;2021-03-08;21;12;747;207
01;69;2021-03-09;41;33;788;240
01;69;2021-03-10;26;26;814;266
01;69;2021-03-11;15;8;829;274
01;69;2021-03-12;17;35;846;309
01;69;2021-03-13;5;2;851;311
01;69;2021-03-14;0;0;851;311
01;69;2021-03-15;17;4;868;315
01;69;2021-03-16;39;13;907;328
01;69;2021-03-17;32;20;939;348
01;69;2021-03-18;49;18;988;366
01;69;2021-03-19;43;12;1031;378
01;69;2021-03-20;3;0;1034;378
01;69;2021-03-21;0;0;1034;378
01;69;2021-03-22;30;9;1064;387
01;69;2021-03-23;47;16;1111;403
01;69;2021-03-24;37;17;1148;420
01;69;2021-03-25;66;21;1214;441
01;69;2021-03-26;56;20;1270;461
01;69;2021-03-27;30;0;1300;461
01;69;2021-03-28;0;0;1300;461
01;69;2021-03-29;25;12;1325;473
01;69;2021-03-30;82;32;1407;505
01;69;2021-03-31;49;14;1456;519
01;69;2021-04-01;64;29;1520;548
01;69;2021-04-02;5;6;1525;554
01;69;2021-04-03;6;0;1531;554
01;69;2021-04-04;0;0;1531;554
01;69;2021-04-05;0;0;1531;554
01;69;2021-04-06;32;30;1563;584
01;69;2021-04-07;60;16;1623;600
01;69;2021-04-08;40;28;1663;628
01;69;2021-04-09;44;21;1707;649
01;69;2021-04-10;11;1;1718;650
01;69;2021-04-11;0;0;1718;650
01;69;2021-04-12;17;23;1735;673
01;69;2021-04-13;57;41;1792;714
01;69;2021-04-14;37;21;1829;735
01;69;2021-04-15;32;25;1861;760
01;69;2021-04-16;29;41;1890;801
01;69;2021-04-17;19;0;1909;801
01;69;2021-04-18;0;0;1909;801
01;69;2021-04-19;13;24;1922;825
01;69;2021-04-20;61;47;1983;872
01;69;2021-04-21;30;18;2013;890
01;74;2020-12-27;0;0;0;0
01;74;2020-12-28;0;0;0;0
01;74;2020-12-29;0;0;0;0
01;74;2020-12-30;0;0;0;0
01;74;2020-12-31;0;0;0;0
01;74;2021-01-01;0;0;0;0
01;74;2021-01-02;0;0;0;0
01;74;2021-01-03;0;0;0;0
01;74;2021-01-04;0;0;0;0
01;74;2021-01-05;0;0;0;0
01;74;2021-01-06;0;0;0;0
01;74;2021-01-07;0;0;0;0
01;74;2021-01-08;0;0;0;0
01;74;2021-01-09;0;0;0;0
01;74;2021-01-10;0;0;0;0
01;74;2021-01-11;0;0;0;0
01;74;2021-01-12;0;0;0;0
01;74;2021-01-13;4;0;4;0
01;74;2021-01-14;2;0;6;0
01;74;2021-01-15;5;0;11;0
01;74;2021-01-16;0;0;11;0
01;74;2021-01-17;0;0;11;0
01;74;2021-01-18;8;0;19;0
01;74;2021-01-19;10;0;29;0
01;74;2021-01-20;3;0;32;0
01;74;2021-01-21;7;0;39;0
01;74;2021-01-22;10;0;49;0
01;74;2021-01-23;0;0;49;0
01;74;2021-01-24;0;0;49;0
01;74;2021-01-25;29;0;78;0
01;74;2021-01-26;13;0;91;0
01;74;2021-01-27;28;0;119;0
01;74;2021-01-28;18;0;137;0
01;74;2021-01-29;24;0;161;0
01;74;2021-01-30;0;0;161;0
01;74;2021-01-31;0;0;161;0
01;74;2021-02-01;12;0;173;0
01;74;2021-02-02;26;0;199;0
01;74;2021-02-03;14;2;213;2
01;74;2021-02-04;19;0;232;2
01;74;2021-02-05;21;2;253;4
01;74;2021-02-06;0;0;253;4
01;74;2021-02-07;0;0;253;4
01;74;2021-02-08;24;2;277;6
01;74;2021-02-09;45;2;322;8
01;74;2021-02-10;27;2;349;10
01;74;2021-02-11;39;4;388;14
01;74;2021-02-12;55;8;443;22
01;74;2021-02-13;0;1;443;23
01;74;2021-02-14;2;2;445;25
01;74;2021-02-15;22;6;467;31
01;74;2021-02-16;1;0;468;31
01;74;2021-02-17;0;0;468;31
01;74;2021-02-18;28;2;496;33
01;74;2021-02-19;34;4;530;37
01;74;2021-02-20;0;0;530;37
01;74;2021-02-21;0;0;530;37
01;74;2021-02-22;17;16;547;53
01;74;2021-02-23;33;7;580;60
01;74;2021-02-24;18;17;598;77
01;74;2021-02-25;39;9;637;86
01;74;2021-02-26;13;13;650;99
01;74;2021-02-27;0;0;650;99
01;74;2021-02-28;0;0;650;99
01;74;2021-03-01;9;19;659;118
01;74;2021-03-02;31;22;690;140
01;74;2021-03-03;9;21;699;161
01;74;2021-03-04;21;7;720;168
01;74;2021-03-05;19;25;739;193
01;74;2021-03-06;13;0;752;193
01;74;2021-03-07;0;0;752;193
01;74;2021-03-08;15;20;767;213
01;74;2021-03-09;25;35;792;248
01;74;2021-03-10;19;30;811;278
01;74;2021-03-11;16;8;827;286
01;74;2021-03-12;27;33;854;319
01;74;2021-03-13;6;4;860;323
01;74;2021-03-14;0;0;860;323
01;74;2021-03-15;29;11;889;334
01;74;2021-03-16;36;10;925;344
01;74;2021-03-17;36;18;961;362
01;74;2021-03-18;37;24;998;386
01;74;2021-03-19;48;9;1046;395
01;74;2021-03-20;3;0;1049;395
01;74;2021-03-21;0;0;1049;395
01;74;2021-03-22;18;19;1067;414
01;74;2021-03-23;43;26;1110;440
01;74;2021-03-24;28;13;1138;453
01;74;2021-03-25;60;17;1198;470
01;74;2021-03-26;51;19;1249;489
01;74;2021-03-27;21;0;1270;489
01;74;2021-03-28;0;0;1270;489
01;74;2021-03-29;12;11;1282;500
01;74;2021-03-30;83;22;1365;522
01;74;2021-03-31;56;13;1421;535
01;74;2021-04-01;57;22;1478;557
01;74;2021-04-02;2;3;1480;560
01;74;2021-04-03;5;0;1485;560
01;74;2021-04-04;1;0;1486;560
01;74;2021-04-05;0;0;1486;560
01;74;2021-04-06;34;23;1520;583
01;74;2021-04-07;40;18;1560;601
01;74;2021-04-08;45;20;1605;621
01;74;2021-04-09;27;22;1632;643
01;74;2021-04-10;6;2;1638;645
01;74;2021-04-11;0;0;1638;645
01;74;2021-04-12;10;27;1648;672
01;74;2021-04-13;41;39;1689;711
01;74;2021-04-14;23;23;1712;734
01;74;2021-04-15;40;23;1752;757
01;74;2021-04-16;31;40;1783;797
01;74;2021-04-17;13;0;1796;797
01;74;2021-04-18;0;0;1796;797
01;74;2021-04-19;10;20;1806;817
01;74;2021-04-20;45;38;1851;855
01;74;2021-04-21;28;22;1879;877
01;79;2020-12-27;0;0;0;0
01;79;2020-12-28;0;0;0;0
01;79;2020-12-29;0;0;0;0
01;79;2020-12-30;0;0;0;0
01;79;2020-12-31;0;0;0;0
01;79;2021-01-01;0;0;0;0
01;79;2021-01-02;0;0;0;0
01;79;2021-01-03;0;0;0;0
01;79;2021-01-04;0;0;0;0
01;79;2021-01-05;0;0;0;0
01;79;2021-01-06;0;0;0;0
01;79;2021-01-07;0;0;0;0
01;79;2021-01-08;0;0;0;0
01;79;2021-01-09;0;0;0;0
01;79;2021-01-10;0;0;0;0
01;79;2021-01-11;0;0;0;0
01;79;2021-01-12;0;0;0;0
01;79;2021-01-13;2;0;2;0
01;79;2021-01-14;2;0;4;0
01;79;2021-01-15;6;0;10;0
01;79;2021-01-16;0;0;10;0
01;79;2021-01-17;0;0;10;0
01;79;2021-01-18;10;0;20;0
01;79;2021-01-19;14;0;34;0
01;79;2021-01-20;6;0;40;0
01;79;2021-01-21;10;0;50;0
01;79;2021-01-22;11;0;61;0
01;79;2021-01-23;1;0;62;0
01;79;2021-01-24;0;0;62;0
01;79;2021-01-25;24;0;86;0
01;79;2021-01-26;33;0;119;0
01;79;2021-01-27;32;0;151;0
01;79;2021-01-28;22;1;173;1
01;79;2021-01-29;18;0;191;1
01;79;2021-01-30;0;0;191;1
01;79;2021-01-31;0;0;191;1
01;79;2021-02-01;19;0;210;1
01;79;2021-02-02;32;1;242;2
01;79;2021-02-03;25;0;267;2
01;79;2021-02-04;27;0;294;2
01;79;2021-02-05;29;4;323;6
01;79;2021-02-06;0;0;323;6
01;79;2021-02-07;0;0;323;6
01;79;2021-02-08;11;4;334;10
01;79;2021-02-09;25;5;359;15
01;79;2021-02-10;15;5;374;20
01;79;2021-02-11;21;6;395;26
01;79;2021-02-12;43;5;438;31
01;79;2021-02-13;0;3;438;34
01;79;2021-02-14;2;6;440;40
01;79;2021-02-15;15;3;455;43
01;79;2021-02-16;1;0;456;43
01;79;2021-02-17;0;0;456;43
01;79;2021-02-18;18;3;474;46
01;79;2021-02-19;29;9;503;55
01;79;2021-02-20;0;0;503;55
01;79;2021-02-21;0;0;503;55
01;79;2021-02-22;15;16;518;71
01;79;2021-02-23;34;27;552;98
01;79;2021-02-24;19;12;571;110
01;79;2021-02-25;27;17;598;127
01;79;2021-02-26;14;19;612;146
01;79;2021-02-27;0;0;612;146
01;79;2021-02-28;0;0;612;146
01;79;2021-03-01;9;13;621;159
01;79;2021-03-02;25;23;646;182
01;79;2021-03-03;9;25;655;207
01;79;2021-03-04;24;15;679;222
01;79;2021-03-05;17;19;696;241
01;79;2021-03-06;4;0;700;241
01;79;2021-03-07;0;0;700;241
01;79;2021-03-08;19;15;719;256
01;79;2021-03-09;33;19;752;275
01;79;2021-03-10;31;16;783;291
01;79;2021-03-11;4;7;787;298
01;79;2021-03-12;18;29;805;327
01;79;2021-03-13;9;0;814;327
01;79;2021-03-14;0;0;814;327
01;79;2021-03-15;23;6;837;333
01;79;2021-03-16;37;6;874;339
01;79;2021-03-17;43;13;917;352
01;79;2021-03-18;33;24;950;376
01;79;2021-03-19;19;11;969;387
01;79;2021-03-20;2;0;971;387
01;79;2021-03-21;0;0;971;387
01;79;2021-03-22;4;11;975;398
01;79;2021-03-23;26;29;1001;427
01;79;2021-03-24;20;12;1021;439
01;79;2021-03-25;33;11;1054;450
01;79;2021-03-26;36;12;1090;462
01;79;2021-03-27;9;0;1099;462
01;79;2021-03-28;0;0;1099;462
01;79;2021-03-29;9;4;1108;466
01;79;2021-03-30;42;26;1150;492
01;79;2021-03-31;32;13;1182;505
01;79;2021-04-01;33;13;1215;518
01;79;2021-04-02;3;3;1218;521
01;79;2021-04-03;3;0;1221;521
01;79;2021-04-04;0;0;1221;521
01;79;2021-04-05;0;0;1221;521
01;79;2021-04-06;19;28;1240;549
01;79;2021-04-07;29;18;1269;567
01;79;2021-04-08;20;19;1289;586
01;79;2021-04-09;20;21;1309;607
01;79;2021-04-10;4;5;1313;612
01;79;2021-04-11;0;0;1313;612
01;79;2021-04-12;4;18;1317;630
01;79;2021-04-13;20;46;1337;676
01;79;2021-04-14;5;28;1342;704
01;79;2021-04-15;20;20;1362;724
01;79;2021-04-16;15;26;1377;750
01;79;2021-04-17;13;1;1390;751
01;79;2021-04-18;0;0;1390;751
01;79;2021-04-19;11;13;1401;764
01;79;2021-04-20;20;26;1421;790
01;79;2021-04-21;15;12;1436;802
01;80;2020-12-27;0;0;0;0
01;80;2020-12-28;0;0;0;0
01;80;2020-12-29;0;0;0;0
01;80;2020-12-30;0;0;0;0
01;80;2020-12-31;0;0;0;0
01;80;2021-01-01;0;0;0;0
01;80;2021-01-02;0;0;0;0
01;80;2021-01-03;0;0;0;0
01;80;2021-01-04;0;0;0;0
01;80;2021-01-05;0;0;0;0
01;80;2021-01-06;0;0;0;0
01;80;2021-01-07;0;0;0;0
01;80;2021-01-08;0;0;0;0
01;80;2021-01-09;0;0;0;0
01;80;2021-01-10;0;0;0;0
01;80;2021-01-11;0;0;0;0
01;80;2021-01-12;0;0;0;0
01;80;2021-01-13;6;0;6;0
01;80;2021-01-14;1;0;7;0
01;80;2021-01-15;3;0;10;0
01;80;2021-01-16;0;0;10;0
01;80;2021-01-17;0;0;10;0
01;80;2021-01-18;8;0;18;0
01;80;2021-01-19;27;0;45;0
01;80;2021-01-20;13;0;58;0
01;80;2021-01-21;21;0;79;0
01;80;2021-01-22;9;0;88;0
01;80;2021-01-23;0;0;88;0
01;80;2021-01-24;0;0;88;0
01;80;2021-01-25;29;0;117;0
01;80;2021-01-26;28;0;145;0
01;80;2021-01-27;48;0;193;0
01;80;2021-01-28;25;0;218;0
01;80;2021-01-29;13;0;231;0
01;80;2021-01-30;0;0;231;0
01;80;2021-01-31;0;0;231;0
01;80;2021-02-01;15;0;246;0
01;80;2021-02-02;26;1;272;1
01;80;2021-02-03;28;0;300;1
01;80;2021-02-04;29;7;329;8
01;80;2021-02-05;29;1;358;9
01;80;2021-02-06;0;0;358;9
01;80;2021-02-07;0;0;358;9
01;80;2021-02-08;19;1;377;10
01;80;2021-02-09;40;1;417;11
01;80;2021-02-10;10;3;427;14
01;80;2021-02-11;38;23;465;37
01;80;2021-02-12;20;8;485;45
01;80;2021-02-13;0;3;485;48
01;80;2021-02-14;2;21;487;69
01;80;2021-02-15;6;15;493;84
01;80;2021-02-16;1;0;494;84
01;80;2021-02-17;0;0;494;84
01;80;2021-02-18;18;2;512;86
01;80;2021-02-19;28;8;540;94
01;80;2021-02-20;0;0;540;94
01;80;2021-02-21;0;0;540;94
01;80;2021-02-22;13;12;553;106
01;80;2021-02-23;22;17;575;123
01;80;2021-02-24;27;32;602;155
01;80;2021-02-25;31;15;633;170
01;80;2021-02-26;4;18;637;188
01;80;2021-02-27;0;0;637;188
01;80;2021-02-28;0;0;637;188
01;80;2021-03-01;5;13;642;201
01;80;2021-03-02;29;26;671;227
01;80;2021-03-03;10;23;681;250
01;80;2021-03-04;17;14;698;264
01;80;2021-03-05;30;16;728;280
01;80;2021-03-06;5;0;733;280
01;80;2021-03-07;0;0;733;280
01;80;2021-03-08;16;22;749;302
01;80;2021-03-09;31;30;780;332
01;80;2021-03-10;22;30;802;362
01;80;2021-03-11;6;6;808;368
01;80;2021-03-12;22;23;830;391
01;80;2021-03-13;14;4;844;395
01;80;2021-03-14;0;0;844;395
01;80;2021-03-15;14;2;858;397
01;80;2021-03-16;50;10;908;407
01;80;2021-03-17;31;28;939;435
01;80;2021-03-18;35;28;974;463
01;80;2021-03-19;23;8;997;471
01;80;2021-03-20;4;0;1001;471
01;80;2021-03-21;0;0;1001;471
01;80;2021-03-22;11;13;1012;484
01;80;2021-03-23;24;18;1036;502
01;80;2021-03-24;13;8;1049;510
01;80;2021-03-25;33;12;1082;522
01;80;2021-03-26;35;4;1117;526
01;80;2021-03-27;9;0;1126;526
01;80;2021-03-28;0;0;1126;526
01;80;2021-03-29;11;5;1137;531
01;80;2021-03-30;40;33;1177;564
01;80;2021-03-31;25;13;1202;577
01;80;2021-04-01;30;24;1232;601
01;80;2021-04-02;2;5;1234;606
01;80;2021-04-03;5;1;1239;607
01;80;2021-04-04;0;1;1239;608
01;80;2021-04-05;0;0;1239;608
01;80;2021-04-06;20;20;1259;628
01;80;2021-04-07;40;19;1299;647
01;80;2021-04-08;23;23;1322;670
01;80;2021-04-09;22;21;1344;691
01;80;2021-04-10;2;15;1346;706
01;80;2021-04-11;0;0;1346;706
01;80;2021-04-12;10;13;1356;719
01;80;2021-04-13;17;39;1373;758
01;80;2021-04-14;9;19;1382;777
01;80;2021-04-15;32;16;1414;793
01;80;2021-04-16;17;21;1431;814
01;80;2021-04-17;9;0;1440;814
01;80;2021-04-18;0;0;1440;814
01;80;2021-04-19;16;19;1456;833
01;80;2021-04-20;25;27;1481;860
01;80;2021-04-21;22;11;1503;871
02;24;2020-12-27;0;0;0;0
02;24;2020-12-28;0;0;0;0
02;24;2020-12-29;0;0;0;0
02;24;2020-12-30;0;0;0;0
02;24;2020-12-31;0;0;0;0
02;24;2021-01-01;0;0;0;0
02;24;2021-01-02;0;0;0;0
02;24;2021-01-03;0;0;0;0
02;24;2021-01-04;0;0;0;0
02;24;2021-01-05;0;0;0;0
02;24;2021-01-06;0;0;0;0
02;24;2021-01-07;0;0;0;0
02;24;2021-01-08;0;0;0;0
02;24;2021-01-09;0;0;0;0
02;24;2021-01-10;0;0;0;0
02;24;2021-01-11;1;0;1;0
02;24;2021-01-12;0;0;1;0
02;24;2021-01-13;0;0;1;0
02;24;2021-01-14;1;0;2;0
02;24;2021-01-15;1;0;3;0
02;24;2021-01-16;0;0;3;0
02;24;2021-01-17;0;0;3;0
02;24;2021-01-18;0;0;3;0
02;24;2021-01-19;1;0;4;0
02;24;2021-01-20;2;0;6;0
02;24;2021-01-21;0;0;6;0
02;24;2021-01-22;1;0;7;0
02;24;2021-01-23;0;0;7;0
02;24;2021-01-24;0;0;7;0
02;24;2021-01-25;3;0;10;0
02;24;2021-01-26;0;0;10;0
02;24;2021-01-27;0;0;10;0
02;24;2021-01-28;0;0;10;0
02;24;2021-01-29;1;0;11;0
02;24;2021-01-30;0;0;11;0
02;24;2021-01-31;0;0;11;0
02;24;2021-02-01;0;1;11;1
02;24;2021-02-02;1;0;12;1
02;24;2021-02-03;2;0;14;1
02;24;2021-02-04;1;0;15;1
02;24;2021-02-05;0;1;15;2
02;24;2021-02-06;0;0;15;2
02;24;2021-02-07;0;0;15;2
02;24;2021-02-08;0;0;15;2
02;24;2021-02-09;1;0;16;2
02;24;2021-02-10;1;0;17;2
02;24;2021-02-11;0;0;17;2
02;24;2021-02-12;0;0;17;2
02;24;2021-02-13;0;0;17;2
02;24;2021-02-14;0;0;17;2
02;24;2021-02-15;0;0;17;2
02;24;2021-02-16;0;0;17;2
02;24;2021-02-17;0;0;17;2
02;24;2021-02-18;0;1;17;3
02;24;2021-02-19;1;0;18;3
02;24;2021-02-20;1;2;19;5
02;24;2021-02-21;0;0;19;5
02;24;2021-02-22;0;0;19;5
02;24;2021-02-23;1;0;20;5
02;24;2021-02-24;2;3;22;8
02;24;2021-02-25;0;0;22;8
02;24;2021-02-26;1;1;23;9
02;24;2021-02-27;0;0;23;9
02;24;2021-02-28;0;0;23;9
02;24;2021-03-01;0;0;23;9
02;24;2021-03-02;0;1;23;10
02;24;2021-03-03;1;2;24;12
02;24;2021-03-04;2;0;26;12
02;24;2021-03-05;3;0;29;12
02;24;2021-03-06;0;0;29;12
02;24;2021-03-07;1;0;30;12
02;24;2021-03-08;1;0;31;12
02;24;2021-03-09;0;0;31;12
02;24;2021-03-10;1;1;32;13
02;24;2021-03-11;1;1;33;14
02;24;2021-03-12;0;0;33;14
02;24;2021-03-13;0;1;33;15
02;24;2021-03-14;0;0;33;15
02;24;2021-03-15;0;0;33;15
02;24;2021-03-16;1;0;34;15
02;24;2021-03-17;5;0;39;15
02;24;2021-03-18;5;0;44;15
02;24;2021-03-19;3;1;47;16
02;24;2021-03-20;1;0;48;16
02;24;2021-03-21;0;0;48;16
02;24;2021-03-22;2;1;50;17
02;24;2021-03-23;1;0;51;17
02;24;2021-03-24;1;1;52;18
02;24;2021-03-25;1;2;53;20
02;24;2021-03-26;6;1;59;21
02;24;2021-03-27;2;0;61;21
02;24;2021-03-28;1;0;62;21
02;24;2021-03-29;5;1;67;22
02;24;2021-03-30;4;1;71;23
02;24;2021-03-31;10;1;81;24
02;24;2021-04-01;11;0;92;24
02;24;2021-04-02;15;0;107;24
02;24;2021-04-03;19;1;126;25
02;24;2021-04-04;22;0;148;25
02;24;2021-04-05;23;0;171;25
02;24;2021-04-06;22;1;193;26
02;24;2021-04-07;39;1;232;27
02;24;2021-04-08;32;0;264;27
02;24;2021-04-09;36;1;300;28
02;24;2021-04-10;18;0;318;28
02;24;2021-04-11;19;0;337;28
02;24;2021-04-12;28;1;365;29
02;24;2021-04-13;27;3;392;32
02;24;2021-04-14;18;4;410;36
02;24;2021-04-15;21;1;431;37
02;24;2021-04-16;18;3;449;40
02;24;2021-04-17;17;0;466;40
02;24;2021-04-18;9;0;475;40
02;24;2021-04-19;33;3;508;43
02;24;2021-04-20;27;3;535;46
02;24;2021-04-21;26;1;561;47
02;29;2020-12-27;0;0;0;0
02;29;2020-12-28;0;0;0;0
02;29;2020-12-29;0;0;0;0
02;29;2020-12-30;0;0;0;0
02;29;2020-12-31;0;0;0;0
02;29;2021-01-01;0;0;0;0
02;29;2021-01-02;0;0;0;0
02;29;2021-01-03;0;0;0;0
02;29;2021-01-04;0;0;0;0
02;29;2021-01-05;0;0;0;0
02;29;2021-01-06;0;0;0;0
02;29;2021-01-07;0;0;0;0
02;29;2021-01-08;0;0;0;0
02;29;2021-01-09;0;0;0;0
02;29;2021-01-10;0;0;0;0
02;29;2021-01-11;1;0;1;0
02;29;2021-01-12;2;0;3;0
02;29;2021-01-13;1;0;4;0
02;29;2021-01-14;1;0;5;0
02;29;2021-01-15;2;0;7;0
02;29;2021-01-16;4;0;11;0
02;29;2021-01-17;0;0;11;0
02;29;2021-01-18;4;0;15;0
02;29;2021-01-19;2;0;17;0
02;29;2021-01-20;1;0;18;0
02;29;2021-01-21;1;0;19;0
02;29;2021-01-22;0;0;19;0
02;29;2021-01-23;1;0;20;0
02;29;2021-01-24;0;0;20;0
02;29;2021-01-25;4;0;24;0
02;29;2021-01-26;3;0;27;0
02;29;2021-01-27;3;0;30;0
02;29;2021-01-28;3;0;33;0
02;29;2021-01-29;1;0;34;0
02;29;2021-01-30;0;0;34;0
02;29;2021-01-31;0;0;34;0
02;29;2021-02-01;2;1;36;1
02;29;2021-02-02;3;3;39;4
02;29;2021-02-03;1;0;40;4
02;29;2021-02-04;1;1;41;5
02;29;2021-02-05;0;1;41;6
02;29;2021-02-06;1;1;42;7
02;29;2021-02-07;0;0;42;7
02;29;2021-02-08;1;1;43;8
02;29;2021-02-09;4;1;47;9
02;29;2021-02-10;3;0;50;9
02;29;2021-02-11;2;0;52;9
02;29;2021-02-12;1;3;53;12
02;29;2021-02-13;0;0;53;12
02;29;2021-02-14;0;0;53;12
02;29;2021-02-15;3;0;56;12
02;29;2021-02-16;0;0;56;12
02;29;2021-02-17;0;1;56;13
02;29;2021-02-18;0;1;56;14
02;29;2021-02-19;1;3;57;17
02;29;2021-02-20;0;1;57;18
02;29;2021-02-21;0;0;57;18
02;29;2021-02-22;1;0;58;18
02;29;2021-02-23;2;7;60;25
02;29;2021-02-24;2;1;62;26
02;29;2021-02-25;1;3;63;29
02;29;2021-02-26;2;5;65;34
02;29;2021-02-27;0;0;65;34
02;29;2021-02-28;0;0;65;34
02;29;2021-03-01;1;2;66;36
02;29;2021-03-02;0;0;66;36
02;29;2021-03-03;3;3;69;39
02;29;2021-03-04;4;1;73;40
02;29;2021-03-05;2;2;75;42
02;29;2021-03-06;1;0;76;42
02;29;2021-03-07;2;0;78;42
02;29;2021-03-08;7;3;85;45
02;29;2021-03-09;1;2;86;47
02;29;2021-03-10;12;1;98;48
02;29;2021-03-11;10;0;108;48
02;29;2021-03-12;13;0;121;48
02;29;2021-03-13;6;0;127;48
02;29;2021-03-14;1;0;128;48
02;29;2021-03-15;4;3;132;51
02;29;2021-03-16;7;0;139;51
02;29;2021-03-17;10;1;149;52
02;29;2021-03-18;11;1;160;53
02;29;2021-03-19;15;1;175;54
02;29;2021-03-20;2;0;177;54
02;29;2021-03-21;1;0;178;54
02;29;2021-03-22;8;0;186;54
02;29;2021-03-23;16;2;202;56
02;29;2021-03-24;9;1;211;57
02;29;2021-03-25;8;2;219;59
02;29;2021-03-26;15;2;234;61
02;29;2021-03-27;1;0;235;61
02;29;2021-03-28;5;0;240;61
02;29;2021-03-29;21;4;261;65
02;29;2021-03-30;28;3;289;68
02;29;2021-03-31;37;4;326;72
02;29;2021-04-01;17;2;343;74
02;29;2021-04-02;25;0;368;74
02;29;2021-04-03;25;0;393;74
02;29;2021-04-04;30;0;423;74
02;29;2021-04-05;18;0;441;74
02;29;2021-04-06;30;0;471;74
02;29;2021-04-07;70;7;541;81
02;29;2021-04-08;48;6;589;87
02;29;2021-04-09;49;14;638;101
02;29;2021-04-10;16;6;654;107
02;29;2021-04-11;16;0;670;107
02;29;2021-04-12;37;5;707;112
02;29;2021-04-13;28;7;735;119
02;29;2021-04-14;27;6;762;125
02;29;2021-04-15;28;4;790;129
02;29;2021-04-16;25;6;815;135
02;29;2021-04-17;9;1;824;136
02;29;2021-04-18;10;2;834;138
02;29;2021-04-19;29;13;863;151
02;29;2021-04-20;23;9;886;160
02;29;2021-04-21;22;7;908;167
02;39;2020-12-27;0;0;0;0
02;39;2020-12-28;0;0;0;0
02;39;2020-12-29;0;0;0;0
02;39;2020-12-30;0;0;0;0
02;39;2020-12-31;0;0;0;0
02;39;2021-01-01;0;0;0;0
02;39;2021-01-02;0;0;0;0
02;39;2021-01-03;0;0;0;0
02;39;2021-01-04;0;0;0;0
02;39;2021-01-05;0;0;0;0
02;39;2021-01-06;0;0;0;0
02;39;2021-01-07;2;0;2;0
02;39;2021-01-08;0;0;2;0
02;39;2021-01-09;1;0;3;0
02;39;2021-01-10;0;0;3;0
02;39;2021-01-11;3;0;6;0
02;39;2021-01-12;2;0;8;0
02;39;2021-01-13;4;0;12;0
02;39;2021-01-14;6;0;18;0
02;39;2021-01-15;8;0;26;0
02;39;2021-01-16;5;0;31;0
02;39;2021-01-17;0;0;31;0
02;39;2021-01-18;1;0;32;0
02;39;2021-01-19;5;0;37;0
02;39;2021-01-20;3;0;40;0
02;39;2021-01-21;4;0;44;0
02;39;2021-01-22;7;0;51;0
02;39;2021-01-23;3;0;54;0
02;39;2021-01-24;0;0;54;0
02;39;2021-01-25;8;0;62;0
02;39;2021-01-26;6;0;68;0
02;39;2021-01-27;3;0;71;0
02;39;2021-01-28;2;2;73;2
02;39;2021-01-29;10;0;83;2
02;39;2021-01-30;4;0;87;2
02;39;2021-01-31;0;0;87;2
02;39;2021-02-01;1;4;88;6
02;39;2021-02-02;5;4;93;10
02;39;2021-02-03;2;2;95;12
02;39;2021-02-04;3;5;98;17
02;39;2021-02-05;1;3;99;20
02;39;2021-02-06;0;2;99;22
02;39;2021-02-07;0;0;99;22
02;39;2021-02-08;4;3;103;25
02;39;2021-02-09;7;1;110;26
02;39;2021-02-10;2;1;112;27
02;39;2021-02-11;2;4;114;31
02;39;2021-02-12;4;3;118;34
02;39;2021-02-13;0;2;118;36
02;39;2021-02-14;0;0;118;36
02;39;2021-02-15;3;2;121;38
02;39;2021-02-16;0;0;121;38
02;39;2021-02-17;0;0;121;38
02;39;2021-02-18;1;2;122;40
02;39;2021-02-19;2;1;124;41
02;39;2021-02-20;2;3;126;44
02;39;2021-02-21;0;0;126;44
02;39;2021-02-22;0;4;126;48
02;39;2021-02-23;6;11;132;59
02;39;2021-02-24;2;6;134;65
02;39;2021-02-25;3;4;137;69
02;39;2021-02-26;5;4;142;73
02;39;2021-02-27;1;0;143;73
02;39;2021-02-28;0;0;143;73
02;39;2021-03-01;9;7;152;80
02;39;2021-03-02;4;3;156;83
02;39;2021-03-03;4;3;160;86
02;39;2021-03-04;12;5;172;91
02;39;2021-03-05;9;3;181;94
02;39;2021-03-06;9;1;190;95
02;39;2021-03-07;5;0;195;95
02;39;2021-03-08;15;3;210;98
02;39;2021-03-09;4;5;214;103
02;39;2021-03-10;24;0;238;103
02;39;2021-03-11;22;0;260;103
02;39;2021-03-12;30;2;290;105
02;39;2021-03-13;10;1;300;106
02;39;2021-03-14;1;0;301;106
02;39;2021-03-15;15;2;316;108
02;39;2021-03-16;19;3;335;111
02;39;2021-03-17;29;1;364;112
02;39;2021-03-18;33;1;397;113
02;39;2021-03-19;33;1;430;114
02;39;2021-03-20;11;2;441;116
02;39;2021-03-21;2;0;443;116
02;39;2021-03-22;32;1;475;117
02;39;2021-03-23;26;5;501;122
02;39;2021-03-24;26;2;527;124
02;39;2021-03-25;33;2;560;126
02;39;2021-03-26;65;7;625;133
02;39;2021-03-27;9;0;634;133
02;39;2021-03-28;9;0;643;133
02;39;2021-03-29;47;6;690;139
02;39;2021-03-30;56;15;746;154
02;39;2021-03-31;105;11;851;165
02;39;2021-04-01;74;12;925;177
02;39;2021-04-02;131;0;1056;177
02;39;2021-04-03;97;2;1153;179
02;39;2021-04-04;93;0;1246;179
02;39;2021-04-05;106;0;1352;179
02;39;2021-04-06;96;1;1448;180
02;39;2021-04-07;146;18;1594;198
02;39;2021-04-08;168;11;1762;209
02;39;2021-04-09;136;22;1898;231
02;39;2021-04-10;82;4;1980;235
02;39;2021-04-11;72;0;2052;235
02;39;2021-04-12;89;25;2141;260
02;39;2021-04-13;72;17;2213;277
02;39;2021-04-14;90;17;2303;294
02;39;2021-04-15;92;23;2395;317
02;39;2021-04-16;92;22;2487;339
02;39;2021-04-17;46;10;2533;349
02;39;2021-04-18;45;4;2578;353
02;39;2021-04-19;74;19;2652;372
02;39;2021-04-20;58;29;2710;401
02;39;2021-04-21;76;20;2786;421
02;49;2020-12-27;0;0;0;0
02;49;2020-12-28;0;0;0;0
02;49;2020-12-29;0;0;0;0
02;49;2020-12-30;0;0;0;0
02;49;2020-12-31;0;0;0;0
02;49;2021-01-01;0;0;0;0
02;49;2021-01-02;0;0;0;0
02;49;2021-01-03;0;0;0;0
02;49;2021-01-04;0;0;0;0
02;49;2021-01-05;0;0;0;0
02;49;2021-01-06;0;0;0;0
02;49;2021-01-07;0;0;0;0
02;49;2021-01-08;1;0;1;0
02;49;2021-01-09;1;0;2;0
02;49;2021-01-10;0;0;2;0
02;49;2021-01-11;8;0;10;0
02;49;2021-01-12;6;0;16;0
02;49;2021-01-13;6;0;22;0
02;49;2021-01-14;11;0;33;0
02;49;2021-01-15;9;0;42;0
02;49;2021-01-16;2;0;44;0
02;49;2021-01-17;0;0;44;0
02;49;2021-01-18;6;0;50;0
02;49;2021-01-19;5;0;55;0
02;49;2021-01-20;3;0;58;0
02;49;2021-01-21;4;0;62;0
02;49;2021-01-22;5;0;67;0
02;49;2021-01-23;2;0;69;0
02;49;2021-01-24;0;0;69;0
02;49;2021-01-25;6;0;75;0
02;49;2021-01-26;9;0;84;0
02;49;2021-01-27;7;0;91;0
02;49;2021-01-28;6;0;97;0
02;49;2021-01-29;7;2;104;2
02;49;2021-01-30;3;0;107;2
02;49;2021-01-31;0;0;107;2
02;49;2021-02-01;4;6;111;8
02;49;2021-02-02;11;6;122;14
02;49;2021-02-03;4;7;126;21
02;49;2021-02-04;5;9;131;30
02;49;2021-02-05;4;7;135;37
02;49;2021-02-06;0;3;135;40
02;49;2021-02-07;0;0;135;40
02;49;2021-02-08;3;5;138;45
02;49;2021-02-09;10;5;148;50
02;49;2021-02-10;4;1;152;51
02;49;2021-02-11;2;4;154;55
02;49;2021-02-12;8;4;162;59
02;49;2021-02-13;0;1;162;60
02;49;2021-02-14;0;0;162;60
02;49;2021-02-15;5;1;167;61
02;49;2021-02-16;0;0;167;61
02;49;2021-02-17;0;1;167;62
02;49;2021-02-18;3;4;170;66
02;49;2021-02-19;4;3;174;69
02;49;2021-02-20;2;1;176;70
02;49;2021-02-21;0;0;176;70
02;49;2021-02-22;8;3;184;73
02;49;2021-02-23;7;5;191;78
02;49;2021-02-24;6;5;197;83
02;49;2021-02-25;6;9;203;92
02;49;2021-02-26;6;10;209;102
02;49;2021-02-27;1;0;210;102
02;49;2021-02-28;0;0;210;102
02;49;2021-03-01;8;10;218;112
02;49;2021-03-02;8;6;226;118
02;49;2021-03-03;21;3;247;121
02;49;2021-03-04;9;4;256;125
02;49;2021-03-05;24;2;280;127
02;49;2021-03-06;7;1;287;128
02;49;2021-03-07;14;0;301;128
02;49;2021-03-08;13;4;314;132
02;49;2021-03-09;22;10;336;142
02;49;2021-03-10;27;4;363;146
02;49;2021-03-11;28;2;391;148
02;49;2021-03-12;40;2;431;150
02;49;2021-03-13;18;0;449;150
02;49;2021-03-14;0;0;449;150
02;49;2021-03-15;22;5;471;155
02;49;2021-03-16;27;2;498;157
02;49;2021-03-17;44;3;542;160
02;49;2021-03-18;41;1;583;161
02;49;2021-03-19;43;2;626;163
02;49;2021-03-20;25;1;651;164
02;49;2021-03-21;4;1;655;165
02;49;2021-03-22;56;6;711;171
02;49;2021-03-23;64;11;775;182
02;49;2021-03-24;62;7;837;189
02;49;2021-03-25;48;1;885;190
02;49;2021-03-26;80;9;965;199
02;49;2021-03-27;12;1;977;200
02;49;2021-03-28;10;1;987;201
02;49;2021-03-29;57;10;1044;211
02;49;2021-03-30;73;22;1117;233
02;49;2021-03-31;158;13;1275;246
02;49;2021-04-01;142;12;1417;258
02;49;2021-04-02;219;0;1636;258
02;49;2021-04-03;158;7;1794;265
02;49;2021-04-04;199;0;1993;265
02;49;2021-04-05;174;0;2167;265
02;49;2021-04-06;166;7;2333;272
02;49;2021-04-07;235;26;2568;298
02;49;2021-04-08;225;16;2793;314
02;49;2021-04-09;197;28;2990;342
02;49;2021-04-10;153;12;3143;354
02;49;2021-04-11;129;1;3272;355
02;49;2021-04-12;123;27;3395;382
02;49;2021-04-13;143;31;3538;413
02;49;2021-04-14;140;24;3678;437
02;49;2021-04-15;154;31;3832;468
02;49;2021-04-16;136;32;3968;500
02;49;2021-04-17;95;21;4063;521
02;49;2021-04-18;64;9;4127;530
02;49;2021-04-19;88;46;4215;576
02;49;2021-04-20;82;36;4297;612
02;49;2021-04-21;96;40;4393;652
02;59;2020-12-27;0;0;0;0
02;59;2020-12-28;0;0;0;0
02;59;2020-12-29;0;0;0;0
02;59;2020-12-30;0;0;0;0
02;59;2020-12-31;0;0;0;0
02;59;2021-01-01;0;0;0;0
02;59;2021-01-02;0;0;0;0
02;59;2021-01-03;0;0;0;0
02;59;2021-01-04;0;0;0;0
02;59;2021-01-05;0;0;0;0
02;59;2021-01-06;1;0;1;0
02;59;2021-01-07;18;0;19;0
02;59;2021-01-08;29;0;48;0
02;59;2021-01-09;0;0;48;0
02;59;2021-01-10;0;0;48;0
02;59;2021-01-11;32;0;80;0
02;59;2021-01-12;24;0;104;0
02;59;2021-01-13;20;0;124;0
02;59;2021-01-14;21;0;145;0
02;59;2021-01-15;27;0;172;0
02;59;2021-01-16;11;0;183;0
02;59;2021-01-17;0;0;183;0
02;59;2021-01-18;14;0;197;0
02;59;2021-01-19;13;0;210;0
02;59;2021-01-20;25;0;235;0
02;59;2021-01-21;22;0;257;0
02;59;2021-01-22;26;0;283;0
02;59;2021-01-23;3;0;286;0
02;59;2021-01-24;0;0;286;0
02;59;2021-01-25;21;0;307;0
02;59;2021-01-26;12;0;319;0
02;59;2021-01-27;21;2;340;2
02;59;2021-01-28;14;12;354;14
02;59;2021-01-29;17;20;371;34
02;59;2021-01-30;17;0;388;34
02;59;2021-01-31;0;0;388;34
02;59;2021-02-01;16;28;404;62
02;59;2021-02-02;21;21;425;83
02;59;2021-02-03;9;19;434;102
02;59;2021-02-04;18;16;452;118
02;59;2021-02-05;11;17;463;135
02;59;2021-02-06;3;2;466;137
02;59;2021-02-07;0;0;466;137
02;59;2021-02-08;12;11;478;148
02;59;2021-02-09;22;12;500;160
02;59;2021-02-10;14;14;514;174
02;59;2021-02-11;18;25;532;199
02;59;2021-02-12;11;19;543;218
02;59;2021-02-13;2;4;545;222
02;59;2021-02-14;0;0;545;222
02;59;2021-02-15;8;4;553;226
02;59;2021-02-16;0;0;553;226
02;59;2021-02-17;0;0;553;226
02;59;2021-02-18;10;13;563;239
02;59;2021-02-19;12;11;575;250
02;59;2021-02-20;6;8;581;258
02;59;2021-02-21;0;0;581;258
02;59;2021-02-22;9;24;590;282
02;59;2021-02-23;10;26;600;308
02;59;2021-02-24;17;17;617;325
02;59;2021-02-25;10;13;627;338
02;59;2021-02-26;20;26;647;364
02;59;2021-02-27;4;10;651;374
02;59;2021-02-28;0;0;651;374
02;59;2021-03-01;19;13;670;387
02;59;2021-03-02;27;16;697;403
02;59;2021-03-03;34;14;731;417
02;59;2021-03-04;20;13;751;430
02;59;2021-03-05;35;14;786;444
02;59;2021-03-06;27;3;813;447
02;59;2021-03-07;27;0;840;447
02;59;2021-03-08;35;8;875;455
02;59;2021-03-09;47;18;922;473
02;59;2021-03-10;53;14;975;487
02;59;2021-03-11;59;11;1034;498
02;59;2021-03-12;66;5;1100;503
02;59;2021-03-13;24;3;1124;506
02;59;2021-03-14;2;0;1126;506
02;59;2021-03-15;38;8;1164;514
02;59;2021-03-16;41;5;1205;519
02;59;2021-03-17;63;4;1268;523
02;59;2021-03-18;83;5;1351;528
02;59;2021-03-19;79;7;1430;535
02;59;2021-03-20;38;2;1468;537
02;59;2021-03-21;11;0;1479;537
02;59;2021-03-22;77;14;1556;551
02;59;2021-03-23;82;19;1638;570
02;59;2021-03-24;98;16;1736;586
02;59;2021-03-25;90;13;1826;599
02;59;2021-03-26;125;8;1951;607
02;59;2021-03-27;30;5;1981;612
02;59;2021-03-28;16;0;1997;612
02;59;2021-03-29;86;25;2083;637
02;59;2021-03-30;96;27;2179;664
02;59;2021-03-31;251;24;2430;688
02;59;2021-04-01;226;30;2656;718
02;59;2021-04-02;211;0;2867;718
02;59;2021-04-03;199;9;3066;727
02;59;2021-04-04;193;0;3259;727
02;59;2021-04-05;196;2;3455;729
02;59;2021-04-06;197;13;3652;742
02;59;2021-04-07;331;37;3983;779
02;59;2021-04-08;269;43;4252;822
02;59;2021-04-09;262;41;4514;863
02;59;2021-04-10;225;27;4739;890
02;59;2021-04-11;145;3;4884;893
02;59;2021-04-12;181;44;5065;937
02;59;2021-04-13;198;38;5263;975
02;59;2021-04-14;208;61;5471;1036
02;59;2021-04-15;175;48;5646;1084
02;59;2021-04-16;195;52;5841;1136
02;59;2021-04-17;134;31;5975;1167
02;59;2021-04-18;86;15;6061;1182
02;59;2021-04-19;135;73;6196;1255
02;59;2021-04-20;177;71;6373;1326
02;59;2021-04-21;206;68;6579;1394
02;64;2020-12-27;0;0;0;0
02;64;2020-12-28;0;0;0;0
02;64;2020-12-29;0;0;0;0
02;64;2020-12-30;0;0;0;0
02;64;2020-12-31;0;0;0;0
02;64;2021-01-01;0;0;0;0
02;64;2021-01-02;0;0;0;0
02;64;2021-01-03;0;0;0;0
02;64;2021-01-04;0;0;0;0
02;64;2021-01-05;0;0;0;0
02;64;2021-01-06;4;0;4;0
02;64;2021-01-07;6;0;10;0
02;64;2021-01-08;17;0;27;0
02;64;2021-01-09;1;0;28;0
02;64;2021-01-10;0;0;28;0
02;64;2021-01-11;15;0;43;0
02;64;2021-01-12;13;0;56;0
02;64;2021-01-13;10;0;66;0
02;64;2021-01-14;21;0;87;0
02;64;2021-01-15;22;0;109;0
02;64;2021-01-16;5;0;114;0
02;64;2021-01-17;0;0;114;0
02;64;2021-01-18;13;0;127;0
02;64;2021-01-19;10;0;137;0
02;64;2021-01-20;7;0;144;0
02;64;2021-01-21;16;0;160;0
02;64;2021-01-22;14;0;174;0
02;64;2021-01-23;7;0;181;0
02;64;2021-01-24;0;0;181;0
02;64;2021-01-25;18;0;199;0
02;64;2021-01-26;17;0;216;0
02;64;2021-01-27;10;3;226;3
02;64;2021-01-28;11;5;237;8
02;64;2021-01-29;12;16;249;24
02;64;2021-01-30;2;0;251;24
02;64;2021-01-31;0;0;251;24
02;64;2021-02-01;5;14;256;38
02;64;2021-02-02;18;15;274;53
02;64;2021-02-03;7;10;281;63
02;64;2021-02-04;17;10;298;73
02;64;2021-02-05;11;18;309;91
02;64;2021-02-06;4;2;313;93
02;64;2021-02-07;0;0;313;93
02;64;2021-02-08;8;9;321;102
02;64;2021-02-09;18;9;339;111
02;64;2021-02-10;14;7;353;118
02;64;2021-02-11;14;12;367;130
02;64;2021-02-12;7;12;374;142
02;64;2021-02-13;4;5;378;147
02;64;2021-02-14;0;0;378;147
02;64;2021-02-15;7;2;385;149
02;64;2021-02-16;0;0;385;149
02;64;2021-02-17;0;0;385;149
02;64;2021-02-18;5;20;390;169
02;64;2021-02-19;7;13;397;182
02;64;2021-02-20;2;4;399;186
02;64;2021-02-21;0;0;399;186
02;64;2021-02-22;6;9;405;195
02;64;2021-02-23;5;21;410;216
02;64;2021-02-24;10;16;420;232
02;64;2021-02-25;12;20;432;252
02;64;2021-02-26;7;14;439;266
02;64;2021-02-27;7;0;446;266
02;64;2021-02-28;0;0;446;266
02;64;2021-03-01;16;8;462;274
02;64;2021-03-02;17;9;479;283
02;64;2021-03-03;15;6;494;289
02;64;2021-03-04;15;10;509;299
02;64;2021-03-05;26;9;535;308
02;64;2021-03-06;8;7;543;315
02;64;2021-03-07;21;0;564;315
02;64;2021-03-08;20;14;584;329
02;64;2021-03-09;30;8;614;337
02;64;2021-03-10;37;16;651;353
02;64;2021-03-11;40;5;691;358
02;64;2021-03-12;55;4;746;362
02;64;2021-03-13;16;2;762;364
02;64;2021-03-14;0;0;762;364
02;64;2021-03-15;29;8;791;372
02;64;2021-03-16;32;5;823;377
02;64;2021-03-17;32;3;855;380
02;64;2021-03-18;48;8;903;388
02;64;2021-03-19;34;3;937;391
02;64;2021-03-20;17;1;954;392
02;64;2021-03-21;2;0;956;392
02;64;2021-03-22;53;7;1009;399
02;64;2021-03-23;47;10;1056;409
02;64;2021-03-24;44;8;1100;417
02;64;2021-03-25;67;12;1167;429
02;64;2021-03-26;85;9;1252;438
02;64;2021-03-27;27;4;1279;442
02;64;2021-03-28;11;0;1290;442
02;64;2021-03-29;55;19;1345;461
02;64;2021-03-30;51;26;1396;487
02;64;2021-03-31;159;8;1555;495
02;64;2021-04-01;108;15;1663;510
02;64;2021-04-02;85;0;1748;510
02;64;2021-04-03;92;8;1840;518
02;64;2021-04-04;53;2;1893;520
02;64;2021-04-05;97;0;1990;520
02;64;2021-04-06;105;10;2095;530
02;64;2021-04-07;172;31;2267;561
02;64;2021-04-08;164;35;2431;596
02;64;2021-04-09;127;28;2558;624
02;64;2021-04-10;104;13;2662;637
02;64;2021-04-11;70;1;2732;638
02;64;2021-04-12;100;29;2832;667
02;64;2021-04-13;99;31;2931;698
02;64;2021-04-14;119;23;3050;721
02;64;2021-04-15;107;31;3157;752
02;64;2021-04-16;140;32;3297;784
02;64;2021-04-17;79;11;3376;795
02;64;2021-04-18;34;7;3410;802
02;64;2021-04-19;69;44;3479;846
02;64;2021-04-20;123;37;3602;883
02;64;2021-04-21;99;31;3701;914
02;69;2020-12-27;0;0;0;0
02;69;2020-12-28;0;0;0;0
02;69;2020-12-29;0;0;0;0
02;69;2020-12-30;0;0;0;0
02;69;2020-12-31;0;0;0;0
02;69;2021-01-01;0;0;0;0
02;69;2021-01-02;0;0;0;0
02;69;2021-01-03;0;0;0;0
02;69;2021-01-04;0;0;0;0
02;69;2021-01-05;0;0;0;0
02;69;2021-01-06;0;0;0;0
02;69;2021-01-07;1;0;1;0
02;69;2021-01-08;4;0;5;0
02;69;2021-01-09;2;0;7;0
02;69;2021-01-10;0;0;7;0
02;69;2021-01-11;11;0;18;0
02;69;2021-01-12;8;0;26;0
02;69;2021-01-13;10;0;36;0
02;69;2021-01-14;8;0;44;0
02;69;2021-01-15;17;0;61;0
02;69;2021-01-16;12;0;73;0
02;69;2021-01-17;0;0;73;0
02;69;2021-01-18;18;0;91;0
02;69;2021-01-19;9;0;100;0
02;69;2021-01-20;19;0;119;0
02;69;2021-01-21;20;0;139;0
02;69;2021-01-22;12;0;151;0
02;69;2021-01-23;8;0;159;0
02;69;2021-01-24;0;0;159;0
02;69;2021-01-25;10;0;169;0
02;69;2021-01-26;11;0;180;0
02;69;2021-01-27;17;1;197;1
02;69;2021-01-28;15;1;212;2
02;69;2021-01-29;21;2;233;4
02;69;2021-01-30;17;2;250;6
02;69;2021-01-31;0;0;250;6
02;69;2021-02-01;11;9;261;15
02;69;2021-02-02;24;7;285;22
02;69;2021-02-03;15;11;300;33
02;69;2021-02-04;21;10;321;43
02;69;2021-02-05;8;13;329;56
02;69;2021-02-06;10;2;339;58
02;69;2021-02-07;0;0;339;58
02;69;2021-02-08;18;13;357;71
02;69;2021-02-09;11;5;368;76
02;69;2021-02-10;23;10;391;86
02;69;2021-02-11;23;5;414;91
02;69;2021-02-12;14;14;428;105
02;69;2021-02-13;6;9;434;114
02;69;2021-02-14;0;0;434;114
02;69;2021-02-15;4;3;438;117
02;69;2021-02-16;0;0;438;117
02;69;2021-02-17;0;0;438;117
02;69;2021-02-18;7;15;445;132
02;69;2021-02-19;9;15;454;147
02;69;2021-02-20;6;6;460;153
02;69;2021-02-21;0;0;460;153
02;69;2021-02-22;14;18;474;171
02;69;2021-02-23;17;21;491;192
02;69;2021-02-24;6;20;497;212
02;69;2021-02-25;14;18;511;230
02;69;2021-02-26;17;22;528;252
02;69;2021-02-27;13;4;541;256
02;69;2021-02-28;0;0;541;256
02;69;2021-03-01;20;13;561;269
02;69;2021-03-02;29;14;590;283
02;69;2021-03-03;20;15;610;298
02;69;2021-03-04;23;14;633;312
02;69;2021-03-05;22;11;655;323
02;69;2021-03-06;14;8;669;331
02;69;2021-03-07;14;0;683;331
02;69;2021-03-08;27;20;710;351
02;69;2021-03-09;48;13;758;364
02;69;2021-03-10;48;11;806;375
02;69;2021-03-11;39;10;845;385
02;69;2021-03-12;52;4;897;389
02;69;2021-03-13;23;1;920;390
02;69;2021-03-14;0;0;920;390
02;69;2021-03-15;38;7;958;397
02;69;2021-03-16;51;5;1009;402
02;69;2021-03-17;45;3;1054;405
02;69;2021-03-18;57;3;1111;408
02;69;2021-03-19;38;13;1149;421
02;69;2021-03-20;16;0;1165;421
02;69;2021-03-21;4;0;1169;421
02;69;2021-03-22;42;24;1211;445
02;69;2021-03-23;53;15;1264;460
02;69;2021-03-24;58;17;1322;477
02;69;2021-03-25;65;10;1387;487
02;69;2021-03-26;78;16;1465;503
02;69;2021-03-27;27;11;1492;514
02;69;2021-03-28;10;1;1502;515
02;69;2021-03-29;44;23;1546;538
02;69;2021-03-30;51;34;1597;572
02;69;2021-03-31;145;17;1742;589
02;69;2021-04-01;119;19;1861;608
02;69;2021-04-02;75;0;1936;608
02;69;2021-04-03;74;6;2010;614
02;69;2021-04-04;73;0;2083;614
02;69;2021-04-05;60;1;2143;615
02;69;2021-04-06;101;16;2244;631
02;69;2021-04-07;156;44;2400;675
02;69;2021-04-08;131;42;2531;717
02;69;2021-04-09;151;30;2682;747
02;69;2021-04-10;88;15;2770;762
02;69;2021-04-11;68;1;2838;763
02;69;2021-04-12;105;36;2943;799
02;69;2021-04-13;98;56;3041;855
02;69;2021-04-14;98;33;3139;888
02;69;2021-04-15;120;35;3259;923
02;69;2021-04-16;114;30;3373;953
02;69;2021-04-17;55;17;3428;970
02;69;2021-04-18;31;4;3459;974
02;69;2021-04-19;78;41;3537;1015
02;69;2021-04-20;127;49;3664;1064
02;69;2021-04-21;126;39;3790;1103
02;74;2020-12-27;0;0;0;0
02;74;2020-12-28;0;0;0;0
02;74;2020-12-29;0;0;0;0
02;74;2020-12-30;0;0;0;0
02;74;2020-12-31;0;0;0;0
02;74;2021-01-01;0;0;0;0
02;74;2021-01-02;0;0;0;0
02;74;2021-01-03;0;0;0;0
02;74;2021-01-04;0;0;0;0
02;74;2021-01-05;0;0;0;0
02;74;2021-01-06;0;0;0;0
02;74;2021-01-07;4;0;4;0
02;74;2021-01-08;8;0;12;0
02;74;2021-01-09;0;0;12;0
02;74;2021-01-10;0;0;12;0
02;74;2021-01-11;12;0;24;0
02;74;2021-01-12;9;0;33;0
02;74;2021-01-13;8;0;41;0
02;74;2021-01-14;2;0;43;0
02;74;2021-01-15;13;0;56;0
02;74;2021-01-16;7;1;63;1
02;74;2021-01-17;0;0;63;1
02;74;2021-01-18;20;0;83;1
02;74;2021-01-19;23;0;106;1
02;74;2021-01-20;19;0;125;1
02;74;2021-01-21;17;0;142;1
02;74;2021-01-22;18;0;160;1
02;74;2021-01-23;5;0;165;1
02;74;2021-01-24;0;0;165;1
02;74;2021-01-25;21;0;186;1
02;74;2021-01-26;16;0;202;1
02;74;2021-01-27;30;0;232;1
02;74;2021-01-28;24;3;256;4
02;74;2021-01-29;22;7;278;11
02;74;2021-01-30;19;0;297;11
02;74;2021-01-31;0;0;297;11
02;74;2021-02-01;22;10;319;21
02;74;2021-02-02;37;9;356;30
02;74;2021-02-03;32;11;388;41
02;74;2021-02-04;32;2;420;43
02;74;2021-02-05;33;11;453;54
02;74;2021-02-06;15;2;468;56
02;74;2021-02-07;0;0;468;56
02;74;2021-02-08;30;10;498;66
02;74;2021-02-09;33;8;531;74
02;74;2021-02-10;30;14;561;88
02;74;2021-02-11;29;13;590;101
02;74;2021-02-12;26;12;616;113
02;74;2021-02-13;10;7;626;120
02;74;2021-02-14;0;0;626;120
02;74;2021-02-15;6;4;632;124
02;74;2021-02-16;0;0;632;124
02;74;2021-02-17;0;0;632;124
02;74;2021-02-18;11;15;643;139
02;74;2021-02-19;19;25;662;164
02;74;2021-02-20;8;16;670;180
02;74;2021-02-21;0;0;670;180
02;74;2021-02-22;21;21;691;201
02;74;2021-02-23;31;35;722;236
02;74;2021-02-24;24;31;746;267
02;74;2021-02-25;18;25;764;292
02;74;2021-02-26;21;25;785;317
02;74;2021-02-27;22;8;807;325
02;74;2021-02-28;0;0;807;325
02;74;2021-03-01;24;38;831;363
02;74;2021-03-02;29;21;860;384
02;74;2021-03-03;28;18;888;402
02;74;2021-03-04;20;30;908;432
02;74;2021-03-05;41;27;949;459
02;74;2021-03-06;20;16;969;475
02;74;2021-03-07;9;0;978;475
02;74;2021-03-08;24;31;1002;506
02;74;2021-03-09;37;19;1039;525
02;74;2021-03-10;46;26;1085;551
02;74;2021-03-11;43;14;1128;565
02;74;2021-03-12;51;11;1179;576
02;74;2021-03-13;14;6;1193;582
02;74;2021-03-14;0;0;1193;582
02;74;2021-03-15;57;16;1250;598
02;74;2021-03-16;48;5;1298;603
02;74;2021-03-17;53;10;1351;613
02;74;2021-03-18;55;6;1406;619
02;74;2021-03-19;67;20;1473;639
02;74;2021-03-20;12;4;1485;643
02;74;2021-03-21;0;0;1485;643
02;74;2021-03-22;36;31;1521;674
02;74;2021-03-23;40;28;1561;702
02;74;2021-03-24;55;25;1616;727
02;74;2021-03-25;64;13;1680;740
02;74;2021-03-26;53;14;1733;754
02;74;2021-03-27;20;23;1753;777
02;74;2021-03-28;9;0;1762;777
02;74;2021-03-29;47;19;1809;796
02;74;2021-03-30;64;48;1873;844
02;74;2021-03-31;142;38;2015;882
02;74;2021-04-01;106;28;2121;910
02;74;2021-04-02;65;1;2186;911
02;74;2021-04-03;53;3;2239;914
02;74;2021-04-04;44;0;2283;914
02;74;2021-04-05;70;2;2353;916
02;74;2021-04-06;70;15;2423;931
02;74;2021-04-07;126;31;2549;962
02;74;2021-04-08;110;30;2659;992
02;74;2021-04-09;120;35;2779;1027
02;74;2021-04-10;72;22;2851;1049
02;74;2021-04-11;54;1;2905;1050
02;74;2021-04-12;93;46;2998;1096
02;74;2021-04-13;78;44;3076;1140
02;74;2021-04-14;100;49;3176;1189
02;74;2021-04-15;79;43;3255;1232
02;74;2021-04-16;87;44;3342;1276
02;74;2021-04-17;37;17;3379;1293
02;74;2021-04-18;24;4;3403;1297
02;74;2021-04-19;57;32;3460;1329
02;74;2021-04-20;90;26;3550;1355
02;74;2021-04-21;97;25;3647;1380
02;79;2020-12-27;0;0;0;0
02;79;2020-12-28;0;0;0;0
02;79;2020-12-29;0;0;0;0
02;79;2020-12-30;0;0;0;0
02;79;2020-12-31;0;0;0;0
02;79;2021-01-01;0;0;0;0
02;79;2021-01-02;0;0;0;0
02;79;2021-01-03;0;0;0;0
02;79;2021-01-04;0;0;0;0
02;79;2021-01-05;0;0;0;0
02;79;2021-01-06;0;0;0;0
02;79;2021-01-07;0;0;0;0
02;79;2021-01-08;7;0;7;0
02;79;2021-01-09;3;0;10;0
02;79;2021-01-10;0;0;10;0
02;79;2021-01-11;3;0;13;0
02;79;2021-01-12;4;0;17;0
02;79;2021-01-13;2;0;19;0
02;79;2021-01-14;3;0;22;0
02;79;2021-01-15;15;0;37;0
02;79;2021-01-16;2;0;39;0
02;79;2021-01-17;0;0;39;0
02;79;2021-01-18;57;0;96;0
02;79;2021-01-19;46;0;142;0
02;79;2021-01-20;52;0;194;0
02;79;2021-01-21;46;0;240;0
02;79;2021-01-22;43;0;283;0
02;79;2021-01-23;21;0;304;0
02;79;2021-01-24;0;0;304;0
02;79;2021-01-25;36;0;340;0
02;79;2021-01-26;35;0;375;0
02;79;2021-01-27;44;0;419;0
02;79;2021-01-28;44;1;463;1
02;79;2021-01-29;34;3;497;4
02;79;2021-01-30;16;4;513;8
02;79;2021-01-31;0;0;513;8
02;79;2021-02-01;16;2;529;10
02;79;2021-02-02;34;6;563;16
02;79;2021-02-03;30;4;593;20
02;79;2021-02-04;34;5;627;25
02;79;2021-02-05;27;8;654;33
02;79;2021-02-06;20;7;674;40
02;79;2021-02-07;0;0;674;40
02;79;2021-02-08;34;30;708;70
02;79;2021-02-09;35;23;743;93
02;79;2021-02-10;24;24;767;117
02;79;2021-02-11;28;26;795;143
02;79;2021-02-12;28;27;823;170
02;79;2021-02-13;8;8;831;178
02;79;2021-02-14;0;0;831;178
02;79;2021-02-15;4;14;835;192
02;79;2021-02-16;0;0;835;192
02;79;2021-02-17;0;0;835;192
02;79;2021-02-18;15;39;850;231
02;79;2021-02-19;8;39;858;270
02;79;2021-02-20;13;15;871;285
02;79;2021-02-21;0;0;871;285
02;79;2021-02-22;13;34;884;319
02;79;2021-02-23;12;56;896;375
02;79;2021-02-24;10;39;906;414
02;79;2021-02-25;14;31;920;445
02;79;2021-02-26;19;35;939;480
02;79;2021-02-27;15;15;954;495
02;79;2021-02-28;0;0;954;495
02;79;2021-03-01;23;29;977;524
02;79;2021-03-02;20;23;997;547
02;79;2021-03-03;31;21;1028;568
02;79;2021-03-04;18;31;1046;599
02;79;2021-03-05;32;28;1078;627
02;79;2021-03-06;18;14;1096;641
02;79;2021-03-07;4;0;1100;641
02;79;2021-03-08;18;25;1118;666
02;79;2021-03-09;47;25;1165;691
02;79;2021-03-10;34;17;1199;708
02;79;2021-03-11;32;11;1231;719
02;79;2021-03-12;42;17;1273;736
02;79;2021-03-13;15;5;1288;741
02;79;2021-03-14;0;0;1288;741
02;79;2021-03-15;40;15;1328;756
02;79;2021-03-16;42;13;1370;769
02;79;2021-03-17;51;5;1421;774
02;79;2021-03-18;48;4;1469;778
02;79;2021-03-19;37;7;1506;785
02;79;2021-03-20;13;13;1519;798
02;79;2021-03-21;0;0;1519;798
02;79;2021-03-22;27;17;1546;815
02;79;2021-03-23;31;16;1577;831
02;79;2021-03-24;37;5;1614;836
02;79;2021-03-25;32;18;1646;854
02;79;2021-03-26;49;15;1695;869
02;79;2021-03-27;9;16;1704;885
02;79;2021-03-28;4;0;1708;885
02;79;2021-03-29;25;26;1733;911
02;79;2021-03-30;14;33;1747;944
02;79;2021-03-31;61;30;1808;974
02;79;2021-04-01;55;24;1863;998
02;79;2021-04-02;26;0;1889;998
02;79;2021-04-03;25;1;1914;999
02;79;2021-04-04;19;0;1933;999
02;79;2021-04-05;40;0;1973;999
02;79;2021-04-06;40;31;2013;1030
02;79;2021-04-07;57;42;2070;1072
02;79;2021-04-08;48;33;2118;1105
02;79;2021-04-09;70;35;2188;1140
02;79;2021-04-10;40;22;2228;1162
02;79;2021-04-11;26;0;2254;1162
02;79;2021-04-12;48;31;2302;1193
02;79;2021-04-13;49;38;2351;1231
02;79;2021-04-14;55;45;2406;1276
02;79;2021-04-15;71;38;2477;1314
02;79;2021-04-16;67;33;2544;1347
02;79;2021-04-17;20;17;2564;1364
02;79;2021-04-18;11;1;2575;1365
02;79;2021-04-19;48;26;2623;1391
02;79;2021-04-20;60;18;2683;1409
02;79;2021-04-21;66;34;2749;1443
02;80;2020-12-27;0;0;0;0
02;80;2020-12-28;0;0;0;0
02;80;2020-12-29;0;0;0;0
02;80;2020-12-30;0;0;0;0
02;80;2020-12-31;0;0;0;0
02;80;2021-01-01;0;0;0;0
02;80;2021-01-02;0;0;0;0
02;80;2021-01-03;0;0;0;0
02;80;2021-01-04;0;0;0;0
02;80;2021-01-05;0;0;0;0
02;80;2021-01-06;0;0;0;0
02;80;2021-01-07;0;0;0;0
02;80;2021-01-08;13;0;13;0
02;80;2021-01-09;12;0;25;0
02;80;2021-01-10;0;0;25;0
02;80;2021-01-11;31;0;56;0
02;80;2021-01-12;10;0;66;0
02;80;2021-01-13;3;0;69;0
02;80;2021-01-14;8;0;77;0
02;80;2021-01-15;17;0;94;0
02;80;2021-01-16;3;0;97;0
02;80;2021-01-17;0;0;97;0
02;80;2021-01-18;25;0;122;0
02;80;2021-01-19;26;0;148;0
02;80;2021-01-20;32;0;180;0
02;80;2021-01-21;51;0;231;0
02;80;2021-01-22;30;0;261;0
02;80;2021-01-23;8;0;269;0
02;80;2021-01-24;0;0;269;0
02;80;2021-01-25;32;0;301;0
02;80;2021-01-26;23;0;324;0
02;80;2021-01-27;25;0;349;0
02;80;2021-01-28;23;0;372;0
02;80;2021-01-29;18;7;390;7
02;80;2021-01-30;17;10;407;17
02;80;2021-01-31;0;0;407;17
02;80;2021-02-01;42;30;449;47
02;80;2021-02-02;30;11;479;58
02;80;2021-02-03;25;7;504;65
02;80;2021-02-04;26;6;530;71
02;80;2021-02-05;24;8;554;79
02;80;2021-02-06;9;4;563;83
02;80;2021-02-07;1;0;564;83
02;80;2021-02-08;26;13;590;96
02;80;2021-02-09;33;7;623;103
02;80;2021-02-10;23;18;646;121
02;80;2021-02-11;24;21;670;142
02;80;2021-02-12;24;30;694;172
02;80;2021-02-13;8;3;702;175
02;80;2021-02-14;0;0;702;175
02;80;2021-02-15;11;33;713;208
02;80;2021-02-16;0;0;713;208
02;80;2021-02-17;0;0;713;208
02;80;2021-02-18;16;20;729;228
02;80;2021-02-19;6;19;735;247
02;80;2021-02-20;8;13;743;260
02;80;2021-02-21;0;0;743;260
02;80;2021-02-22;27;22;770;282
02;80;2021-02-23;22;39;792;321
02;80;2021-02-24;26;35;818;356
02;80;2021-02-25;11;34;829;390
02;80;2021-02-26;15;23;844;413
02;80;2021-02-27;6;15;850;428
02;80;2021-02-28;0;0;850;428
02;80;2021-03-01;18;17;868;445
02;80;2021-03-02;22;23;890;468
02;80;2021-03-03;21;19;911;487
02;80;2021-03-04;21;23;932;510
02;80;2021-03-05;45;23;977;533
02;80;2021-03-06;13;9;990;542
02;80;2021-03-07;1;0;991;542
02;80;2021-03-08;34;17;1025;559
02;80;2021-03-09;30;24;1055;583
02;80;2021-03-10;38;28;1093;611
02;80;2021-03-11;48;17;1141;628
02;80;2021-03-12;36;4;1177;632
02;80;2021-03-13;27;3;1204;635
02;80;2021-03-14;0;0;1204;635
02;80;2021-03-15;33;29;1237;664
02;80;2021-03-16;37;10;1274;674
02;80;2021-03-17;52;12;1326;686
02;80;2021-03-18;45;4;1371;690
02;80;2021-03-19;40;10;1411;700
02;80;2021-03-20;13;15;1424;715
02;80;2021-03-21;1;0;1425;715
02;80;2021-03-22;28;8;1453;723
02;80;2021-03-23;35;17;1488;740
02;80;2021-03-24;30;8;1518;748
02;80;2021-03-25;24;14;1542;762
02;80;2021-03-26;51;13;1593;775
02;80;2021-03-27;12;9;1605;784
02;80;2021-03-28;6;2;1611;786
02;80;2021-03-29;26;19;1637;805
02;80;2021-03-30;24;34;1661;839
02;80;2021-03-31;55;27;1716;866
02;80;2021-04-01;53;26;1769;892
02;80;2021-04-02;33;0;1802;892
02;80;2021-04-03;37;0;1839;892
02;80;2021-04-04;23;0;1862;892
02;80;2021-04-05;36;0;1898;892
02;80;2021-04-06;43;28;1941;920
02;80;2021-04-07;57;48;1998;968
02;80;2021-04-08;70;42;2068;1010
02;80;2021-04-09;68;46;2136;1056
02;80;2021-04-10;35;26;2171;1082
02;80;2021-04-11;19;0;2190;1082
02;80;2021-04-12;45;32;2235;1114
02;80;2021-04-13;58;35;2293;1149
02;80;2021-04-14;59;51;2352;1200
02;80;2021-04-15;67;35;2419;1235
02;80;2021-04-16;73;20;2492;1255
02;80;2021-04-17;23;19;2515;1274
02;80;2021-04-18;24;1;2539;1275
02;80;2021-04-19;53;40;2592;1315
02;80;2021-04-20;62;22;2654;1337
02;80;2021-04-21;73;32;2727;1369
03;24;2020-12-27;0;0;0;0
03;24;2020-12-28;0;0;0;0
03;24;2020-12-29;0;0;0;0
03;24;2020-12-30;0;0;0;0
03;24;2020-12-31;0;0;0;0
03;24;2021-01-01;0;0;0;0
03;24;2021-01-02;0;0;0;0
03;24;2021-01-03;0;0;0;0
03;24;2021-01-04;0;0;0;0
03;24;2021-01-05;0;0;0;0
03;24;2021-01-06;0;0;0;0
03;24;2021-01-07;0;0;0;0
03;24;2021-01-08;0;0;0;0
03;24;2021-01-09;0;0;0;0
03;24;2021-01-10;0;0;0;0
03;24;2021-01-11;0;0;0;0
03;24;2021-01-12;0;0;0;0
03;24;2021-01-13;0;0;0;0
03;24;2021-01-14;0;0;0;0
03;24;2021-01-15;0;0;0;0
03;24;2021-01-16;0;0;0;0
03;24;2021-01-17;0;0;0;0
03;24;2021-01-18;0;0;0;0
03;24;2021-01-19;0;0;0;0
03;24;2021-01-20;1;0;1;0
03;24;2021-01-21;0;0;1;0
03;24;2021-01-22;0;0;1;0
03;24;2021-01-23;0;0;1;0
03;24;2021-01-24;0;0;1;0
03;24;2021-01-25;0;0;1;0
03;24;2021-01-26;2;0;3;0
03;24;2021-01-27;0;0;3;0
03;24;2021-01-28;0;0;3;0
03;24;2021-01-29;3;0;6;0
03;24;2021-01-30;0;0;6;0
03;24;2021-01-31;0;0;6;0
03;24;2021-02-01;0;0;6;0
03;24;2021-02-02;3;0;9;0
03;24;2021-02-03;1;0;10;0
03;24;2021-02-04;0;0;10;0
03;24;2021-02-05;2;0;12;0
03;24;2021-02-06;0;0;12;0
03;24;2021-02-07;0;0;12;0
03;24;2021-02-08;0;0;12;0
03;24;2021-02-09;0;0;12;0
03;24;2021-02-10;1;0;13;0
03;24;2021-02-11;0;1;13;1
03;24;2021-02-12;1;0;14;1
03;24;2021-02-13;0;0;14;1
03;24;2021-02-14;0;0;14;1
03;24;2021-02-15;0;0;14;1
03;24;2021-02-16;0;0;14;1
03;24;2021-02-17;0;1;14;2
03;24;2021-02-18;1;1;15;3
03;24;2021-02-19;1;0;16;3
03;24;2021-02-20;0;0;16;3
03;24;2021-02-21;0;0;16;3
03;24;2021-02-22;1;0;17;3
03;24;2021-02-23;2;1;19;4
03;24;2021-02-24;1;1;20;5
03;24;2021-02-25;2;0;22;5
03;24;2021-02-26;0;1;22;6
03;24;2021-02-27;0;0;22;6
03;24;2021-02-28;0;0;22;6
03;24;2021-03-01;1;2;23;8
03;24;2021-03-02;1;2;24;10
03;24;2021-03-03;0;0;24;10
03;24;2021-03-04;2;0;26;10
03;24;2021-03-05;0;1;26;11
03;24;2021-03-06;0;0;26;11
03;24;2021-03-07;0;0;26;11
03;24;2021-03-08;0;0;26;11
03;24;2021-03-09;4;0;30;11
03;24;2021-03-10;5;0;35;11
03;24;2021-03-11;2;1;37;12
03;24;2021-03-12;6;0;43;12
03;24;2021-03-13;0;0;43;12
03;24;2021-03-14;0;0;43;12
03;24;2021-03-15;1;0;44;12
03;24;2021-03-16;3;1;47;13
03;24;2021-03-17;4;0;51;13
03;24;2021-03-18;2;0;53;13
03;24;2021-03-19;5;1;58;14
03;24;2021-03-20;2;0;60;14
03;24;2021-03-21;9;0;69;14
03;24;2021-03-22;0;2;69;16
03;24;2021-03-23;6;0;75;16
03;24;2021-03-24;1;3;76;19
03;24;2021-03-25;0;0;76;19
03;24;2021-03-26;9;0;85;19
03;24;2021-03-27;0;1;85;20
03;24;2021-03-28;0;0;85;20
03;24;2021-03-29;3;1;88;21
03;24;2021-03-30;6;3;94;24
03;24;2021-03-31;9;1;103;25
03;24;2021-04-01;3;2;106;27
03;24;2021-04-02;2;2;108;29
03;24;2021-04-03;0;0;108;29
03;24;2021-04-04;0;0;108;29
03;24;2021-04-05;0;0;108;29
03;24;2021-04-06;6;3;114;32
03;24;2021-04-07;2;0;116;32
03;24;2021-04-08;3;1;119;33
03;24;2021-04-09;4;2;123;35
03;24;2021-04-10;0;0;123;35
03;24;2021-04-11;0;0;123;35
03;24;2021-04-12;2;4;125;39
03;24;2021-04-13;4;2;129;41
03;24;2021-04-14;4;3;133;44
03;24;2021-04-15;9;3;142;47
03;24;2021-04-16;8;6;150;53
03;24;2021-04-17;5;0;155;53
03;24;2021-04-18;7;0;162;53
03;24;2021-04-19;7;0;169;53
03;24;2021-04-20;3;3;172;56
03;24;2021-04-21;4;1;176;57
03;29;2020-12-27;0;0;0;0
03;29;2020-12-28;0;0;0;0
03;29;2020-12-29;0;0;0;0
03;29;2020-12-30;0;0;0;0
03;29;2020-12-31;0;0;0;0
03;29;2021-01-01;0;0;0;0
03;29;2021-01-02;0;0;0;0
03;29;2021-01-03;0;0;0;0
03;29;2021-01-04;0;0;0;0
03;29;2021-01-05;0;0;0;0
03;29;2021-01-06;0;0;0;0
03;29;2021-01-07;0;0;0;0
03;29;2021-01-08;0;0;0;0
03;29;2021-01-09;0;0;0;0
03;29;2021-01-10;0;0;0;0
03;29;2021-01-11;0;0;0;0
03;29;2021-01-12;0;0;0;0
03;29;2021-01-13;1;0;1;0
03;29;2021-01-14;3;0;4;0
03;29;2021-01-15;0;0;4;0
03;29;2021-01-16;0;0;4;0
03;29;2021-01-17;0;0;4;0
03;29;2021-01-18;0;0;4;0
03;29;2021-01-19;2;0;6;0
03;29;2021-01-20;2;0;8;0
03;29;2021-01-21;2;0;10;0
03;29;2021-01-22;1;0;11;0
03;29;2021-01-23;0;0;11;0
03;29;2021-01-24;0;0;11;0
03;29;2021-01-25;2;0;13;0
03;29;2021-01-26;5;0;18;0
03;29;2021-01-27;5;0;23;0
03;29;2021-01-28;3;0;26;0
03;29;2021-01-29;2;0;28;0
03;29;2021-01-30;0;0;28;0
03;29;2021-01-31;0;0;28;0
03;29;2021-02-01;2;0;30;0
03;29;2021-02-02;7;0;37;0
03;29;2021-02-03;1;0;38;0
03;29;2021-02-04;2;1;40;1
03;29;2021-02-05;2;0;42;1
03;29;2021-02-06;0;0;42;1
03;29;2021-02-07;0;0;42;1
03;29;2021-02-08;0;1;42;2
03;29;2021-02-09;1;0;43;2
03;29;2021-02-10;3;1;46;3
03;29;2021-02-11;1;3;47;6
03;29;2021-02-12;11;0;58;6
03;29;2021-02-13;0;0;58;6
03;29;2021-02-14;0;0;58;6
03;29;2021-02-15;0;0;58;6
03;29;2021-02-16;2;0;60;6
03;29;2021-02-17;1;2;61;8
03;29;2021-02-18;2;5;63;13
03;29;2021-02-19;3;2;66;15
03;29;2021-02-20;0;0;66;15
03;29;2021-02-21;0;0;66;15
03;29;2021-02-22;3;1;69;16
03;29;2021-02-23;3;5;72;21
03;29;2021-02-24;8;2;80;23
03;29;2021-02-25;4;1;84;24
03;29;2021-02-26;3;4;87;28
03;29;2021-02-27;6;0;93;28
03;29;2021-02-28;0;0;93;28
03;29;2021-03-01;5;3;98;31
03;29;2021-03-02;4;4;102;35
03;29;2021-03-03;7;2;109;37
03;29;2021-03-04;6;1;115;38
03;29;2021-03-05;9;1;124;39
03;29;2021-03-06;2;0;126;39
03;29;2021-03-07;0;0;126;39
03;29;2021-03-08;3;0;129;39
03;29;2021-03-09;3;0;132;39
03;29;2021-03-10;13;2;145;41
03;29;2021-03-11;7;4;152;45
03;29;2021-03-12;13;7;165;52
03;29;2021-03-13;1;0;166;52
03;29;2021-03-14;0;0;166;52
03;29;2021-03-15;0;0;166;52
03;29;2021-03-16;3;1;169;53
03;29;2021-03-17;8;1;177;54
03;29;2021-03-18;9;1;186;55
03;29;2021-03-19;10;2;196;57
03;29;2021-03-20;3;0;199;57
03;29;2021-03-21;6;0;205;57
03;29;2021-03-22;2;7;207;64
03;29;2021-03-23;6;3;213;67
03;29;2021-03-24;11;6;224;73
03;29;2021-03-25;4;2;228;75
03;29;2021-03-26;11;13;239;88
03;29;2021-03-27;3;4;242;92
03;29;2021-03-28;0;0;242;92
03;29;2021-03-29;7;5;249;97
03;29;2021-03-30;10;5;259;102
03;29;2021-03-31;12;4;271;106
03;29;2021-04-01;16;4;287;110
03;29;2021-04-02;5;6;292;116
03;29;2021-04-03;2;1;294;117
03;29;2021-04-04;0;0;294;117
03;29;2021-04-05;0;0;294;117
03;29;2021-04-06;10;6;304;123
03;29;2021-04-07;8;7;312;130
03;29;2021-04-08;11;5;323;135
03;29;2021-04-09;9;4;332;139
03;29;2021-04-10;2;1;334;140
03;29;2021-04-11;0;0;334;140
03;29;2021-04-12;21;1;355;141
03;29;2021-04-13;14;5;369;146
03;29;2021-04-14;19;5;388;151
03;29;2021-04-15;12;1;400;152
03;29;2021-04-16;19;6;419;158
03;29;2021-04-17;5;2;424;160
03;29;2021-04-18;14;2;438;162
03;29;2021-04-19;14;4;452;166
03;29;2021-04-20;14;9;466;175
03;29;2021-04-21;16;4;482;179
03;39;2020-12-27;0;0;0;0
03;39;2020-12-28;0;0;0;0
03;39;2020-12-29;0;0;0;0
03;39;2020-12-30;0;0;0;0
03;39;2020-12-31;0;0;0;0
03;39;2021-01-01;0;0;0;0
03;39;2021-01-02;0;0;0;0
03;39;2021-01-03;0;0;0;0
03;39;2021-01-04;0;0;0;0
03;39;2021-01-05;0;0;0;0
03;39;2021-01-06;0;0;0;0
03;39;2021-01-07;0;0;0;0
03;39;2021-01-08;0;0;0;0
03;39;2021-01-09;0;0;0;0
03;39;2021-01-10;0;0;0;0
03;39;2021-01-11;0;0;0;0
03;39;2021-01-12;0;0;0;0
03;39;2021-01-13;0;0;0;0
03;39;2021-01-14;1;0;1;0
03;39;2021-01-15;1;0;2;0
03;39;2021-01-16;0;0;2;0
03;39;2021-01-17;0;0;2;0
03;39;2021-01-18;0;0;2;0
03;39;2021-01-19;7;0;9;0
03;39;2021-01-20;6;0;15;0
03;39;2021-01-21;0;0;15;0
03;39;2021-01-22;4;0;19;0
03;39;2021-01-23;0;0;19;0
03;39;2021-01-24;0;0;19;0
03;39;2021-01-25;3;0;22;0
03;39;2021-01-26;4;0;26;0
03;39;2021-01-27;11;0;37;0
03;39;2021-01-28;8;0;45;0
03;39;2021-01-29;14;0;59;0
03;39;2021-01-30;0;0;59;0
03;39;2021-01-31;0;0;59;0
03;39;2021-02-01;1;0;60;0
03;39;2021-02-02;14;0;74;0
03;39;2021-02-03;5;0;79;0
03;39;2021-02-04;7;1;86;1
03;39;2021-02-05;5;0;91;1
03;39;2021-02-06;0;0;91;1
03;39;2021-02-07;0;0;91;1
03;39;2021-02-08;4;0;95;1
03;39;2021-02-09;8;1;103;2
03;39;2021-02-10;11;4;114;6
03;39;2021-02-11;13;3;127;9
03;39;2021-02-12;7;1;134;10
03;39;2021-02-13;0;0;134;10
03;39;2021-02-14;0;0;134;10
03;39;2021-02-15;4;0;138;10
03;39;2021-02-16;9;3;147;13
03;39;2021-02-17;3;6;150;19
03;39;2021-02-18;6;7;156;26
03;39;2021-02-19;8;6;164;32
03;39;2021-02-20;0;0;164;32
03;39;2021-02-21;0;0;164;32
03;39;2021-02-22;1;4;165;36
03;39;2021-02-23;11;5;176;41
03;39;2021-02-24;8;11;184;52
03;39;2021-02-25;14;3;198;55
03;39;2021-02-26;14;4;212;59
03;39;2021-02-27;4;0;216;59
03;39;2021-02-28;0;0;216;59
03;39;2021-03-01;5;6;221;65
03;39;2021-03-02;6;13;227;78
03;39;2021-03-03;22;10;249;88
03;39;2021-03-04;14;5;263;93
03;39;2021-03-05;18;3;281;96
03;39;2021-03-06;4;0;285;96
03;39;2021-03-07;0;0;285;96
03;39;2021-03-08;5;2;290;98
03;39;2021-03-09;20;8;310;106
03;39;2021-03-10;18;7;328;113
03;39;2021-03-11;12;13;340;126
03;39;2021-03-12;26;3;366;129
03;39;2021-03-13;6;1;372;130
03;39;2021-03-14;0;0;372;130
03;39;2021-03-15;4;2;376;132
03;39;2021-03-16;15;10;391;142
03;39;2021-03-17;28;4;419;146
03;39;2021-03-18;13;8;432;154
03;39;2021-03-19;35;7;467;161
03;39;2021-03-20;11;2;478;163
03;39;2021-03-21;18;0;496;163
03;39;2021-03-22;5;2;501;165
03;39;2021-03-23;13;11;514;176
03;39;2021-03-24;22;7;536;183
03;39;2021-03-25;14;9;550;192
03;39;2021-03-26;17;20;567;212
03;39;2021-03-27;3;2;570;214
03;39;2021-03-28;0;0;570;214
03;39;2021-03-29;25;9;595;223
03;39;2021-03-30;30;13;625;236
03;39;2021-03-31;37;10;662;246
03;39;2021-04-01;29;14;691;260
03;39;2021-04-02;26;15;717;275
03;39;2021-04-03;24;3;741;278
03;39;2021-04-04;0;0;741;278
03;39;2021-04-05;33;0;774;278
03;39;2021-04-06;41;16;815;294
03;39;2021-04-07;50;17;865;311
03;39;2021-04-08;55;16;920;327
03;39;2021-04-09;63;22;983;349
03;39;2021-04-10;12;2;995;351
03;39;2021-04-11;0;0;995;351
03;39;2021-04-12;120;13;1115;364
03;39;2021-04-13;129;14;1244;378
03;39;2021-04-14;136;24;1380;402
03;39;2021-04-15;162;6;1542;408
03;39;2021-04-16;148;17;1690;425
03;39;2021-04-17;121;7;1811;432
03;39;2021-04-18;148;2;1959;434
03;39;2021-04-19;145;4;2104;438
03;39;2021-04-20;134;19;2238;457
03;39;2021-04-21;147;15;2385;472
03;49;2020-12-27;0;0;0;0
03;49;2020-12-28;0;0;0;0
03;49;2020-12-29;0;0;0;0
03;49;2020-12-30;0;0;0;0
03;49;2020-12-31;0;0;0;0
03;49;2021-01-01;0;0;0;0
03;49;2021-01-02;0;0;0;0
03;49;2021-01-03;0;0;0;0
03;49;2021-01-04;0;0;0;0
03;49;2021-01-05;0;0;0;0
03;49;2021-01-06;0;0;0;0
03;49;2021-01-07;0;0;0;0
03;49;2021-01-08;0;0;0;0
03;49;2021-01-09;0;0;0;0
03;49;2021-01-10;0;0;0;0
03;49;2021-01-11;0;0;0;0
03;49;2021-01-12;0;0;0;0
03;49;2021-01-13;4;0;4;0
03;49;2021-01-14;5;0;9;0
03;49;2021-01-15;1;0;10;0
03;49;2021-01-16;0;0;10;0
03;49;2021-01-17;0;0;10;0
03;49;2021-01-18;4;0;14;0
03;49;2021-01-19;11;0;25;0
03;49;2021-01-20;7;0;32;0
03;49;2021-01-21;10;0;42;0
03;49;2021-01-22;5;0;47;0
03;49;2021-01-23;0;0;47;0
03;49;2021-01-24;0;0;47;0
03;49;2021-01-25;5;0;52;0
03;49;2021-01-26;8;0;60;0
03;49;2021-01-27;10;0;70;0
03;49;2021-01-28;12;1;82;1
03;49;2021-01-29;13;0;95;1
03;49;2021-01-30;0;0;95;1
03;49;2021-01-31;0;0;95;1
03;49;2021-02-01;2;0;97;1
03;49;2021-02-02;13;0;110;1
03;49;2021-02-03;12;1;122;2
03;49;2021-02-04;14;7;136;9
03;49;2021-02-05;4;1;140;10
03;49;2021-02-06;0;0;140;10
03;49;2021-02-07;0;0;140;10
03;49;2021-02-08;7;0;147;10
03;49;2021-02-09;19;0;166;10
03;49;2021-02-10;10;10;176;20
03;49;2021-02-11;17;5;193;25
03;49;2021-02-12;11;1;204;26
03;49;2021-02-13;0;0;204;26
03;49;2021-02-14;0;0;204;26
03;49;2021-02-15;3;3;207;29
03;49;2021-02-16;7;2;214;31
03;49;2021-02-17;10;9;224;40
03;49;2021-02-18;5;16;229;56
03;49;2021-02-19;7;11;236;67
03;49;2021-02-20;0;0;236;67
03;49;2021-02-21;0;0;236;67
03;49;2021-02-22;6;3;242;70
03;49;2021-02-23;13;6;255;76
03;49;2021-02-24;13;9;268;85
03;49;2021-02-25;21;8;289;93
03;49;2021-02-26;23;5;312;98
03;49;2021-02-27;8;0;320;98
03;49;2021-02-28;0;0;320;98
03;49;2021-03-01;9;11;329;109
03;49;2021-03-02;20;10;349;119
03;49;2021-03-03;20;23;369;142
03;49;2021-03-04;23;14;392;156
03;49;2021-03-05;21;9;413;165
03;49;2021-03-06;7;0;420;165
03;49;2021-03-07;0;0;420;165
03;49;2021-03-08;15;4;435;169
03;49;2021-03-09;24;6;459;175
03;49;2021-03-10;27;9;486;184
03;49;2021-03-11;33;16;519;200
03;49;2021-03-12;29;4;548;204
03;49;2021-03-13;6;0;554;204
03;49;2021-03-14;0;0;554;204
03;49;2021-03-15;8;2;562;206
03;49;2021-03-16;23;11;585;217
03;49;2021-03-17;28;11;613;228
03;49;2021-03-18;28;10;641;238
03;49;2021-03-19;50;6;691;244
03;49;2021-03-20;28;2;719;246
03;49;2021-03-21;20;0;739;246
03;49;2021-03-22;22;6;761;252
03;49;2021-03-23;30;15;791;267
03;49;2021-03-24;28;16;819;283
03;49;2021-03-25;24;12;843;295
03;49;2021-03-26;36;24;879;319
03;49;2021-03-27;6;6;885;325
03;49;2021-03-28;0;0;885;325
03;49;2021-03-29;35;16;920;341
03;49;2021-03-30;58;19;978;360
03;49;2021-03-31;53;17;1031;377
03;49;2021-04-01;61;24;1092;401
03;49;2021-04-02;42;30;1134;431
03;49;2021-04-03;24;8;1158;439
03;49;2021-04-04;0;0;1158;439
03;49;2021-04-05;32;0;1190;439
03;49;2021-04-06;52;23;1242;462
03;49;2021-04-07;63;15;1305;477
03;49;2021-04-08;90;20;1395;497
03;49;2021-04-09;111;30;1506;527
03;49;2021-04-10;27;4;1533;531
03;49;2021-04-11;0;0;1533;531
03;49;2021-04-12;149;17;1682;548
03;49;2021-04-13;167;23;1849;571
03;49;2021-04-14;207;27;2056;598
03;49;2021-04-15;187;17;2243;615
03;49;2021-04-16;208;33;2451;648
03;49;2021-04-17;127;12;2578;660
03;49;2021-04-18;150;0;2728;660
03;49;2021-04-19;202;17;2930;677
03;49;2021-04-20;169;31;3099;708
03;49;2021-04-21;215;21;3314;729
03;59;2020-12-27;0;0;0;0
03;59;2020-12-28;0;0;0;0
03;59;2020-12-29;0;0;0;0
03;59;2020-12-30;0;0;0;0
03;59;2020-12-31;0;0;0;0
03;59;2021-01-01;0;0;0;0
03;59;2021-01-02;0;0;0;0
03;59;2021-01-03;0;0;0;0
03;59;2021-01-04;0;0;0;0
03;59;2021-01-05;0;0;0;0
03;59;2021-01-06;0;0;0;0
03;59;2021-01-07;0;0;0;0
03;59;2021-01-08;0;0;0;0
03;59;2021-01-09;0;0;0;0
03;59;2021-01-10;0;0;0;0
03;59;2021-01-11;0;0;0;0
03;59;2021-01-12;0;0;0;0
03;59;2021-01-13;4;0;4;0
03;59;2021-01-14;18;0;22;0
03;59;2021-01-15;12;0;34;0
03;59;2021-01-16;8;0;42;0
03;59;2021-01-17;0;0;42;0
03;59;2021-01-18;16;0;58;0
03;59;2021-01-19;43;0;101;0
03;59;2021-01-20;29;0;130;0
03;59;2021-01-21;16;0;146;0
03;59;2021-01-22;10;0;156;0
03;59;2021-01-23;0;0;156;0
03;59;2021-01-24;0;0;156;0
03;59;2021-01-25;11;0;167;0
03;59;2021-01-26;28;0;195;0
03;59;2021-01-27;31;0;226;0
03;59;2021-01-28;28;0;254;0
03;59;2021-01-29;26;0;280;0
03;59;2021-01-30;0;0;280;0
03;59;2021-01-31;0;0;280;0
03;59;2021-02-01;11;0;291;0
03;59;2021-02-02;28;3;319;3
03;59;2021-02-03;38;4;357;7
03;59;2021-02-04;25;10;382;17
03;59;2021-02-05;20;4;402;21
03;59;2021-02-06;0;0;402;21
03;59;2021-02-07;0;0;402;21
03;59;2021-02-08;7;3;409;24
03;59;2021-02-09;12;8;421;32
03;59;2021-02-10;26;27;447;59
03;59;2021-02-11;20;14;467;73
03;59;2021-02-12;17;11;484;84
03;59;2021-02-13;0;0;484;84
03;59;2021-02-14;0;0;484;84
03;59;2021-02-15;6;19;490;103
03;59;2021-02-16;36;9;526;112
03;59;2021-02-17;50;27;576;139
03;59;2021-02-18;34;25;610;164
03;59;2021-02-19;41;15;651;179
03;59;2021-02-20;0;0;651;179
03;59;2021-02-21;0;0;651;179
03;59;2021-02-22;39;9;690;188
03;59;2021-02-23;58;20;748;208
03;59;2021-02-24;72;29;820;237
03;59;2021-02-25;96;25;916;262
03;59;2021-02-26;95;22;1011;284
03;59;2021-02-27;48;0;1059;284
03;59;2021-02-28;0;0;1059;284
03;59;2021-03-01;66;21;1125;305
03;59;2021-03-02;111;31;1236;336
03;59;2021-03-03;108;28;1344;364
03;59;2021-03-04;115;26;1459;390
03;59;2021-03-05;114;20;1573;410
03;59;2021-03-06;52;1;1625;411
03;59;2021-03-07;0;0;1625;411
03;59;2021-03-08;86;5;1711;416
03;59;2021-03-09;139;14;1850;430
03;59;2021-03-10;159;25;2009;455
03;59;2021-03-11;97;25;2106;480
03;59;2021-03-12;113;16;2219;496
03;59;2021-03-13;48;0;2267;496
03;59;2021-03-14;0;0;2267;496
03;59;2021-03-15;90;6;2357;502
03;59;2021-03-16;91;44;2448;546
03;59;2021-03-17;107;58;2555;604
03;59;2021-03-18;101;49;2656;653
03;59;2021-03-19;94;50;2750;703
03;59;2021-03-20;104;3;2854;706
03;59;2021-03-21;35;0;2889;706
03;59;2021-03-22;92;39;2981;745
03;59;2021-03-23;90;84;3071;829
03;59;2021-03-24;80;76;3151;905
03;59;2021-03-25;68;60;3219;965
03;59;2021-03-26;60;100;3279;1065
03;59;2021-03-27;22;43;3301;1108
03;59;2021-03-28;0;0;3301;1108
03;59;2021-03-29;48;93;3349;1201
03;59;2021-03-30;109;96;3458;1297
03;59;2021-03-31;100;114;3558;1411
03;59;2021-04-01;127;119;3685;1530
03;59;2021-04-02;86;85;3771;1615
03;59;2021-04-03;27;55;3798;1670
03;59;2021-04-04;0;0;3798;1670
03;59;2021-04-05;29;4;3827;1674
03;59;2021-04-06;120;138;3947;1812
03;59;2021-04-07;150;134;4097;1946
03;59;2021-04-08;136;90;4233;2036
03;59;2021-04-09;110;77;4343;2113
03;59;2021-04-10;53;35;4396;2148
03;59;2021-04-11;0;0;4396;2148
03;59;2021-04-12;101;99;4497;2247
03;59;2021-04-13;129;77;4626;2324
03;59;2021-04-14;127;90;4753;2414
03;59;2021-04-15;118;73;4871;2487
03;59;2021-04-16;117;96;4988;2583
03;59;2021-04-17;87;41;5075;2624
03;59;2021-04-18;78;1;5153;2625
03;59;2021-04-19;118;94;5271;2719
03;59;2021-04-20;93;82;5364;2801
03;59;2021-04-21;120;66;5484;2867
03;64;2020-12-27;0;0;0;0
03;64;2020-12-28;0;0;0;0
03;64;2020-12-29;0;0;0;0
03;64;2020-12-30;0;0;0;0
03;64;2020-12-31;0;0;0;0
03;64;2021-01-01;0;0;0;0
03;64;2021-01-02;0;0;0;0
03;64;2021-01-03;0;0;0;0
03;64;2021-01-04;0;0;0;0
03;64;2021-01-05;0;0;0;0
03;64;2021-01-06;0;0;0;0
03;64;2021-01-07;0;0;0;0
03;64;2021-01-08;0;0;0;0
03;64;2021-01-09;0;0;0;0
03;64;2021-01-10;0;0;0;0
03;64;2021-01-11;0;0;0;0
03;64;2021-01-12;0;0;0;0
03;64;2021-01-13;4;0;4;0
03;64;2021-01-14;10;0;14;0
03;64;2021-01-15;7;0;21;0
03;64;2021-01-16;4;0;25;0
03;64;2021-01-17;0;0;25;0
03;64;2021-01-18;8;0;33;0
03;64;2021-01-19;20;0;53;0
03;64;2021-01-20;16;0;69;0
03;64;2021-01-21;13;0;82;0
03;64;2021-01-22;8;0;90;0
03;64;2021-01-23;0;0;90;0
03;64;2021-01-24;0;0;90;0
03;64;2021-01-25;4;0;94;0
03;64;2021-01-26;10;0;104;0
03;64;2021-01-27;11;0;115;0
03;64;2021-01-28;5;1;120;1
03;64;2021-01-29;10;0;130;1
03;64;2021-01-30;0;0;130;1
03;64;2021-01-31;0;0;130;1
03;64;2021-02-01;11;0;141;1
03;64;2021-02-02;16;0;157;1
03;64;2021-02-03;19;5;176;6
03;64;2021-02-04;7;7;183;13
03;64;2021-02-05;9;1;192;14
03;64;2021-02-06;0;0;192;14
03;64;2021-02-07;0;0;192;14
03;64;2021-02-08;9;0;201;14
03;64;2021-02-09;10;5;211;19
03;64;2021-02-10;11;11;222;30
03;64;2021-02-11;13;10;235;40
03;64;2021-02-12;9;3;244;43
03;64;2021-02-13;0;0;244;43
03;64;2021-02-14;0;0;244;43
03;64;2021-02-15;5;15;249;58
03;64;2021-02-16;29;6;278;64
03;64;2021-02-17;28;15;306;79
03;64;2021-02-18;24;12;330;91
03;64;2021-02-19;14;4;344;95
03;64;2021-02-20;0;0;344;95
03;64;2021-02-21;0;0;344;95
03;64;2021-02-22;8;5;352;100
03;64;2021-02-23;31;9;383;109
03;64;2021-02-24;33;13;416;122
03;64;2021-02-25;48;13;464;135
03;64;2021-02-26;49;5;513;140
03;64;2021-02-27;22;0;535;140
03;64;2021-02-28;0;0;535;140
03;64;2021-03-01;38;16;573;156
03;64;2021-03-02;39;15;612;171
03;64;2021-03-03;38;14;650;185
03;64;2021-03-04;46;6;696;191
03;64;2021-03-05;39;6;735;197
03;64;2021-03-06;23;0;758;197
03;64;2021-03-07;0;0;758;197
03;64;2021-03-08;25;8;783;205
03;64;2021-03-09;52;10;835;215
03;64;2021-03-10;61;18;896;233
03;64;2021-03-11;49;22;945;255
03;64;2021-03-12;37;14;982;269
03;64;2021-03-13;26;1;1008;270
03;64;2021-03-14;0;0;1008;270
03;64;2021-03-15;26;7;1034;277
03;64;2021-03-16;42;33;1076;310
03;64;2021-03-17;44;23;1120;333
03;64;2021-03-18;39;22;1159;355
03;64;2021-03-19;27;17;1186;372
03;64;2021-03-20;37;2;1223;374
03;64;2021-03-21;17;0;1240;374
03;64;2021-03-22;36;15;1276;389
03;64;2021-03-23;35;31;1311;420
03;64;2021-03-24;35;31;1346;451
03;64;2021-03-25;26;38;1372;489
03;64;2021-03-26;21;45;1393;534
03;64;2021-03-27;6;15;1399;549
03;64;2021-03-28;0;0;1399;549
03;64;2021-03-29;23;43;1422;592
03;64;2021-03-30;45;31;1467;623
03;64;2021-03-31;36;44;1503;667
03;64;2021-04-01;50;45;1553;712
03;64;2021-04-02;34;35;1587;747
03;64;2021-04-03;7;19;1594;766
03;64;2021-04-04;0;0;1594;766
03;64;2021-04-05;6;2;1600;768
03;64;2021-04-06;51;50;1651;818
03;64;2021-04-07;58;61;1709;879
03;64;2021-04-08;41;33;1750;912
03;64;2021-04-09;42;27;1792;939
03;64;2021-04-10;23;24;1815;963
03;64;2021-04-11;0;0;1815;963
03;64;2021-04-12;32;35;1847;998
03;64;2021-04-13;35;38;1882;1036
03;64;2021-04-14;32;31;1914;1067
03;64;2021-04-15;48;40;1962;1107
03;64;2021-04-16;44;29;2006;1136
03;64;2021-04-17;30;12;2036;1148
03;64;2021-04-18;19;2;2055;1150
03;64;2021-04-19;46;27;2101;1177
03;64;2021-04-20;39;31;2140;1208
03;64;2021-04-21;38;25;2178;1233
03;69;2020-12-27;0;0;0;0
03;69;2020-12-28;0;0;0;0
03;69;2020-12-29;0;0;0;0
03;69;2020-12-30;0;0;0;0
03;69;2020-12-31;0;0;0;0
03;69;2021-01-01;0;0;0;0
03;69;2021-01-02;0;0;0;0
03;69;2021-01-03;0;0;0;0
03;69;2021-01-04;0;0;0;0
03;69;2021-01-05;0;0;0;0
03;69;2021-01-06;0;0;0;0
03;69;2021-01-07;0;0;0;0
03;69;2021-01-08;0;0;0;0
03;69;2021-01-09;0;0;0;0
03;69;2021-01-10;0;0;0;0
03;69;2021-01-11;0;0;0;0
03;69;2021-01-12;0;0;0;0
03;69;2021-01-13;1;0;1;0
03;69;2021-01-14;3;0;4;0
03;69;2021-01-15;6;0;10;0
03;69;2021-01-16;3;0;13;0
03;69;2021-01-17;0;0;13;0
03;69;2021-01-18;3;0;16;0
03;69;2021-01-19;11;0;27;0
03;69;2021-01-20;14;0;41;0
03;69;2021-01-21;7;0;48;0
03;69;2021-01-22;13;0;61;0
03;69;2021-01-23;0;0;61;0
03;69;2021-01-24;0;0;61;0
03;69;2021-01-25;6;0;67;0
03;69;2021-01-26;7;0;74;0
03;69;2021-01-27;11;0;85;0
03;69;2021-01-28;7;0;92;0
03;69;2021-01-29;12;1;104;1
03;69;2021-01-30;0;0;104;1
03;69;2021-01-31;0;0;104;1
03;69;2021-02-01;8;0;112;1
03;69;2021-02-02;10;1;122;2
03;69;2021-02-03;7;1;129;3
03;69;2021-02-04;5;2;134;5
03;69;2021-02-05;0;0;134;5
03;69;2021-02-06;0;0;134;5
03;69;2021-02-07;0;0;134;5
03;69;2021-02-08;5;0;139;5
03;69;2021-02-09;16;7;155;12
03;69;2021-02-10;12;9;167;21
03;69;2021-02-11;10;9;177;30
03;69;2021-02-12;9;5;186;35
03;69;2021-02-13;0;0;186;35
03;69;2021-02-14;0;0;186;35
03;69;2021-02-15;3;5;189;40
03;69;2021-02-16;11;6;200;46
03;69;2021-02-17;16;8;216;54
03;69;2021-02-18;11;8;227;62
03;69;2021-02-19;14;8;241;70
03;69;2021-02-20;0;0;241;70
03;69;2021-02-21;0;0;241;70
03;69;2021-02-22;12;4;253;74
03;69;2021-02-23;21;15;274;89
03;69;2021-02-24;22;13;296;102
03;69;2021-02-25;33;10;329;112
03;69;2021-02-26;36;6;365;118
03;69;2021-02-27;19;0;384;118
03;69;2021-02-28;0;0;384;118
03;69;2021-03-01;34;7;418;125
03;69;2021-03-02;36;10;454;135
03;69;2021-03-03;27;13;481;148
03;69;2021-03-04;33;6;514;154
03;69;2021-03-05;28;4;542;158
03;69;2021-03-06;18;0;560;158
03;69;2021-03-07;0;0;560;158
03;69;2021-03-08;21;4;581;162
03;69;2021-03-09;41;11;622;173
03;69;2021-03-10;40;12;662;185
03;69;2021-03-11;31;7;693;192
03;69;2021-03-12;24;18;717;210
03;69;2021-03-13;11;0;728;210
03;69;2021-03-14;0;0;728;210
03;69;2021-03-15;27;1;755;211
03;69;2021-03-16;25;10;780;221
03;69;2021-03-17;21;21;801;242
03;69;2021-03-18;23;17;824;259
03;69;2021-03-19;20;7;844;266
03;69;2021-03-20;37;3;881;269
03;69;2021-03-21;10;0;891;269
03;69;2021-03-22;32;13;923;282
03;69;2021-03-23;25;22;948;304
03;69;2021-03-24;27;25;975;329
03;69;2021-03-25;13;25;988;354
03;69;2021-03-26;17;45;1005;399
03;69;2021-03-27;8;11;1013;410
03;69;2021-03-28;0;0;1013;410
03;69;2021-03-29;16;30;1029;440
03;69;2021-03-30;32;21;1061;461
03;69;2021-03-31;17;34;1078;495
03;69;2021-04-01;43;36;1121;531
03;69;2021-04-02;15;26;1136;557
03;69;2021-04-03;5;15;1141;572
03;69;2021-04-04;0;0;1141;572
03;69;2021-04-05;8;0;1149;572
03;69;2021-04-06;29;49;1178;621
03;69;2021-04-07;36;31;1214;652
03;69;2021-04-08;33;20;1247;672
03;69;2021-04-09;37;20;1284;692
03;69;2021-04-10;15;13;1299;705
03;69;2021-04-11;0;0;1299;705
03;69;2021-04-12;35;31;1334;736
03;69;2021-04-13;35;17;1369;753
03;69;2021-04-14;27;24;1396;777
03;69;2021-04-15;22;29;1418;806
03;69;2021-04-16;29;30;1447;836
03;69;2021-04-17;23;13;1470;849
03;69;2021-04-18;16;1;1486;850
03;69;2021-04-19;38;26;1524;876
03;69;2021-04-20;31;28;1555;904
03;69;2021-04-21;30;14;1585;918
03;74;2020-12-27;0;0;0;0
03;74;2020-12-28;0;0;0;0
03;74;2020-12-29;0;0;0;0
03;74;2020-12-30;0;0;0;0
03;74;2020-12-31;0;0;0;0
03;74;2021-01-01;0;0;0;0
03;74;2021-01-02;0;0;0;0
03;74;2021-01-03;0;0;0;0
03;74;2021-01-04;0;0;0;0
03;74;2021-01-05;0;0;0;0
03;74;2021-01-06;0;0;0;0
03;74;2021-01-07;0;0;0;0
03;74;2021-01-08;0;0;0;0
03;74;2021-01-09;0;0;0;0
03;74;2021-01-10;0;0;0;0
03;74;2021-01-11;0;0;0;0
03;74;2021-01-12;0;0;0;0
03;74;2021-01-13;2;0;2;0
03;74;2021-01-14;4;0;6;0
03;74;2021-01-15;2;0;8;0
03;74;2021-01-16;1;0;9;0
03;74;2021-01-17;0;0;9;0
03;74;2021-01-18;13;0;22;0
03;74;2021-01-19;9;0;31;0
03;74;2021-01-20;8;0;39;0
03;74;2021-01-21;12;0;51;0
03;74;2021-01-22;7;0;58;0
03;74;2021-01-23;0;0;58;0
03;74;2021-01-24;0;0;58;0
03;74;2021-01-25;5;0;63;0
03;74;2021-01-26;4;0;67;0
03;74;2021-01-27;11;0;78;0
03;74;2021-01-28;14;0;92;0
03;74;2021-01-29;4;1;96;1
03;74;2021-01-30;0;0;96;1
03;74;2021-01-31;0;0;96;1
03;74;2021-02-01;11;0;107;1
03;74;2021-02-02;7;0;114;1
03;74;2021-02-03;12;1;126;2
03;74;2021-02-04;11;2;137;4
03;74;2021-02-05;8;1;145;5
03;74;2021-02-06;0;0;145;5
03;74;2021-02-07;0;0;145;5
03;74;2021-02-08;8;2;153;7
03;74;2021-02-09;11;3;164;10
03;74;2021-02-10;11;5;175;15
03;74;2021-02-11;13;5;188;20
03;74;2021-02-12;13;3;201;23
03;74;2021-02-13;0;0;201;23
03;74;2021-02-14;0;0;201;23
03;74;2021-02-15;3;9;204;32
03;74;2021-02-16;17;5;221;37
03;74;2021-02-17;22;7;243;44
03;74;2021-02-18;11;11;254;55
03;74;2021-02-19;13;5;267;60
03;74;2021-02-20;0;0;267;60
03;74;2021-02-21;0;0;267;60
03;74;2021-02-22;6;5;273;65
03;74;2021-02-23;11;9;284;74
03;74;2021-02-24;20;16;304;90
03;74;2021-02-25;26;12;330;102
03;74;2021-02-26;23;6;353;108
03;74;2021-02-27;7;0;360;108
03;74;2021-02-28;0;0;360;108
03;74;2021-03-01;10;10;370;118
03;74;2021-03-02;24;9;394;127
03;74;2021-03-03;19;17;413;144
03;74;2021-03-04;19;7;432;151
03;74;2021-03-05;14;4;446;155
03;74;2021-03-06;3;0;449;155
03;74;2021-03-07;0;0;449;155
03;74;2021-03-08;17;5;466;160
03;74;2021-03-09;27;13;493;173
03;74;2021-03-10;21;17;514;190
03;74;2021-03-11;10;15;524;205
03;74;2021-03-12;19;11;543;216
03;74;2021-03-13;5;0;548;216
03;74;2021-03-14;0;0;548;216
03;74;2021-03-15;15;4;563;220
03;74;2021-03-16;19;14;582;234
03;74;2021-03-17;16;11;598;245
03;74;2021-03-18;17;14;615;259
03;74;2021-03-19;21;10;636;269
03;74;2021-03-20;14;0;650;269
03;74;2021-03-21;3;0;653;269
03;74;2021-03-22;11;11;664;280
03;74;2021-03-23;16;12;680;292
03;74;2021-03-24;13;18;693;310
03;74;2021-03-25;9;17;702;327
03;74;2021-03-26;7;19;709;346
03;74;2021-03-27;1;4;710;350
03;74;2021-03-28;0;0;710;350
03;74;2021-03-29;11;17;721;367
03;74;2021-03-30;25;17;746;384
03;74;2021-03-31;18;17;764;401
03;74;2021-04-01;21;17;785;418
03;74;2021-04-02;15;18;800;436
03;74;2021-04-03;7;7;807;443
03;74;2021-04-04;0;0;807;443
03;74;2021-04-05;5;0;812;443
03;74;2021-04-06;13;25;825;468
03;74;2021-04-07;22;24;847;492
03;74;2021-04-08;18;9;865;501
03;74;2021-04-09;26;13;891;514
03;74;2021-04-10;5;4;896;518
03;74;2021-04-11;0;0;896;518
03;74;2021-04-12;14;23;910;541
03;74;2021-04-13;26;18;936;559
03;74;2021-04-14;19;13;955;572
03;74;2021-04-15;16;17;971;589
03;74;2021-04-16;20;15;991;604
03;74;2021-04-17;12;4;1003;608
03;74;2021-04-18;7;0;1010;608
03;74;2021-04-19;25;17;1035;625
03;74;2021-04-20;23;11;1058;636
03;74;2021-04-21;20;7;1078;643
03;79;2020-12-27;0;0;0;0
03;79;2020-12-28;0;0;0;0
03;79;2020-12-29;0;0;0;0
03;79;2020-12-30;0;0;0;0
03;79;2020-12-31;0;0;0;0
03;79;2021-01-01;0;0;0;0
03;79;2021-01-02;0;0;0;0
03;79;2021-01-03;0;0;0;0
03;79;2021-01-04;0;0;0;0
03;79;2021-01-05;0;0;0;0
03;79;2021-01-06;0;0;0;0
03;79;2021-01-07;0;0;0;0
03;79;2021-01-08;0;0;0;0
03;79;2021-01-09;0;0;0;0
03;79;2021-01-10;0;0;0;0
03;79;2021-01-11;0;0;0;0
03;79;2021-01-12;0;0;0;0
03;79;2021-01-13;5;0;5;0
03;79;2021-01-14;2;0;7;0
03;79;2021-01-15;1;0;8;0
03;79;2021-01-16;1;0;9;0
03;79;2021-01-17;0;0;9;0
03;79;2021-01-18;4;0;13;0
03;79;2021-01-19;20;0;33;0
03;79;2021-01-20;24;0;57;0
03;79;2021-01-21;32;0;89;0
03;79;2021-01-22;13;0;102;0
03;79;2021-01-23;0;0;102;0
03;79;2021-01-24;0;0;102;0
03;79;2021-01-25;7;0;109;0
03;79;2021-01-26;20;0;129;0
03;79;2021-01-27;13;0;142;0
03;79;2021-01-28;9;0;151;0
03;79;2021-01-29;12;0;163;0
03;79;2021-01-30;0;0;163;0
03;79;2021-01-31;0;0;163;0
03;79;2021-02-01;5;0;168;0
03;79;2021-02-02;11;0;179;0
03;79;2021-02-03;12;3;191;3
03;79;2021-02-04;3;1;194;4
03;79;2021-02-05;8;0;202;4
03;79;2021-02-06;0;0;202;4
03;79;2021-02-07;0;0;202;4
03;79;2021-02-08;4;1;206;5
03;79;2021-02-09;8;4;214;9
03;79;2021-02-10;11;10;225;19
03;79;2021-02-11;7;10;232;29
03;79;2021-02-12;4;6;236;35
03;79;2021-02-13;0;0;236;35
03;79;2021-02-14;0;0;236;35
03;79;2021-02-15;2;6;238;41
03;79;2021-02-16;4;12;242;53
03;79;2021-02-17;9;23;251;76
03;79;2021-02-18;6;32;257;108
03;79;2021-02-19;11;14;268;122
03;79;2021-02-20;0;0;268;122
03;79;2021-02-21;0;0;268;122
03;79;2021-02-22;2;5;270;127
03;79;2021-02-23;4;11;274;138
03;79;2021-02-24;4;15;278;153
03;79;2021-02-25;7;12;285;165
03;79;2021-02-26;12;9;297;174
03;79;2021-02-27;2;1;299;175
03;79;2021-02-28;0;0;299;175
03;79;2021-03-01;2;5;301;180
03;79;2021-03-02;3;6;304;186
03;79;2021-03-03;5;13;309;199
03;79;2021-03-04;11;6;320;205
03;79;2021-03-05;9;4;329;209
03;79;2021-03-06;2;0;331;209
03;79;2021-03-07;0;0;331;209
03;79;2021-03-08;9;3;340;212
03;79;2021-03-09;14;8;354;220
03;79;2021-03-10;5;15;359;235
03;79;2021-03-11;10;8;369;243
03;79;2021-03-12;9;8;378;251
03;79;2021-03-13;6;0;384;251
03;79;2021-03-14;0;0;384;251
03;79;2021-03-15;7;1;391;252
03;79;2021-03-16;11;5;402;257
03;79;2021-03-17;7;3;409;260
03;79;2021-03-18;8;5;417;265
03;79;2021-03-19;7;8;424;273
03;79;2021-03-20;11;0;435;273
03;79;2021-03-21;0;1;435;274
03;79;2021-03-22;7;2;442;276
03;79;2021-03-23;13;3;455;279
03;79;2021-03-24;6;4;461;283
03;79;2021-03-25;3;5;464;288
03;79;2021-03-26;6;10;470;298
03;79;2021-03-27;1;1;471;299
03;79;2021-03-28;0;0;471;299
03;79;2021-03-29;2;3;473;302
03;79;2021-03-30;8;6;481;308
03;79;2021-03-31;12;7;493;315
03;79;2021-04-01;15;9;508;324
03;79;2021-04-02;6;8;514;332
03;79;2021-04-03;1;2;515;334
03;79;2021-04-04;0;0;515;334
03;79;2021-04-05;2;0;517;334
03;79;2021-04-06;12;12;529;346
03;79;2021-04-07;10;9;539;355
03;79;2021-04-08;13;9;552;364
03;79;2021-04-09;15;7;567;371
03;79;2021-04-10;1;3;568;374
03;79;2021-04-11;0;0;568;374
03;79;2021-04-12;5;9;573;383
03;79;2021-04-13;14;7;587;390
03;79;2021-04-14;15;5;602;395
03;79;2021-04-15;13;7;615;402
03;79;2021-04-16;12;4;627;406
03;79;2021-04-17;10;3;637;409
03;79;2021-04-18;5;0;642;409
03;79;2021-04-19;12;8;654;417
03;79;2021-04-20;4;6;658;423
03;79;2021-04-21;13;7;671;430
03;80;2020-12-27;0;0;0;0
03;80;2020-12-28;0;0;0;0
03;80;2020-12-29;0;0;0;0
03;80;2020-12-30;0;0;0;0
03;80;2020-12-31;0;0;0;0
03;80;2021-01-01;0;0;0;0
03;80;2021-01-02;0;0;0;0
03;80;2021-01-03;0;0;0;0
03;80;2021-01-04;0;0;0;0
03;80;2021-01-05;0;0;0;0
03;80;2021-01-06;0;0;0;0
03;80;2021-01-07;0;0;0;0
03;80;2021-01-08;0;0;0;0
03;80;2021-01-09;0;0;0;0
03;80;2021-01-10;0;0;0;0
03;80;2021-01-11;0;0;0;0
03;80;2021-01-12;0;0;0;0
03;80;2021-01-13;9;0;9;0
03;80;2021-01-14;0;0;9;0
03;80;2021-01-15;4;0;13;0
03;80;2021-01-16;1;0;14;0
03;80;2021-01-17;0;0;14;0
03;80;2021-01-18;14;0;28;0
03;80;2021-01-19;23;0;51;0
03;80;2021-01-20;25;0;76;0
03;80;2021-01-21;26;0;102;0
03;80;2021-01-22;14;0;116;0
03;80;2021-01-23;0;0;116;0
03;80;2021-01-24;0;0;116;0
03;80;2021-01-25;13;0;129;0
03;80;2021-01-26;12;0;141;0
03;80;2021-01-27;6;0;147;0
03;80;2021-01-28;10;0;157;0
03;80;2021-01-29;7;0;164;0
03;80;2021-01-30;0;0;164;0
03;80;2021-01-31;0;0;164;0
03;80;2021-02-01;3;0;167;0
03;80;2021-02-02;13;0;180;0
03;80;2021-02-03;8;3;188;3
03;80;2021-02-04;5;6;193;9
03;80;2021-02-05;7;0;200;9
03;80;2021-02-06;0;0;200;9
03;80;2021-02-07;0;0;200;9
03;80;2021-02-08;6;5;206;14
03;80;2021-02-09;7;10;213;24
03;80;2021-02-10;4;3;217;27
03;80;2021-02-11;5;12;222;39
03;80;2021-02-12;4;13;226;52
03;80;2021-02-13;0;0;226;52
03;80;2021-02-14;0;0;226;52
03;80;2021-02-15;1;7;227;59
03;80;2021-02-16;8;8;235;67
03;80;2021-02-17;6;27;241;94
03;80;2021-02-18;2;23;243;117
03;80;2021-02-19;9;7;252;124
03;80;2021-02-20;0;0;252;124
03;80;2021-02-21;0;0;252;124
03;80;2021-02-22;0;12;252;136
03;80;2021-02-23;0;14;252;150
03;80;2021-02-24;7;10;259;160
03;80;2021-02-25;6;7;265;167
03;80;2021-02-26;7;5;272;172
03;80;2021-02-27;2;0;274;172
03;80;2021-02-28;0;0;274;172
03;80;2021-03-01;3;6;277;178
03;80;2021-03-02;5;5;282;183
03;80;2021-03-03;8;6;290;189
03;80;2021-03-04;8;3;298;192
03;80;2021-03-05;11;10;309;202
03;80;2021-03-06;5;0;314;202
03;80;2021-03-07;0;0;314;202
03;80;2021-03-08;5;2;319;204
03;80;2021-03-09;10;7;329;211
03;80;2021-03-10;3;8;332;219
03;80;2021-03-11;8;4;340;223
03;80;2021-03-12;7;8;347;231
03;80;2021-03-13;1;0;348;231
03;80;2021-03-14;0;0;348;231
03;80;2021-03-15;2;0;350;231
03;80;2021-03-16;6;5;356;236
03;80;2021-03-17;6;5;362;241
03;80;2021-03-18;9;3;371;244
03;80;2021-03-19;10;6;381;250
03;80;2021-03-20;5;0;386;250
03;80;2021-03-21;0;0;386;250
03;80;2021-03-22;8;1;394;251
03;80;2021-03-23;11;2;405;253
03;80;2021-03-24;0;5;405;258
03;80;2021-03-25;3;4;408;262
03;80;2021-03-26;1;11;409;273
03;80;2021-03-27;1;2;410;275
03;80;2021-03-28;0;0;410;275
03;80;2021-03-29;4;4;414;279
03;80;2021-03-30;9;5;423;284
03;80;2021-03-31;4;5;427;289
03;80;2021-04-01;9;3;436;292
03;80;2021-04-02;7;4;443;296
03;80;2021-04-03;4;4;447;300
03;80;2021-04-04;0;0;447;300
03;80;2021-04-05;2;0;449;300
03;80;2021-04-06;10;10;459;310
03;80;2021-04-07;8;10;467;320
03;80;2021-04-08;6;8;473;328
03;80;2021-04-09;16;5;489;333
03;80;2021-04-10;5;0;494;333
03;80;2021-04-11;0;0;494;333
03;80;2021-04-12;5;5;499;338
03;80;2021-04-13;5;0;504;338
03;80;2021-04-14;7;3;511;341
03;80;2021-04-15;8;7;519;348
03;80;2021-04-16;15;4;534;352
03;80;2021-04-17;5;3;539;355
03;80;2021-04-18;6;0;545;355
03;80;2021-04-19;3;6;548;361
03;80;2021-04-20;13;5;561;366
03;80;2021-04-21;8;5;569;371
04;24;2020-12-27;0;0;0;0
04;24;2020-12-28;0;0;0;0
04;24;2020-12-29;0;0;0;0
04;24;2020-12-30;0;0;0;0
04;24;2020-12-31;0;0;0;0
04;24;2021-01-01;0;0;0;0
04;24;2021-01-02;0;0;0;0
04;24;2021-01-03;0;0;0;0
04;24;2021-01-04;0;0;0;0
04;24;2021-01-05;0;0;0;0
04;24;2021-01-06;0;0;0;0
04;24;2021-01-07;0;0;0;0
04;24;2021-01-08;0;0;0;0
04;24;2021-01-09;0;0;0;0
04;24;2021-01-10;0;0;0;0
04;24;2021-01-11;0;0;0;0
04;24;2021-01-12;0;0;0;0
04;24;2021-01-13;0;0;0;0
04;24;2021-01-14;0;0;0;0
04;24;2021-01-15;0;0;0;0
04;24;2021-01-16;0;0;0;0
04;24;2021-01-17;0;0;0;0
04;24;2021-01-18;0;0;0;0
04;24;2021-01-19;0;0;0;0
04;24;2021-01-20;1;0;1;0
04;24;2021-01-21;3;0;4;0
04;24;2021-01-22;3;0;7;0
04;24;2021-01-23;0;0;7;0
04;24;2021-01-24;0;0;7;0
04;24;2021-01-25;4;0;11;0
04;24;2021-01-26;1;0;12;0
04;24;2021-01-27;1;0;13;0
04;24;2021-01-28;0;0;13;0
04;24;2021-01-29;3;0;16;0
04;24;2021-01-30;3;0;19;0
04;24;2021-01-31;0;0;19;0
04;24;2021-02-01;0;0;19;0
04;24;2021-02-02;0;0;19;0
04;24;2021-02-03;2;0;21;0
04;24;2021-02-04;5;0;26;0
04;24;2021-02-05;0;0;26;0
04;24;2021-02-06;3;0;29;0
04;24;2021-02-07;0;0;29;0
04;24;2021-02-08;1;0;30;0
04;24;2021-02-09;2;0;32;0
04;24;2021-02-10;7;0;39;0
04;24;2021-02-11;10;0;49;0
04;24;2021-02-12;2;0;51;0
04;24;2021-02-13;3;0;54;0
04;24;2021-02-14;0;0;54;0
04;24;2021-02-15;3;0;57;0
04;24;2021-02-16;4;2;61;2
04;24;2021-02-17;4;2;65;4
04;24;2021-02-18;2;2;67;6
04;24;2021-02-19;3;4;70;10
04;24;2021-02-20;7;0;77;10
04;24;2021-02-21;0;0;77;10
04;24;2021-02-22;1;0;78;10
04;24;2021-02-23;6;2;84;12
04;24;2021-02-24;6;2;90;14
04;24;2021-02-25;5;3;95;17
04;24;2021-02-26;4;3;99;20
04;24;2021-02-27;4;0;103;20
04;24;2021-02-28;0;0;103;20
04;24;2021-03-01;4;1;107;21
04;24;2021-03-02;9;0;116;21
04;24;2021-03-03;4;4;120;25
04;24;2021-03-04;12;10;132;35
04;24;2021-03-05;9;0;141;35
04;24;2021-03-06;7;4;148;39
04;24;2021-03-07;0;0;148;39
04;24;2021-03-08;9;1;157;40
04;24;2021-03-09;7;3;164;43
04;24;2021-03-10;10;4;174;47
04;24;2021-03-11;9;1;183;48
04;24;2021-03-12;15;4;198;52
04;24;2021-03-13;11;3;209;55
04;24;2021-03-14;0;0;209;55
04;24;2021-03-15;5;3;214;58
04;24;2021-03-16;12;7;226;65
04;24;2021-03-17;8;5;234;70
04;24;2021-03-18;18;4;252;74
04;24;2021-03-19;13;2;265;76
04;24;2021-03-20;12;8;277;84
04;24;2021-03-21;0;0;277;84
04;24;2021-03-22;3;2;280;86
04;24;2021-03-23;10;5;290;91
04;24;2021-03-24;6;4;296;95
04;24;2021-03-25;12;5;308;100
04;24;2021-03-26;13;5;321;105
04;24;2021-03-27;11;4;332;109
04;24;2021-03-28;0;0;332;109
04;24;2021-03-29;11;4;343;113
04;24;2021-03-30;10;5;353;118
04;24;2021-03-31;9;3;362;121
04;24;2021-04-01;12;8;374;129
04;24;2021-04-02;6;9;380;138
04;24;2021-04-03;9;3;389;141
04;24;2021-04-04;0;0;389;141
04;24;2021-04-05;0;0;389;141
04;24;2021-04-06;16;15;405;156
04;24;2021-04-07;14;6;419;162
04;24;2021-04-08;21;12;440;174
04;24;2021-04-09;26;9;466;183
04;24;2021-04-10;33;11;499;194
04;24;2021-04-11;0;0;499;194
04;24;2021-04-12;14;3;513;197
04;24;2021-04-13;16;18;529;215
04;24;2021-04-14;14;7;543;222
04;24;2021-04-15;24;10;567;232
04;24;2021-04-16;22;15;589;247
04;24;2021-04-17;19;10;608;257
04;24;2021-04-18;0;0;608;257
04;24;2021-04-19;18;5;626;262
04;24;2021-04-20;13;5;639;267
04;24;2021-04-21;26;5;665;272
04;29;2020-12-27;0;0;0;0
04;29;2020-12-28;0;0;0;0
04;29;2020-12-29;0;0;0;0
04;29;2020-12-30;0;0;0;0
04;29;2020-12-31;0;0;0;0
04;29;2021-01-01;0;0;0;0
04;29;2021-01-02;0;0;0;0
04;29;2021-01-03;0;0;0;0
04;29;2021-01-04;0;0;0;0
04;29;2021-01-05;0;0;0;0
04;29;2021-01-06;0;0;0;0
04;29;2021-01-07;0;0;0;0
04;29;2021-01-08;0;0;0;0
04;29;2021-01-09;0;0;0;0
04;29;2021-01-10;0;0;0;0
04;29;2021-01-11;0;0;0;0
04;29;2021-01-12;0;0;0;0
04;29;2021-01-13;0;0;0;0
04;29;2021-01-14;0;0;0;0
04;29;2021-01-15;2;0;2;0
04;29;2021-01-16;0;0;2;0
04;29;2021-01-17;0;0;2;0
04;29;2021-01-18;0;0;2;0
04;29;2021-01-19;0;0;2;0
04;29;2021-01-20;17;0;19;0
04;29;2021-01-21;13;0;32;0
04;29;2021-01-22;14;0;46;0
04;29;2021-01-23;2;0;48;0
04;29;2021-01-24;0;0;48;0
04;29;2021-01-25;5;0;53;0
04;29;2021-01-26;4;0;57;0
04;29;2021-01-27;3;0;60;0
04;29;2021-01-28;7;0;67;0
04;29;2021-01-29;6;0;73;0
04;29;2021-01-30;7;0;80;0
04;29;2021-01-31;0;0;80;0
04;29;2021-02-01;5;0;85;0
04;29;2021-02-02;9;0;94;0
04;29;2021-02-03;7;0;101;0
04;29;2021-02-04;4;0;105;0
04;29;2021-02-05;5;2;110;2
04;29;2021-02-06;3;0;113;2
04;29;2021-02-07;0;0;113;2
04;29;2021-02-08;4;0;117;2
04;29;2021-02-09;13;0;130;2
04;29;2021-02-10;10;1;140;3
04;29;2021-02-11;17;2;157;5
04;29;2021-02-12;13;1;170;6
04;29;2021-02-13;8;0;178;6
04;29;2021-02-14;0;0;178;6
04;29;2021-02-15;11;3;189;9
04;29;2021-02-16;20;5;209;14
04;29;2021-02-17;21;17;230;31
04;29;2021-02-18;17;6;247;37
04;29;2021-02-19;10;6;257;43
04;29;2021-02-20;7;1;264;44
04;29;2021-02-21;0;0;264;44
04;29;2021-02-22;10;6;274;50
04;29;2021-02-23;8;2;282;52
04;29;2021-02-24;15;5;297;57
04;29;2021-02-25;11;10;308;67
04;29;2021-02-26;9;10;317;77
04;29;2021-02-27;7;3;324;80
04;29;2021-02-28;0;0;324;80
04;29;2021-03-01;21;2;345;82
04;29;2021-03-02;28;15;373;97
04;29;2021-03-03;34;9;407;106
04;29;2021-03-04;48;8;455;114
04;29;2021-03-05;38;6;493;120
04;29;2021-03-06;33;4;526;124
04;29;2021-03-07;0;0;526;124
04;29;2021-03-08;20;7;546;131
04;29;2021-03-09;30;6;576;137
04;29;2021-03-10;41;9;617;146
04;29;2021-03-11;50;7;667;153
04;29;2021-03-12;29;15;696;168
04;29;2021-03-13;18;2;714;170
04;29;2021-03-14;0;0;714;170
04;29;2021-03-15;18;11;732;181
04;29;2021-03-16;48;18;780;199
04;29;2021-03-17;39;29;819;228
04;29;2021-03-18;45;11;864;239
04;29;2021-03-19;33;9;897;248
04;29;2021-03-20;22;9;919;257
04;29;2021-03-21;0;0;919;257
04;29;2021-03-22;39;9;958;266
04;29;2021-03-23;24;9;982;275
04;29;2021-03-24;22;18;1004;293
04;29;2021-03-25;39;10;1043;303
04;29;2021-03-26;47;11;1090;314
04;29;2021-03-27;20;6;1110;320
04;29;2021-03-28;0;0;1110;320
04;29;2021-03-29;28;19;1138;339
04;29;2021-03-30;21;18;1159;357
04;29;2021-03-31;27;34;1186;391
04;29;2021-04-01;22;45;1208;436
04;29;2021-04-02;17;35;1225;471
04;29;2021-04-03;21;28;1246;499
04;29;2021-04-04;0;0;1246;499
04;29;2021-04-05;0;0;1246;499
04;29;2021-04-06;27;31;1273;530
04;29;2021-04-07;37;38;1310;568
04;29;2021-04-08;43;34;1353;602
04;29;2021-04-09;30;27;1383;629
04;29;2021-04-10;28;17;1411;646
04;29;2021-04-11;1;0;1412;646
04;29;2021-04-12;18;29;1430;675
04;29;2021-04-13;32;57;1462;732
04;29;2021-04-14;47;35;1509;767
04;29;2021-04-15;53;44;1562;811
04;29;2021-04-16;36;36;1598;847
04;29;2021-04-17;30;22;1628;869
04;29;2021-04-18;0;0;1628;869
04;29;2021-04-19;28;24;1656;893
04;29;2021-04-20;53;30;1709;923
04;29;2021-04-21;38;17;1747;940
04;39;2020-12-27;0;0;0;0
04;39;2020-12-28;0;0;0;0
04;39;2020-12-29;0;0;0;0
04;39;2020-12-30;0;0;0;0
04;39;2020-12-31;0;0;0;0
04;39;2021-01-01;0;0;0;0
04;39;2021-01-02;0;0;0;0
04;39;2021-01-03;0;0;0;0
04;39;2021-01-04;0;0;0;0
04;39;2021-01-05;0;0;0;0
04;39;2021-01-06;0;0;0;0
04;39;2021-01-07;0;0;0;0
04;39;2021-01-08;0;0;0;0
04;39;2021-01-09;0;0;0;0
04;39;2021-01-10;0;0;0;0
04;39;2021-01-11;0;0;0;0
04;39;2021-01-12;0;0;0;0
04;39;2021-01-13;0;0;0;0
04;39;2021-01-14;0;0;0;0
04;39;2021-01-15;4;0;4;0
04;39;2021-01-16;0;0;4;0
04;39;2021-01-17;0;0;4;0
04;39;2021-01-18;1;0;5;0
04;39;2021-01-19;15;0;20;0
04;39;2021-01-20;47;0;67;0
04;39;2021-01-21;28;0;95;0
04;39;2021-01-22;44;0;139;0
04;39;2021-01-23;9;0;148;0
04;39;2021-01-24;0;0;148;0
04;39;2021-01-25;22;0;170;0
04;39;2021-01-26;15;0;185;0
04;39;2021-01-27;12;0;197;0
04;39;2021-01-28;11;0;208;0
04;39;2021-01-29;10;0;218;0
04;39;2021-01-30;17;0;235;0
04;39;2021-01-31;0;0;235;0
04;39;2021-02-01;4;1;239;1
04;39;2021-02-02;12;0;251;1
04;39;2021-02-03;19;0;270;1
04;39;2021-02-04;16;1;286;2
04;39;2021-02-05;15;4;301;6
04;39;2021-02-06;17;0;318;6
04;39;2021-02-07;0;0;318;6
04;39;2021-02-08;6;0;324;6
04;39;2021-02-09;42;3;366;9
04;39;2021-02-10;46;2;412;11
04;39;2021-02-11;34;5;446;16
04;39;2021-02-12;30;6;476;22
04;39;2021-02-13;17;2;493;24
04;39;2021-02-14;0;0;493;24
04;39;2021-02-15;27;12;520;36
04;39;2021-02-16;38;24;558;60
04;39;2021-02-17;39;29;597;89
04;39;2021-02-18;35;14;632;103
04;39;2021-02-19;20;21;652;124
04;39;2021-02-20;22;12;674;136
04;39;2021-02-21;0;0;674;136
04;39;2021-02-22;15;20;689;156
04;39;2021-02-23;38;18;727;174
04;39;2021-02-24;34;14;761;188
04;39;2021-02-25;26;9;787;197
04;39;2021-02-26;30;18;817;215
04;39;2021-02-27;22;12;839;227
04;39;2021-02-28;0;0;839;227
04;39;2021-03-01;40;4;879;231
04;39;2021-03-02;49;35;928;266
04;39;2021-03-03;88;22;1016;288
04;39;2021-03-04;87;28;1103;316
04;39;2021-03-05;82;15;1185;331
04;39;2021-03-06;84;13;1269;344
04;39;2021-03-07;0;0;1269;344
04;39;2021-03-08;44;13;1313;357
04;39;2021-03-09;73;22;1386;379
04;39;2021-03-10;74;42;1460;421
04;39;2021-03-11;97;27;1557;448
04;39;2021-03-12;87;24;1644;472
04;39;2021-03-13;71;21;1715;493
04;39;2021-03-14;0;0;1715;493
04;39;2021-03-15;73;29;1788;522
04;39;2021-03-16;95;34;1883;556
04;39;2021-03-17;90;40;1973;596
04;39;2021-03-18;142;36;2115;632
04;39;2021-03-19;82;23;2197;655
04;39;2021-03-20;59;22;2256;677
04;39;2021-03-21;0;0;2256;677
04;39;2021-03-22;68;29;2324;706
04;39;2021-03-23;85;41;2409;747
04;39;2021-03-24;60;36;2469;783
04;39;2021-03-25;97;24;2566;807
04;39;2021-03-26;92;29;2658;836
04;39;2021-03-27;57;22;2715;858
04;39;2021-03-28;0;0;2715;858
04;39;2021-03-29;65;30;2780;888
04;39;2021-03-30;65;30;2845;918
04;39;2021-03-31;58;75;2903;993
04;39;2021-04-01;45;84;2948;1077
04;39;2021-04-02;43;92;2991;1169
04;39;2021-04-03;48;64;3039;1233
04;39;2021-04-04;0;0;3039;1233
04;39;2021-04-05;0;0;3039;1233
04;39;2021-04-06;62;90;3101;1323
04;39;2021-04-07;80;92;3181;1415
04;39;2021-04-08;95;89;3276;1504
04;39;2021-04-09;104;84;3380;1588
04;39;2021-04-10;64;59;3444;1647
04;39;2021-04-11;0;0;3444;1647
04;39;2021-04-12;52;79;3496;1726
04;39;2021-04-13;79;96;3575;1822
04;39;2021-04-14;118;86;3693;1908
04;39;2021-04-15;152;122;3845;2030
04;39;2021-04-16;123;80;3968;2110
04;39;2021-04-17;86;61;4054;2171
04;39;2021-04-18;0;0;4054;2171
04;39;2021-04-19;82;56;4136;2227
04;39;2021-04-20;136;79;4272;2306
04;39;2021-04-21;133;44;4405;2350
04;49;2020-12-27;0;0;0;0
04;49;2020-12-28;0;0;0;0
04;49;2020-12-29;0;0;0;0
04;49;2020-12-30;0;0;0;0
04;49;2020-12-31;0;0;0;0
04;49;2021-01-01;0;0;0;0
04;49;2021-01-02;0;0;0;0
04;49;2021-01-03;0;0;0;0
04;49;2021-01-04;0;0;0;0
04;49;2021-01-05;0;0;0;0
04;49;2021-01-06;0;0;0;0
04;49;2021-01-07;0;0;0;0
04;49;2021-01-08;0;0;0;0
04;49;2021-01-09;0;0;0;0
04;49;2021-01-10;0;0;0;0
04;49;2021-01-11;0;0;0;0
04;49;2021-01-12;0;0;0;0
04;49;2021-01-13;0;0;0;0
04;49;2021-01-14;0;0;0;0
04;49;2021-01-15;19;0;19;0
04;49;2021-01-16;3;0;22;0
04;49;2021-01-17;0;0;22;0
04;49;2021-01-18;6;0;28;0
04;49;2021-01-19;12;0;40;0
04;49;2021-01-20;50;0;90;0
04;49;2021-01-21;43;0;133;0
04;49;2021-01-22;34;0;167;0
04;49;2021-01-23;3;0;170;0
04;49;2021-01-24;0;0;170;0
04;49;2021-01-25;16;0;186;0
04;49;2021-01-26;21;0;207;0
04;49;2021-01-27;19;0;226;0
04;49;2021-01-28;22;0;248;0
04;49;2021-01-29;15;1;263;1
04;49;2021-01-30;11;0;274;1
04;49;2021-01-31;0;0;274;1
04;49;2021-02-01;16;0;290;1
04;49;2021-02-02;14;0;304;1
04;49;2021-02-03;42;2;346;3
04;49;2021-02-04;30;2;376;5
04;49;2021-02-05;20;16;396;21
04;49;2021-02-06;25;0;421;21
04;49;2021-02-07;0;0;421;21
04;49;2021-02-08;23;4;444;25
04;49;2021-02-09;38;2;482;27
04;49;2021-02-10;50;3;532;30
04;49;2021-02-11;55;7;587;37
04;49;2021-02-12;46;5;633;42
04;49;2021-02-13;33;2;666;44
04;49;2021-02-14;0;0;666;44
04;49;2021-02-15;40;9;706;53
04;49;2021-02-16;49;26;755;79
04;49;2021-02-17;38;36;793;115
04;49;2021-02-18;35;37;828;152
04;49;2021-02-19;45;18;873;170
04;49;2021-02-20;35;2;908;172
04;49;2021-02-21;0;0;908;172
04;49;2021-02-22;24;18;932;190
04;49;2021-02-23;39;18;971;208
04;49;2021-02-24;30;17;1001;225
04;49;2021-02-25;43;17;1044;242
04;49;2021-02-26;42;23;1086;265
04;49;2021-02-27;25;10;1111;275
04;49;2021-02-28;0;0;1111;275
04;49;2021-03-01;35;16;1146;291
04;49;2021-03-02;70;37;1216;328
04;49;2021-03-03;108;57;1324;385
04;49;2021-03-04;99;53;1423;438
04;49;2021-03-05;109;22;1532;460
04;49;2021-03-06;100;23;1632;483
04;49;2021-03-07;0;0;1632;483
04;49;2021-03-08;55;24;1687;507
04;49;2021-03-09;101;33;1788;540
04;49;2021-03-10;83;36;1871;576
04;49;2021-03-11;108;34;1979;610
04;49;2021-03-12;102;35;2081;645
04;49;2021-03-13;89;39;2170;684
04;49;2021-03-14;0;0;2170;684
04;49;2021-03-15;86;37;2256;721
04;49;2021-03-16;103;67;2359;788
04;49;2021-03-17;88;43;2447;831
04;49;2021-03-18;133;38;2580;869
04;49;2021-03-19;89;30;2669;899
04;49;2021-03-20;83;33;2752;932
04;49;2021-03-21;0;0;2752;932
04;49;2021-03-22;75;38;2827;970
04;49;2021-03-23;107;43;2934;1013
04;49;2021-03-24;94;39;3028;1052
04;49;2021-03-25;103;39;3131;1091
04;49;2021-03-26;103;35;3234;1126
04;49;2021-03-27;80;25;3314;1151
04;49;2021-03-28;0;0;3314;1151
04;49;2021-03-29;103;29;3417;1180
04;49;2021-03-30;95;61;3512;1241
04;49;2021-03-31;61;97;3573;1338
04;49;2021-04-01;59;91;3632;1429
04;49;2021-04-02;51;116;3683;1545
04;49;2021-04-03;79;83;3762;1628
04;49;2021-04-04;0;0;3762;1628
04;49;2021-04-05;0;0;3762;1628
04;49;2021-04-06;73;104;3835;1732
04;49;2021-04-07;115;97;3950;1829
04;49;2021-04-08;116;117;4066;1946
04;49;2021-04-09;121;108;4187;2054
04;49;2021-04-10;96;85;4283;2139
04;49;2021-04-11;0;0;4283;2139
04;49;2021-04-12;92;75;4375;2214
04;49;2021-04-13;122;120;4497;2334
04;49;2021-04-14;186;100;4683;2434
04;49;2021-04-15;223;99;4906;2533
04;49;2021-04-16;162;96;5068;2629
04;49;2021-04-17;135;71;5203;2700
04;49;2021-04-18;0;0;5203;2700
04;49;2021-04-19;96;77;5299;2777
04;49;2021-04-20;150;115;5449;2892
04;49;2021-04-21;191;79;5640;2971
04;59;2020-12-27;0;0;0;0
04;59;2020-12-28;0;0;0;0
04;59;2020-12-29;0;0;0;0
04;59;2020-12-30;0;0;0;0
04;59;2020-12-31;0;0;0;0
04;59;2021-01-01;0;0;0;0
04;59;2021-01-02;0;0;0;0
04;59;2021-01-03;0;0;0;0
04;59;2021-01-04;0;0;0;0
04;59;2021-01-05;1;0;1;0
04;59;2021-01-06;0;0;1;0
04;59;2021-01-07;0;0;1;0
04;59;2021-01-08;0;0;1;0
04;59;2021-01-09;1;0;2;0
04;59;2021-01-10;0;0;2;0
04;59;2021-01-11;0;0;2;0
04;59;2021-01-12;0;0;2;0
04;59;2021-01-13;0;0;2;0
04;59;2021-01-14;0;0;2;0
04;59;2021-01-15;34;0;36;0
04;59;2021-01-16;4;0;40;0
04;59;2021-01-17;0;0;40;0
04;59;2021-01-18;21;0;61;0
04;59;2021-01-19;140;0;201;0
04;59;2021-01-20;184;0;385;0
04;59;2021-01-21;246;0;631;0
04;59;2021-01-22;161;0;792;0
04;59;2021-01-23;33;0;825;0
04;59;2021-01-24;0;0;825;0
04;59;2021-01-25;72;0;897;0
04;59;2021-01-26;76;0;973;0
04;59;2021-01-27;63;0;1036;0
04;59;2021-01-28;32;0;1068;0
04;59;2021-01-29;39;0;1107;0
04;59;2021-01-30;39;0;1146;0
04;59;2021-01-31;0;0;1146;0
04;59;2021-02-01;34;2;1180;2
04;59;2021-02-02;55;1;1235;3
04;59;2021-02-03;76;5;1311;8
04;59;2021-02-04;64;5;1375;13
04;59;2021-02-05;37;10;1412;23
04;59;2021-02-06;61;1;1473;24
04;59;2021-02-07;0;0;1473;24
04;59;2021-02-08;39;7;1512;31
04;59;2021-02-09;99;4;1611;35
04;59;2021-02-10;88;17;1699;52
04;59;2021-02-11;82;29;1781;81
04;59;2021-02-12;69;12;1850;93
04;59;2021-02-13;81;9;1931;102
04;59;2021-02-14;0;0;1931;102
04;59;2021-02-15;70;51;2001;153
04;59;2021-02-16;71;183;2072;336
04;59;2021-02-17;62;144;2134;480
04;59;2021-02-18;50;177;2184;657
04;59;2021-02-19;51;129;2235;786
04;59;2021-02-20;83;41;2318;827
04;59;2021-02-21;0;0;2318;827
04;59;2021-02-22;44;66;2362;893
04;59;2021-02-23;64;61;2426;954
04;59;2021-02-24;68;53;2494;1007
04;59;2021-02-25;76;44;2570;1051
04;59;2021-02-26;63;55;2633;1106
04;59;2021-02-27;50;49;2683;1155
04;59;2021-02-28;0;0;2683;1155
04;59;2021-03-01;30;31;2713;1186
04;59;2021-03-02;59;100;2772;1286
04;59;2021-03-03;100;109;2872;1395
04;59;2021-03-04;104;75;2976;1470
04;59;2021-03-05;108;30;3084;1500
04;59;2021-03-06;119;59;3203;1559
04;59;2021-03-07;0;0;3203;1559
04;59;2021-03-08;62;40;3265;1599
04;59;2021-03-09;79;63;3344;1662
04;59;2021-03-10;78;79;3422;1741
04;59;2021-03-11;107;62;3529;1803
04;59;2021-03-12;90;71;3619;1874
04;59;2021-03-13;100;76;3719;1950
04;59;2021-03-14;2;0;3721;1950
04;59;2021-03-15;94;59;3815;2009
04;59;2021-03-16;93;84;3908;2093
04;59;2021-03-17;140;59;4048;2152
04;59;2021-03-18;164;54;4212;2206
04;59;2021-03-19;127;48;4339;2254
04;59;2021-03-20;106;78;4445;2332
04;59;2021-03-21;0;0;4445;2332
04;59;2021-03-22;78;64;4523;2396
04;59;2021-03-23;134;62;4657;2458
04;59;2021-03-24;168;72;4825;2530
04;59;2021-03-25;153;68;4978;2598
04;59;2021-03-26;166;57;5144;2655
04;59;2021-03-27;174;54;5318;2709
04;59;2021-03-28;0;0;5318;2709
04;59;2021-03-29;166;38;5484;2747
04;59;2021-03-30;151;65;5635;2812
04;59;2021-03-31;130;86;5765;2898
04;59;2021-04-01;109;97;5874;2995
04;59;2021-04-02;125;97;5999;3092
04;59;2021-04-03;154;99;6153;3191
04;59;2021-04-04;0;0;6153;3191
04;59;2021-04-05;0;0;6153;3191
04;59;2021-04-06;131;105;6284;3296
04;59;2021-04-07;253;86;6537;3382
04;59;2021-04-08;330;109;6867;3491
04;59;2021-04-09;256;109;7123;3600
04;59;2021-04-10;246;96;7369;3696
04;59;2021-04-11;1;0;7370;3696
04;59;2021-04-12;219;89;7589;3785
04;59;2021-04-13;291;112;7880;3897
04;59;2021-04-14;465;145;8345;4042
04;59;2021-04-15;480;155;8825;4197
04;59;2021-04-16;401;112;9226;4309
04;59;2021-04-17;303;103;9529;4412
04;59;2021-04-18;0;0;9529;4412
04;59;2021-04-19;299;81;9828;4493
04;59;2021-04-20;364;130;10192;4623
04;59;2021-04-21;518;114;10710;4737
04;64;2020-12-27;0;0;0;0
04;64;2020-12-28;0;0;0;0
04;64;2020-12-29;0;0;0;0
04;64;2020-12-30;0;0;0;0
04;64;2020-12-31;0;0;0;0
04;64;2021-01-01;0;0;0;0
04;64;2021-01-02;0;0;0;0
04;64;2021-01-03;0;0;0;0
04;64;2021-01-04;0;0;0;0
04;64;2021-01-05;1;0;1;0
04;64;2021-01-06;0;0;1;0
04;64;2021-01-07;0;0;1;0
04;64;2021-01-08;0;0;1;0
04;64;2021-01-09;0;0;1;0
04;64;2021-01-10;0;0;1;0
04;64;2021-01-11;0;0;1;0
04;64;2021-01-12;0;0;1;0
04;64;2021-01-13;0;0;1;0
04;64;2021-01-14;0;0;1;0
04;64;2021-01-15;17;0;18;0
04;64;2021-01-16;6;0;24;0
04;64;2021-01-17;0;0;24;0
04;64;2021-01-18;7;0;31;0
04;64;2021-01-19;54;0;85;0
04;64;2021-01-20;49;0;134;0
04;64;2021-01-21;116;0;250;0
04;64;2021-01-22;68;0;318;0
04;64;2021-01-23;12;0;330;0
04;64;2021-01-24;0;0;330;0
04;64;2021-01-25;24;0;354;0
04;64;2021-01-26;44;0;398;0
04;64;2021-01-27;32;0;430;0
04;64;2021-01-28;20;0;450;0
04;64;2021-01-29;24;0;474;0
04;64;2021-01-30;20;0;494;0
04;64;2021-01-31;0;0;494;0
04;64;2021-02-01;33;0;527;0
04;64;2021-02-02;36;1;563;1
04;64;2021-02-03;42;3;605;4
04;64;2021-02-04;57;4;662;8
04;64;2021-02-05;49;11;711;19
04;64;2021-02-06;34;2;745;21
04;64;2021-02-07;0;0;745;21
04;64;2021-02-08;37;8;782;29
04;64;2021-02-09;58;13;840;42
04;64;2021-02-10;50;8;890;50
04;64;2021-02-11;59;10;949;60
04;64;2021-02-12;36;10;985;70
04;64;2021-02-13;43;1;1028;71
04;64;2021-02-14;0;0;1028;71
04;64;2021-02-15;34;17;1062;88
04;64;2021-02-16;54;66;1116;154
04;64;2021-02-17;39;42;1155;196
04;64;2021-02-18;49;88;1204;284
04;64;2021-02-19;42;48;1246;332
04;64;2021-02-20;41;18;1287;350
04;64;2021-02-21;0;0;1287;350
04;64;2021-02-22;30;25;1317;375
04;64;2021-02-23;48;25;1365;400
04;64;2021-02-24;33;30;1398;430
04;64;2021-02-25;61;19;1459;449
04;64;2021-02-26;58;23;1517;472
04;64;2021-02-27;29;33;1546;505
04;64;2021-02-28;0;0;1546;505
04;64;2021-03-01;23;35;1569;540
04;64;2021-03-02;36;49;1605;589
04;64;2021-03-03;74;46;1679;635
04;64;2021-03-04;61;64;1740;699
04;64;2021-03-05;59;53;1799;752
04;64;2021-03-06;57;29;1856;781
04;64;2021-03-07;0;0;1856;781
04;64;2021-03-08;40;42;1896;823
04;64;2021-03-09;59;36;1955;859
04;64;2021-03-10;70;51;2025;910
04;64;2021-03-11;56;47;2081;957
04;64;2021-03-12;65;36;2146;993
04;64;2021-03-13;54;58;2200;1051
04;64;2021-03-14;0;0;2200;1051
04;64;2021-03-15;44;31;2244;1082
04;64;2021-03-16;58;63;2302;1145
04;64;2021-03-17;71;46;2373;1191
04;64;2021-03-18;124;44;2497;1235
04;64;2021-03-19;81;45;2578;1280
04;64;2021-03-20;57;44;2635;1324
04;64;2021-03-21;0;0;2635;1324
04;64;2021-03-22;57;35;2692;1359
04;64;2021-03-23;70;48;2762;1407
04;64;2021-03-24;92;44;2854;1451
04;64;2021-03-25;108;51;2962;1502
04;64;2021-03-26;93;43;3055;1545
04;64;2021-03-27;94;38;3149;1583
04;64;2021-03-28;0;0;3149;1583
04;64;2021-03-29;141;20;3290;1603
04;64;2021-03-30;138;47;3428;1650
04;64;2021-03-31;102;65;3530;1715
04;64;2021-04-01;100;63;3630;1778
04;64;2021-04-02;92;53;3722;1831
04;64;2021-04-03;92;53;3814;1884
04;64;2021-04-04;0;0;3814;1884
04;64;2021-04-05;0;0;3814;1884
04;64;2021-04-06;117;53;3931;1937
04;64;2021-04-07;163;71;4094;2008
04;64;2021-04-08;224;67;4318;2075
04;64;2021-04-09;217;64;4535;2139
04;64;2021-04-10;182;57;4717;2196
04;64;2021-04-11;0;0;4717;2196
04;64;2021-04-12;205;51;4922;2247
04;64;2021-04-13;206;67;5128;2314
04;64;2021-04-14;299;69;5427;2383
04;64;2021-04-15;349;114;5776;2497
04;64;2021-04-16;259;83;6035;2580
04;64;2021-04-17;182;60;6217;2640
04;64;2021-04-18;0;0;6217;2640
04;64;2021-04-19;212;54;6429;2694
04;64;2021-04-20;235;70;6664;2764
04;64;2021-04-21;311;61;6975;2825
04;69;2020-12-27;0;0;0;0
04;69;2020-12-28;0;0;0;0
04;69;2020-12-29;0;0;0;0
04;69;2020-12-30;0;0;0;0
04;69;2020-12-31;0;0;0;0
04;69;2021-01-01;0;0;0;0
04;69;2021-01-02;0;0;0;0
04;69;2021-01-03;0;0;0;0
04;69;2021-01-04;0;0;0;0
04;69;2021-01-05;0;0;0;0
04;69;2021-01-06;0;0;0;0
04;69;2021-01-07;0;0;0;0
04;69;2021-01-08;0;0;0;0
04;69;2021-01-09;0;0;0;0
04;69;2021-01-10;0;0;0;0
04;69;2021-01-11;0;0;0;0
04;69;2021-01-12;0;0;0;0
04;69;2021-01-13;0;0;0;0
04;69;2021-01-14;0;0;0;0
04;69;2021-01-15;37;0;37;0
04;69;2021-01-16;3;0;40;0
04;69;2021-01-17;0;0;40;0
04;69;2021-01-18;1;0;41;0
04;69;2021-01-19;31;0;72;0
04;69;2021-01-20;17;0;89;0
04;69;2021-01-21;64;0;153;0
04;69;2021-01-22;37;0;190;0
04;69;2021-01-23;9;0;199;0
04;69;2021-01-24;0;0;199;0
04;69;2021-01-25;23;0;222;0
04;69;2021-01-26;31;0;253;0
04;69;2021-01-27;31;0;284;0
04;69;2021-01-28;17;0;301;0
04;69;2021-01-29;33;1;334;1
04;69;2021-01-30;38;0;372;1
04;69;2021-01-31;0;0;372;1
04;69;2021-02-01;37;1;409;2
04;69;2021-02-02;33;1;442;3
04;69;2021-02-03;50;2;492;5
04;69;2021-02-04;55;5;547;10
04;69;2021-02-05;49;30;596;40
04;69;2021-02-06;35;1;631;41
04;69;2021-02-07;0;0;631;41
04;69;2021-02-08;36;4;667;45
04;69;2021-02-09;71;19;738;64
04;69;2021-02-10;81;5;819;69
04;69;2021-02-11;62;5;881;74
04;69;2021-02-12;48;8;929;82
04;69;2021-02-13;45;5;974;87
04;69;2021-02-14;0;0;974;87
04;69;2021-02-15;48;15;1022;102
04;69;2021-02-16;57;22;1079;124
04;69;2021-02-17;47;21;1126;145
04;69;2021-02-18;38;44;1164;189
04;69;2021-02-19;50;29;1214;218
04;69;2021-02-20;57;16;1271;234
04;69;2021-02-21;0;0;1271;234
04;69;2021-02-22;44;16;1315;250
04;69;2021-02-23;54;14;1369;264
04;69;2021-02-24;54;22;1423;286
04;69;2021-02-25;71;14;1494;300
04;69;2021-02-26;52;31;1546;331
04;69;2021-02-27;32;33;1578;364
04;69;2021-02-28;0;0;1578;364
04;69;2021-03-01;29;40;1607;404
04;69;2021-03-02;45;42;1652;446
04;69;2021-03-03;78;59;1730;505
04;69;2021-03-04;92;60;1822;565
04;69;2021-03-05;84;55;1906;620
04;69;2021-03-06;99;36;2005;656
04;69;2021-03-07;0;0;2005;656
04;69;2021-03-08;49;32;2054;688
04;69;2021-03-09;66;55;2120;743
04;69;2021-03-10;91;79;2211;822
04;69;2021-03-11;71;60;2282;882
04;69;2021-03-12;103;52;2385;934
04;69;2021-03-13;90;61;2475;995
04;69;2021-03-14;0;0;2475;995
04;69;2021-03-15;57;42;2532;1037
04;69;2021-03-16;79;54;2611;1091
04;69;2021-03-17;122;55;2733;1146
04;69;2021-03-18;110;52;2843;1198
04;69;2021-03-19;99;50;2942;1248
04;69;2021-03-20;67;45;3009;1293
04;69;2021-03-21;0;0;3009;1293
04;69;2021-03-22;78;52;3087;1345
04;69;2021-03-23;106;64;3193;1409
04;69;2021-03-24;105;52;3298;1461
04;69;2021-03-25;127;68;3425;1529
04;69;2021-03-26;123;42;3548;1571
04;69;2021-03-27;104;37;3652;1608
04;69;2021-03-28;0;0;3652;1608
04;69;2021-03-29;174;34;3826;1642
04;69;2021-03-30;121;58;3947;1700
04;69;2021-03-31;109;74;4056;1774
04;69;2021-04-01;114;75;4170;1849
04;69;2021-04-02;117;89;4287;1938
04;69;2021-04-03;90;88;4377;2026
04;69;2021-04-04;0;0;4377;2026
04;69;2021-04-05;0;0;4377;2026
04;69;2021-04-06;104;82;4481;2108
04;69;2021-04-07;205;67;4686;2175
04;69;2021-04-08;274;105;4960;2280
04;69;2021-04-09;204;108;5164;2388
04;69;2021-04-10;149;81;5313;2469
04;69;2021-04-11;0;0;5313;2469
04;69;2021-04-12;209;57;5522;2526
04;69;2021-04-13;216;84;5738;2610
04;69;2021-04-14;275;91;6013;2701
04;69;2021-04-15;331;111;6344;2812
04;69;2021-04-16;299;97;6643;2909
04;69;2021-04-17;193;73;6836;2982
04;69;2021-04-18;0;0;6836;2982
04;69;2021-04-19;189;76;7025;3058
04;69;2021-04-20;239;115;7264;3173
04;69;2021-04-21;264;79;7528;3252
04;74;2020-12-27;0;0;0;0
04;74;2020-12-28;0;0;0;0
04;74;2020-12-29;0;0;0;0
04;74;2020-12-30;0;0;0;0
04;74;2020-12-31;0;0;0;0
04;74;2021-01-01;1;0;1;0
04;74;2021-01-02;0;0;1;0
04;74;2021-01-03;0;0;1;0
04;74;2021-01-04;0;0;1;0
04;74;2021-01-05;0;0;1;0
04;74;2021-01-06;0;0;1;0
04;74;2021-01-07;0;0;1;0
04;74;2021-01-08;0;0;1;0
04;74;2021-01-09;0;0;1;0
04;74;2021-01-10;0;0;1;0
04;74;2021-01-11;0;0;1;0
04;74;2021-01-12;0;0;1;0
04;74;2021-01-13;0;0;1;0
04;74;2021-01-14;0;0;1;0
04;74;2021-01-15;38;0;39;0
04;74;2021-01-16;0;0;39;0
04;74;2021-01-17;0;0;39;0
04;74;2021-01-18;0;0;39;0
04;74;2021-01-19;21;0;60;0
04;74;2021-01-20;18;0;78;0
04;74;2021-01-21;41;0;119;0
04;74;2021-01-22;21;0;140;0
04;74;2021-01-23;5;0;145;0
04;74;2021-01-24;0;0;145;0
04;74;2021-01-25;17;0;162;0
04;74;2021-01-26;33;0;195;0
04;74;2021-01-27;23;0;218;0
04;74;2021-01-28;35;0;253;0
04;74;2021-01-29;16;0;269;0
04;74;2021-01-30;37;0;306;0
04;74;2021-01-31;0;0;306;0
04;74;2021-02-01;26;0;332;0
04;74;2021-02-02;56;0;388;0
04;74;2021-02-03;75;0;463;0
04;74;2021-02-04;73;2;536;2
04;74;2021-02-05;65;29;601;31
04;74;2021-02-06;71;0;672;31
04;74;2021-02-07;0;0;672;31
04;74;2021-02-08;78;0;750;31
04;74;2021-02-09;88;18;838;49
04;74;2021-02-10;87;11;925;60
04;74;2021-02-11;95;5;1020;65
04;74;2021-02-12;66;10;1086;75
04;74;2021-02-13;59;3;1145;78
04;74;2021-02-14;0;0;1145;78
04;74;2021-02-15;64;9;1209;87
04;74;2021-02-16;81;31;1290;118
04;74;2021-02-17;70;22;1360;140
04;74;2021-02-18;70;22;1430;162
04;74;2021-02-19;80;11;1510;173
04;74;2021-02-20;102;9;1612;182
04;74;2021-02-21;0;0;1612;182
04;74;2021-02-22;57;12;1669;194
04;74;2021-02-23;88;12;1757;206
04;74;2021-02-24;90;16;1847;222
04;74;2021-02-25;96;26;1943;248
04;74;2021-02-26;60;21;2003;269
04;74;2021-02-27;47;35;2050;304
04;74;2021-02-28;0;0;2050;304
04;74;2021-03-01;30;27;2080;331
04;74;2021-03-02;48;47;2128;378
04;74;2021-03-03;102;89;2230;467
04;74;2021-03-04;80;67;2310;534
04;74;2021-03-05;99;57;2409;591
04;74;2021-03-06;101;67;2510;658
04;74;2021-03-07;0;0;2510;658
04;74;2021-03-08;56;88;2566;746
04;74;2021-03-09;86;94;2652;840
04;74;2021-03-10;68;84;2720;924
04;74;2021-03-11;71;99;2791;1023
04;74;2021-03-12;73;67;2864;1090
04;74;2021-03-13;90;78;2954;1168
04;74;2021-03-14;0;0;2954;1168
04;74;2021-03-15;50;60;3004;1228
04;74;2021-03-16;90;88;3094;1316
04;74;2021-03-17;84;68;3178;1384
04;74;2021-03-18;102;78;3280;1462
04;74;2021-03-19;102;66;3382;1528
04;74;2021-03-20;74;107;3456;1635
04;74;2021-03-21;0;0;3456;1635
04;74;2021-03-22;73;65;3529;1700
04;74;2021-03-23;86;84;3615;1784
04;74;2021-03-24;96;101;3711;1885
04;74;2021-03-25;111;92;3822;1977
04;74;2021-03-26;102;64;3924;2041
04;74;2021-03-27;94;44;4018;2085
04;74;2021-03-28;0;0;4018;2085
04;74;2021-03-29;115;24;4133;2109
04;74;2021-03-30;115;59;4248;2168
04;74;2021-03-31;95;86;4343;2254
04;74;2021-04-01;100;81;4443;2335
04;74;2021-04-02;115;95;4558;2430
04;74;2021-04-03;74;94;4632;2524
04;74;2021-04-04;0;0;4632;2524
04;74;2021-04-05;0;0;4632;2524
04;74;2021-04-06;114;102;4746;2626
04;74;2021-04-07;236;69;4982;2695
04;74;2021-04-08;347;95;5329;2790
04;74;2021-04-09;258;81;5587;2871
04;74;2021-04-10;178;84;5765;2955
04;74;2021-04-11;0;0;5765;2955
04;74;2021-04-12;217;53;5982;3008
04;74;2021-04-13;253;94;6235;3102
04;74;2021-04-14;317;67;6552;3169
04;74;2021-04-15;366;102;6918;3271
04;74;2021-04-16;269;93;7187;3364
04;74;2021-04-17;168;74;7355;3438
04;74;2021-04-18;0;0;7355;3438
04;74;2021-04-19;283;73;7638;3511
04;74;2021-04-20;260;90;7898;3601
04;74;2021-04-21;262;72;8160;3673
04;79;2020-12-27;0;0;0;0
04;79;2020-12-28;0;0;0;0
04;79;2020-12-29;0;0;0;0
04;79;2020-12-30;0;0;0;0
04;79;2020-12-31;0;0;0;0
04;79;2021-01-01;0;0;0;0
04;79;2021-01-02;0;0;0;0
04;79;2021-01-03;0;0;0;0
04;79;2021-01-04;0;0;0;0
04;79;2021-01-05;0;0;0;0
04;79;2021-01-06;0;0;0;0
04;79;2021-01-07;0;0;0;0
04;79;2021-01-08;0;0;0;0
04;79;2021-01-09;0;0;0;0
04;79;2021-01-10;0;0;0;0
04;79;2021-01-11;0;0;0;0
04;79;2021-01-12;0;0;0;0
04;79;2021-01-13;0;0;0;0
04;79;2021-01-14;0;0;0;0
04;79;2021-01-15;41;0;41;0
04;79;2021-01-16;5;0;46;0
04;79;2021-01-17;0;0;46;0
04;79;2021-01-18;3;0;49;0
04;79;2021-01-19;29;0;78;0
04;79;2021-01-20;12;0;90;0
04;79;2021-01-21;27;1;117;1
04;79;2021-01-22;10;0;127;1
04;79;2021-01-23;0;0;127;1
04;79;2021-01-24;0;0;127;1
04;79;2021-01-25;58;0;185;1
04;79;2021-01-26;58;0;243;1
04;79;2021-01-27;63;0;306;1
04;79;2021-01-28;131;0;437;1
04;79;2021-01-29;157;0;594;1
04;79;2021-01-30;135;0;729;1
04;79;2021-01-31;0;0;729;1
04;79;2021-02-01;118;1;847;2
04;79;2021-02-02;145;0;992;2
04;79;2021-02-03;150;0;1142;2
04;79;2021-02-04;183;1;1325;3
04;79;2021-02-05;159;31;1484;34
04;79;2021-02-06;103;0;1587;34
04;79;2021-02-07;0;0;1587;34
04;79;2021-02-08;118;5;1705;39
04;79;2021-02-09;165;9;1870;48
04;79;2021-02-10;177;9;2047;57
04;79;2021-02-11;166;9;2213;66
04;79;2021-02-12;159;6;2372;72
04;79;2021-02-13;114;3;2486;75
04;79;2021-02-14;1;0;2487;75
04;79;2021-02-15;114;8;2601;83
04;79;2021-02-16;127;28;2728;111
04;79;2021-02-17;100;19;2828;130
04;79;2021-02-18;91;25;2919;155
04;79;2021-02-19;101;9;3020;164
04;79;2021-02-20;109;6;3129;170
04;79;2021-02-21;0;0;3129;170
04;79;2021-02-22;73;41;3202;211
04;79;2021-02-23;113;51;3315;262
04;79;2021-02-24;121;56;3436;318
04;79;2021-02-25;117;95;3553;413
04;79;2021-02-26;85;166;3638;579
04;79;2021-02-27;70;126;3708;705
04;79;2021-02-28;0;0;3708;705
04;79;2021-03-01;40;137;3748;842
04;79;2021-03-02;66;146;3814;988
04;79;2021-03-03;82;146;3896;1134
04;79;2021-03-04;92;158;3988;1292
04;79;2021-03-05;69;135;4057;1427
04;79;2021-03-06;116;111;4173;1538
04;79;2021-03-07;0;0;4173;1538
04;79;2021-03-08;42;121;4215;1659
04;79;2021-03-09;67;174;4282;1833
04;79;2021-03-10;55;185;4337;2018
04;79;2021-03-11;62;186;4399;2204
04;79;2021-03-12;68;147;4467;2351
04;79;2021-03-13;74;114;4541;2465
04;79;2021-03-14;0;0;4541;2465
04;79;2021-03-15;30;120;4571;2585
04;79;2021-03-16;37;147;4608;2732
04;79;2021-03-17;105;106;4713;2838
04;79;2021-03-18;92;104;4805;2942
04;79;2021-03-19;67;99;4872;3041
04;79;2021-03-20;45;126;4917;3167
04;79;2021-03-21;0;0;4917;3167
04;79;2021-03-22;52;75;4969;3242
04;79;2021-03-23;61;116;5030;3358
04;79;2021-03-24;64;119;5094;3477
04;79;2021-03-25;71;96;5165;3573
04;79;2021-03-26;74;70;5239;3643
04;79;2021-03-27;74;59;5313;3702
04;79;2021-03-28;1;0;5314;3702
04;79;2021-03-29;65;40;5379;3742
04;79;2021-03-30;85;71;5464;3813
04;79;2021-03-31;59;76;5523;3889
04;79;2021-04-01;49;80;5572;3969
04;79;2021-04-02;59;64;5631;4033
04;79;2021-04-03;50;101;5681;4134
04;79;2021-04-04;0;0;5681;4134
04;79;2021-04-05;0;0;5681;4134
04;79;2021-04-06;57;79;5738;4213
04;79;2021-04-07;108;70;5846;4283
04;79;2021-04-08;136;61;5982;4344
04;79;2021-04-09;101;78;6083;4422
04;79;2021-04-10;66;79;6149;4501
04;79;2021-04-11;0;0;6149;4501
04;79;2021-04-12;89;37;6238;4538
04;79;2021-04-13;94;41;6332;4579
04;79;2021-04-14;102;76;6434;4655
04;79;2021-04-15;150;86;6584;4741
04;79;2021-04-16;121;64;6705;4805
04;79;2021-04-17;74;61;6779;4866
04;79;2021-04-18;0;0;6779;4866
04;79;2021-04-19;81;51;6860;4917
04;79;2021-04-20;91;61;6951;4978
04;79;2021-04-21;122;51;7073;5029
04;80;2020-12-27;0;0;0;0
04;80;2020-12-28;0;0;0;0
04;80;2020-12-29;0;0;0;0
04;80;2020-12-30;0;0;0;0
04;80;2020-12-31;0;0;0;0
04;80;2021-01-01;0;0;0;0
04;80;2021-01-02;0;0;0;0
04;80;2021-01-03;0;0;0;0
04;80;2021-01-04;0;0;0;0
04;80;2021-01-05;0;0;0;0
04;80;2021-01-06;0;0;0;0
04;80;2021-01-07;0;0;0;0
04;80;2021-01-08;0;0;0;0
04;80;2021-01-09;0;0;0;0
04;80;2021-01-10;0;0;0;0
04;80;2021-01-11;0;0;0;0
04;80;2021-01-12;0;0;0;0
04;80;2021-01-13;0;0;0;0
04;80;2021-01-14;0;0;0;0
04;80;2021-01-15;140;0;140;0
04;80;2021-01-16;6;0;146;0
04;80;2021-01-17;0;0;146;0
04;80;2021-01-18;10;0;156;0
04;80;2021-01-19;91;0;247;0
04;80;2021-01-20;55;0;302;0
04;80;2021-01-21;28;0;330;0
04;80;2021-01-22;17;0;347;0
04;80;2021-01-23;2;0;349;0
04;80;2021-01-24;0;0;349;0
04;80;2021-01-25;29;0;378;0
04;80;2021-01-26;146;0;524;0
04;80;2021-01-27;70;0;594;0
04;80;2021-01-28;131;0;725;0
04;80;2021-01-29;118;1;843;1
04;80;2021-01-30;112;1;955;2
04;80;2021-01-31;0;0;955;2
04;80;2021-02-01;99;0;1054;2
04;80;2021-02-02;135;0;1189;2
04;80;2021-02-03;126;1;1315;3
04;80;2021-02-04;139;1;1454;4
04;80;2021-02-05;164;108;1618;112
04;80;2021-02-06;148;0;1766;112
04;80;2021-02-07;0;0;1766;112
04;80;2021-02-08;122;6;1888;118
04;80;2021-02-09;194;49;2082;167
04;80;2021-02-10;153;37;2235;204
04;80;2021-02-11;198;37;2433;241
04;80;2021-02-12;165;22;2598;263
04;80;2021-02-13;141;3;2739;266
04;80;2021-02-14;0;0;2739;266
04;80;2021-02-15;113;30;2852;296
04;80;2021-02-16;147;128;2999;424
04;80;2021-02-17;106;38;3105;462
04;80;2021-02-18;106;59;3211;521
04;80;2021-02-19;94;10;3305;531
04;80;2021-02-20;113;3;3418;534
04;80;2021-02-21;0;0;3418;534
04;80;2021-02-22;102;28;3520;562
04;80;2021-02-23;148;32;3668;594
04;80;2021-02-24;129;56;3797;650
04;80;2021-02-25;135;73;3932;723
04;80;2021-02-26;80;111;4012;834
04;80;2021-02-27;58;129;4070;963
04;80;2021-02-28;0;0;4070;963
04;80;2021-03-01;36;117;4106;1080
04;80;2021-03-02;74;139;4180;1219
04;80;2021-03-03;85;143;4265;1362
04;80;2021-03-04;84;114;4349;1476
04;80;2021-03-05;69;129;4418;1605
04;80;2021-03-06;95;137;4513;1742
04;80;2021-03-07;0;0;4513;1742
04;80;2021-03-08;56;121;4569;1863
04;80;2021-03-09;98;197;4667;2060
04;80;2021-03-10;74;183;4741;2243
04;80;2021-03-11;59;180;4800;2423
04;80;2021-03-12;95;169;4895;2592
04;80;2021-03-13;70;144;4965;2736
04;80;2021-03-14;0;0;4965;2736
04;80;2021-03-15;46;99;5011;2835
04;80;2021-03-16;64;153;5075;2988
04;80;2021-03-17;95;124;5170;3112
04;80;2021-03-18;116;114;5286;3226
04;80;2021-03-19;91;92;5377;3318
04;80;2021-03-20;49;119;5426;3437
04;80;2021-03-21;0;0;5426;3437
04;80;2021-03-22;42;99;5468;3536
04;80;2021-03-23;97;132;5565;3668
04;80;2021-03-24;85;151;5650;3819
04;80;2021-03-25;115;96;5765;3915
04;80;2021-03-26;102;82;5867;3997
04;80;2021-03-27;73;46;5940;4043
04;80;2021-03-28;0;0;5940;4043
04;80;2021-03-29;88;31;6028;4074
04;80;2021-03-30;78;80;6106;4154
04;80;2021-03-31;74;78;6180;4232
04;80;2021-04-01;66;77;6246;4309
04;80;2021-04-02;56;74;6302;4383
04;80;2021-04-03;60;70;6362;4453
04;80;2021-04-04;0;0;6362;4453
04;80;2021-04-05;0;0;6362;4453
04;80;2021-04-06;74;97;6436;4550
04;80;2021-04-07;100;81;6536;4631
04;80;2021-04-08;127;67;6663;4698
04;80;2021-04-09;130;94;6793;4792
04;80;2021-04-10;85;74;6878;4866
04;80;2021-04-11;0;0;6878;4866
04;80;2021-04-12;93;49;6971;4915
04;80;2021-04-13;115;60;7086;4975
04;80;2021-04-14;123;86;7209;5061
04;80;2021-04-15;192;109;7401;5170
04;80;2021-04-16;138;89;7539;5259
04;80;2021-04-17;81;58;7620;5317
04;80;2021-04-18;0;0;7620;5317
04;80;2021-04-19;80;44;7700;5361
04;80;2021-04-20;91;97;7791;5458
04;80;2021-04-21;116;71;7907;5529
06;24;2020-12-27;0;0;0;0
06;24;2020-12-28;0;0;0;0
06;24;2020-12-29;0;0;0;0
06;24;2020-12-30;0;0;0;0
06;24;2020-12-31;0;0;0;0
06;24;2021-01-01;0;0;0;0
06;24;2021-01-02;0;0;0;0
06;24;2021-01-03;0;0;0;0
06;24;2021-01-04;0;0;0;0
06;24;2021-01-05;0;0;0;0
06;24;2021-01-06;0;0;0;0
06;24;2021-01-07;0;0;0;0
06;24;2021-01-08;0;0;0;0
06;24;2021-01-09;0;0;0;0
06;24;2021-01-10;0;0;0;0
06;24;2021-01-11;0;0;0;0
06;24;2021-01-12;0;0;0;0
06;24;2021-01-13;0;0;0;0
06;24;2021-01-14;0;0;0;0
06;24;2021-01-15;0;0;0;0
06;24;2021-01-16;0;0;0;0
06;24;2021-01-17;0;0;0;0
06;24;2021-01-18;0;0;0;0
06;24;2021-01-19;0;0;0;0
06;24;2021-01-20;0;0;0;0
06;24;2021-01-21;0;0;0;0
06;24;2021-01-22;0;0;0;0
06;24;2021-01-23;0;0;0;0
06;24;2021-01-24;0;0;0;0
06;24;2021-01-25;1;0;1;0
06;24;2021-01-26;2;0;3;0
06;24;2021-01-27;5;0;8;0
06;24;2021-01-28;1;0;9;0
06;24;2021-01-29;0;0;9;0
06;24;2021-01-30;1;0;10;0
06;24;2021-01-31;0;0;10;0
06;24;2021-02-01;0;0;10;0
06;24;2021-02-02;0;0;10;0
06;24;2021-02-03;0;0;10;0
06;24;2021-02-04;1;0;11;0
06;24;2021-02-05;0;0;11;0
06;24;2021-02-06;0;0;11;0
06;24;2021-02-07;0;0;11;0
06;24;2021-02-08;0;0;11;0
06;24;2021-02-09;0;0;11;0
06;24;2021-02-10;0;0;11;0
06;24;2021-02-11;0;0;11;0
06;24;2021-02-12;0;0;11;0
06;24;2021-02-13;0;0;11;0
06;24;2021-02-14;0;0;11;0
06;24;2021-02-15;1;0;12;0
06;24;2021-02-16;4;0;16;0
06;24;2021-02-17;4;0;20;0
06;24;2021-02-18;1;0;21;0
06;24;2021-02-19;3;0;24;0
06;24;2021-02-20;2;0;26;0
06;24;2021-02-21;0;0;26;0
06;24;2021-02-22;5;2;31;2
06;24;2021-02-23;6;3;37;5
06;24;2021-02-24;1;1;38;6
06;24;2021-02-25;2;2;40;8
06;24;2021-02-26;4;0;44;8
06;24;2021-02-27;0;0;44;8
06;24;2021-02-28;0;0;44;8
06;24;2021-03-01;4;0;48;8
06;24;2021-03-02;4;0;52;8
06;24;2021-03-03;1;0;53;8
06;24;2021-03-04;8;0;61;8
06;24;2021-03-05;3;1;64;9
06;24;2021-03-06;0;0;64;9
06;24;2021-03-07;0;0;64;9
06;24;2021-03-08;6;0;70;9
06;24;2021-03-09;17;0;87;9
06;24;2021-03-10;4;1;91;10
06;24;2021-03-11;3;0;94;10
06;24;2021-03-12;5;0;99;10
06;24;2021-03-13;0;0;99;10
06;24;2021-03-14;0;0;99;10
06;24;2021-03-15;2;0;101;10
06;24;2021-03-16;7;3;108;13
06;24;2021-03-17;10;1;118;14
06;24;2021-03-18;7;2;125;16
06;24;2021-03-19;6;3;131;19
06;24;2021-03-20;0;0;131;19
06;24;2021-03-21;0;0;131;19
06;24;2021-03-22;2;4;133;23
06;24;2021-03-23;6;8;139;31
06;24;2021-03-24;8;2;147;33
06;24;2021-03-25;6;5;153;38
06;24;2021-03-26;3;2;156;40
06;24;2021-03-27;0;0;156;40
06;24;2021-03-28;0;0;156;40
06;24;2021-03-29;0;0;156;40
06;24;2021-03-30;10;9;166;49
06;24;2021-03-31;4;1;170;50
06;24;2021-04-01;6;3;176;53
06;24;2021-04-02;15;1;191;54
06;24;2021-04-03;37;2;228;56
06;24;2021-04-04;0;0;228;56
06;24;2021-04-05;0;0;228;56
06;24;2021-04-06;2;4;230;60
06;24;2021-04-07;6;5;236;65
06;24;2021-04-08;12;3;248;68
06;24;2021-04-09;4;4;252;72
06;24;2021-04-10;6;1;258;73
06;24;2021-04-11;0;0;258;73
06;24;2021-04-12;0;0;258;73
06;24;2021-04-13;7;4;265;77
06;24;2021-04-14;6;1;271;78
06;24;2021-04-15;3;1;274;79
06;24;2021-04-16;11;0;285;79
06;24;2021-04-17;4;0;289;79
06;24;2021-04-18;0;0;289;79
06;24;2021-04-19;0;0;289;79
06;24;2021-04-20;4;2;293;81
06;24;2021-04-21;9;2;302;83
06;29;2020-12-27;0;0;0;0
06;29;2020-12-28;0;0;0;0
06;29;2020-12-29;0;0;0;0
06;29;2020-12-30;0;0;0;0
06;29;2020-12-31;0;0;0;0
06;29;2021-01-01;0;0;0;0
06;29;2021-01-02;0;0;0;0
06;29;2021-01-03;0;0;0;0
06;29;2021-01-04;0;0;0;0
06;29;2021-01-05;0;0;0;0
06;29;2021-01-06;0;0;0;0
06;29;2021-01-07;0;0;0;0
06;29;2021-01-08;0;0;0;0
06;29;2021-01-09;0;0;0;0
06;29;2021-01-10;0;0;0;0
06;29;2021-01-11;0;0;0;0
06;29;2021-01-12;0;0;0;0
06;29;2021-01-13;0;0;0;0
06;29;2021-01-14;0;0;0;0
06;29;2021-01-15;0;0;0;0
06;29;2021-01-16;0;0;0;0
06;29;2021-01-17;0;0;0;0
06;29;2021-01-18;0;0;0;0
06;29;2021-01-19;0;0;0;0
06;29;2021-01-20;0;0;0;0
06;29;2021-01-21;0;0;0;0
06;29;2021-01-22;0;0;0;0
06;29;2021-01-23;0;0;0;0
06;29;2021-01-24;0;0;0;0
06;29;2021-01-25;6;0;6;0
06;29;2021-01-26;20;0;26;0
06;29;2021-01-27;17;0;43;0
06;29;2021-01-28;7;0;50;0
06;29;2021-01-29;9;0;59;0
06;29;2021-01-30;5;0;64;0
06;29;2021-01-31;0;0;64;0
06;29;2021-02-01;0;0;64;0
06;29;2021-02-02;0;0;64;0
06;29;2021-02-03;0;0;64;0
06;29;2021-02-04;0;0;64;0
06;29;2021-02-05;0;0;64;0
06;29;2021-02-06;0;0;64;0
06;29;2021-02-07;0;0;64;0
06;29;2021-02-08;0;0;64;0
06;29;2021-02-09;1;0;65;0
06;29;2021-02-10;0;0;65;0
06;29;2021-02-11;1;0;66;0
06;29;2021-02-12;0;0;66;0
06;29;2021-02-13;0;0;66;0
06;29;2021-02-14;0;0;66;0
06;29;2021-02-15;9;0;75;0
06;29;2021-02-16;19;1;94;1
06;29;2021-02-17;12;0;106;1
06;29;2021-02-18;11;0;117;1
06;29;2021-02-19;12;1;129;2
06;29;2021-02-20;14;2;143;4
06;29;2021-02-21;0;0;143;4
06;29;2021-02-22;10;9;153;13
06;29;2021-02-23;23;13;176;26
06;29;2021-02-24;10;10;186;36
06;29;2021-02-25;24;11;210;47
06;29;2021-02-26;29;6;239;53
06;29;2021-02-27;0;0;239;53
06;29;2021-02-28;0;0;239;53
06;29;2021-03-01;9;3;248;56
06;29;2021-03-02;15;0;263;56
06;29;2021-03-03;5;0;268;56
06;29;2021-03-04;8;2;276;58
06;29;2021-03-05;9;2;285;60
06;29;2021-03-06;0;0;285;60
06;29;2021-03-07;0;0;285;60
06;29;2021-03-08;9;0;294;60
06;29;2021-03-09;47;1;341;61
06;29;2021-03-10;6;1;347;62
06;29;2021-03-11;6;0;353;62
06;29;2021-03-12;10;2;363;64
06;29;2021-03-13;0;0;363;64
06;29;2021-03-14;0;0;363;64
06;29;2021-03-15;5;6;368;70
06;29;2021-03-16;29;15;397;85
06;29;2021-03-17;30;8;427;93
06;29;2021-03-18;21;14;448;107
06;29;2021-03-19;21;14;469;121
06;29;2021-03-20;0;0;469;121
06;29;2021-03-21;0;0;469;121
06;29;2021-03-22;7;4;476;125
06;29;2021-03-23;10;22;486;147
06;29;2021-03-24;9;8;495;155
06;29;2021-03-25;20;25;515;180
06;29;2021-03-26;13;10;528;190
06;29;2021-03-27;2;0;530;190
06;29;2021-03-28;0;0;530;190
06;29;2021-03-29;0;0;530;190
06;29;2021-03-30;18;32;548;222
06;29;2021-03-31;8;5;556;227
06;29;2021-04-01;15;4;571;231
06;29;2021-04-02;16;6;587;237
06;29;2021-04-03;46;9;633;246
06;29;2021-04-04;0;0;633;246
06;29;2021-04-05;0;0;633;246
06;29;2021-04-06;5;9;638;255
06;29;2021-04-07;5;10;643;265
06;29;2021-04-08;14;16;657;281
06;29;2021-04-09;15;9;672;290
06;29;2021-04-10;11;3;683;293
06;29;2021-04-11;1;0;684;293
06;29;2021-04-12;0;0;684;293
06;29;2021-04-13;22;24;706;317
06;29;2021-04-14;9;12;715;329
06;29;2021-04-15;6;7;721;336
06;29;2021-04-16;11;5;732;341
06;29;2021-04-17;4;8;736;349
06;29;2021-04-18;0;0;736;349
06;29;2021-04-19;0;0;736;349
06;29;2021-04-20;13;12;749;361
06;29;2021-04-21;15;8;764;369
06;39;2020-12-27;0;0;0;0
06;39;2020-12-28;0;0;0;0
06;39;2020-12-29;0;0;0;0
06;39;2020-12-30;0;0;0;0
06;39;2020-12-31;0;0;0;0
06;39;2021-01-01;0;0;0;0
06;39;2021-01-02;0;0;0;0
06;39;2021-01-03;0;0;0;0
06;39;2021-01-04;0;0;0;0
06;39;2021-01-05;0;0;0;0
06;39;2021-01-06;0;0;0;0
06;39;2021-01-07;0;0;0;0
06;39;2021-01-08;0;0;0;0
06;39;2021-01-09;0;0;0;0
06;39;2021-01-10;0;0;0;0
06;39;2021-01-11;0;0;0;0
06;39;2021-01-12;0;0;0;0
06;39;2021-01-13;0;0;0;0
06;39;2021-01-14;0;0;0;0
06;39;2021-01-15;0;0;0;0
06;39;2021-01-16;0;0;0;0
06;39;2021-01-17;0;0;0;0
06;39;2021-01-18;0;0;0;0
06;39;2021-01-19;0;0;0;0
06;39;2021-01-20;0;0;0;0
06;39;2021-01-21;0;0;0;0
06;39;2021-01-22;0;0;0;0
06;39;2021-01-23;0;0;0;0
06;39;2021-01-24;0;0;0;0
06;39;2021-01-25;15;0;15;0
06;39;2021-01-26;28;0;43;0
06;39;2021-01-27;27;0;70;0
06;39;2021-01-28;9;0;79;0
06;39;2021-01-29;31;0;110;0
06;39;2021-01-30;18;0;128;0
06;39;2021-01-31;0;0;128;0
06;39;2021-02-01;5;0;133;0
06;39;2021-02-02;5;0;138;0
06;39;2021-02-03;3;0;141;0
06;39;2021-02-04;4;0;145;0
06;39;2021-02-05;2;0;147;0
06;39;2021-02-06;1;0;148;0
06;39;2021-02-07;0;0;148;0
06;39;2021-02-08;0;0;148;0
06;39;2021-02-09;2;0;150;0
06;39;2021-02-10;3;0;153;0
06;39;2021-02-11;3;0;156;0
06;39;2021-02-12;1;0;157;0
06;39;2021-02-13;0;0;157;0
06;39;2021-02-14;0;0;157;0
06;39;2021-02-15;14;0;171;0
06;39;2021-02-16;37;1;208;1
06;39;2021-02-17;22;0;230;1
06;39;2021-02-18;34;0;264;1
06;39;2021-02-19;22;1;286;2
06;39;2021-02-20;40;0;326;2
06;39;2021-02-21;0;0;326;2
06;39;2021-02-22;16;15;342;17
06;39;2021-02-23;28;19;370;36
06;39;2021-02-24;30;13;400;49
06;39;2021-02-25;30;33;430;82
06;39;2021-02-26;41;12;471;94
06;39;2021-02-27;0;0;471;94
06;39;2021-02-28;0;0;471;94
06;39;2021-03-01;22;8;493;102
06;39;2021-03-02;37;6;530;108
06;39;2021-03-03;25;2;555;110
06;39;2021-03-04;37;3;592;113
06;39;2021-03-05;10;1;602;114
06;39;2021-03-06;0;0;602;114
06;39;2021-03-07;0;0;602;114
06;39;2021-03-08;17;1;619;115
06;39;2021-03-09;84;2;703;117
06;39;2021-03-10;18;2;721;119
06;39;2021-03-11;21;0;742;119
06;39;2021-03-12;14;2;756;121
06;39;2021-03-13;1;0;757;121
06;39;2021-03-14;0;0;757;121
06;39;2021-03-15;28;17;785;138
06;39;2021-03-16;52;30;837;168
06;39;2021-03-17;75;17;912;185
06;39;2021-03-18;40;35;952;220
06;39;2021-03-19;32;31;984;251
06;39;2021-03-20;0;0;984;251
06;39;2021-03-21;0;0;984;251
06;39;2021-03-22;15;15;999;266
06;39;2021-03-23;32;42;1031;308
06;39;2021-03-24;26;12;1057;320
06;39;2021-03-25;45;39;1102;359
06;39;2021-03-26;25;29;1127;388
06;39;2021-03-27;1;0;1128;388
06;39;2021-03-28;0;0;1128;388
06;39;2021-03-29;0;0;1128;388
06;39;2021-03-30;43;64;1171;452
06;39;2021-03-31;32;10;1203;462
06;39;2021-04-01;37;18;1240;480
06;39;2021-04-02;30;11;1270;491
06;39;2021-04-03;134;27;1404;518
06;39;2021-04-04;0;0;1404;518
06;39;2021-04-05;0;0;1404;518
06;39;2021-04-06;20;22;1424;540
06;39;2021-04-07;36;30;1460;570
06;39;2021-04-08;44;18;1504;588
06;39;2021-04-09;54;26;1558;614
06;39;2021-04-10;35;5;1593;619
06;39;2021-04-11;2;0;1595;619
06;39;2021-04-12;0;0;1595;619
06;39;2021-04-13;42;52;1637;671
06;39;2021-04-14;35;39;1672;710
06;39;2021-04-15;31;13;1703;723
06;39;2021-04-16;20;13;1723;736
06;39;2021-04-17;17;6;1740;742
06;39;2021-04-18;0;0;1740;742
06;39;2021-04-19;0;0;1740;742
06;39;2021-04-20;50;28;1790;770
06;39;2021-04-21;48;12;1838;782
06;49;2020-12-27;0;0;0;0
06;49;2020-12-28;0;0;0;0
06;49;2020-12-29;0;0;0;0
06;49;2020-12-30;0;0;0;0
06;49;2020-12-31;0;0;0;0
06;49;2021-01-01;0;0;0;0
06;49;2021-01-02;0;0;0;0
06;49;2021-01-03;0;0;0;0
06;49;2021-01-04;0;0;0;0
06;49;2021-01-05;0;0;0;0
06;49;2021-01-06;0;0;0;0
06;49;2021-01-07;0;0;0;0
06;49;2021-01-08;0;0;0;0
06;49;2021-01-09;0;0;0;0
06;49;2021-01-10;0;0;0;0
06;49;2021-01-11;2;0;2;0
06;49;2021-01-12;0;0;2;0
06;49;2021-01-13;0;0;2;0
06;49;2021-01-14;0;0;2;0
06;49;2021-01-15;0;0;2;0
06;49;2021-01-16;0;0;2;0
06;49;2021-01-17;0;0;2;0
06;49;2021-01-18;0;0;2;0
06;49;2021-01-19;0;0;2;0
06;49;2021-01-20;0;0;2;0
06;49;2021-01-21;0;0;2;0
06;49;2021-01-22;0;0;2;0
06;49;2021-01-23;0;0;2;0
06;49;2021-01-24;0;0;2;0
06;49;2021-01-25;11;0;13;0
06;49;2021-01-26;34;0;47;0
06;49;2021-01-27;32;0;79;0
06;49;2021-01-28;17;0;96;0
06;49;2021-01-29;68;0;164;0
06;49;2021-01-30;29;0;193;0
06;49;2021-01-31;1;0;194;0
06;49;2021-02-01;8;0;202;0
06;49;2021-02-02;20;0;222;0
06;49;2021-02-03;8;0;230;0
06;49;2021-02-04;17;1;247;1
06;49;2021-02-05;5;0;252;1
06;49;2021-02-06;2;0;254;1
06;49;2021-02-07;0;0;254;1
06;49;2021-02-08;4;0;258;1
06;49;2021-02-09;4;0;262;1
06;49;2021-02-10;2;0;264;1
06;49;2021-02-11;3;0;267;1
06;49;2021-02-12;12;0;279;1
06;49;2021-02-13;0;0;279;1
06;49;2021-02-14;0;0;279;1
06;49;2021-02-15;42;0;321;1
06;49;2021-02-16;54;2;375;3
06;49;2021-02-17;25;0;400;3
06;49;2021-02-18;53;0;453;3
06;49;2021-02-19;54;1;507;4
06;49;2021-02-20;45;0;552;4
06;49;2021-02-21;0;0;552;4
06;49;2021-02-22;21;31;573;35
06;49;2021-02-23;31;33;604;68
06;49;2021-02-24;36;25;640;93
06;49;2021-02-25;65;39;705;132
06;49;2021-02-26;56;19;761;151
06;49;2021-02-27;0;0;761;151
06;49;2021-02-28;0;0;761;151
06;49;2021-03-01;28;27;789;178
06;49;2021-03-02;52;8;841;186
06;49;2021-03-03;41;8;882;194
06;49;2021-03-04;34;1;916;195
06;49;2021-03-05;24;4;940;199
06;49;2021-03-06;0;0;940;199
06;49;2021-03-07;0;0;940;199
06;49;2021-03-08;31;1;971;200
06;49;2021-03-09;113;3;1084;203
06;49;2021-03-10;40;2;1124;205
06;49;2021-03-11;32;3;1156;208
06;49;2021-03-12;52;7;1208;215
06;49;2021-03-13;0;0;1208;215
06;49;2021-03-14;0;0;1208;215
06;49;2021-03-15;41;28;1249;243
06;49;2021-03-16;74;37;1323;280
06;49;2021-03-17;59;15;1382;295
06;49;2021-03-18;49;40;1431;335
06;49;2021-03-19;40;39;1471;374
06;49;2021-03-20;0;0;1471;374
06;49;2021-03-21;0;0;1471;374
06;49;2021-03-22;35;27;1506;401
06;49;2021-03-23;28;47;1534;448
06;49;2021-03-24;36;23;1570;471
06;49;2021-03-25;50;59;1620;530
06;49;2021-03-26;43;38;1663;568
06;49;2021-03-27;3;0;1666;568
06;49;2021-03-28;0;0;1666;568
06;49;2021-03-29;0;0;1666;568
06;49;2021-03-30;64;71;1730;639
06;49;2021-03-31;68;35;1798;674
06;49;2021-04-01;57;16;1855;690
06;49;2021-04-02;53;39;1908;729
06;49;2021-04-03;205;61;2113;790
06;49;2021-04-04;0;1;2113;791
06;49;2021-04-05;0;0;2113;791
06;49;2021-04-06;35;59;2148;850
06;49;2021-04-07;68;56;2216;906
06;49;2021-04-08;84;32;2300;938
06;49;2021-04-09;76;47;2376;985
06;49;2021-04-10;20;15;2396;1000
06;49;2021-04-11;0;0;2396;1000
06;49;2021-04-12;0;0;2396;1000
06;49;2021-04-13;65;49;2461;1049
06;49;2021-04-14;43;35;2504;1084
06;49;2021-04-15;40;12;2544;1096
06;49;2021-04-16;24;17;2568;1113
06;49;2021-04-17;14;16;2582;1129
06;49;2021-04-18;0;0;2582;1129
06;49;2021-04-19;0;0;2582;1129
06;49;2021-04-20;92;19;2674;1148
06;49;2021-04-21;91;19;2765;1167
06;59;2020-12-27;0;0;0;0
06;59;2020-12-28;0;0;0;0
06;59;2020-12-29;0;0;0;0
06;59;2020-12-30;0;0;0;0
06;59;2020-12-31;0;0;0;0
06;59;2021-01-01;0;0;0;0
06;59;2021-01-02;0;0;0;0
06;59;2021-01-03;0;0;0;0
06;59;2021-01-04;0;0;0;0
06;59;2021-01-05;0;0;0;0
06;59;2021-01-06;0;0;0;0
06;59;2021-01-07;0;0;0;0
06;59;2021-01-08;0;0;0;0
06;59;2021-01-09;0;0;0;0
06;59;2021-01-10;0;0;0;0
06;59;2021-01-11;5;0;5;0
06;59;2021-01-12;0;0;5;0
06;59;2021-01-13;0;0;5;0
06;59;2021-01-14;0;0;5;0
06;59;2021-01-15;0;0;5;0
06;59;2021-01-16;0;0;5;0
06;59;2021-01-17;0;0;5;0
06;59;2021-01-18;0;0;5;0
06;59;2021-01-19;0;0;5;0
06;59;2021-01-20;0;0;5;0
06;59;2021-01-21;0;0;5;0
06;59;2021-01-22;0;0;5;0
06;59;2021-01-23;0;0;5;0
06;59;2021-01-24;0;0;5;0
06;59;2021-01-25;64;0;69;0
06;59;2021-01-26;45;1;114;1
06;59;2021-01-27;53;0;167;1
06;59;2021-01-28;26;0;193;1
06;59;2021-01-29;63;0;256;1
06;59;2021-01-30;118;1;374;2
06;59;2021-01-31;0;0;374;2
06;59;2021-02-01;36;1;410;3
06;59;2021-02-02;82;0;492;3
06;59;2021-02-03;80;1;572;4
06;59;2021-02-04;59;0;631;4
06;59;2021-02-05;65;0;696;4
06;59;2021-02-06;28;0;724;4
06;59;2021-02-07;0;0;724;4
06;59;2021-02-08;18;2;742;6
06;59;2021-02-09;27;0;769;6
06;59;2021-02-10;36;0;805;6
06;59;2021-02-11;49;0;854;6
06;59;2021-02-12;62;0;916;6
06;59;2021-02-13;17;0;933;6
06;59;2021-02-14;1;0;934;6
06;59;2021-02-15;75;1;1009;7
06;59;2021-02-16;82;1;1091;8
06;59;2021-02-17;51;1;1142;9
06;59;2021-02-18;63;2;1205;11
06;59;2021-02-19;79;3;1284;14
06;59;2021-02-20;28;1;1312;15
06;59;2021-02-21;0;0;1312;15
06;59;2021-02-22;40;58;1352;73
06;59;2021-02-23;59;65;1411;138
06;59;2021-02-24;49;28;1460;166
06;59;2021-02-25;42;96;1502;262
06;59;2021-02-26;73;86;1575;348
06;59;2021-02-27;0;0;1575;348
06;59;2021-02-28;0;0;1575;348
06;59;2021-03-01;46;96;1621;444
06;59;2021-03-02;60;73;1681;517
06;59;2021-03-03;64;34;1745;551
06;59;2021-03-04;42;26;1787;577
06;59;2021-03-05;39;15;1826;592
06;59;2021-03-06;0;0;1826;592
06;59;2021-03-07;0;0;1826;592
06;59;2021-03-08;27;7;1853;599
06;59;2021-03-09;41;9;1894;608
06;59;2021-03-10;24;28;1918;636
06;59;2021-03-11;31;17;1949;653
06;59;2021-03-12;53;22;2002;675
06;59;2021-03-13;0;0;2002;675
06;59;2021-03-14;0;0;2002;675
06;59;2021-03-15;34;77;2036;752
06;59;2021-03-16;38;40;2074;792
06;59;2021-03-17;43;17;2117;809
06;59;2021-03-18;29;66;2146;875
06;59;2021-03-19;28;57;2174;932
06;59;2021-03-20;0;0;2174;932
06;59;2021-03-21;0;0;2174;932
06;59;2021-03-22;18;51;2192;983
06;59;2021-03-23;34;59;2226;1042
06;59;2021-03-24;52;42;2278;1084
06;59;2021-03-25;44;40;2322;1124
06;59;2021-03-26;31;47;2353;1171
06;59;2021-03-27;0;0;2353;1171
06;59;2021-03-28;0;0;2353;1171
06;59;2021-03-29;0;0;2353;1171
06;59;2021-03-30;72;81;2425;1252
06;59;2021-03-31;50;37;2475;1289
06;59;2021-04-01;42;41;2517;1330
06;59;2021-04-02;54;48;2571;1378
06;59;2021-04-03;160;50;2731;1428
06;59;2021-04-04;0;0;2731;1428
06;59;2021-04-05;0;0;2731;1428
06;59;2021-04-06;44;54;2775;1482
06;59;2021-04-07;35;52;2810;1534
06;59;2021-04-08;55;40;2865;1574
06;59;2021-04-09;47;33;2912;1607
06;59;2021-04-10;26;13;2938;1620
06;59;2021-04-11;3;0;2941;1620
06;59;2021-04-12;0;0;2941;1620
06;59;2021-04-13;57;52;2998;1672
06;59;2021-04-14;20;22;3018;1694
06;59;2021-04-15;14;9;3032;1703
06;59;2021-04-16;13;13;3045;1716
06;59;2021-04-17;9;9;3054;1725
06;59;2021-04-18;0;0;3054;1725
06;59;2021-04-19;0;0;3054;1725
06;59;2021-04-20;65;30;3119;1755
06;59;2021-04-21;65;20;3184;1775
06;64;2020-12-27;0;0;0;0
06;64;2020-12-28;0;0;0;0
06;64;2020-12-29;0;0;0;0
06;64;2020-12-30;0;0;0;0
06;64;2020-12-31;0;0;0;0
06;64;2021-01-01;0;0;0;0
06;64;2021-01-02;0;0;0;0
06;64;2021-01-03;0;0;0;0
06;64;2021-01-04;0;0;0;0
06;64;2021-01-05;0;0;0;0
06;64;2021-01-06;0;0;0;0
06;64;2021-01-07;0;0;0;0
06;64;2021-01-08;0;0;0;0
06;64;2021-01-09;0;0;0;0
06;64;2021-01-10;0;0;0;0
06;64;2021-01-11;2;0;2;0
06;64;2021-01-12;0;0;2;0
06;64;2021-01-13;0;0;2;0
06;64;2021-01-14;0;0;2;0
06;64;2021-01-15;0;0;2;0
06;64;2021-01-16;0;0;2;0
06;64;2021-01-17;0;0;2;0
06;64;2021-01-18;0;0;2;0
06;64;2021-01-19;0;0;2;0
06;64;2021-01-20;0;0;2;0
06;64;2021-01-21;0;0;2;0
06;64;2021-01-22;0;0;2;0
06;64;2021-01-23;0;0;2;0
06;64;2021-01-24;0;0;2;0
06;64;2021-01-25;15;0;17;0
06;64;2021-01-26;13;0;30;0
06;64;2021-01-27;19;0;49;0
06;64;2021-01-28;10;0;59;0
06;64;2021-01-29;9;0;68;0
06;64;2021-01-30;56;1;124;1
06;64;2021-01-31;0;0;124;1
06;64;2021-02-01;14;0;138;1
06;64;2021-02-02;95;0;233;1
06;64;2021-02-03;47;0;280;1
06;64;2021-02-04;44;0;324;1
06;64;2021-02-05;37;0;361;1
06;64;2021-02-06;19;1;380;2
06;64;2021-02-07;0;0;380;2
06;64;2021-02-08;9;0;389;2
06;64;2021-02-09;13;1;402;3
06;64;2021-02-10;23;0;425;3
06;64;2021-02-11;18;0;443;3
06;64;2021-02-12;55;0;498;3
06;64;2021-02-13;14;0;512;3
06;64;2021-02-14;0;0;512;3
06;64;2021-02-15;43;0;555;3
06;64;2021-02-16;27;1;582;4
06;64;2021-02-17;24;0;606;4
06;64;2021-02-18;23;1;629;5
06;64;2021-02-19;37;0;666;5
06;64;2021-02-20;8;1;674;6
06;64;2021-02-21;0;0;674;6
06;64;2021-02-22;23;17;697;23
06;64;2021-02-23;20;20;717;43
06;64;2021-02-24;24;24;741;67
06;64;2021-02-25;20;31;761;98
06;64;2021-02-26;21;51;782;149
06;64;2021-02-27;0;1;782;150
06;64;2021-02-28;0;0;782;150
06;64;2021-03-01;19;51;801;201
06;64;2021-03-02;17;69;818;270
06;64;2021-03-03;9;19;827;289
06;64;2021-03-04;19;14;846;303
06;64;2021-03-05;13;16;859;319
06;64;2021-03-06;0;0;859;319
06;64;2021-03-07;0;0;859;319
06;64;2021-03-08;17;5;876;324
06;64;2021-03-09;12;2;888;326
06;64;2021-03-10;6;13;894;339
06;64;2021-03-11;11;10;905;349
06;64;2021-03-12;20;6;925;355
06;64;2021-03-13;0;0;925;355
06;64;2021-03-14;0;0;925;355
06;64;2021-03-15;21;57;946;412
06;64;2021-03-16;5;16;951;428
06;64;2021-03-17;12;14;963;442
06;64;2021-03-18;10;23;973;465
06;64;2021-03-19;13;32;986;497
06;64;2021-03-20;0;0;986;497
06;64;2021-03-21;0;0;986;497
06;64;2021-03-22;10;26;996;523
06;64;2021-03-23;10;17;1006;540
06;64;2021-03-24;15;13;1021;553
06;64;2021-03-25;9;17;1030;570
06;64;2021-03-26;10;13;1040;583
06;64;2021-03-27;0;0;1040;583
06;64;2021-03-28;0;0;1040;583
06;64;2021-03-29;0;0;1040;583
06;64;2021-03-30;29;20;1069;603
06;64;2021-03-31;19;11;1088;614
06;64;2021-04-01;18;13;1106;627
06;64;2021-04-02;19;12;1125;639
06;64;2021-04-03;43;10;1168;649
06;64;2021-04-04;0;0;1168;649
06;64;2021-04-05;0;0;1168;649
06;64;2021-04-06;8;19;1176;668
06;64;2021-04-07;12;17;1188;685
06;64;2021-04-08;10;3;1198;688
06;64;2021-04-09;20;18;1218;706
06;64;2021-04-10;4;4;1222;710
06;64;2021-04-11;1;0;1223;710
06;64;2021-04-12;0;0;1223;710
06;64;2021-04-13;16;12;1239;722
06;64;2021-04-14;7;5;1246;727
06;64;2021-04-15;3;3;1249;730
06;64;2021-04-16;7;5;1256;735
06;64;2021-04-17;4;1;1260;736
06;64;2021-04-18;0;0;1260;736
06;64;2021-04-19;0;0;1260;736
06;64;2021-04-20;14;17;1274;753
06;64;2021-04-21;22;5;1296;758
06;69;2020-12-27;0;0;0;0
06;69;2020-12-28;0;0;0;0
06;69;2020-12-29;0;0;0;0
06;69;2020-12-30;0;0;0;0
06;69;2020-12-31;0;0;0;0
06;69;2021-01-01;0;0;0;0
06;69;2021-01-02;0;0;0;0
06;69;2021-01-03;0;0;0;0
06;69;2021-01-04;0;0;0;0
06;69;2021-01-05;0;0;0;0
06;69;2021-01-06;0;0;0;0
06;69;2021-01-07;0;0;0;0
06;69;2021-01-08;0;0;0;0
06;69;2021-01-09;0;0;0;0
06;69;2021-01-10;0;0;0;0
06;69;2021-01-11;0;0;0;0
06;69;2021-01-12;0;0;0;0
06;69;2021-01-13;0;0;0;0
06;69;2021-01-14;0;0;0;0
06;69;2021-01-15;0;0;0;0
06;69;2021-01-16;0;0;0;0
06;69;2021-01-17;0;0;0;0
06;69;2021-01-18;0;0;0;0
06;69;2021-01-19;0;0;0;0
06;69;2021-01-20;0;0;0;0
06;69;2021-01-21;0;0;0;0
06;69;2021-01-22;0;0;0;0
06;69;2021-01-23;0;0;0;0
06;69;2021-01-24;0;0;0;0
06;69;2021-01-25;16;0;16;0
06;69;2021-01-26;7;1;23;1
06;69;2021-01-27;10;0;33;1
06;69;2021-01-28;10;1;43;2
06;69;2021-01-29;15;1;58;3
06;69;2021-01-30;23;0;81;3
06;69;2021-01-31;0;0;81;3
06;69;2021-02-01;22;1;103;4
06;69;2021-02-02;61;0;164;4
06;69;2021-02-03;37;0;201;4
06;69;2021-02-04;51;0;252;4
06;69;2021-02-05;47;0;299;4
06;69;2021-02-06;21;0;320;4
06;69;2021-02-07;0;0;320;4
06;69;2021-02-08;24;0;344;4
06;69;2021-02-09;41;1;385;5
06;69;2021-02-10;32;0;417;5
06;69;2021-02-11;46;0;463;5
06;69;2021-02-12;49;1;512;6
06;69;2021-02-13;10;0;522;6
06;69;2021-02-14;0;0;522;6
06;69;2021-02-15;43;0;565;6
06;69;2021-02-16;9;0;574;6
06;69;2021-02-17;12;0;586;6
06;69;2021-02-18;12;0;598;6
06;69;2021-02-19;10;1;608;7
06;69;2021-02-20;1;0;609;7
06;69;2021-02-21;0;0;609;7
06;69;2021-02-22;11;11;620;18
06;69;2021-02-23;10;15;630;33
06;69;2021-02-24;9;10;639;43
06;69;2021-02-25;11;19;650;62
06;69;2021-02-26;8;42;658;104
06;69;2021-02-27;0;0;658;104
06;69;2021-02-28;0;0;658;104
06;69;2021-03-01;4;49;662;153
06;69;2021-03-02;11;46;673;199
06;69;2021-03-03;7;25;680;224
06;69;2021-03-04;11;27;691;251
06;69;2021-03-05;4;11;695;262
06;69;2021-03-06;0;0;695;262
06;69;2021-03-07;0;0;695;262
06;69;2021-03-08;11;6;706;268
06;69;2021-03-09;11;5;717;273
06;69;2021-03-10;6;26;723;299
06;69;2021-03-11;2;11;725;310
06;69;2021-03-12;6;24;731;334
06;69;2021-03-13;0;0;731;334
06;69;2021-03-14;0;0;731;334
06;69;2021-03-15;5;43;736;377
06;69;2021-03-16;1;8;737;385
06;69;2021-03-17;5;6;742;391
06;69;2021-03-18;5;12;747;403
06;69;2021-03-19;6;9;753;412
06;69;2021-03-20;0;0;753;412
06;69;2021-03-21;0;0;753;412
06;69;2021-03-22;4;8;757;420
06;69;2021-03-23;7;7;764;427
06;69;2021-03-24;8;13;772;440
06;69;2021-03-25;3;8;775;448
06;69;2021-03-26;1;4;776;452
06;69;2021-03-27;0;0;776;452
06;69;2021-03-28;0;0;776;452
06;69;2021-03-29;0;0;776;452
06;69;2021-03-30;4;15;780;467
06;69;2021-03-31;10;5;790;472
06;69;2021-04-01;6;4;796;476
06;69;2021-04-02;12;6;808;482
06;69;2021-04-03;20;7;828;489
06;69;2021-04-04;0;0;828;489
06;69;2021-04-05;0;0;828;489
06;69;2021-04-06;5;11;833;500
06;69;2021-04-07;8;10;841;510
06;69;2021-04-08;3;5;844;515
06;69;2021-04-09;13;5;857;520
06;69;2021-04-10;2;1;859;521
06;69;2021-04-11;0;0;859;521
06;69;2021-04-12;0;0;859;521
06;69;2021-04-13;8;9;867;530
06;69;2021-04-14;2;4;869;534
06;69;2021-04-15;5;0;874;534
06;69;2021-04-16;3;2;877;536
06;69;2021-04-17;1;0;878;536
06;69;2021-04-18;0;0;878;536
06;69;2021-04-19;0;0;878;536
06;69;2021-04-20;7;9;885;545
06;69;2021-04-21;18;3;903;548
06;74;2020-12-27;0;0;0;0
06;74;2020-12-28;0;0;0;0
06;74;2020-12-29;0;0;0;0
06;74;2020-12-30;0;0;0;0
06;74;2020-12-31;0;0;0;0
06;74;2021-01-01;0;0;0;0
06;74;2021-01-02;0;0;0;0
06;74;2021-01-03;0;0;0;0
06;74;2021-01-04;0;0;0;0
06;74;2021-01-05;0;0;0;0
06;74;2021-01-06;0;0;0;0
06;74;2021-01-07;0;0;0;0
06;74;2021-01-08;0;0;0;0
06;74;2021-01-09;0;0;0;0
06;74;2021-01-10;0;0;0;0
06;74;2021-01-11;0;0;0;0
06;74;2021-01-12;0;0;0;0
06;74;2021-01-13;0;0;0;0
06;74;2021-01-14;0;0;0;0
06;74;2021-01-15;0;0;0;0
06;74;2021-01-16;0;0;0;0
06;74;2021-01-17;0;0;0;0
06;74;2021-01-18;0;0;0;0
06;74;2021-01-19;0;0;0;0
06;74;2021-01-20;0;0;0;0
06;74;2021-01-21;0;0;0;0
06;74;2021-01-22;0;0;0;0
06;74;2021-01-23;1;0;1;0
06;74;2021-01-24;0;0;1;0
06;74;2021-01-25;7;0;8;0
06;74;2021-01-26;6;0;14;0
06;74;2021-01-27;15;0;29;0
06;74;2021-01-28;5;1;34;1
06;74;2021-01-29;7;0;41;1
06;74;2021-01-30;17;0;58;1
06;74;2021-01-31;0;0;58;1
06;74;2021-02-01;7;0;65;1
06;74;2021-02-02;38;0;103;1
06;74;2021-02-03;15;0;118;1
06;74;2021-02-04;21;1;139;2
06;74;2021-02-05;30;0;169;2
06;74;2021-02-06;4;0;173;2
06;74;2021-02-07;0;0;173;2
06;74;2021-02-08;12;0;185;2
06;74;2021-02-09;39;0;224;2
06;74;2021-02-10;22;0;246;2
06;74;2021-02-11;28;0;274;2
06;74;2021-02-12;38;0;312;2
06;74;2021-02-13;7;0;319;2
06;74;2021-02-14;0;0;319;2
06;74;2021-02-15;20;0;339;2
06;74;2021-02-16;9;1;348;3
06;74;2021-02-17;10;0;358;3
06;74;2021-02-18;7;0;365;3
06;74;2021-02-19;10;0;375;3
06;74;2021-02-20;0;0;375;3
06;74;2021-02-21;0;0;375;3
06;74;2021-02-22;5;9;380;12
06;74;2021-02-23;5;2;385;14
06;74;2021-02-24;7;4;392;18
06;74;2021-02-25;7;4;399;22
06;74;2021-02-26;3;20;402;42
06;74;2021-02-27;0;0;402;42
06;74;2021-02-28;0;0;402;42
06;74;2021-03-01;3;14;405;56
06;74;2021-03-02;5;33;410;89
06;74;2021-03-03;5;14;415;103
06;74;2021-03-04;11;8;426;111
06;74;2021-03-05;1;4;427;115
06;74;2021-03-06;0;0;427;115
06;74;2021-03-07;0;0;427;115
06;74;2021-03-08;3;1;430;116
06;74;2021-03-09;3;4;433;120
06;74;2021-03-10;2;28;435;148
06;74;2021-03-11;1;7;436;155
06;74;2021-03-12;4;4;440;159
06;74;2021-03-13;0;0;440;159
06;74;2021-03-14;0;0;440;159
06;74;2021-03-15;3;21;443;180
06;74;2021-03-16;1;7;444;187
06;74;2021-03-17;0;1;444;188
06;74;2021-03-18;2;4;446;192
06;74;2021-03-19;1;7;447;199
06;74;2021-03-20;0;0;447;199
06;74;2021-03-21;0;0;447;199
06;74;2021-03-22;2;7;449;206
06;74;2021-03-23;4;5;453;211
06;74;2021-03-24;3;4;456;215
06;74;2021-03-25;2;2;458;217
06;74;2021-03-26;0;3;458;220
06;74;2021-03-27;0;0;458;220
06;74;2021-03-28;0;0;458;220
06;74;2021-03-29;0;0;458;220
06;74;2021-03-30;2;6;460;226
06;74;2021-03-31;5;4;465;230
06;74;2021-04-01;4;4;469;234
06;74;2021-04-02;9;4;478;238
06;74;2021-04-03;10;2;488;240
06;74;2021-04-04;0;0;488;240
06;74;2021-04-05;0;0;488;240
06;74;2021-04-06;5;2;493;242
06;74;2021-04-07;3;6;496;248
06;74;2021-04-08;2;3;498;251
06;74;2021-04-09;4;2;502;253
06;74;2021-04-10;3;1;505;254
06;74;2021-04-11;0;0;505;254
06;74;2021-04-12;0;0;505;254
06;74;2021-04-13;4;1;509;255
06;74;2021-04-14;3;0;512;255
06;74;2021-04-15;0;1;512;256
06;74;2021-04-16;1;0;513;256
06;74;2021-04-17;0;1;513;257
06;74;2021-04-18;0;0;513;257
06;74;2021-04-19;0;0;513;257
06;74;2021-04-20;8;2;521;259
06;74;2021-04-21;6;0;527;259
06;79;2020-12-27;0;0;0;0
06;79;2020-12-28;0;0;0;0
06;79;2020-12-29;0;0;0;0
06;79;2020-12-30;0;0;0;0
06;79;2020-12-31;0;0;0;0
06;79;2021-01-01;0;0;0;0
06;79;2021-01-02;0;0;0;0
06;79;2021-01-03;0;0;0;0
06;79;2021-01-04;0;0;0;0
06;79;2021-01-05;0;0;0;0
06;79;2021-01-06;0;0;0;0
06;79;2021-01-07;0;0;0;0
06;79;2021-01-08;0;0;0;0
06;79;2021-01-09;0;0;0;0
06;79;2021-01-10;0;0;0;0
06;79;2021-01-11;0;0;0;0
06;79;2021-01-12;0;0;0;0
06;79;2021-01-13;0;0;0;0
06;79;2021-01-14;0;0;0;0
06;79;2021-01-15;0;0;0;0
06;79;2021-01-16;0;0;0;0
06;79;2021-01-17;0;0;0;0
06;79;2021-01-18;0;0;0;0
06;79;2021-01-19;0;0;0;0
06;79;2021-01-20;0;0;0;0
06;79;2021-01-21;0;0;0;0
06;79;2021-01-22;0;0;0;0
06;79;2021-01-23;0;0;0;0
06;79;2021-01-24;0;0;0;0
06;79;2021-01-25;2;0;2;0
06;79;2021-01-26;7;0;9;0
06;79;2021-01-27;25;0;34;0
06;79;2021-01-28;8;1;42;1
06;79;2021-01-29;15;0;57;1
06;79;2021-01-30;8;0;65;1
06;79;2021-01-31;0;0;65;1
06;79;2021-02-01;5;1;70;2
06;79;2021-02-02;14;0;84;2
06;79;2021-02-03;10;0;94;2
06;79;2021-02-04;7;0;101;2
06;79;2021-02-05;15;0;116;2
06;79;2021-02-06;1;0;117;2
06;79;2021-02-07;0;0;117;2
06;79;2021-02-08;6;0;123;2
06;79;2021-02-09;16;0;139;2
06;79;2021-02-10;13;0;152;2
06;79;2021-02-11;36;0;188;2
06;79;2021-02-12;32;0;220;2
06;79;2021-02-13;5;0;225;2
06;79;2021-02-14;0;0;225;2
06;79;2021-02-15;15;0;240;2
06;79;2021-02-16;6;0;246;2
06;79;2021-02-17;5;0;251;2
06;79;2021-02-18;5;0;256;2
06;79;2021-02-19;6;0;262;2
06;79;2021-02-20;0;0;262;2
06;79;2021-02-21;0;0;262;2
06;79;2021-02-22;0;6;262;8
06;79;2021-02-23;3;5;265;13
06;79;2021-02-24;3;9;268;22
06;79;2021-02-25;0;1;268;23
06;79;2021-02-26;2;21;270;44
06;79;2021-02-27;0;0;270;44
06;79;2021-02-28;0;0;270;44
06;79;2021-03-01;1;8;271;52
06;79;2021-03-02;2;13;273;65
06;79;2021-03-03;1;8;274;73
06;79;2021-03-04;3;2;277;75
06;79;2021-03-05;1;2;278;77
06;79;2021-03-06;0;0;278;77
06;79;2021-03-07;0;0;278;77
06;79;2021-03-08;3;2;281;79
06;79;2021-03-09;0;7;281;86
06;79;2021-03-10;1;11;282;97
06;79;2021-03-11;0;6;282;103
06;79;2021-03-12;2;15;284;118
06;79;2021-03-13;0;0;284;118
06;79;2021-03-14;0;0;284;118
06;79;2021-03-15;2;13;286;131
06;79;2021-03-16;2;3;288;134
06;79;2021-03-17;0;0;288;134
06;79;2021-03-18;1;3;289;137
06;79;2021-03-19;0;4;289;141
06;79;2021-03-20;0;0;289;141
06;79;2021-03-21;0;0;289;141
06;79;2021-03-22;2;0;291;141
06;79;2021-03-23;3;6;294;147
06;79;2021-03-24;1;1;295;148
06;79;2021-03-25;0;1;295;149
06;79;2021-03-26;0;1;295;150
06;79;2021-03-27;0;0;295;150
06;79;2021-03-28;0;0;295;150
06;79;2021-03-29;0;0;295;150
06;79;2021-03-30;1;2;296;152
06;79;2021-03-31;2;0;298;152
06;79;2021-04-01;4;3;302;155
06;79;2021-04-02;1;2;303;157
06;79;2021-04-03;4;1;307;158
06;79;2021-04-04;0;0;307;158
06;79;2021-04-05;0;0;307;158
06;79;2021-04-06;1;4;308;162
06;79;2021-04-07;1;4;309;166
06;79;2021-04-08;5;1;314;167
06;79;2021-04-09;4;2;318;169
06;79;2021-04-10;0;1;318;170
06;79;2021-04-11;0;0;318;170
06;79;2021-04-12;0;0;318;170
06;79;2021-04-13;0;4;318;174
06;79;2021-04-14;1;1;319;175
06;79;2021-04-15;0;0;319;175
06;79;2021-04-16;2;0;321;175
06;79;2021-04-17;0;0;321;175
06;79;2021-04-18;0;0;321;175
06;79;2021-04-19;0;0;321;175
06;79;2021-04-20;2;2;323;177
06;79;2021-04-21;3;1;326;178
06;80;2020-12-27;0;0;0;0
06;80;2020-12-28;0;0;0;0
06;80;2020-12-29;0;0;0;0
06;80;2020-12-30;0;0;0;0
06;80;2020-12-31;0;0;0;0
06;80;2021-01-01;0;0;0;0
06;80;2021-01-02;0;0;0;0
06;80;2021-01-03;0;0;0;0
06;80;2021-01-04;0;0;0;0
06;80;2021-01-05;0;0;0;0
06;80;2021-01-06;0;0;0;0
06;80;2021-01-07;0;0;0;0
06;80;2021-01-08;0;0;0;0
06;80;2021-01-09;0;0;0;0
06;80;2021-01-10;0;0;0;0
06;80;2021-01-11;0;0;0;0
06;80;2021-01-12;0;0;0;0
06;80;2021-01-13;0;0;0;0
06;80;2021-01-14;0;0;0;0
06;80;2021-01-15;0;0;0;0
06;80;2021-01-16;0;0;0;0
06;80;2021-01-17;0;0;0;0
06;80;2021-01-18;0;0;0;0
06;80;2021-01-19;0;0;0;0
06;80;2021-01-20;0;0;0;0
06;80;2021-01-21;0;0;0;0
06;80;2021-01-22;0;0;0;0
06;80;2021-01-23;0;0;0;0
06;80;2021-01-24;0;0;0;0
06;80;2021-01-25;2;0;2;0
06;80;2021-01-26;0;0;2;0
06;80;2021-01-27;46;0;48;0
06;80;2021-01-28;8;1;56;1
06;80;2021-01-29;13;0;69;1
06;80;2021-01-30;9;0;78;1
06;80;2021-01-31;0;0;78;1
06;80;2021-02-01;5;0;83;1
06;80;2021-02-02;13;0;96;1
06;80;2021-02-03;13;0;109;1
06;80;2021-02-04;9;0;118;1
06;80;2021-02-05;10;0;128;1
06;80;2021-02-06;6;0;134;1
06;80;2021-02-07;0;0;134;1
06;80;2021-02-08;8;0;142;1
06;80;2021-02-09;17;0;159;1
06;80;2021-02-10;21;0;180;1
06;80;2021-02-11;40;0;220;1
06;80;2021-02-12;19;0;239;1
06;80;2021-02-13;3;0;242;1
06;80;2021-02-14;0;0;242;1
06;80;2021-02-15;10;0;252;1
06;80;2021-02-16;5;0;257;1
06;80;2021-02-17;1;0;258;1
06;80;2021-02-18;4;0;262;1
06;80;2021-02-19;2;0;264;1
06;80;2021-02-20;0;0;264;1
06;80;2021-02-21;0;0;264;1
06;80;2021-02-22;0;1;264;2
06;80;2021-02-23;1;4;265;6
06;80;2021-02-24;6;8;271;14
06;80;2021-02-25;1;1;272;15
06;80;2021-02-26;1;16;273;31
06;80;2021-02-27;0;0;273;31
06;80;2021-02-28;0;1;273;32
06;80;2021-03-01;1;8;274;40
06;80;2021-03-02;3;15;277;55
06;80;2021-03-03;3;8;280;63
06;80;2021-03-04;3;2;283;65
06;80;2021-03-05;1;6;284;71
06;80;2021-03-06;0;0;284;71
06;80;2021-03-07;0;0;284;71
06;80;2021-03-08;1;2;285;73
06;80;2021-03-09;0;1;285;74
06;80;2021-03-10;2;19;287;93
06;80;2021-03-11;0;8;287;101
06;80;2021-03-12;3;12;290;113
06;80;2021-03-13;0;0;290;113
06;80;2021-03-14;0;0;290;113
06;80;2021-03-15;0;8;290;121
06;80;2021-03-16;0;3;290;124
06;80;2021-03-17;0;1;290;125
06;80;2021-03-18;1;4;291;129
06;80;2021-03-19;0;2;291;131
06;80;2021-03-20;0;0;291;131
06;80;2021-03-21;0;0;291;131
06;80;2021-03-22;0;0;291;131
06;80;2021-03-23;1;2;292;133
06;80;2021-03-24;1;4;293;137
06;80;2021-03-25;0;3;293;140
06;80;2021-03-26;0;0;293;140
06;80;2021-03-27;0;0;293;140
06;80;2021-03-28;0;0;293;140
06;80;2021-03-29;0;0;293;140
06;80;2021-03-30;3;1;296;141
06;80;2021-03-31;3;1;299;142
06;80;2021-04-01;1;1;300;143
06;80;2021-04-02;1;3;301;146
06;80;2021-04-03;2;2;303;148
06;80;2021-04-04;0;0;303;148
06;80;2021-04-05;0;0;303;148
06;80;2021-04-06;0;2;303;150
06;80;2021-04-07;1;1;304;151
06;80;2021-04-08;2;1;306;152
06;80;2021-04-09;2;0;308;152
06;80;2021-04-10;0;0;308;152
06;80;2021-04-11;0;0;308;152
06;80;2021-04-12;0;0;308;152
06;80;2021-04-13;1;0;309;152
06;80;2021-04-14;0;0;309;152
06;80;2021-04-15;0;0;309;152
06;80;2021-04-16;0;0;309;152
06;80;2021-04-17;0;0;309;152
06;80;2021-04-18;0;0;309;152
06;80;2021-04-19;0;0;309;152
06;80;2021-04-20;1;1;310;153
06;80;2021-04-21;2;0;312;153
07;24;2020-12-27;0;0;0;0
07;24;2020-12-28;0;0;0;0
07;24;2020-12-29;0;0;0;0
07;24;2020-12-30;0;0;0;0
07;24;2020-12-31;0;0;0;0
07;24;2021-01-01;0;0;0;0
07;24;2021-01-02;0;0;0;0
07;24;2021-01-03;0;0;0;0
07;24;2021-01-04;0;0;0;0
07;24;2021-01-05;0;0;0;0
07;24;2021-01-06;0;0;0;0
07;24;2021-01-07;0;0;0;0
07;24;2021-01-08;0;0;0;0
07;24;2021-01-09;0;0;0;0
07;24;2021-01-10;0;0;0;0
07;24;2021-01-11;0;0;0;0
07;24;2021-01-12;0;0;0;0
07;24;2021-01-13;0;0;0;0
07;24;2021-01-14;0;0;0;0
07;24;2021-01-15;0;0;0;0
07;24;2021-01-16;0;0;0;0
07;24;2021-01-17;0;0;0;0
07;24;2021-01-18;0;0;0;0
07;24;2021-01-19;0;0;0;0
07;24;2021-01-20;0;0;0;0
07;24;2021-01-21;0;0;0;0
07;24;2021-01-22;0;0;0;0
07;24;2021-01-23;0;0;0;0
07;24;2021-01-24;0;0;0;0
07;24;2021-01-25;0;0;0;0
07;24;2021-01-26;0;0;0;0
07;24;2021-01-27;0;0;0;0
07;24;2021-01-28;0;0;0;0
07;24;2021-01-29;0;0;0;0
07;24;2021-01-30;0;0;0;0
07;24;2021-01-31;0;0;0;0
07;24;2021-02-01;0;0;0;0
07;24;2021-02-02;0;0;0;0
07;24;2021-02-03;0;0;0;0
07;24;2021-02-04;0;0;0;0
07;24;2021-02-05;1;0;1;0
07;24;2021-02-06;0;0;1;0
07;24;2021-02-07;0;0;1;0
07;24;2021-02-08;0;0;1;0
07;24;2021-02-09;0;0;1;0
07;24;2021-02-10;0;0;1;0
07;24;2021-02-11;0;0;1;0
07;24;2021-02-12;0;0;1;0
07;24;2021-02-13;0;0;1;0
07;24;2021-02-14;0;0;1;0
07;24;2021-02-15;0;0;1;0
07;24;2021-02-16;0;0;1;0
07;24;2021-02-17;0;0;1;0
07;24;2021-02-18;0;0;1;0
07;24;2021-02-19;0;0;1;0
07;24;2021-02-20;0;0;1;0
07;24;2021-02-21;0;0;1;0
07;24;2021-02-22;0;0;1;0
07;24;2021-02-23;0;0;1;0
07;24;2021-02-24;0;0;1;0
07;24;2021-02-25;0;0;1;0
07;24;2021-02-26;0;0;1;0
07;24;2021-02-27;0;0;1;0
07;24;2021-02-28;0;0;1;0
07;24;2021-03-01;0;0;1;0
07;24;2021-03-02;0;0;1;0
07;24;2021-03-03;0;0;1;0
07;24;2021-03-04;0;0;1;0
07;24;2021-03-05;0;1;1;1
07;24;2021-03-06;0;0;1;1
07;24;2021-03-07;0;0;1;1
07;24;2021-03-08;0;0;1;1
07;24;2021-03-09;0;0;1;1
07;24;2021-03-10;0;0;1;1
07;24;2021-03-11;0;0;1;1
07;24;2021-03-12;0;0;1;1
07;24;2021-03-13;0;0;1;1
07;24;2021-03-14;0;0;1;1
07;24;2021-03-15;0;0;1;1
07;24;2021-03-16;0;0;1;1
07;24;2021-03-17;0;0;1;1
07;24;2021-03-18;0;0;1;1
07;24;2021-03-19;0;0;1;1
07;24;2021-03-20;0;0;1;1
07;24;2021-03-21;0;0;1;1
07;24;2021-03-22;0;0;1;1
07;24;2021-03-23;0;0;1;1
07;24;2021-03-24;0;0;1;1
07;24;2021-03-25;0;0;1;1
07;24;2021-03-26;0;0;1;1
07;24;2021-03-27;0;0;1;1
07;24;2021-03-28;0;0;1;1
07;24;2021-03-29;0;0;1;1
07;24;2021-03-30;0;0;1;1
07;24;2021-03-31;0;0;1;1
07;24;2021-04-01;0;0;1;1
07;24;2021-04-02;0;0;1;1
07;24;2021-04-03;0;0;1;1
07;24;2021-04-04;0;0;1;1
07;24;2021-04-05;0;0;1;1
07;24;2021-04-06;0;0;1;1
07;24;2021-04-07;0;0;1;1
07;24;2021-04-08;0;0;1;1
07;24;2021-04-09;0;0;1;1
07;24;2021-04-10;0;0;1;1
07;24;2021-04-11;0;0;1;1
07;24;2021-04-12;0;0;1;1
07;24;2021-04-13;0;0;1;1
07;24;2021-04-14;0;0;1;1
07;24;2021-04-15;3;0;4;1
07;24;2021-04-16;1;0;5;1
07;24;2021-04-17;1;0;6;1
07;24;2021-04-18;0;0;6;1
07;24;2021-04-19;0;0;6;1
07;24;2021-04-20;12;0;18;1
07;24;2021-04-21;27;0;45;1
07;29;2020-12-27;0;0;0;0
07;29;2020-12-28;0;0;0;0
07;29;2020-12-29;0;0;0;0
07;29;2020-12-30;0;0;0;0
07;29;2020-12-31;0;0;0;0
07;29;2021-01-01;0;0;0;0
07;29;2021-01-02;0;0;0;0
07;29;2021-01-03;0;0;0;0
07;29;2021-01-04;0;0;0;0
07;29;2021-01-05;0;0;0;0
07;29;2021-01-06;0;0;0;0
07;29;2021-01-07;0;0;0;0
07;29;2021-01-08;0;0;0;0
07;29;2021-01-09;0;0;0;0
07;29;2021-01-10;0;0;0;0
07;29;2021-01-11;0;0;0;0
07;29;2021-01-12;0;0;0;0
07;29;2021-01-13;0;0;0;0
07;29;2021-01-14;0;0;0;0
07;29;2021-01-15;0;0;0;0
07;29;2021-01-16;0;0;0;0
07;29;2021-01-17;0;0;0;0
07;29;2021-01-18;0;0;0;0
07;29;2021-01-19;0;0;0;0
07;29;2021-01-20;0;0;0;0
07;29;2021-01-21;0;0;0;0
07;29;2021-01-22;0;0;0;0
07;29;2021-01-23;0;0;0;0
07;29;2021-01-24;0;0;0;0
07;29;2021-01-25;0;0;0;0
07;29;2021-01-26;0;0;0;0
07;29;2021-01-27;0;0;0;0
07;29;2021-01-28;0;0;0;0
07;29;2021-01-29;0;0;0;0
07;29;2021-01-30;0;0;0;0
07;29;2021-01-31;0;0;0;0
07;29;2021-02-01;0;0;0;0
07;29;2021-02-02;0;0;0;0
07;29;2021-02-03;0;0;0;0
07;29;2021-02-04;0;0;0;0
07;29;2021-02-05;0;0;0;0
07;29;2021-02-06;0;0;0;0
07;29;2021-02-07;0;0;0;0
07;29;2021-02-08;0;0;0;0
07;29;2021-02-09;1;0;1;0
07;29;2021-02-10;0;0;1;0
07;29;2021-02-11;0;0;1;0
07;29;2021-02-12;0;0;1;0
07;29;2021-02-13;0;0;1;0
07;29;2021-02-14;0;0;1;0
07;29;2021-02-15;0;0;1;0
07;29;2021-02-16;0;0;1;0
07;29;2021-02-17;0;0;1;0
07;29;2021-02-18;0;0;1;0
07;29;2021-02-19;0;0;1;0
07;29;2021-02-20;0;0;1;0
07;29;2021-02-21;0;0;1;0
07;29;2021-02-22;0;0;1;0
07;29;2021-02-23;0;0;1;0
07;29;2021-02-24;0;0;1;0
07;29;2021-02-25;0;0;1;0
07;29;2021-02-26;0;0;1;0
07;29;2021-02-27;0;0;1;0
07;29;2021-02-28;0;0;1;0
07;29;2021-03-01;0;0;1;0
07;29;2021-03-02;0;1;1;1
07;29;2021-03-03;0;0;1;1
07;29;2021-03-04;1;0;2;1
07;29;2021-03-05;0;0;2;1
07;29;2021-03-06;0;0;2;1
07;29;2021-03-07;0;0;2;1
07;29;2021-03-08;1;0;3;1
07;29;2021-03-09;0;0;3;1
07;29;2021-03-10;0;0;3;1
07;29;2021-03-11;0;0;3;1
07;29;2021-03-12;0;0;3;1
07;29;2021-03-13;0;0;3;1
07;29;2021-03-14;0;0;3;1
07;29;2021-03-15;0;0;3;1
07;29;2021-03-16;0;0;3;1
07;29;2021-03-17;0;0;3;1
07;29;2021-03-18;0;0;3;1
07;29;2021-03-19;0;0;3;1
07;29;2021-03-20;0;0;3;1
07;29;2021-03-21;0;0;3;1
07;29;2021-03-22;0;0;3;1
07;29;2021-03-23;0;0;3;1
07;29;2021-03-24;0;0;3;1
07;29;2021-03-25;0;1;3;2
07;29;2021-03-26;1;0;4;2
07;29;2021-03-27;0;0;4;2
07;29;2021-03-28;0;0;4;2
07;29;2021-03-29;0;0;4;2
07;29;2021-03-30;0;0;4;2
07;29;2021-03-31;0;0;4;2
07;29;2021-04-01;2;0;6;2
07;29;2021-04-02;0;0;6;2
07;29;2021-04-03;1;0;7;2
07;29;2021-04-04;0;0;7;2
07;29;2021-04-05;0;0;7;2
07;29;2021-04-06;0;0;7;2
07;29;2021-04-07;0;0;7;2
07;29;2021-04-08;0;0;7;2
07;29;2021-04-09;0;0;7;2
07;29;2021-04-10;0;0;7;2
07;29;2021-04-11;0;0;7;2
07;29;2021-04-12;0;0;7;2
07;29;2021-04-13;0;0;7;2
07;29;2021-04-14;0;0;7;2
07;29;2021-04-15;4;0;11;2
07;29;2021-04-16;0;0;11;2
07;29;2021-04-17;0;0;11;2
07;29;2021-04-18;0;0;11;2
07;29;2021-04-19;0;0;11;2
07;29;2021-04-20;24;0;35;2
07;29;2021-04-21;33;0;68;2
07;39;2020-12-27;0;0;0;0
07;39;2020-12-28;0;0;0;0
07;39;2020-12-29;0;0;0;0
07;39;2020-12-30;0;0;0;0
07;39;2020-12-31;0;0;0;0
07;39;2021-01-01;0;0;0;0
07;39;2021-01-02;0;0;0;0
07;39;2021-01-03;0;0;0;0
07;39;2021-01-04;0;0;0;0
07;39;2021-01-05;0;0;0;0
07;39;2021-01-06;0;0;0;0
07;39;2021-01-07;0;0;0;0
07;39;2021-01-08;0;0;0;0
07;39;2021-01-09;0;0;0;0
07;39;2021-01-10;0;0;0;0
07;39;2021-01-11;0;0;0;0
07;39;2021-01-12;0;0;0;0
07;39;2021-01-13;0;0;0;0
07;39;2021-01-14;0;0;0;0
07;39;2021-01-15;0;0;0;0
07;39;2021-01-16;0;0;0;0
07;39;2021-01-17;0;0;0;0
07;39;2021-01-18;0;0;0;0
07;39;2021-01-19;0;0;0;0
07;39;2021-01-20;0;0;0;0
07;39;2021-01-21;0;0;0;0
07;39;2021-01-22;0;0;0;0
07;39;2021-01-23;0;0;0;0
07;39;2021-01-24;0;0;0;0
07;39;2021-01-25;0;0;0;0
07;39;2021-01-26;0;0;0;0
07;39;2021-01-27;0;0;0;0
07;39;2021-01-28;0;0;0;0
07;39;2021-01-29;0;0;0;0
07;39;2021-01-30;0;0;0;0
07;39;2021-01-31;0;0;0;0
07;39;2021-02-01;0;0;0;0
07;39;2021-02-02;0;0;0;0
07;39;2021-02-03;0;0;0;0
07;39;2021-02-04;0;0;0;0
07;39;2021-02-05;0;0;0;0
07;39;2021-02-06;0;0;0;0
07;39;2021-02-07;0;0;0;0
07;39;2021-02-08;1;0;1;0
07;39;2021-02-09;1;0;2;0
07;39;2021-02-10;0;0;2;0
07;39;2021-02-11;2;0;4;0
07;39;2021-02-12;0;0;4;0
07;39;2021-02-13;0;0;4;0
07;39;2021-02-14;0;0;4;0
07;39;2021-02-15;0;0;4;0
07;39;2021-02-16;0;0;4;0
07;39;2021-02-17;0;0;4;0
07;39;2021-02-18;0;0;4;0
07;39;2021-02-19;1;0;5;0
07;39;2021-02-20;0;0;5;0
07;39;2021-02-21;0;0;5;0
07;39;2021-02-22;0;0;5;0
07;39;2021-02-23;0;0;5;0
07;39;2021-02-24;1;0;6;0
07;39;2021-02-25;0;0;6;0
07;39;2021-02-26;1;0;7;0
07;39;2021-02-27;0;0;7;0
07;39;2021-02-28;0;0;7;0
07;39;2021-03-01;0;0;7;0
07;39;2021-03-02;0;0;7;0
07;39;2021-03-03;0;0;7;0
07;39;2021-03-04;2;0;9;0
07;39;2021-03-05;1;0;10;0
07;39;2021-03-06;0;0;10;0
07;39;2021-03-07;0;0;10;0
07;39;2021-03-08;0;0;10;0
07;39;2021-03-09;0;0;10;0
07;39;2021-03-10;0;0;10;0
07;39;2021-03-11;0;0;10;0
07;39;2021-03-12;0;0;10;0
07;39;2021-03-13;0;0;10;0
07;39;2021-03-14;0;0;10;0
07;39;2021-03-15;1;0;11;0
07;39;2021-03-16;0;0;11;0
07;39;2021-03-17;0;0;11;0
07;39;2021-03-18;0;0;11;0
07;39;2021-03-19;0;1;11;1
07;39;2021-03-20;0;0;11;1
07;39;2021-03-21;0;0;11;1
07;39;2021-03-22;0;0;11;1
07;39;2021-03-23;0;0;11;1
07;39;2021-03-24;0;0;11;1
07;39;2021-03-25;1;1;12;2
07;39;2021-03-26;0;1;12;3
07;39;2021-03-27;0;0;12;3
07;39;2021-03-28;0;0;12;3
07;39;2021-03-29;0;0;12;3
07;39;2021-03-30;1;0;13;3
07;39;2021-03-31;0;0;13;3
07;39;2021-04-01;3;2;16;5
07;39;2021-04-02;0;0;16;5
07;39;2021-04-03;0;0;16;5
07;39;2021-04-04;0;0;16;5
07;39;2021-04-05;0;0;16;5
07;39;2021-04-06;0;0;16;5
07;39;2021-04-07;1;0;17;5
07;39;2021-04-08;5;0;22;5
07;39;2021-04-09;5;0;27;5
07;39;2021-04-10;0;0;27;5
07;39;2021-04-11;0;0;27;5
07;39;2021-04-12;0;0;27;5
07;39;2021-04-13;0;1;27;6
07;39;2021-04-14;2;0;29;6
07;39;2021-04-15;9;0;38;6
07;39;2021-04-16;5;0;43;6
07;39;2021-04-17;0;0;43;6
07;39;2021-04-18;0;0;43;6
07;39;2021-04-19;0;0;43;6
07;39;2021-04-20;88;0;131;6
07;39;2021-04-21;70;1;201;7
07;49;2020-12-27;0;0;0;0
07;49;2020-12-28;0;0;0;0
07;49;2020-12-29;0;0;0;0
07;49;2020-12-30;0;0;0;0
07;49;2020-12-31;0;0;0;0
07;49;2021-01-01;0;0;0;0
07;49;2021-01-02;0;0;0;0
07;49;2021-01-03;0;0;0;0
07;49;2021-01-04;0;0;0;0
07;49;2021-01-05;0;0;0;0
07;49;2021-01-06;0;0;0;0
07;49;2021-01-07;0;0;0;0
07;49;2021-01-08;0;0;0;0
07;49;2021-01-09;0;0;0;0
07;49;2021-01-10;0;0;0;0
07;49;2021-01-11;0;0;0;0
07;49;2021-01-12;0;0;0;0
07;49;2021-01-13;0;0;0;0
07;49;2021-01-14;0;0;0;0
07;49;2021-01-15;0;0;0;0
07;49;2021-01-16;0;0;0;0
07;49;2021-01-17;0;0;0;0
07;49;2021-01-18;0;0;0;0
07;49;2021-01-19;0;0;0;0
07;49;2021-01-20;0;0;0;0
07;49;2021-01-21;0;0;0;0
07;49;2021-01-22;0;0;0;0
07;49;2021-01-23;0;0;0;0
07;49;2021-01-24;0;0;0;0
07;49;2021-01-25;0;0;0;0
07;49;2021-01-26;0;0;0;0
07;49;2021-01-27;0;0;0;0
07;49;2021-01-28;0;0;0;0
07;49;2021-01-29;0;0;0;0
07;49;2021-01-30;0;0;0;0
07;49;2021-01-31;0;0;0;0
07;49;2021-02-01;0;0;0;0
07;49;2021-02-02;0;0;0;0
07;49;2021-02-03;0;0;0;0
07;49;2021-02-04;0;0;0;0
07;49;2021-02-05;0;0;0;0
07;49;2021-02-06;0;0;0;0
07;49;2021-02-07;0;0;0;0
07;49;2021-02-08;2;0;2;0
07;49;2021-02-09;3;0;5;0
07;49;2021-02-10;0;0;5;0
07;49;2021-02-11;4;0;9;0
07;49;2021-02-12;0;0;9;0
07;49;2021-02-13;0;0;9;0
07;49;2021-02-14;0;0;9;0
07;49;2021-02-15;0;0;9;0
07;49;2021-02-16;0;0;9;0
07;49;2021-02-17;0;0;9;0
07;49;2021-02-18;1;0;10;0
07;49;2021-02-19;0;0;10;0
07;49;2021-02-20;0;0;10;0
07;49;2021-02-21;0;0;10;0
07;49;2021-02-22;0;0;10;0
07;49;2021-02-23;0;0;10;0
07;49;2021-02-24;1;0;11;0
07;49;2021-02-25;2;0;13;0
07;49;2021-02-26;1;0;14;0
07;49;2021-02-27;0;0;14;0
07;49;2021-02-28;0;0;14;0
07;49;2021-03-01;0;0;14;0
07;49;2021-03-02;2;0;16;0
07;49;2021-03-03;0;0;16;0
07;49;2021-03-04;3;0;19;0
07;49;2021-03-05;1;0;20;0
07;49;2021-03-06;0;0;20;0
07;49;2021-03-07;0;0;20;0
07;49;2021-03-08;0;0;20;0
07;49;2021-03-09;0;0;20;0
07;49;2021-03-10;0;0;20;0
07;49;2021-03-11;1;0;21;0
07;49;2021-03-12;4;0;25;0
07;49;2021-03-13;0;0;25;0
07;49;2021-03-14;4;0;29;0
07;49;2021-03-15;0;0;29;0
07;49;2021-03-16;1;0;30;0
07;49;2021-03-17;0;0;30;0
07;49;2021-03-18;4;2;34;2
07;49;2021-03-19;1;1;35;3
07;49;2021-03-20;0;0;35;3
07;49;2021-03-21;0;0;35;3
07;49;2021-03-22;0;0;35;3
07;49;2021-03-23;0;0;35;3
07;49;2021-03-24;0;0;35;3
07;49;2021-03-25;8;5;43;8
07;49;2021-03-26;3;0;46;8
07;49;2021-03-27;0;0;46;8
07;49;2021-03-28;0;0;46;8
07;49;2021-03-29;0;0;46;8
07;49;2021-03-30;3;2;49;10
07;49;2021-03-31;0;0;49;10
07;49;2021-04-01;9;4;58;14
07;49;2021-04-02;0;0;58;14
07;49;2021-04-03;1;0;59;14
07;49;2021-04-04;0;0;59;14
07;49;2021-04-05;0;0;59;14
07;49;2021-04-06;0;0;59;14
07;49;2021-04-07;3;0;62;14
07;49;2021-04-08;16;0;78;14
07;49;2021-04-09;1;2;79;16
07;49;2021-04-10;1;0;80;16
07;49;2021-04-11;0;0;80;16
07;49;2021-04-12;0;0;80;16
07;49;2021-04-13;0;0;80;16
07;49;2021-04-14;1;1;81;17
07;49;2021-04-15;18;7;99;24
07;49;2021-04-16;14;0;113;24
07;49;2021-04-17;1;0;114;24
07;49;2021-04-18;0;0;114;24
07;49;2021-04-19;2;0;116;24
07;49;2021-04-20;84;3;200;27
07;49;2021-04-21;103;1;303;28
07;59;2020-12-27;0;0;0;0
07;59;2020-12-28;0;0;0;0
07;59;2020-12-29;0;0;0;0
07;59;2020-12-30;0;0;0;0
07;59;2020-12-31;0;0;0;0
07;59;2021-01-01;0;0;0;0
07;59;2021-01-02;0;0;0;0
07;59;2021-01-03;0;0;0;0
07;59;2021-01-04;0;0;0;0
07;59;2021-01-05;0;0;0;0
07;59;2021-01-06;0;0;0;0
07;59;2021-01-07;0;0;0;0
07;59;2021-01-08;0;0;0;0
07;59;2021-01-09;0;0;0;0
07;59;2021-01-10;0;0;0;0
07;59;2021-01-11;0;0;0;0
07;59;2021-01-12;0;0;0;0
07;59;2021-01-13;0;0;0;0
07;59;2021-01-14;0;0;0;0
07;59;2021-01-15;1;0;1;0
07;59;2021-01-16;0;0;1;0
07;59;2021-01-17;0;0;1;0
07;59;2021-01-18;0;0;1;0
07;59;2021-01-19;0;0;1;0
07;59;2021-01-20;0;0;1;0
07;59;2021-01-21;1;0;2;0
07;59;2021-01-22;0;0;2;0
07;59;2021-01-23;0;0;2;0
07;59;2021-01-24;0;0;2;0
07;59;2021-01-25;0;0;2;0
07;59;2021-01-26;0;0;2;0
07;59;2021-01-27;0;0;2;0
07;59;2021-01-28;0;0;2;0
07;59;2021-01-29;0;0;2;0
07;59;2021-01-30;0;0;2;0
07;59;2021-01-31;0;0;2;0
07;59;2021-02-01;0;0;2;0
07;59;2021-02-02;0;0;2;0
07;59;2021-02-03;1;0;3;0
07;59;2021-02-04;3;0;6;0
07;59;2021-02-05;0;1;6;1
07;59;2021-02-06;0;0;6;1
07;59;2021-02-07;0;0;6;1
07;59;2021-02-08;1;0;7;1
07;59;2021-02-09;3;0;10;1
07;59;2021-02-10;2;0;12;1
07;59;2021-02-11;13;0;25;1
07;59;2021-02-12;2;0;27;1
07;59;2021-02-13;0;0;27;1
07;59;2021-02-14;0;0;27;1
07;59;2021-02-15;0;0;27;1
07;59;2021-02-16;0;0;27;1
07;59;2021-02-17;0;0;27;1
07;59;2021-02-18;1;1;28;2
07;59;2021-02-19;7;0;35;2
07;59;2021-02-20;0;0;35;2
07;59;2021-02-21;0;0;35;2
07;59;2021-02-22;0;0;35;2
07;59;2021-02-23;0;0;35;2
07;59;2021-02-24;0;0;35;2
07;59;2021-02-25;0;2;35;4
07;59;2021-02-26;0;0;35;4
07;59;2021-02-27;0;0;35;4
07;59;2021-02-28;0;0;35;4
07;59;2021-03-01;0;0;35;4
07;59;2021-03-02;5;0;40;4
07;59;2021-03-03;0;0;40;4
07;59;2021-03-04;4;10;44;14
07;59;2021-03-05;1;0;45;14
07;59;2021-03-06;0;0;45;14
07;59;2021-03-07;0;0;45;14
07;59;2021-03-08;0;0;45;14
07;59;2021-03-09;0;0;45;14
07;59;2021-03-10;0;0;45;14
07;59;2021-03-11;4;3;49;17
07;59;2021-03-12;3;2;52;19
07;59;2021-03-13;0;0;52;19
07;59;2021-03-14;3;0;55;19
07;59;2021-03-15;0;0;55;19
07;59;2021-03-16;8;1;63;20
07;59;2021-03-17;0;0;63;20
07;59;2021-03-18;8;3;71;23
07;59;2021-03-19;6;4;77;27
07;59;2021-03-20;0;0;77;27
07;59;2021-03-21;4;0;81;27
07;59;2021-03-22;0;0;81;27
07;59;2021-03-23;0;0;81;27
07;59;2021-03-24;0;0;81;27
07;59;2021-03-25;14;2;95;29
07;59;2021-03-26;18;0;113;29
07;59;2021-03-27;0;0;113;29
07;59;2021-03-28;0;0;113;29
07;59;2021-03-29;0;0;113;29
07;59;2021-03-30;9;5;122;34
07;59;2021-03-31;0;0;122;34
07;59;2021-04-01;16;3;138;37
07;59;2021-04-02;2;0;140;37
07;59;2021-04-03;3;0;143;37
07;59;2021-04-04;0;0;143;37
07;59;2021-04-05;0;0;143;37
07;59;2021-04-06;0;0;143;37
07;59;2021-04-07;9;0;152;37
07;59;2021-04-08;16;4;168;41
07;59;2021-04-09;24;3;192;44
07;59;2021-04-10;3;0;195;44
07;59;2021-04-11;0;0;195;44
07;59;2021-04-12;0;0;195;44
07;59;2021-04-13;0;0;195;44
07;59;2021-04-14;13;0;208;44
07;59;2021-04-15;58;20;266;64
07;59;2021-04-16;47;7;313;71
07;59;2021-04-17;2;0;315;71
07;59;2021-04-18;0;0;315;71
07;59;2021-04-19;0;0;315;71
07;59;2021-04-20;72;8;387;79
07;59;2021-04-21;94;2;481;81
07;64;2020-12-27;0;0;0;0
07;64;2020-12-28;0;0;0;0
07;64;2020-12-29;0;0;0;0
07;64;2020-12-30;0;0;0;0
07;64;2020-12-31;0;0;0;0
07;64;2021-01-01;0;0;0;0
07;64;2021-01-02;0;0;0;0
07;64;2021-01-03;0;0;0;0
07;64;2021-01-04;0;0;0;0
07;64;2021-01-05;0;0;0;0
07;64;2021-01-06;0;0;0;0
07;64;2021-01-07;0;0;0;0
07;64;2021-01-08;0;0;0;0
07;64;2021-01-09;0;0;0;0
07;64;2021-01-10;0;0;0;0
07;64;2021-01-11;0;0;0;0
07;64;2021-01-12;0;0;0;0
07;64;2021-01-13;0;0;0;0
07;64;2021-01-14;0;0;0;0
07;64;2021-01-15;0;0;0;0
07;64;2021-01-16;0;0;0;0
07;64;2021-01-17;0;0;0;0
07;64;2021-01-18;0;0;0;0
07;64;2021-01-19;0;0;0;0
07;64;2021-01-20;0;0;0;0
07;64;2021-01-21;0;0;0;0
07;64;2021-01-22;0;0;0;0
07;64;2021-01-23;0;0;0;0
07;64;2021-01-24;0;0;0;0
07;64;2021-01-25;0;0;0;0
07;64;2021-01-26;0;0;0;0
07;64;2021-01-27;0;0;0;0
07;64;2021-01-28;0;0;0;0
07;64;2021-01-29;0;0;0;0
07;64;2021-01-30;0;0;0;0
07;64;2021-01-31;0;0;0;0
07;64;2021-02-01;0;0;0;0
07;64;2021-02-02;0;0;0;0
07;64;2021-02-03;1;0;1;0
07;64;2021-02-04;1;0;2;0
07;64;2021-02-05;0;0;2;0
07;64;2021-02-06;0;0;2;0
07;64;2021-02-07;0;0;2;0
07;64;2021-02-08;1;0;3;0
07;64;2021-02-09;2;0;5;0
07;64;2021-02-10;1;0;6;0
07;64;2021-02-11;2;0;8;0
07;64;2021-02-12;2;0;10;0
07;64;2021-02-13;0;0;10;0
07;64;2021-02-14;0;0;10;0
07;64;2021-02-15;0;0;10;0
07;64;2021-02-16;0;0;10;0
07;64;2021-02-17;0;0;10;0
07;64;2021-02-18;2;1;12;1
07;64;2021-02-19;2;0;14;1
07;64;2021-02-20;0;0;14;1
07;64;2021-02-21;0;0;14;1
07;64;2021-02-22;0;0;14;1
07;64;2021-02-23;0;0;14;1
07;64;2021-02-24;2;0;16;1
07;64;2021-02-25;1;1;17;2
07;64;2021-02-26;3;2;20;4
07;64;2021-02-27;0;0;20;4
07;64;2021-02-28;0;0;20;4
07;64;2021-03-01;0;0;20;4
07;64;2021-03-02;2;0;22;4
07;64;2021-03-03;0;0;22;4
07;64;2021-03-04;2;3;24;7
07;64;2021-03-05;0;0;24;7
07;64;2021-03-06;0;0;24;7
07;64;2021-03-07;0;0;24;7
07;64;2021-03-08;0;0;24;7
07;64;2021-03-09;0;0;24;7
07;64;2021-03-10;0;0;24;7
07;64;2021-03-11;2;1;26;8
07;64;2021-03-12;5;1;31;9
07;64;2021-03-13;0;0;31;9
07;64;2021-03-14;1;0;32;9
07;64;2021-03-15;0;0;32;9
07;64;2021-03-16;5;1;37;10
07;64;2021-03-17;0;0;37;10
07;64;2021-03-18;5;2;42;12
07;64;2021-03-19;9;2;51;14
07;64;2021-03-20;0;0;51;14
07;64;2021-03-21;2;0;53;14
07;64;2021-03-22;0;0;53;14
07;64;2021-03-23;0;0;53;14
07;64;2021-03-24;0;0;53;14
07;64;2021-03-25;14;1;67;15
07;64;2021-03-26;10;2;77;17
07;64;2021-03-27;0;0;77;17
07;64;2021-03-28;0;0;77;17
07;64;2021-03-29;0;0;77;17
07;64;2021-03-30;9;1;86;18
07;64;2021-03-31;5;0;91;18
07;64;2021-04-01;8;0;99;18
07;64;2021-04-02;2;0;101;18
07;64;2021-04-03;0;0;101;18
07;64;2021-04-04;0;0;101;18
07;64;2021-04-05;0;0;101;18
07;64;2021-04-06;0;0;101;18
07;64;2021-04-07;8;0;109;18
07;64;2021-04-08;23;4;132;22
07;64;2021-04-09;13;5;145;27
07;64;2021-04-10;0;0;145;27
07;64;2021-04-11;0;0;145;27
07;64;2021-04-12;0;0;145;27
07;64;2021-04-13;0;0;145;27
07;64;2021-04-14;14;0;159;27
07;64;2021-04-15;32;8;191;35
07;64;2021-04-16;33;7;224;42
07;64;2021-04-17;5;0;229;42
07;64;2021-04-18;0;0;229;42
07;64;2021-04-19;2;0;231;42
07;64;2021-04-20;19;9;250;51
07;64;2021-04-21;27;2;277;53
07;69;2020-12-27;0;0;0;0
07;69;2020-12-28;0;0;0;0
07;69;2020-12-29;0;0;0;0
07;69;2020-12-30;0;0;0;0
07;69;2020-12-31;0;0;0;0
07;69;2021-01-01;0;0;0;0
07;69;2021-01-02;0;0;0;0
07;69;2021-01-03;0;0;0;0
07;69;2021-01-04;0;0;0;0
07;69;2021-01-05;0;0;0;0
07;69;2021-01-06;0;0;0;0
07;69;2021-01-07;0;0;0;0
07;69;2021-01-08;0;0;0;0
07;69;2021-01-09;0;0;0;0
07;69;2021-01-10;0;0;0;0
07;69;2021-01-11;0;0;0;0
07;69;2021-01-12;0;0;0;0
07;69;2021-01-13;0;0;0;0
07;69;2021-01-14;0;0;0;0
07;69;2021-01-15;0;0;0;0
07;69;2021-01-16;0;0;0;0
07;69;2021-01-17;0;0;0;0
07;69;2021-01-18;0;0;0;0
07;69;2021-01-19;0;0;0;0
07;69;2021-01-20;0;0;0;0
07;69;2021-01-21;1;0;1;0
07;69;2021-01-22;0;0;1;0
07;69;2021-01-23;0;0;1;0
07;69;2021-01-24;0;0;1;0
07;69;2021-01-25;0;0;1;0
07;69;2021-01-26;0;0;1;0
07;69;2021-01-27;0;0;1;0
07;69;2021-01-28;1;0;2;0
07;69;2021-01-29;0;0;2;0
07;69;2021-01-30;0;0;2;0
07;69;2021-01-31;0;0;2;0
07;69;2021-02-01;0;0;2;0
07;69;2021-02-02;0;0;2;0
07;69;2021-02-03;0;0;2;0
07;69;2021-02-04;3;0;5;0
07;69;2021-02-05;1;0;6;0
07;69;2021-02-06;0;0;6;0
07;69;2021-02-07;0;0;6;0
07;69;2021-02-08;2;0;8;0
07;69;2021-02-09;4;0;12;0
07;69;2021-02-10;1;0;13;0
07;69;2021-02-11;2;0;15;0
07;69;2021-02-12;1;0;16;0
07;69;2021-02-13;0;0;16;0
07;69;2021-02-14;0;0;16;0
07;69;2021-02-15;0;0;16;0
07;69;2021-02-16;0;0;16;0
07;69;2021-02-17;0;0;16;0
07;69;2021-02-18;5;0;21;0
07;69;2021-02-19;7;0;28;0
07;69;2021-02-20;0;0;28;0
07;69;2021-02-21;0;0;28;0
07;69;2021-02-22;0;0;28;0
07;69;2021-02-23;0;0;28;0
07;69;2021-02-24;2;0;30;0
07;69;2021-02-25;2;2;32;2
07;69;2021-02-26;7;1;39;3
07;69;2021-02-27;0;0;39;3
07;69;2021-02-28;0;0;39;3
07;69;2021-03-01;0;0;39;3
07;69;2021-03-02;5;1;44;4
07;69;2021-03-03;0;0;44;4
07;69;2021-03-04;3;2;47;6
07;69;2021-03-05;8;1;55;7
07;69;2021-03-06;0;0;55;7
07;69;2021-03-07;0;0;55;7
07;69;2021-03-08;0;0;55;7
07;69;2021-03-09;1;0;56;7
07;69;2021-03-10;0;0;56;7
07;69;2021-03-11;2;2;58;9
07;69;2021-03-12;4;2;62;11
07;69;2021-03-13;0;0;62;11
07;69;2021-03-14;0;0;62;11
07;69;2021-03-15;0;0;62;11
07;69;2021-03-16;7;1;69;12
07;69;2021-03-17;0;1;69;13
07;69;2021-03-18;8;6;77;19
07;69;2021-03-19;3;4;80;23
07;69;2021-03-20;0;0;80;23
07;69;2021-03-21;2;0;82;23
07;69;2021-03-22;0;0;82;23
07;69;2021-03-23;0;0;82;23
07;69;2021-03-24;0;0;82;23
07;69;2021-03-25;10;3;92;26
07;69;2021-03-26;7;5;99;31
07;69;2021-03-27;0;0;99;31
07;69;2021-03-28;0;0;99;31
07;69;2021-03-29;0;0;99;31
07;69;2021-03-30;9;4;108;35
07;69;2021-03-31;0;0;108;35
07;69;2021-04-01;7;8;115;43
07;69;2021-04-02;0;0;115;43
07;69;2021-04-03;2;0;117;43
07;69;2021-04-04;0;0;117;43
07;69;2021-04-05;0;0;117;43
07;69;2021-04-06;0;0;117;43
07;69;2021-04-07;10;0;127;43
07;69;2021-04-08;18;4;145;47
07;69;2021-04-09;13;3;158;50
07;69;2021-04-10;0;0;158;50
07;69;2021-04-11;0;0;158;50
07;69;2021-04-12;0;0;158;50
07;69;2021-04-13;0;0;158;50
07;69;2021-04-14;11;0;169;50
07;69;2021-04-15;31;13;200;63
07;69;2021-04-16;13;4;213;67
07;69;2021-04-17;2;0;215;67
07;69;2021-04-18;0;0;215;67
07;69;2021-04-19;0;0;215;67
07;69;2021-04-20;10;6;225;73
07;69;2021-04-21;24;1;249;74
07;74;2020-12-27;0;0;0;0
07;74;2020-12-28;0;0;0;0
07;74;2020-12-29;0;0;0;0
07;74;2020-12-30;0;0;0;0
07;74;2020-12-31;0;0;0;0
07;74;2021-01-01;0;0;0;0
07;74;2021-01-02;0;0;0;0
07;74;2021-01-03;0;0;0;0
07;74;2021-01-04;0;0;0;0
07;74;2021-01-05;0;0;0;0
07;74;2021-01-06;0;0;0;0
07;74;2021-01-07;0;0;0;0
07;74;2021-01-08;0;0;0;0
07;74;2021-01-09;0;0;0;0
07;74;2021-01-10;0;0;0;0
07;74;2021-01-11;0;0;0;0
07;74;2021-01-12;0;0;0;0
07;74;2021-01-13;0;0;0;0
07;74;2021-01-14;0;0;0;0
07;74;2021-01-15;0;0;0;0
07;74;2021-01-16;0;0;0;0
07;74;2021-01-17;0;0;0;0
07;74;2021-01-18;0;0;0;0
07;74;2021-01-19;0;0;0;0
07;74;2021-01-20;0;0;0;0
07;74;2021-01-21;0;0;0;0
07;74;2021-01-22;0;0;0;0
07;74;2021-01-23;0;0;0;0
07;74;2021-01-24;0;0;0;0
07;74;2021-01-25;0;0;0;0
07;74;2021-01-26;0;0;0;0
07;74;2021-01-27;0;0;0;0
07;74;2021-01-28;0;0;0;0
07;74;2021-01-29;0;0;0;0
07;74;2021-01-30;0;0;0;0
07;74;2021-01-31;0;0;0;0
07;74;2021-02-01;0;0;0;0
07;74;2021-02-02;0;0;0;0
07;74;2021-02-03;3;0;3;0
07;74;2021-02-04;2;0;5;0
07;74;2021-02-05;2;0;7;0
07;74;2021-02-06;0;0;7;0
07;74;2021-02-07;0;0;7;0
07;74;2021-02-08;2;0;9;0
07;74;2021-02-09;5;0;14;0
07;74;2021-02-10;4;0;18;0
07;74;2021-02-11;4;0;22;0
07;74;2021-02-12;7;0;29;0
07;74;2021-02-13;0;0;29;0
07;74;2021-02-14;0;0;29;0
07;74;2021-02-15;0;0;29;0
07;74;2021-02-16;1;0;30;0
07;74;2021-02-17;0;1;30;1
07;74;2021-02-18;4;0;34;1
07;74;2021-02-19;3;0;37;1
07;74;2021-02-20;0;0;37;1
07;74;2021-02-21;0;0;37;1
07;74;2021-02-22;0;0;37;1
07;74;2021-02-23;0;0;37;1
07;74;2021-02-24;6;0;43;1
07;74;2021-02-25;3;3;46;4
07;74;2021-02-26;2;5;48;9
07;74;2021-02-27;0;0;48;9
07;74;2021-02-28;0;0;48;9
07;74;2021-03-01;0;0;48;9
07;74;2021-03-02;1;1;49;10
07;74;2021-03-03;0;0;49;10
07;74;2021-03-04;3;2;52;12
07;74;2021-03-05;5;2;57;14
07;74;2021-03-06;0;0;57;14
07;74;2021-03-07;0;0;57;14
07;74;2021-03-08;0;0;57;14
07;74;2021-03-09;0;0;57;14
07;74;2021-03-10;0;0;57;14
07;74;2021-03-11;4;4;61;18
07;74;2021-03-12;3;6;64;24
07;74;2021-03-13;0;0;64;24
07;74;2021-03-14;3;0;67;24
07;74;2021-03-15;0;0;67;24
07;74;2021-03-16;3;3;70;27
07;74;2021-03-17;0;0;70;27
07;74;2021-03-18;3;1;73;28
07;74;2021-03-19;5;4;78;32
07;74;2021-03-20;0;0;78;32
07;74;2021-03-21;0;0;78;32
07;74;2021-03-22;0;0;78;32
07;74;2021-03-23;0;0;78;32
07;74;2021-03-24;0;0;78;32
07;74;2021-03-25;12;3;90;35
07;74;2021-03-26;3;2;93;37
07;74;2021-03-27;0;0;93;37
07;74;2021-03-28;0;0;93;37
07;74;2021-03-29;0;0;93;37
07;74;2021-03-30;3;2;96;39
07;74;2021-03-31;0;0;96;39
07;74;2021-04-01;5;6;101;45
07;74;2021-04-02;1;0;102;45
07;74;2021-04-03;3;0;105;45
07;74;2021-04-04;0;0;105;45
07;74;2021-04-05;0;0;105;45
07;74;2021-04-06;0;0;105;45
07;74;2021-04-07;7;0;112;45
07;74;2021-04-08;8;9;120;54
07;74;2021-04-09;16;2;136;56
07;74;2021-04-10;1;0;137;56
07;74;2021-04-11;0;0;137;56
07;74;2021-04-12;0;0;137;56
07;74;2021-04-13;0;0;137;56
07;74;2021-04-14;8;1;145;57
07;74;2021-04-15;20;4;165;61
07;74;2021-04-16;19;5;184;66
07;74;2021-04-17;2;0;186;66
07;74;2021-04-18;0;0;186;66
07;74;2021-04-19;0;0;186;66
07;74;2021-04-20;5;4;191;70
07;74;2021-04-21;22;1;213;71
07;79;2020-12-27;0;0;0;0
07;79;2020-12-28;0;0;0;0
07;79;2020-12-29;0;0;0;0
07;79;2020-12-30;0;0;0;0
07;79;2020-12-31;0;0;0;0
07;79;2021-01-01;0;0;0;0
07;79;2021-01-02;0;0;0;0
07;79;2021-01-03;0;0;0;0
07;79;2021-01-04;0;0;0;0
07;79;2021-01-05;0;0;0;0
07;79;2021-01-06;0;0;0;0
07;79;2021-01-07;0;0;0;0
07;79;2021-01-08;0;0;0;0
07;79;2021-01-09;0;0;0;0
07;79;2021-01-10;0;0;0;0
07;79;2021-01-11;0;0;0;0
07;79;2021-01-12;0;0;0;0
07;79;2021-01-13;0;0;0;0
07;79;2021-01-14;0;0;0;0
07;79;2021-01-15;0;0;0;0
07;79;2021-01-16;0;0;0;0
07;79;2021-01-17;0;0;0;0
07;79;2021-01-18;0;0;0;0
07;79;2021-01-19;0;0;0;0
07;79;2021-01-20;0;0;0;0
07;79;2021-01-21;0;0;0;0
07;79;2021-01-22;0;0;0;0
07;79;2021-01-23;0;0;0;0
07;79;2021-01-24;0;0;0;0
07;79;2021-01-25;0;0;0;0
07;79;2021-01-26;0;0;0;0
07;79;2021-01-27;0;0;0;0
07;79;2021-01-28;0;0;0;0
07;79;2021-01-29;0;0;0;0
07;79;2021-01-30;0;0;0;0
07;79;2021-01-31;0;0;0;0
07;79;2021-02-01;0;0;0;0
07;79;2021-02-02;0;0;0;0
07;79;2021-02-03;0;0;0;0
07;79;2021-02-04;2;0;2;0
07;79;2021-02-05;4;0;6;0
07;79;2021-02-06;0;0;6;0
07;79;2021-02-07;0;0;6;0
07;79;2021-02-08;0;0;6;0
07;79;2021-02-09;5;0;11;0
07;79;2021-02-10;3;0;14;0
07;79;2021-02-11;3;0;17;0
07;79;2021-02-12;6;0;23;0
07;79;2021-02-13;0;0;23;0
07;79;2021-02-14;0;0;23;0
07;79;2021-02-15;0;0;23;0
07;79;2021-02-16;0;0;23;0
07;79;2021-02-17;0;0;23;0
07;79;2021-02-18;4;0;27;0
07;79;2021-02-19;1;0;28;0
07;79;2021-02-20;0;0;28;0
07;79;2021-02-21;0;0;28;0
07;79;2021-02-22;0;0;28;0
07;79;2021-02-23;0;0;28;0
07;79;2021-02-24;5;0;33;0
07;79;2021-02-25;5;2;38;2
07;79;2021-02-26;4;1;42;3
07;79;2021-02-27;0;0;42;3
07;79;2021-02-28;0;0;42;3
07;79;2021-03-01;0;0;42;3
07;79;2021-03-02;1;6;43;9
07;79;2021-03-03;0;0;43;9
07;79;2021-03-04;3;2;46;11
07;79;2021-03-05;0;3;46;14
07;79;2021-03-06;0;0;46;14
07;79;2021-03-07;0;0;46;14
07;79;2021-03-08;0;0;46;14
07;79;2021-03-09;0;0;46;14
07;79;2021-03-10;0;0;46;14
07;79;2021-03-11;2;5;48;19
07;79;2021-03-12;3;6;51;25
07;79;2021-03-13;0;0;51;25
07;79;2021-03-14;0;0;51;25
07;79;2021-03-15;0;0;51;25
07;79;2021-03-16;4;3;55;28
07;79;2021-03-17;0;0;55;28
07;79;2021-03-18;1;2;56;30
07;79;2021-03-19;1;1;57;31
07;79;2021-03-20;0;0;57;31
07;79;2021-03-21;0;0;57;31
07;79;2021-03-22;0;0;57;31
07;79;2021-03-23;0;0;57;31
07;79;2021-03-24;0;0;57;31
07;79;2021-03-25;9;5;66;36
07;79;2021-03-26;2;2;68;38
07;79;2021-03-27;0;0;68;38
07;79;2021-03-28;0;0;68;38
07;79;2021-03-29;0;0;68;38
07;79;2021-03-30;2;1;70;39
07;79;2021-03-31;2;0;72;39
07;79;2021-04-01;3;4;75;43
07;79;2021-04-02;0;0;75;43
07;79;2021-04-03;2;0;77;43
07;79;2021-04-04;0;0;77;43
07;79;2021-04-05;0;0;77;43
07;79;2021-04-06;0;0;77;43
07;79;2021-04-07;3;0;80;43
07;79;2021-04-08;6;2;86;45
07;79;2021-04-09;6;3;92;48
07;79;2021-04-10;2;0;94;48
07;79;2021-04-11;0;0;94;48
07;79;2021-04-12;0;0;94;48
07;79;2021-04-13;0;1;94;49
07;79;2021-04-14;6;0;100;49
07;79;2021-04-15;17;6;117;55
07;79;2021-04-16;7;1;124;56
07;79;2021-04-17;1;0;125;56
07;79;2021-04-18;0;0;125;56
07;79;2021-04-19;0;0;125;56
07;79;2021-04-20;0;1;125;57
07;79;2021-04-21;7;1;132;58
07;80;2020-12-27;0;0;0;0
07;80;2020-12-28;0;0;0;0
07;80;2020-12-29;0;0;0;0
07;80;2020-12-30;0;0;0;0
07;80;2020-12-31;0;0;0;0
07;80;2021-01-01;0;0;0;0
07;80;2021-01-02;0;0;0;0
07;80;2021-01-03;0;0;0;0
07;80;2021-01-04;0;0;0;0
07;80;2021-01-05;0;0;0;0
07;80;2021-01-06;0;0;0;0
07;80;2021-01-07;0;0;0;0
07;80;2021-01-08;0;0;0;0
07;80;2021-01-09;0;0;0;0
07;80;2021-01-10;0;0;0;0
07;80;2021-01-11;0;0;0;0
07;80;2021-01-12;0;0;0;0
07;80;2021-01-13;0;0;0;0
07;80;2021-01-14;0;0;0;0
07;80;2021-01-15;0;0;0;0
07;80;2021-01-16;0;0;0;0
07;80;2021-01-17;0;0;0;0
07;80;2021-01-18;0;0;0;0
07;80;2021-01-19;0;0;0;0
07;80;2021-01-20;0;0;0;0
07;80;2021-01-21;0;0;0;0
07;80;2021-01-22;0;0;0;0
07;80;2021-01-23;0;0;0;0
07;80;2021-01-24;0;0;0;0
07;80;2021-01-25;0;0;0;0
07;80;2021-01-26;0;0;0;0
07;80;2021-01-27;0;0;0;0
07;80;2021-01-28;0;0;0;0
07;80;2021-01-29;0;0;0;0
07;80;2021-01-30;0;0;0;0
07;80;2021-01-31;0;0;0;0
07;80;2021-02-01;0;0;0;0
07;80;2021-02-02;0;0;0;0
07;80;2021-02-03;2;0;2;0
07;80;2021-02-04;1;0;3;0
07;80;2021-02-05;2;1;5;1
07;80;2021-02-06;0;0;5;1
07;80;2021-02-07;0;0;5;1
07;80;2021-02-08;0;0;5;1
07;80;2021-02-09;1;0;6;1
07;80;2021-02-10;7;0;13;1
07;80;2021-02-11;1;0;14;1
07;80;2021-02-12;3;0;17;1
07;80;2021-02-13;0;0;17;1
07;80;2021-02-14;0;0;17;1
07;80;2021-02-15;0;0;17;1
07;80;2021-02-16;0;0;17;1
07;80;2021-02-17;0;0;17;1
07;80;2021-02-18;1;0;18;1
07;80;2021-02-19;1;0;19;1
07;80;2021-02-20;0;0;19;1
07;80;2021-02-21;0;0;19;1
07;80;2021-02-22;0;0;19;1
07;80;2021-02-23;0;0;19;1
07;80;2021-02-24;3;0;22;1
07;80;2021-02-25;2;0;24;1
07;80;2021-02-26;2;1;26;2
07;80;2021-02-27;0;0;26;2
07;80;2021-02-28;0;0;26;2
07;80;2021-03-01;0;0;26;2
07;80;2021-03-02;1;4;27;6
07;80;2021-03-03;0;0;27;6
07;80;2021-03-04;2;1;29;7
07;80;2021-03-05;1;2;30;9
07;80;2021-03-06;0;0;30;9
07;80;2021-03-07;0;0;30;9
07;80;2021-03-08;0;0;30;9
07;80;2021-03-09;0;0;30;9
07;80;2021-03-10;0;0;30;9
07;80;2021-03-11;1;1;31;10
07;80;2021-03-12;6;3;37;13
07;80;2021-03-13;0;0;37;13
07;80;2021-03-14;0;0;37;13
07;80;2021-03-15;0;0;37;13
07;80;2021-03-16;2;2;39;15
07;80;2021-03-17;0;0;39;15
07;80;2021-03-18;0;1;39;16
07;80;2021-03-19;1;1;40;17
07;80;2021-03-20;0;0;40;17
07;80;2021-03-21;0;0;40;17
07;80;2021-03-22;0;0;40;17
07;80;2021-03-23;0;0;40;17
07;80;2021-03-24;0;0;40;17
07;80;2021-03-25;9;2;49;19
07;80;2021-03-26;4;1;53;20
07;80;2021-03-27;0;0;53;20
07;80;2021-03-28;0;0;53;20
07;80;2021-03-29;0;0;53;20
07;80;2021-03-30;0;1;53;21
07;80;2021-03-31;0;0;53;21
07;80;2021-04-01;5;3;58;24
07;80;2021-04-02;2;0;60;24
07;80;2021-04-03;2;0;62;24
07;80;2021-04-04;0;0;62;24
07;80;2021-04-05;0;0;62;24
07;80;2021-04-06;0;0;62;24
07;80;2021-04-07;9;0;71;24
07;80;2021-04-08;9;5;80;29
07;80;2021-04-09;11;3;91;32
07;80;2021-04-10;0;0;91;32
07;80;2021-04-11;0;0;91;32
07;80;2021-04-12;0;0;91;32
07;80;2021-04-13;0;0;91;32
07;80;2021-04-14;7;1;98;33
07;80;2021-04-15;20;1;118;34
07;80;2021-04-16;16;1;134;35
07;80;2021-04-17;1;0;135;35
07;80;2021-04-18;0;0;135;35
07;80;2021-04-19;0;0;135;35
07;80;2021-04-20;1;2;136;37
07;80;2021-04-21;12;1;148;38
08;24;2020-12-27;0;0;0;0
08;24;2020-12-28;0;0;0;0
08;24;2020-12-29;0;0;0;0
08;24;2020-12-30;0;0;0;0
08;24;2020-12-31;0;0;0;0
08;24;2021-01-01;0;0;0;0
08;24;2021-01-02;0;0;0;0
08;24;2021-01-03;0;0;0;0
08;24;2021-01-04;0;0;0;0
08;24;2021-01-05;0;0;0;0
08;24;2021-01-06;0;0;0;0
08;24;2021-01-07;0;0;0;0
08;24;2021-01-08;0;0;0;0
08;24;2021-01-09;0;0;0;0
08;24;2021-01-10;0;0;0;0
08;24;2021-01-11;0;0;0;0
08;24;2021-01-12;0;0;0;0
08;24;2021-01-13;0;0;0;0
08;24;2021-01-14;0;0;0;0
08;24;2021-01-15;0;0;0;0
08;24;2021-01-16;0;0;0;0
08;24;2021-01-17;0;0;0;0
08;24;2021-01-18;0;0;0;0
08;24;2021-01-19;0;0;0;0
08;24;2021-01-20;0;0;0;0
08;24;2021-01-21;0;0;0;0
08;24;2021-01-22;0;0;0;0
08;24;2021-01-23;0;0;0;0
08;24;2021-01-24;0;0;0;0
08;24;2021-01-25;0;0;0;0
08;24;2021-01-26;0;0;0;0
08;24;2021-01-27;0;0;0;0
08;24;2021-01-28;0;0;0;0
08;24;2021-01-29;0;0;0;0
08;24;2021-01-30;0;0;0;0
08;24;2021-01-31;0;0;0;0
08;24;2021-02-01;0;0;0;0
08;24;2021-02-02;0;0;0;0
08;24;2021-02-03;0;0;0;0
08;24;2021-02-04;0;0;0;0
08;24;2021-02-05;0;0;0;0
08;24;2021-02-06;0;0;0;0
08;24;2021-02-07;0;0;0;0
08;24;2021-02-08;0;0;0;0
08;24;2021-02-09;0;0;0;0
08;24;2021-02-10;0;0;0;0
08;24;2021-02-11;0;0;0;0
08;24;2021-02-12;0;0;0;0
08;24;2021-02-13;0;0;0;0
08;24;2021-02-14;0;0;0;0
08;24;2021-02-15;1;0;1;0
08;24;2021-02-16;0;0;1;0
08;24;2021-02-17;0;0;1;0
08;24;2021-02-18;0;0;1;0
08;24;2021-02-19;0;0;1;0
08;24;2021-02-20;0;0;1;0
08;24;2021-02-21;0;0;1;0
08;24;2021-02-22;0;0;1;0
08;24;2021-02-23;0;0;1;0
08;24;2021-02-24;0;0;1;0
08;24;2021-02-25;0;0;1;0
08;24;2021-02-26;0;0;1;0
08;24;2021-02-27;0;0;1;0
08;24;2021-02-28;0;0;1;0
08;24;2021-03-01;1;0;2;0
08;24;2021-03-02;0;0;2;0
08;24;2021-03-03;0;0;2;0
08;24;2021-03-04;0;0;2;0
08;24;2021-03-05;0;0;2;0
08;24;2021-03-06;0;0;2;0
08;24;2021-03-07;0;0;2;0
08;24;2021-03-08;0;0;2;0
08;24;2021-03-09;0;0;2;0
08;24;2021-03-10;0;0;2;0
08;24;2021-03-11;0;0;2;0
08;24;2021-03-12;1;0;3;0
08;24;2021-03-13;0;0;3;0
08;24;2021-03-14;0;0;3;0
08;24;2021-03-15;0;1;3;1
08;24;2021-03-16;1;0;4;1
08;24;2021-03-17;0;0;4;1
08;24;2021-03-18;0;0;4;1
08;24;2021-03-19;0;0;4;1
08;24;2021-03-20;0;0;4;1
08;24;2021-03-21;0;0;4;1
08;24;2021-03-22;0;0;4;1
08;24;2021-03-23;2;0;6;1
08;24;2021-03-24;0;0;6;1
08;24;2021-03-25;0;0;6;1
08;24;2021-03-26;0;0;6;1
08;24;2021-03-27;0;0;6;1
08;24;2021-03-28;0;0;6;1
08;24;2021-03-29;0;1;6;2
08;24;2021-03-30;2;0;8;2
08;24;2021-03-31;1;0;9;2
08;24;2021-04-01;0;0;9;2
08;24;2021-04-02;0;0;9;2
08;24;2021-04-03;0;0;9;2
08;24;2021-04-04;0;0;9;2
08;24;2021-04-05;0;0;9;2
08;24;2021-04-06;0;0;9;2
08;24;2021-04-07;2;0;11;2
08;24;2021-04-08;2;0;13;2
08;24;2021-04-09;0;0;13;2
08;24;2021-04-10;0;0;13;2
08;24;2021-04-11;0;0;13;2
08;24;2021-04-12;1;0;14;2
08;24;2021-04-13;1;1;15;3
08;24;2021-04-14;1;0;16;3
08;24;2021-04-15;1;0;17;3
08;24;2021-04-16;2;0;19;3
08;24;2021-04-17;0;0;19;3
08;24;2021-04-18;0;0;19;3
08;24;2021-04-19;0;1;19;4
08;24;2021-04-20;0;1;19;5
08;24;2021-04-21;2;0;21;5
08;29;2020-12-27;0;0;0;0
08;29;2020-12-28;0;0;0;0
08;29;2020-12-29;0;0;0;0
08;29;2020-12-30;0;0;0;0
08;29;2020-12-31;0;0;0;0
08;29;2021-01-01;0;0;0;0
08;29;2021-01-02;0;0;0;0
08;29;2021-01-03;0;0;0;0
08;29;2021-01-04;0;0;0;0
08;29;2021-01-05;0;0;0;0
08;29;2021-01-06;0;0;0;0
08;29;2021-01-07;0;0;0;0
08;29;2021-01-08;0;0;0;0
08;29;2021-01-09;0;0;0;0
08;29;2021-01-10;0;0;0;0
08;29;2021-01-11;0;0;0;0
08;29;2021-01-12;0;0;0;0
08;29;2021-01-13;0;0;0;0
08;29;2021-01-14;0;0;0;0
08;29;2021-01-15;0;0;0;0
08;29;2021-01-16;0;0;0;0
08;29;2021-01-17;0;0;0;0
08;29;2021-01-18;0;0;0;0
08;29;2021-01-19;0;0;0;0
08;29;2021-01-20;0;0;0;0
08;29;2021-01-21;0;0;0;0
08;29;2021-01-22;0;0;0;0
08;29;2021-01-23;0;0;0;0
08;29;2021-01-24;0;0;0;0
08;29;2021-01-25;0;0;0;0
08;29;2021-01-26;0;0;0;0
08;29;2021-01-27;0;0;0;0
08;29;2021-01-28;0;0;0;0
08;29;2021-01-29;0;0;0;0
08;29;2021-01-30;0;0;0;0
08;29;2021-01-31;0;0;0;0
08;29;2021-02-01;0;0;0;0
08;29;2021-02-02;0;0;0;0
08;29;2021-02-03;0;0;0;0
08;29;2021-02-04;0;0;0;0
08;29;2021-02-05;0;0;0;0
08;29;2021-02-06;0;0;0;0
08;29;2021-02-07;0;0;0;0
08;29;2021-02-08;0;0;0;0
08;29;2021-02-09;0;0;0;0
08;29;2021-02-10;0;0;0;0
08;29;2021-02-11;0;0;0;0
08;29;2021-02-12;0;0;0;0
08;29;2021-02-13;0;0;0;0
08;29;2021-02-14;0;0;0;0
08;29;2021-02-15;0;0;0;0
08;29;2021-02-16;0;0;0;0
08;29;2021-02-17;0;0;0;0
08;29;2021-02-18;0;0;0;0
08;29;2021-02-19;0;0;0;0
08;29;2021-02-20;0;0;0;0
08;29;2021-02-21;0;0;0;0
08;29;2021-02-22;0;0;0;0
08;29;2021-02-23;0;0;0;0
08;29;2021-02-24;0;0;0;0
08;29;2021-02-25;1;0;1;0
08;29;2021-02-26;0;1;1;1
08;29;2021-02-27;0;0;1;1
08;29;2021-02-28;0;0;1;1
08;29;2021-03-01;1;0;2;1
08;29;2021-03-02;0;0;2;1
08;29;2021-03-03;0;0;2;1
08;29;2021-03-04;0;0;2;1
08;29;2021-03-05;2;0;4;1
08;29;2021-03-06;0;0;4;1
08;29;2021-03-07;0;0;4;1
08;29;2021-03-08;0;0;4;1
08;29;2021-03-09;0;0;4;1
08;29;2021-03-10;0;0;4;1
08;29;2021-03-11;0;0;4;1
08;29;2021-03-12;0;0;4;1
08;29;2021-03-13;0;0;4;1
08;29;2021-03-14;0;0;4;1
08;29;2021-03-15;0;0;4;1
08;29;2021-03-16;2;0;6;1
08;29;2021-03-17;1;0;7;1
08;29;2021-03-18;1;2;8;3
08;29;2021-03-19;1;2;9;5
08;29;2021-03-20;0;0;9;5
08;29;2021-03-21;0;0;9;5
08;29;2021-03-22;0;1;9;6
08;29;2021-03-23;1;0;10;6
08;29;2021-03-24;0;1;10;7
08;29;2021-03-25;1;0;11;7
08;29;2021-03-26;1;0;12;7
08;29;2021-03-27;0;0;12;7
08;29;2021-03-28;0;0;12;7
08;29;2021-03-29;0;1;12;8
08;29;2021-03-30;0;0;12;8
08;29;2021-03-31;2;0;14;8
08;29;2021-04-01;1;0;15;8
08;29;2021-04-02;0;0;15;8
08;29;2021-04-03;0;0;15;8
08;29;2021-04-04;0;0;15;8
08;29;2021-04-05;0;0;15;8
08;29;2021-04-06;2;0;17;8
08;29;2021-04-07;3;0;20;8
08;29;2021-04-08;1;0;21;8
08;29;2021-04-09;5;0;26;8
08;29;2021-04-10;7;0;33;8
08;29;2021-04-11;0;0;33;8
08;29;2021-04-12;2;2;35;10
08;29;2021-04-13;1;2;36;12
08;29;2021-04-14;0;1;36;13
08;29;2021-04-15;2;0;38;13
08;29;2021-04-16;2;0;40;13
08;29;2021-04-17;0;0;40;13
08;29;2021-04-18;0;0;40;13
08;29;2021-04-19;2;1;42;14
08;29;2021-04-20;1;0;43;14
08;29;2021-04-21;4;0;47;14
08;39;2020-12-27;0;0;0;0
08;39;2020-12-28;0;0;0;0
08;39;2020-12-29;0;0;0;0
08;39;2020-12-30;0;0;0;0
08;39;2020-12-31;0;0;0;0
08;39;2021-01-01;0;0;0;0
08;39;2021-01-02;0;0;0;0
08;39;2021-01-03;0;0;0;0
08;39;2021-01-04;0;0;0;0
08;39;2021-01-05;0;0;0;0
08;39;2021-01-06;0;0;0;0
08;39;2021-01-07;0;0;0;0
08;39;2021-01-08;0;0;0;0
08;39;2021-01-09;0;0;0;0
08;39;2021-01-10;0;0;0;0
08;39;2021-01-11;0;0;0;0
08;39;2021-01-12;0;0;0;0
08;39;2021-01-13;0;0;0;0
08;39;2021-01-14;0;0;0;0
08;39;2021-01-15;0;0;0;0
08;39;2021-01-16;0;0;0;0
08;39;2021-01-17;0;0;0;0
08;39;2021-01-18;0;0;0;0
08;39;2021-01-19;0;0;0;0
08;39;2021-01-20;0;0;0;0
08;39;2021-01-21;0;0;0;0
08;39;2021-01-22;0;0;0;0
08;39;2021-01-23;0;0;0;0
08;39;2021-01-24;0;0;0;0
08;39;2021-01-25;0;0;0;0
08;39;2021-01-26;0;0;0;0
08;39;2021-01-27;0;0;0;0
08;39;2021-01-28;0;0;0;0
08;39;2021-01-29;0;0;0;0
08;39;2021-01-30;0;0;0;0
08;39;2021-01-31;0;0;0;0
08;39;2021-02-01;0;0;0;0
08;39;2021-02-02;0;0;0;0
08;39;2021-02-03;0;0;0;0
08;39;2021-02-04;1;0;1;0
08;39;2021-02-05;0;0;1;0
08;39;2021-02-06;0;0;1;0
08;39;2021-02-07;0;0;1;0
08;39;2021-02-08;0;0;1;0
08;39;2021-02-09;0;0;1;0
08;39;2021-02-10;0;0;1;0
08;39;2021-02-11;0;0;1;0
08;39;2021-02-12;0;0;1;0
08;39;2021-02-13;0;0;1;0
08;39;2021-02-14;0;0;1;0
08;39;2021-02-15;1;0;2;0
08;39;2021-02-16;0;0;2;0
08;39;2021-02-17;0;0;2;0
08;39;2021-02-18;0;0;2;0
08;39;2021-02-19;0;0;2;0
08;39;2021-02-20;0;0;2;0
08;39;2021-02-21;0;0;2;0
08;39;2021-02-22;1;0;3;0
08;39;2021-02-23;3;0;6;0
08;39;2021-02-24;3;0;9;0
08;39;2021-02-25;4;0;13;0
08;39;2021-02-26;3;1;16;1
08;39;2021-02-27;0;0;16;1
08;39;2021-02-28;0;0;16;1
08;39;2021-03-01;2;1;18;2
08;39;2021-03-02;0;0;18;2
08;39;2021-03-03;2;0;20;2
08;39;2021-03-04;3;1;23;3
08;39;2021-03-05;2;0;25;3
08;39;2021-03-06;0;0;25;3
08;39;2021-03-07;0;0;25;3
08;39;2021-03-08;5;0;30;3
08;39;2021-03-09;1;0;31;3
08;39;2021-03-10;3;6;34;9
08;39;2021-03-11;0;0;34;9
08;39;2021-03-12;0;2;34;11
08;39;2021-03-13;0;0;34;11
08;39;2021-03-14;0;0;34;11
08;39;2021-03-15;3;4;37;15
08;39;2021-03-16;8;0;45;15
08;39;2021-03-17;2;0;47;15
08;39;2021-03-18;7;1;54;16
08;39;2021-03-19;3;2;57;18
08;39;2021-03-20;0;0;57;18
08;39;2021-03-21;0;0;57;18
08;39;2021-03-22;6;4;63;22
08;39;2021-03-23;5;3;68;25
08;39;2021-03-24;2;2;70;27
08;39;2021-03-25;3;2;73;29
08;39;2021-03-26;6;5;79;34
08;39;2021-03-27;0;0;79;34
08;39;2021-03-28;0;0;79;34
08;39;2021-03-29;6;3;85;37
08;39;2021-03-30;9;1;94;38
08;39;2021-03-31;5;3;99;41
08;39;2021-04-01;7;5;106;46
08;39;2021-04-02;0;0;106;46
08;39;2021-04-03;0;0;106;46
08;39;2021-04-04;0;0;106;46
08;39;2021-04-05;0;0;106;46
08;39;2021-04-06;1;3;107;49
08;39;2021-04-07;5;1;112;50
08;39;2021-04-08;12;0;124;50
08;39;2021-04-09;12;1;136;51
08;39;2021-04-10;10;0;146;51
08;39;2021-04-11;0;0;146;51
08;39;2021-04-12;4;6;150;57
08;39;2021-04-13;4;9;154;66
08;39;2021-04-14;7;2;161;68
08;39;2021-04-15;6;3;167;71
08;39;2021-04-16;14;6;181;77
08;39;2021-04-17;0;0;181;77
08;39;2021-04-18;0;0;181;77
08;39;2021-04-19;4;8;185;85
08;39;2021-04-20;9;3;194;88
08;39;2021-04-21;7;2;201;90
08;49;2020-12-27;0;0;0;0
08;49;2020-12-28;0;0;0;0
08;49;2020-12-29;0;0;0;0
08;49;2020-12-30;0;0;0;0
08;49;2020-12-31;0;0;0;0
08;49;2021-01-01;0;0;0;0
08;49;2021-01-02;0;0;0;0
08;49;2021-01-03;0;0;0;0
08;49;2021-01-04;0;0;0;0
08;49;2021-01-05;0;0;0;0
08;49;2021-01-06;0;0;0;0
08;49;2021-01-07;0;0;0;0
08;49;2021-01-08;0;0;0;0
08;49;2021-01-09;0;0;0;0
08;49;2021-01-10;0;0;0;0
08;49;2021-01-11;0;0;0;0
08;49;2021-01-12;0;0;0;0
08;49;2021-01-13;0;0;0;0
08;49;2021-01-14;0;0;0;0
08;49;2021-01-15;0;0;0;0
08;49;2021-01-16;0;0;0;0
08;49;2021-01-17;0;0;0;0
08;49;2021-01-18;0;0;0;0
08;49;2021-01-19;0;0;0;0
08;49;2021-01-20;0;0;0;0
08;49;2021-01-21;0;0;0;0
08;49;2021-01-22;0;0;0;0
08;49;2021-01-23;0;0;0;0
08;49;2021-01-24;0;0;0;0
08;49;2021-01-25;0;0;0;0
08;49;2021-01-26;0;0;0;0
08;49;2021-01-27;0;0;0;0
08;49;2021-01-28;0;0;0;0
08;49;2021-01-29;0;0;0;0
08;49;2021-01-30;0;0;0;0
08;49;2021-01-31;0;0;0;0
08;49;2021-02-01;0;0;0;0
08;49;2021-02-02;0;0;0;0
08;49;2021-02-03;0;0;0;0
08;49;2021-02-04;3;0;3;0
08;49;2021-02-05;0;0;3;0
08;49;2021-02-06;0;0;3;0
08;49;2021-02-07;0;0;3;0
08;49;2021-02-08;0;0;3;0
08;49;2021-02-09;0;0;3;0
08;49;2021-02-10;0;0;3;0
08;49;2021-02-11;0;0;3;0
08;49;2021-02-12;0;0;3;0
08;49;2021-02-13;0;0;3;0
08;49;2021-02-14;0;0;3;0
08;49;2021-02-15;1;0;4;0
08;49;2021-02-16;0;0;4;0
08;49;2021-02-17;0;0;4;0
08;49;2021-02-18;0;0;4;0
08;49;2021-02-19;0;0;4;0
08;49;2021-02-20;0;0;4;0
08;49;2021-02-21;0;0;4;0
08;49;2021-02-22;0;0;4;0
08;49;2021-02-23;0;0;4;0
08;49;2021-02-24;4;0;8;0
08;49;2021-02-25;6;1;14;1
08;49;2021-02-26;4;0;18;1
08;49;2021-02-27;0;0;18;1
08;49;2021-02-28;0;0;18;1
08;49;2021-03-01;5;0;23;1
08;49;2021-03-02;1;3;24;4
08;49;2021-03-03;5;0;29;4
08;49;2021-03-04;3;2;32;6
08;49;2021-03-05;6;0;38;6
08;49;2021-03-06;0;0;38;6
08;49;2021-03-07;0;0;38;6
08;49;2021-03-08;8;1;46;7
08;49;2021-03-09;2;2;48;9
08;49;2021-03-10;1;3;49;12
08;49;2021-03-11;0;0;49;12
08;49;2021-03-12;8;2;57;14
08;49;2021-03-13;0;0;57;14
08;49;2021-03-14;0;0;57;14
08;49;2021-03-15;6;4;63;18
08;49;2021-03-16;10;0;73;18
08;49;2021-03-17;10;3;83;21
08;49;2021-03-18;7;4;90;25
08;49;2021-03-19;7;3;97;28
08;49;2021-03-20;0;0;97;28
08;49;2021-03-21;0;0;97;28
08;49;2021-03-22;11;4;108;32
08;49;2021-03-23;4;6;112;38
08;49;2021-03-24;6;6;118;44
08;49;2021-03-25;11;7;129;51
08;49;2021-03-26;8;2;137;53
08;49;2021-03-27;0;0;137;53
08;49;2021-03-28;0;0;137;53
08;49;2021-03-29;9;2;146;55
08;49;2021-03-30;17;1;163;56
08;49;2021-03-31;8;7;171;63
08;49;2021-04-01;8;12;179;75
08;49;2021-04-02;0;0;179;75
08;49;2021-04-03;0;0;179;75
08;49;2021-04-04;0;0;179;75
08;49;2021-04-05;0;0;179;75
08;49;2021-04-06;7;9;186;84
08;49;2021-04-07;19;4;205;88
08;49;2021-04-08;23;0;228;88
08;49;2021-04-09;13;5;241;93
08;49;2021-04-10;16;0;257;93
08;49;2021-04-11;0;0;257;93
08;49;2021-04-12;9;11;266;104
08;49;2021-04-13;12;9;278;113
08;49;2021-04-14;18;8;296;121
08;49;2021-04-15;21;3;317;124
08;49;2021-04-16;18;13;335;137
08;49;2021-04-17;0;0;335;137
08;49;2021-04-18;0;0;335;137
08;49;2021-04-19;7;9;342;146
08;49;2021-04-20;14;8;356;154
08;49;2021-04-21;21;4;377;158
08;59;2020-12-27;0;0;0;0
08;59;2020-12-28;0;0;0;0
08;59;2020-12-29;0;0;0;0
08;59;2020-12-30;0;0;0;0
08;59;2020-12-31;0;0;0;0
08;59;2021-01-01;0;0;0;0
08;59;2021-01-02;0;0;0;0
08;59;2021-01-03;0;0;0;0
08;59;2021-01-04;0;0;0;0
08;59;2021-01-05;0;0;0;0
08;59;2021-01-06;0;0;0;0
08;59;2021-01-07;0;0;0;0
08;59;2021-01-08;0;0;0;0
08;59;2021-01-09;0;0;0;0
08;59;2021-01-10;0;0;0;0
08;59;2021-01-11;0;0;0;0
08;59;2021-01-12;0;0;0;0
08;59;2021-01-13;0;0;0;0
08;59;2021-01-14;0;0;0;0
08;59;2021-01-15;0;0;0;0
08;59;2021-01-16;0;0;0;0
08;59;2021-01-17;0;0;0;0
08;59;2021-01-18;0;0;0;0
08;59;2021-01-19;0;0;0;0
08;59;2021-01-20;0;0;0;0
08;59;2021-01-21;0;0;0;0
08;59;2021-01-22;0;0;0;0
08;59;2021-01-23;0;0;0;0
08;59;2021-01-24;0;0;0;0
08;59;2021-01-25;0;0;0;0
08;59;2021-01-26;0;0;0;0
08;59;2021-01-27;0;0;0;0
08;59;2021-01-28;0;0;0;0
08;59;2021-01-29;0;0;0;0
08;59;2021-01-30;0;0;0;0
08;59;2021-01-31;0;0;0;0
08;59;2021-02-01;0;0;0;0
08;59;2021-02-02;1;0;1;0
08;59;2021-02-03;0;0;1;0
08;59;2021-02-04;2;0;3;0
08;59;2021-02-05;0;0;3;0
08;59;2021-02-06;0;0;3;0
08;59;2021-02-07;0;0;3;0
08;59;2021-02-08;0;0;3;0
08;59;2021-02-09;0;0;3;0
08;59;2021-02-10;2;0;5;0
08;59;2021-02-11;0;0;5;0
08;59;2021-02-12;0;0;5;0
08;59;2021-02-13;0;0;5;0
08;59;2021-02-14;0;0;5;0
08;59;2021-02-15;0;0;5;0
08;59;2021-02-16;0;0;5;0
08;59;2021-02-17;0;0;5;0
08;59;2021-02-18;0;0;5;0
08;59;2021-02-19;0;0;5;0
08;59;2021-02-20;0;0;5;0
08;59;2021-02-21;0;0;5;0
08;59;2021-02-22;1;0;6;0
08;59;2021-02-23;1;0;7;0
08;59;2021-02-24;9;0;16;0
08;59;2021-02-25;9;0;25;0
08;59;2021-02-26;7;1;32;1
08;59;2021-02-27;0;0;32;1
08;59;2021-02-28;0;0;32;1
08;59;2021-03-01;9;0;41;1
08;59;2021-03-02;1;2;42;3
08;59;2021-03-03;11;2;53;5
08;59;2021-03-04;6;2;59;7
08;59;2021-03-05;12;0;71;7
08;59;2021-03-06;0;0;71;7
08;59;2021-03-07;0;0;71;7
08;59;2021-03-08;5;0;76;7
08;59;2021-03-09;4;3;80;10
08;59;2021-03-10;0;5;80;15
08;59;2021-03-11;0;0;80;15
08;59;2021-03-12;12;4;92;19
08;59;2021-03-13;0;0;92;19
08;59;2021-03-14;0;0;92;19
08;59;2021-03-15;8;7;100;26
08;59;2021-03-16;15;0;115;26
08;59;2021-03-17;27;0;142;26
08;59;2021-03-18;21;5;163;31
08;59;2021-03-19;6;7;169;38
08;59;2021-03-20;0;0;169;38
08;59;2021-03-21;0;0;169;38
08;59;2021-03-22;11;10;180;48
08;59;2021-03-23;9;9;189;57
08;59;2021-03-24;8;9;197;66
08;59;2021-03-25;10;4;207;70
08;59;2021-03-26;16;5;223;75
08;59;2021-03-27;0;0;223;75
08;59;2021-03-28;0;0;223;75
08;59;2021-03-29;25;11;248;86
08;59;2021-03-30;26;3;274;89
08;59;2021-03-31;25;12;299;101
08;59;2021-04-01;14;9;313;110
08;59;2021-04-02;0;0;313;110
08;59;2021-04-03;0;0;313;110
08;59;2021-04-04;0;0;313;110
08;59;2021-04-05;0;0;313;110
08;59;2021-04-06;13;10;326;120
08;59;2021-04-07;25;6;351;126
08;59;2021-04-08;25;2;376;128
08;59;2021-04-09;28;4;404;132
08;59;2021-04-10;27;0;431;132
08;59;2021-04-11;0;0;431;132
08;59;2021-04-12;9;21;440;153
08;59;2021-04-13;18;22;458;175
08;59;2021-04-14;19;13;477;188
08;59;2021-04-15;28;9;505;197
08;59;2021-04-16;19;10;524;207
08;59;2021-04-17;0;0;524;207
08;59;2021-04-18;0;0;524;207
08;59;2021-04-19;18;16;542;223
08;59;2021-04-20;26;7;568;230
08;59;2021-04-21;23;5;591;235
08;64;2020-12-27;0;0;0;0
08;64;2020-12-28;0;0;0;0
08;64;2020-12-29;0;0;0;0
08;64;2020-12-30;0;0;0;0
08;64;2020-12-31;0;0;0;0
08;64;2021-01-01;0;0;0;0
08;64;2021-01-02;0;0;0;0
08;64;2021-01-03;0;0;0;0
08;64;2021-01-04;0;0;0;0
08;64;2021-01-05;0;0;0;0
08;64;2021-01-06;0;0;0;0
08;64;2021-01-07;0;0;0;0
08;64;2021-01-08;0;0;0;0
08;64;2021-01-09;0;0;0;0
08;64;2021-01-10;0;0;0;0
08;64;2021-01-11;0;0;0;0
08;64;2021-01-12;0;0;0;0
08;64;2021-01-13;0;0;0;0
08;64;2021-01-14;0;0;0;0
08;64;2021-01-15;0;0;0;0
08;64;2021-01-16;0;0;0;0
08;64;2021-01-17;0;0;0;0
08;64;2021-01-18;0;0;0;0
08;64;2021-01-19;0;0;0;0
08;64;2021-01-20;0;0;0;0
08;64;2021-01-21;0;0;0;0
08;64;2021-01-22;0;0;0;0
08;64;2021-01-23;0;0;0;0
08;64;2021-01-24;0;0;0;0
08;64;2021-01-25;0;0;0;0
08;64;2021-01-26;0;0;0;0
08;64;2021-01-27;0;0;0;0
08;64;2021-01-28;0;0;0;0
08;64;2021-01-29;0;0;0;0
08;64;2021-01-30;0;0;0;0
08;64;2021-01-31;0;0;0;0
08;64;2021-02-01;0;0;0;0
08;64;2021-02-02;0;0;0;0
08;64;2021-02-03;0;0;0;0
08;64;2021-02-04;6;0;6;0
08;64;2021-02-05;0;0;6;0
08;64;2021-02-06;0;0;6;0
08;64;2021-02-07;0;0;6;0
08;64;2021-02-08;0;0;6;0
08;64;2021-02-09;0;0;6;0
08;64;2021-02-10;0;0;6;0
08;64;2021-02-11;0;0;6;0
08;64;2021-02-12;0;0;6;0
08;64;2021-02-13;0;0;6;0
08;64;2021-02-14;0;0;6;0
08;64;2021-02-15;0;0;6;0
08;64;2021-02-16;0;0;6;0
08;64;2021-02-17;0;0;6;0
08;64;2021-02-18;0;0;6;0
08;64;2021-02-19;2;0;8;0
08;64;2021-02-20;0;0;8;0
08;64;2021-02-21;0;0;8;0
08;64;2021-02-22;0;0;8;0
08;64;2021-02-23;1;0;9;0
08;64;2021-02-24;5;0;14;0
08;64;2021-02-25;4;0;18;0
08;64;2021-02-26;5;1;23;1
08;64;2021-02-27;0;0;23;1
08;64;2021-02-28;0;0;23;1
08;64;2021-03-01;7;0;30;1
08;64;2021-03-02;1;4;31;5
08;64;2021-03-03;4;1;35;6
08;64;2021-03-04;1;3;36;9
08;64;2021-03-05;10;3;46;12
08;64;2021-03-06;0;0;46;12
08;64;2021-03-07;0;0;46;12
08;64;2021-03-08;2;0;48;12
08;64;2021-03-09;1;2;49;14
08;64;2021-03-10;1;1;50;15
08;64;2021-03-11;0;0;50;15
08;64;2021-03-12;7;4;57;19
08;64;2021-03-13;0;0;57;19
08;64;2021-03-14;0;0;57;19
08;64;2021-03-15;1;5;58;24
08;64;2021-03-16;10;0;68;24
08;64;2021-03-17;6;1;74;25
08;64;2021-03-18;5;3;79;28
08;64;2021-03-19;5;12;84;40
08;64;2021-03-20;0;0;84;40
08;64;2021-03-21;0;0;84;40
08;64;2021-03-22;0;4;84;44
08;64;2021-03-23;4;3;88;47
08;64;2021-03-24;10;3;98;50
08;64;2021-03-25;7;4;105;54
08;64;2021-03-26;4;2;109;56
08;64;2021-03-27;0;0;109;56
08;64;2021-03-28;0;0;109;56
08;64;2021-03-29;10;7;119;63
08;64;2021-03-30;9;4;128;67
08;64;2021-03-31;8;5;136;72
08;64;2021-04-01;7;5;143;77
08;64;2021-04-02;0;0;143;77
08;64;2021-04-03;0;0;143;77
08;64;2021-04-04;0;0;143;77
08;64;2021-04-05;0;0;143;77
08;64;2021-04-06;10;4;153;81
08;64;2021-04-07;10;6;163;87
08;64;2021-04-08;11;1;174;88
08;64;2021-04-09;10;0;184;88
08;64;2021-04-10;13;1;197;89
08;64;2021-04-11;0;0;197;89
08;64;2021-04-12;8;10;205;99
08;64;2021-04-13;2;6;207;105
08;64;2021-04-14;12;4;219;109
08;64;2021-04-15;9;1;228;110
08;64;2021-04-16;7;4;235;114
08;64;2021-04-17;0;0;235;114
08;64;2021-04-18;0;0;235;114
08;64;2021-04-19;8;11;243;125
08;64;2021-04-20;7;2;250;127
08;64;2021-04-21;11;6;261;133
08;69;2020-12-27;0;0;0;0
08;69;2020-12-28;0;0;0;0
08;69;2020-12-29;0;0;0;0
08;69;2020-12-30;0;0;0;0
08;69;2020-12-31;0;0;0;0
08;69;2021-01-01;0;0;0;0
08;69;2021-01-02;0;0;0;0
08;69;2021-01-03;0;0;0;0
08;69;2021-01-04;0;0;0;0
08;69;2021-01-05;0;0;0;0
08;69;2021-01-06;0;0;0;0
08;69;2021-01-07;0;0;0;0
08;69;2021-01-08;0;0;0;0
08;69;2021-01-09;0;0;0;0
08;69;2021-01-10;0;0;0;0
08;69;2021-01-11;0;0;0;0
08;69;2021-01-12;0;0;0;0
08;69;2021-01-13;0;0;0;0
08;69;2021-01-14;0;0;0;0
08;69;2021-01-15;0;0;0;0
08;69;2021-01-16;0;0;0;0
08;69;2021-01-17;0;0;0;0
08;69;2021-01-18;0;0;0;0
08;69;2021-01-19;0;0;0;0
08;69;2021-01-20;0;0;0;0
08;69;2021-01-21;0;0;0;0
08;69;2021-01-22;0;0;0;0
08;69;2021-01-23;0;0;0;0
08;69;2021-01-24;0;0;0;0
08;69;2021-01-25;0;0;0;0
08;69;2021-01-26;0;0;0;0
08;69;2021-01-27;0;0;0;0
08;69;2021-01-28;0;0;0;0
08;69;2021-01-29;0;0;0;0
08;69;2021-01-30;0;0;0;0
08;69;2021-01-31;0;0;0;0
08;69;2021-02-01;0;0;0;0
08;69;2021-02-02;0;0;0;0
08;69;2021-02-03;0;0;0;0
08;69;2021-02-04;4;0;4;0
08;69;2021-02-05;0;0;4;0
08;69;2021-02-06;0;0;4;0
08;69;2021-02-07;0;0;4;0
08;69;2021-02-08;0;0;4;0
08;69;2021-02-09;1;0;5;0
08;69;2021-02-10;0;0;5;0
08;69;2021-02-11;0;0;5;0
08;69;2021-02-12;0;0;5;0
08;69;2021-02-13;0;0;5;0
08;69;2021-02-14;0;0;5;0
08;69;2021-02-15;0;0;5;0
08;69;2021-02-16;0;0;5;0
08;69;2021-02-17;0;0;5;0
08;69;2021-02-18;0;0;5;0
08;69;2021-02-19;0;0;5;0
08;69;2021-02-20;0;0;5;0
08;69;2021-02-21;0;0;5;0
08;69;2021-02-22;0;0;5;0
08;69;2021-02-23;0;0;5;0
08;69;2021-02-24;3;0;8;0
08;69;2021-02-25;7;0;15;0
08;69;2021-02-26;7;0;22;0
08;69;2021-02-27;0;0;22;0
08;69;2021-02-28;0;0;22;0
08;69;2021-03-01;7;0;29;0
08;69;2021-03-02;1;5;30;5
08;69;2021-03-03;9;4;39;9
08;69;2021-03-04;6;3;45;12
08;69;2021-03-05;3;0;48;12
08;69;2021-03-06;0;0;48;12
08;69;2021-03-07;0;0;48;12
08;69;2021-03-08;4;2;52;14
08;69;2021-03-09;2;3;54;17
08;69;2021-03-10;0;6;54;23
08;69;2021-03-11;0;0;54;23
08;69;2021-03-12;14;2;68;25
08;69;2021-03-13;0;0;68;25
08;69;2021-03-14;0;0;68;25
08;69;2021-03-15;4;6;72;31
08;69;2021-03-16;12;0;84;31
08;69;2021-03-17;7;0;91;31
08;69;2021-03-18;4;1;95;32
08;69;2021-03-19;1;9;96;41
08;69;2021-03-20;0;0;96;41
08;69;2021-03-21;0;0;96;41
08;69;2021-03-22;4;6;100;47
08;69;2021-03-23;3;5;103;52
08;69;2021-03-24;3;5;106;57
08;69;2021-03-25;5;3;111;60
08;69;2021-03-26;4;5;115;65
08;69;2021-03-27;0;0;115;65
08;69;2021-03-28;0;0;115;65
08;69;2021-03-29;6;8;121;73
08;69;2021-03-30;7;4;128;77
08;69;2021-03-31;9;6;137;83
08;69;2021-04-01;5;8;142;91
08;69;2021-04-02;0;0;142;91
08;69;2021-04-03;0;0;142;91
08;69;2021-04-04;0;0;142;91
08;69;2021-04-05;0;0;142;91
08;69;2021-04-06;5;7;147;98
08;69;2021-04-07;12;6;159;104
08;69;2021-04-08;11;0;170;104
08;69;2021-04-09;4;7;174;111
08;69;2021-04-10;10;0;184;111
08;69;2021-04-11;0;0;184;111
08;69;2021-04-12;3;9;187;120
08;69;2021-04-13;2;9;189;129
08;69;2021-04-14;5;6;194;135
08;69;2021-04-15;10;1;204;136
08;69;2021-04-16;8;2;212;138
08;69;2021-04-17;0;0;212;138
08;69;2021-04-18;0;0;212;138
08;69;2021-04-19;4;8;216;146
08;69;2021-04-20;8;2;224;148
08;69;2021-04-21;7;3;231;151
08;74;2020-12-27;0;0;0;0
08;74;2020-12-28;0;0;0;0
08;74;2020-12-29;0;0;0;0
08;74;2020-12-30;0;0;0;0
08;74;2020-12-31;0;0;0;0
08;74;2021-01-01;0;0;0;0
08;74;2021-01-02;0;0;0;0
08;74;2021-01-03;0;0;0;0
08;74;2021-01-04;0;0;0;0
08;74;2021-01-05;0;0;0;0
08;74;2021-01-06;0;0;0;0
08;74;2021-01-07;0;0;0;0
08;74;2021-01-08;0;0;0;0
08;74;2021-01-09;0;0;0;0
08;74;2021-01-10;0;0;0;0
08;74;2021-01-11;0;0;0;0
08;74;2021-01-12;0;0;0;0
08;74;2021-01-13;0;0;0;0
08;74;2021-01-14;0;0;0;0
08;74;2021-01-15;0;0;0;0
08;74;2021-01-16;0;0;0;0
08;74;2021-01-17;0;0;0;0
08;74;2021-01-18;0;0;0;0
08;74;2021-01-19;0;0;0;0
08;74;2021-01-20;0;0;0;0
08;74;2021-01-21;0;0;0;0
08;74;2021-01-22;0;0;0;0
08;74;2021-01-23;0;0;0;0
08;74;2021-01-24;0;0;0;0
08;74;2021-01-25;0;0;0;0
08;74;2021-01-26;0;0;0;0
08;74;2021-01-27;0;0;0;0
08;74;2021-01-28;0;0;0;0
08;74;2021-01-29;0;0;0;0
08;74;2021-01-30;0;0;0;0
08;74;2021-01-31;0;0;0;0
08;74;2021-02-01;0;0;0;0
08;74;2021-02-02;2;0;2;0
08;74;2021-02-03;0;0;2;0
08;74;2021-02-04;5;0;7;0
08;74;2021-02-05;0;0;7;0
08;74;2021-02-06;0;0;7;0
08;74;2021-02-07;0;0;7;0
08;74;2021-02-08;0;0;7;0
08;74;2021-02-09;1;0;8;0
08;74;2021-02-10;1;0;9;0
08;74;2021-02-11;0;0;9;0
08;74;2021-02-12;1;0;10;0
08;74;2021-02-13;0;0;10;0
08;74;2021-02-14;0;0;10;0
08;74;2021-02-15;0;0;10;0
08;74;2021-02-16;0;0;10;0
08;74;2021-02-17;0;0;10;0
08;74;2021-02-18;0;0;10;0
08;74;2021-02-19;2;0;12;0
08;74;2021-02-20;0;0;12;0
08;74;2021-02-21;0;0;12;0
08;74;2021-02-22;1;0;13;0
08;74;2021-02-23;0;0;13;0
08;74;2021-02-24;1;0;14;0
08;74;2021-02-25;7;1;21;1
08;74;2021-02-26;5;0;26;1
08;74;2021-02-27;0;0;26;1
08;74;2021-02-28;0;0;26;1
08;74;2021-03-01;7;0;33;1
08;74;2021-03-02;1;8;34;9
08;74;2021-03-03;2;5;36;14
08;74;2021-03-04;7;4;43;18
08;74;2021-03-05;7;2;50;20
08;74;2021-03-06;0;0;50;20
08;74;2021-03-07;0;0;50;20
08;74;2021-03-08;5;1;55;21
08;74;2021-03-09;3;10;58;31
08;74;2021-03-10;5;6;63;37
08;74;2021-03-11;0;0;63;37
08;74;2021-03-12;5;4;68;41
08;74;2021-03-13;0;0;68;41
08;74;2021-03-14;0;0;68;41
08;74;2021-03-15;8;8;76;49
08;74;2021-03-16;7;0;83;49
08;74;2021-03-17;12;4;95;53
08;74;2021-03-18;5;0;100;53
08;74;2021-03-19;4;5;104;58
08;74;2021-03-20;0;0;104;58
08;74;2021-03-21;0;0;104;58
08;74;2021-03-22;1;6;105;64
08;74;2021-03-23;1;6;106;70
08;74;2021-03-24;3;3;109;73
08;74;2021-03-25;3;6;112;79
08;74;2021-03-26;3;4;115;83
08;74;2021-03-27;0;0;115;83
08;74;2021-03-28;0;0;115;83
08;74;2021-03-29;2;4;117;87
08;74;2021-03-30;5;6;122;93
08;74;2021-03-31;7;8;129;101
08;74;2021-04-01;8;4;137;105
08;74;2021-04-02;0;0;137;105
08;74;2021-04-03;0;0;137;105
08;74;2021-04-04;0;0;137;105
08;74;2021-04-05;0;0;137;105
08;74;2021-04-06;4;10;141;115
08;74;2021-04-07;5;4;146;119
08;74;2021-04-08;10;0;156;119
08;74;2021-04-09;9;7;165;126
08;74;2021-04-10;3;0;168;126
08;74;2021-04-11;0;0;168;126
08;74;2021-04-12;4;8;172;134
08;74;2021-04-13;0;7;172;141
08;74;2021-04-14;7;8;179;149
08;74;2021-04-15;8;1;187;150
08;74;2021-04-16;2;3;189;153
08;74;2021-04-17;0;0;189;153
08;74;2021-04-18;0;0;189;153
08;74;2021-04-19;3;2;192;155
08;74;2021-04-20;5;3;197;158
08;74;2021-04-21;6;0;203;158
08;79;2020-12-27;0;0;0;0
08;79;2020-12-28;0;0;0;0
08;79;2020-12-29;0;0;0;0
08;79;2020-12-30;0;0;0;0
08;79;2020-12-31;0;0;0;0
08;79;2021-01-01;0;0;0;0
08;79;2021-01-02;0;0;0;0
08;79;2021-01-03;0;0;0;0
08;79;2021-01-04;0;0;0;0
08;79;2021-01-05;0;0;0;0
08;79;2021-01-06;0;0;0;0
08;79;2021-01-07;0;0;0;0
08;79;2021-01-08;0;0;0;0
08;79;2021-01-09;0;0;0;0
08;79;2021-01-10;0;0;0;0
08;79;2021-01-11;0;0;0;0
08;79;2021-01-12;0;0;0;0
08;79;2021-01-13;0;0;0;0
08;79;2021-01-14;0;0;0;0
08;79;2021-01-15;0;0;0;0
08;79;2021-01-16;0;0;0;0
08;79;2021-01-17;0;0;0;0
08;79;2021-01-18;0;0;0;0
08;79;2021-01-19;0;0;0;0
08;79;2021-01-20;0;0;0;0
08;79;2021-01-21;0;0;0;0
08;79;2021-01-22;0;0;0;0
08;79;2021-01-23;0;0;0;0
08;79;2021-01-24;0;0;0;0
08;79;2021-01-25;0;0;0;0
08;79;2021-01-26;0;0;0;0
08;79;2021-01-27;0;0;0;0
08;79;2021-01-28;0;0;0;0
08;79;2021-01-29;0;0;0;0
08;79;2021-01-30;0;0;0;0
08;79;2021-01-31;0;0;0;0
08;79;2021-02-01;0;0;0;0
08;79;2021-02-02;1;0;1;0
08;79;2021-02-03;0;0;1;0
08;79;2021-02-04;2;0;3;0
08;79;2021-02-05;0;0;3;0
08;79;2021-02-06;0;0;3;0
08;79;2021-02-07;0;0;3;0
08;79;2021-02-08;0;0;3;0
08;79;2021-02-09;1;0;4;0
08;79;2021-02-10;0;0;4;0
08;79;2021-02-11;0;0;4;0
08;79;2021-02-12;0;0;4;0
08;79;2021-02-13;0;0;4;0
08;79;2021-02-14;0;0;4;0
08;79;2021-02-15;2;0;6;0
08;79;2021-02-16;0;0;6;0
08;79;2021-02-17;0;0;6;0
08;79;2021-02-18;0;0;6;0
08;79;2021-02-19;0;0;6;0
08;79;2021-02-20;0;0;6;0
08;79;2021-02-21;0;0;6;0
08;79;2021-02-22;1;0;7;0
08;79;2021-02-23;0;0;7;0
08;79;2021-02-24;2;0;9;0
08;79;2021-02-25;5;0;14;0
08;79;2021-02-26;3;0;17;0
08;79;2021-02-27;0;0;17;0
08;79;2021-02-28;0;0;17;0
08;79;2021-03-01;4;1;21;1
08;79;2021-03-02;0;13;21;14
08;79;2021-03-03;1;2;22;16
08;79;2021-03-04;2;1;24;17
08;79;2021-03-05;3;1;27;18
08;79;2021-03-06;0;0;27;18
08;79;2021-03-07;0;0;27;18
08;79;2021-03-08;0;3;27;21
08;79;2021-03-09;2;7;29;28
08;79;2021-03-10;7;0;36;28
08;79;2021-03-11;0;0;36;28
08;79;2021-03-12;2;3;38;31
08;79;2021-03-13;0;0;38;31
08;79;2021-03-14;0;0;38;31
08;79;2021-03-15;1;6;39;37
08;79;2021-03-16;5;3;44;40
08;79;2021-03-17;2;3;46;43
08;79;2021-03-18;4;2;50;45
08;79;2021-03-19;2;3;52;48
08;79;2021-03-20;0;0;52;48
08;79;2021-03-21;0;0;52;48
08;79;2021-03-22;0;6;52;54
08;79;2021-03-23;3;6;55;60
08;79;2021-03-24;2;5;57;65
08;79;2021-03-25;3;4;60;69
08;79;2021-03-26;0;4;60;73
08;79;2021-03-27;0;0;60;73
08;79;2021-03-28;0;0;60;73
08;79;2021-03-29;1;4;61;77
08;79;2021-03-30;11;0;72;77
08;79;2021-03-31;6;1;78;78
08;79;2021-04-01;1;2;79;80
08;79;2021-04-02;0;0;79;80
08;79;2021-04-03;0;0;79;80
08;79;2021-04-04;0;0;79;80
08;79;2021-04-05;0;0;79;80
08;79;2021-04-06;3;9;82;89
08;79;2021-04-07;5;0;87;89
08;79;2021-04-08;6;0;93;89
08;79;2021-04-09;4;3;97;92
08;79;2021-04-10;1;0;98;92
08;79;2021-04-11;0;0;98;92
08;79;2021-04-12;1;2;99;94
08;79;2021-04-13;3;6;102;100
08;79;2021-04-14;1;1;103;101
08;79;2021-04-15;3;0;106;101
08;79;2021-04-16;2;0;108;101
08;79;2021-04-17;0;0;108;101
08;79;2021-04-18;0;0;108;101
08;79;2021-04-19;1;6;109;107
08;79;2021-04-20;5;1;114;108
08;79;2021-04-21;4;1;118;109
08;80;2020-12-27;0;0;0;0
08;80;2020-12-28;0;0;0;0
08;80;2020-12-29;0;0;0;0
08;80;2020-12-30;0;0;0;0
08;80;2020-12-31;0;0;0;0
08;80;2021-01-01;0;0;0;0
08;80;2021-01-02;0;0;0;0
08;80;2021-01-03;0;0;0;0
08;80;2021-01-04;0;0;0;0
08;80;2021-01-05;0;0;0;0
08;80;2021-01-06;0;0;0;0
08;80;2021-01-07;0;0;0;0
08;80;2021-01-08;0;0;0;0
08;80;2021-01-09;0;0;0;0
08;80;2021-01-10;0;0;0;0
08;80;2021-01-11;0;0;0;0
08;80;2021-01-12;0;0;0;0
08;80;2021-01-13;0;0;0;0
08;80;2021-01-14;0;0;0;0
08;80;2021-01-15;0;0;0;0
08;80;2021-01-16;0;0;0;0
08;80;2021-01-17;0;0;0;0
08;80;2021-01-18;0;0;0;0
08;80;2021-01-19;0;0;0;0
08;80;2021-01-20;0;0;0;0
08;80;2021-01-21;0;0;0;0
08;80;2021-01-22;0;0;0;0
08;80;2021-01-23;0;0;0;0
08;80;2021-01-24;0;0;0;0
08;80;2021-01-25;0;0;0;0
08;80;2021-01-26;0;0;0;0
08;80;2021-01-27;0;0;0;0
08;80;2021-01-28;0;0;0;0
08;80;2021-01-29;0;0;0;0
08;80;2021-01-30;0;0;0;0
08;80;2021-01-31;0;0;0;0
08;80;2021-02-01;0;0;0;0
08;80;2021-02-02;0;0;0;0
08;80;2021-02-03;0;0;0;0
08;80;2021-02-04;4;0;4;0
08;80;2021-02-05;0;0;4;0
08;80;2021-02-06;0;0;4;0
08;80;2021-02-07;0;0;4;0
08;80;2021-02-08;0;0;4;0
08;80;2021-02-09;0;0;4;0
08;80;2021-02-10;0;0;4;0
08;80;2021-02-11;0;0;4;0
08;80;2021-02-12;0;0;4;0
08;80;2021-02-13;0;0;4;0
08;80;2021-02-14;0;0;4;0
08;80;2021-02-15;0;0;4;0
08;80;2021-02-16;0;0;4;0
08;80;2021-02-17;0;0;4;0
08;80;2021-02-18;0;0;4;0
08;80;2021-02-19;0;0;4;0
08;80;2021-02-20;0;0;4;0
08;80;2021-02-21;0;0;4;0
08;80;2021-02-22;0;0;4;0
08;80;2021-02-23;0;0;4;0
08;80;2021-02-24;5;0;9;0
08;80;2021-02-25;7;1;16;1
08;80;2021-02-26;2;0;18;1
08;80;2021-02-27;0;0;18;1
08;80;2021-02-28;0;0;18;1
08;80;2021-03-01;5;0;23;1
08;80;2021-03-02;1;6;24;7
08;80;2021-03-03;3;1;27;8
08;80;2021-03-04;2;4;29;12
08;80;2021-03-05;1;3;30;15
08;80;2021-03-06;0;0;30;15
08;80;2021-03-07;0;0;30;15
08;80;2021-03-08;0;0;30;15
08;80;2021-03-09;4;2;34;17
08;80;2021-03-10;4;0;38;17
08;80;2021-03-11;0;0;38;17
08;80;2021-03-12;1;0;39;17
08;80;2021-03-13;0;0;39;17
08;80;2021-03-14;0;0;39;17
08;80;2021-03-15;0;1;39;18
08;80;2021-03-16;3;0;42;18
08;80;2021-03-17;0;1;42;19
08;80;2021-03-18;3;4;45;23
08;80;2021-03-19;1;3;46;26
08;80;2021-03-20;0;0;46;26
08;80;2021-03-21;0;0;46;26
08;80;2021-03-22;0;4;46;30
08;80;2021-03-23;0;5;46;35
08;80;2021-03-24;4;7;50;42
08;80;2021-03-25;0;0;50;42
08;80;2021-03-26;1;5;51;47
08;80;2021-03-27;0;0;51;47
08;80;2021-03-28;0;0;51;47
08;80;2021-03-29;2;6;53;53
08;80;2021-03-30;5;0;58;53
08;80;2021-03-31;1;2;59;55
08;80;2021-04-01;4;0;63;55
08;80;2021-04-02;0;0;63;55
08;80;2021-04-03;0;0;63;55
08;80;2021-04-04;0;0;63;55
08;80;2021-04-05;0;0;63;55
08;80;2021-04-06;2;9;65;64
08;80;2021-04-07;1;1;66;65
08;80;2021-04-08;4;0;70;65
08;80;2021-04-09;4;0;74;65
08;80;2021-04-10;2;0;76;65
08;80;2021-04-11;0;0;76;65
08;80;2021-04-12;0;3;76;68
08;80;2021-04-13;2;0;78;68
08;80;2021-04-14;1;0;79;68
08;80;2021-04-15;1;2;80;70
08;80;2021-04-16;1;0;81;70
08;80;2021-04-17;0;0;81;70
08;80;2021-04-18;0;0;81;70
08;80;2021-04-19;0;1;81;71
08;80;2021-04-20;1;0;82;71
08;80;2021-04-21;5;3;87;74
11;24;2020-12-27;0;0;0;0
11;24;2020-12-28;0;0;0;0
11;24;2020-12-29;0;0;0;0
11;24;2020-12-30;0;0;0;0
11;24;2020-12-31;0;0;0;0
11;24;2021-01-01;0;0;0;0
11;24;2021-01-02;0;0;0;0
11;24;2021-01-03;2;0;2;0
11;24;2021-01-04;2;0;4;0
11;24;2021-01-05;8;0;12;0
11;24;2021-01-06;4;0;16;0
11;24;2021-01-07;27;0;43;0
11;24;2021-01-08;46;0;89;0
11;24;2021-01-09;10;0;99;0
11;24;2021-01-10;7;0;106;0
11;24;2021-01-11;49;0;155;0
11;24;2021-01-12;105;0;260;0
11;24;2021-01-13;116;0;376;0
11;24;2021-01-14;106;0;482;0
11;24;2021-01-15;89;0;571;0
11;24;2021-01-16;20;2;591;2
11;24;2021-01-17;8;0;599;2
11;24;2021-01-18;101;0;700;2
11;24;2021-01-19;96;0;796;2
11;24;2021-01-20;86;0;882;2
11;24;2021-01-21;119;0;1001;2
11;24;2021-01-22;85;1;1086;3
11;24;2021-01-23;16;0;1102;3
11;24;2021-01-24;1;1;1103;4
11;24;2021-01-25;17;0;1120;4
11;24;2021-01-26;31;0;1151;4
11;24;2021-01-27;40;0;1191;4
11;24;2021-01-28;64;5;1255;9
11;24;2021-01-29;63;8;1318;17
11;24;2021-01-30;11;0;1329;17
11;24;2021-01-31;3;0;1332;17
11;24;2021-02-01;17;12;1349;29
11;24;2021-02-02;11;19;1360;48
11;24;2021-02-03;14;26;1374;74
11;24;2021-02-04;13;59;1387;133
11;24;2021-02-05;21;37;1408;170
11;24;2021-02-06;6;5;1414;175
11;24;2021-02-07;10;3;1424;178
11;24;2021-02-08;33;71;1457;249
11;24;2021-02-09;103;89;1560;338
11;24;2021-02-10;164;148;1724;486
11;24;2021-02-11;282;145;2006;631
11;24;2021-02-12;241;98;2247;729
11;24;2021-02-13;30;8;2277;737
11;24;2021-02-14;7;1;2284;738
11;24;2021-02-15;174;64;2458;802
11;24;2021-02-16;264;72;2722;874
11;24;2021-02-17;239;72;2961;946
11;24;2021-02-18;300;96;3261;1042
11;24;2021-02-19;317;99;3578;1141
11;24;2021-02-20;31;12;3609;1153
11;24;2021-02-21;5;0;3614;1153
11;24;2021-02-22;220;15;3834;1168
11;24;2021-02-23;224;29;4058;1197
11;24;2021-02-24;271;20;4329;1217
11;24;2021-02-25;306;22;4635;1239
11;24;2021-02-26;314;18;4949;1257
11;24;2021-02-27;65;5;5014;1262
11;24;2021-02-28;11;0;5025;1262
11;24;2021-03-01;313;19;5338;1281
11;24;2021-03-02;333;19;5671;1300
11;24;2021-03-03;539;36;6210;1336
11;24;2021-03-04;603;55;6813;1391
11;24;2021-03-05;843;38;7656;1429
11;24;2021-03-06;415;9;8071;1438
11;24;2021-03-07;243;0;8314;1438
11;24;2021-03-08;449;8;8763;1446
11;24;2021-03-09;480;16;9243;1462
11;24;2021-03-10;526;35;9769;1497
11;24;2021-03-11;605;53;10374;1550
11;24;2021-03-12;776;47;11150;1597
11;24;2021-03-13;351;6;11501;1603
11;24;2021-03-14;159;2;11660;1605
11;24;2021-03-15;371;6;12031;1611
11;24;2021-03-16;117;11;12148;1622
11;24;2021-03-17;135;8;12283;1630
11;24;2021-03-18;200;13;12483;1643
11;24;2021-03-19;312;16;12795;1659
11;24;2021-03-20;145;2;12940;1661
11;24;2021-03-21;163;2;13103;1663
11;24;2021-03-22;322;8;13425;1671
11;24;2021-03-23;344;11;13769;1682
11;24;2021-03-24;436;9;14205;1691
11;24;2021-03-25;559;7;14764;1698
11;24;2021-03-26;735;12;15499;1710
11;24;2021-03-27;364;5;15863;1715
11;24;2021-03-28;212;0;16075;1715
11;24;2021-03-29;469;19;16544;1734
11;24;2021-03-30;701;20;17245;1754
11;24;2021-03-31;736;42;17981;1796
11;24;2021-04-01;1010;49;18991;1845
11;24;2021-04-02;864;63;19855;1908
11;24;2021-04-03;269;55;20124;1963
11;24;2021-04-04;162;9;20286;1972
11;24;2021-04-05;241;3;20527;1975
11;24;2021-04-06;725;47;21252;2022
11;24;2021-04-07;845;64;22097;2086
11;24;2021-04-08;1292;90;23389;2176
11;24;2021-04-09;1247;102;24636;2278
11;24;2021-04-10;528;78;25164;2356
11;24;2021-04-11;247;40;25411;2396
11;24;2021-04-12;715;68;26126;2464
11;24;2021-04-13;818;84;26944;2548
11;24;2021-04-14;816;88;27760;2636
11;24;2021-04-15;799;136;28559;2772
11;24;2021-04-16;884;195;29443;2967
11;24;2021-04-17;186;98;29629;3065
11;24;2021-04-18;65;64;29694;3129
11;24;2021-04-19;273;192;29967;3321
11;24;2021-04-20;346;247;30313;3568
11;24;2021-04-21;376;261;30689;3829
11;29;2020-12-27;0;0;0;0
11;29;2020-12-28;0;0;0;0
11;29;2020-12-29;0;0;0;0
11;29;2020-12-30;0;0;0;0
11;29;2020-12-31;0;0;0;0
11;29;2021-01-01;1;0;1;0
11;29;2021-01-02;2;0;3;0
11;29;2021-01-03;2;0;5;0
11;29;2021-01-04;3;0;8;0
11;29;2021-01-05;9;0;17;0
11;29;2021-01-06;37;0;54;0
11;29;2021-01-07;63;0;117;0
11;29;2021-01-08;121;0;238;0
11;29;2021-01-09;18;0;256;0
11;29;2021-01-10;17;0;273;0
11;29;2021-01-11;180;0;453;0
11;29;2021-01-12;300;0;753;0
11;29;2021-01-13;338;0;1091;0
11;29;2021-01-14;326;0;1417;0
11;29;2021-01-15;224;0;1641;0
11;29;2021-01-16;41;1;1682;1
11;29;2021-01-17;22;0;1704;1
11;29;2021-01-18;237;0;1941;1
11;29;2021-01-19;193;2;2134;3
11;29;2021-01-20;184;0;2318;3
11;29;2021-01-21;252;2;2570;5
11;29;2021-01-22;226;1;2796;6
11;29;2021-01-23;15;0;2811;6
11;29;2021-01-24;3;1;2814;7
11;29;2021-01-25;64;1;2878;8
11;29;2021-01-26;60;0;2938;8
11;29;2021-01-27;104;9;3042;17
11;29;2021-01-28;153;11;3195;28
11;29;2021-01-29;140;10;3335;38
11;29;2021-01-30;26;0;3361;38
11;29;2021-01-31;6;0;3367;38
11;29;2021-02-01;29;37;3396;75
11;29;2021-02-02;27;60;3423;135
11;29;2021-02-03;26;80;3449;215
11;29;2021-02-04;29;120;3478;335
11;29;2021-02-05;37;117;3515;452
11;29;2021-02-06;12;17;3527;469
11;29;2021-02-07;23;5;3550;474
11;29;2021-02-08;47;170;3597;644
11;29;2021-02-09;207;240;3804;884
11;29;2021-02-10;331;352;4135;1236
11;29;2021-02-11;470;324;4605;1560
11;29;2021-02-12;418;259;5023;1819
11;29;2021-02-13;63;32;5086;1851
11;29;2021-02-14;17;4;5103;1855
11;29;2021-02-15;344;183;5447;2038
11;29;2021-02-16;377;171;5824;2209
11;29;2021-02-17;313;199;6137;2408
11;29;2021-02-18;423;220;6560;2628
11;29;2021-02-19;446;203;7006;2831
11;29;2021-02-20;52;20;7058;2851
11;29;2021-02-21;17;3;7075;2854
11;29;2021-02-22;229;78;7304;2932
11;29;2021-02-23;243;85;7547;3017
11;29;2021-02-24;285;42;7832;3059
11;29;2021-02-25;339;60;8171;3119
11;29;2021-02-26;328;51;8499;3170
11;29;2021-02-27;62;8;8561;3178
11;29;2021-02-28;17;0;8578;3178
11;29;2021-03-01;313;24;8891;3202
11;29;2021-03-02;409;40;9300;3242
11;29;2021-03-03;487;51;9787;3293
11;29;2021-03-04;610;103;10397;3396
11;29;2021-03-05;917;73;11314;3469
11;29;2021-03-06;365;15;11679;3484
11;29;2021-03-07;241;4;11920;3488
11;29;2021-03-08;407;24;12327;3512
11;29;2021-03-09;534;22;12861;3534
11;29;2021-03-10;562;51;13423;3585
11;29;2021-03-11;760;119;14183;3704
11;29;2021-03-12;737;68;14920;3772
11;29;2021-03-13;378;10;15298;3782
11;29;2021-03-14;196;3;15494;3785
11;29;2021-03-15;415;26;15909;3811
11;29;2021-03-16;230;17;16139;3828
11;29;2021-03-17;220;30;16359;3858
11;29;2021-03-18;299;28;16658;3886
11;29;2021-03-19;463;28;17121;3914
11;29;2021-03-20;198;8;17319;3922
11;29;2021-03-21;183;4;17502;3926
11;29;2021-03-22;413;14;17915;3940
11;29;2021-03-23;509;20;18424;3960
11;29;2021-03-24;570;19;18994;3979
11;29;2021-03-25;903;15;19897;3994
11;29;2021-03-26;957;35;20854;4029
11;29;2021-03-27;446;12;21300;4041
11;29;2021-03-28;206;4;21506;4045
11;29;2021-03-29;627;19;22133;4064
11;29;2021-03-30;865;61;22998;4125
11;29;2021-03-31;859;72;23857;4197
11;29;2021-04-01;1132;95;24989;4292
11;29;2021-04-02;958;96;25947;4388
11;29;2021-04-03;318;46;26265;4434
11;29;2021-04-04;190;17;26455;4451
11;29;2021-04-05;178;5;26633;4456
11;29;2021-04-06;716;96;27349;4552
11;29;2021-04-07;936;102;28285;4654
11;29;2021-04-08;1377;162;29662;4816
11;29;2021-04-09;1425;148;31087;4964
11;29;2021-04-10;598;111;31685;5075
11;29;2021-04-11;241;78;31926;5153
11;29;2021-04-12;762;106;32688;5259
11;29;2021-04-13;797;143;33485;5402
11;29;2021-04-14;809;126;34294;5528
11;29;2021-04-15;916;217;35210;5745
11;29;2021-04-16;853;272;36063;6017
11;29;2021-04-17;307;101;36370;6118
11;29;2021-04-18;99;120;36469;6238
11;29;2021-04-19;373;293;36842;6531
11;29;2021-04-20;433;365;37275;6896
11;29;2021-04-21;439;387;37714;7283
11;39;2020-12-27;0;0;0;0
11;39;2020-12-28;0;0;0;0
11;39;2020-12-29;0;0;0;0
11;39;2020-12-30;3;0;3;0
11;39;2020-12-31;0;0;3;0
11;39;2021-01-01;2;0;5;0
11;39;2021-01-02;0;0;5;0
11;39;2021-01-03;2;0;7;0
11;39;2021-01-04;7;0;14;0
11;39;2021-01-05;39;0;53;0
11;39;2021-01-06;120;0;173;0
11;39;2021-01-07;229;0;402;0
11;39;2021-01-08;415;0;817;0
11;39;2021-01-09;73;0;890;0
11;39;2021-01-10;72;0;962;0
11;39;2021-01-11;529;0;1491;0
11;39;2021-01-12;876;0;2367;0
11;39;2021-01-13;828;0;3195;0
11;39;2021-01-14;889;0;4084;0
11;39;2021-01-15;683;0;4767;0
11;39;2021-01-16;118;9;4885;9
11;39;2021-01-17;81;2;4966;11
11;39;2021-01-18;625;1;5591;12
11;39;2021-01-19;580;3;6171;15
11;39;2021-01-20;638;0;6809;15
11;39;2021-01-21;798;1;7607;16
11;39;2021-01-22;655;3;8262;19
11;39;2021-01-23;74;0;8336;19
11;39;2021-01-24;21;0;8357;19
11;39;2021-01-25;171;3;8528;22
11;39;2021-01-26;196;3;8724;25
11;39;2021-01-27;325;36;9049;61
11;39;2021-01-28;523;40;9572;101
11;39;2021-01-29;369;50;9941;151
11;39;2021-01-30;72;6;10013;157
11;39;2021-01-31;9;4;10022;161
11;39;2021-02-01;78;140;10100;301
11;39;2021-02-02;97;240;10197;541
11;39;2021-02-03;80;287;10277;828
11;39;2021-02-04;88;422;10365;1250
11;39;2021-02-05;88;452;10453;1702
11;39;2021-02-06;42;49;10495;1751
11;39;2021-02-07;47;37;10542;1788
11;39;2021-02-08;171;512;10713;2300
11;39;2021-02-09;485;706;11198;3006
11;39;2021-02-10;643;887;11841;3893
11;39;2021-02-11;965;1034;12806;4927
11;39;2021-02-12;1036;847;13842;5774
11;39;2021-02-13;134;70;13976;5844
11;39;2021-02-14;36;29;14012;5873
11;39;2021-02-15;549;471;14561;6344
11;39;2021-02-16;790;510;15351;6854
11;39;2021-02-17;628;545;15979;7399
11;39;2021-02-18;858;710;16837;8109
11;39;2021-02-19;886;509;17723;8618
11;39;2021-02-20;89;62;17812;8680
11;39;2021-02-21;18;14;17830;8694
11;39;2021-02-22;429;195;18259;8889
11;39;2021-02-23;438;179;18697;9068
11;39;2021-02-24;439;145;19136;9213
11;39;2021-02-25;603;151;19739;9364
11;39;2021-02-26;683;136;20422;9500
11;39;2021-02-27;149;22;20571;9522
11;39;2021-02-28;46;9;20617;9531
11;39;2021-03-01;554;92;21171;9623
11;39;2021-03-02;775;115;21946;9738
11;39;2021-03-03;917;182;22863;9920
11;39;2021-03-04;1394;294;24257;10214
11;39;2021-03-05;2150;198;26407;10412
11;39;2021-03-06;1078;40;27485;10452
11;39;2021-03-07;727;6;28212;10458
11;39;2021-03-08;894;58;29106;10516
11;39;2021-03-09;1161;96;30267;10612
11;39;2021-03-10;1195;165;31462;10777
11;39;2021-03-11;1719;297;33181;11074
11;39;2021-03-12;2169;244;35350;11318
11;39;2021-03-13;1091;28;36441;11346
11;39;2021-03-14;449;4;36890;11350
11;39;2021-03-15;929;45;37819;11395
11;39;2021-03-16;562;74;38381;11469
11;39;2021-03-17;590;83;38971;11552
11;39;2021-03-18;796;87;39767;11639
11;39;2021-03-19;1218;72;40985;11711
11;39;2021-03-20;576;14;41561;11725
11;39;2021-03-21;368;3;41929;11728
11;39;2021-03-22;1084;42;43013;11770
11;39;2021-03-23;1303;74;44316;11844
11;39;2021-03-24;1369;58;45685;11902
11;39;2021-03-25;2058;71;47743;11973
11;39;2021-03-26;2316;69;50059;12042
11;39;2021-03-27;1066;29;51125;12071
11;39;2021-03-28;448;6;51573;12077
11;39;2021-03-29;1470;61;53043;12138
11;39;2021-03-30;2113;177;55156;12315
11;39;2021-03-31;1964;203;57120;12518
11;39;2021-04-01;2650;336;59770;12854
11;39;2021-04-02;2414;323;62184;13177
11;39;2021-04-03;890;169;63074;13346
11;39;2021-04-04;447;61;63521;13407
11;39;2021-04-05;354;14;63875;13421
11;39;2021-04-06;1740;282;65615;13703
11;39;2021-04-07;2177;317;67792;14020
11;39;2021-04-08;3191;436;70983;14456
11;39;2021-04-09;3288;431;74271;14887
11;39;2021-04-10;1379;301;75650;15188
11;39;2021-04-11;500;208;76150;15396
11;39;2021-04-12;1721;359;77871;15755
11;39;2021-04-13;1891;431;79762;16186
11;39;2021-04-14;1884;417;81646;16603
11;39;2021-04-15;2100;614;83746;17217
11;39;2021-04-16;2078;798;85824;18015
11;39;2021-04-17;774;401;86598;18416
11;39;2021-04-18;183;258;86781;18674
11;39;2021-04-19;1002;782;87783;19456
11;39;2021-04-20;1154;1010;88937;20466
11;39;2021-04-21;1248;1073;90185;21539
11;49;2020-12-27;1;0;1;0
11;49;2020-12-28;1;0;2;0
11;49;2020-12-29;0;0;2;0
11;49;2020-12-30;5;0;7;0
11;49;2020-12-31;1;0;8;0
11;49;2021-01-01;1;0;9;0
11;49;2021-01-02;7;0;16;0
11;49;2021-01-03;2;0;18;0
11;49;2021-01-04;21;0;39;0
11;49;2021-01-05;128;0;167;0
11;49;2021-01-06;236;0;403;0
11;49;2021-01-07;405;0;808;0
11;49;2021-01-08;645;0;1453;0
11;49;2021-01-09;150;0;1603;0
11;49;2021-01-10;119;0;1722;0
11;49;2021-01-11;968;0;2690;0
11;49;2021-01-12;1253;0;3943;0
11;49;2021-01-13;1235;0;5178;0
11;49;2021-01-14;1348;0;6526;0
11;49;2021-01-15;1044;0;7570;0
11;49;2021-01-16;200;13;7770;13
11;49;2021-01-17;99;0;7869;13
11;49;2021-01-18;804;3;8673;16
11;49;2021-01-19;920;3;9593;19
11;49;2021-01-20;960;2;10553;21
11;49;2021-01-21;1083;2;11636;23
11;49;2021-01-22;905;4;12541;27
11;49;2021-01-23;99;3;12640;30
11;49;2021-01-24;28;2;12668;32
11;49;2021-01-25;228;12;12896;44
11;49;2021-01-26;356;9;13252;53
11;49;2021-01-27;504;54;13756;107
11;49;2021-01-28;802;81;14558;188
11;49;2021-01-29;689;142;15247;330
11;49;2021-01-30;108;12;15355;342
11;49;2021-01-31;13;6;15368;348
11;49;2021-02-01;150;257;15518;605
11;49;2021-02-02;169;449;15687;1054
11;49;2021-02-03;143;473;15830;1527
11;49;2021-02-04;148;704;15978;2231
11;49;2021-02-05;199;733;16177;2964
11;49;2021-02-06;40;106;16217;3070
11;49;2021-02-07;57;83;16274;3153
11;49;2021-02-08;219;822;16493;3975
11;49;2021-02-09;615;1250;17108;5225
11;49;2021-02-10;889;1321;17997;6546
11;49;2021-02-11;1228;1541;19225;8087
11;49;2021-02-12;1224;1259;20449;9346
11;49;2021-02-13;191;146;20640;9492
11;49;2021-02-14;36;44;20676;9536
11;49;2021-02-15;568;585;21244;10121
11;49;2021-02-16;684;682;21928;10803
11;49;2021-02-17;677;732;22605;11535
11;49;2021-02-18;984;1082;23589;12617
11;49;2021-02-19;869;768;24458;13385
11;49;2021-02-20;131;90;24589;13475
11;49;2021-02-21;23;34;24612;13509
11;49;2021-02-22;407;260;25019;13769
11;49;2021-02-23;430;271;25449;14040
11;49;2021-02-24;479;230;25928;14270
11;49;2021-02-25;666;256;26594;14526
11;49;2021-02-26;831;220;27425;14746
11;49;2021-02-27;276;53;27701;14799
11;49;2021-02-28;70;8;27771;14807
11;49;2021-03-01;602;163;28373;14970
11;49;2021-03-02;919;217;29292;15187
11;49;2021-03-03;1132;318;30424;15505
11;49;2021-03-04;1825;466;32249;15971
11;49;2021-03-05;2786;384;35035;16355
11;49;2021-03-06;1831;62;36866;16417
11;49;2021-03-07;1226;12;38092;16429
11;49;2021-03-08;1215;112;39307;16541
11;49;2021-03-09;1462;134;40769;16675
11;49;2021-03-10;1706;241;42475;16916
11;49;2021-03-11;2601;404;45076;17320
11;49;2021-03-12;3025;360;48101;17680
11;49;2021-03-13;1914;51;50015;17731
11;49;2021-03-14;834;20;50849;17751
11;49;2021-03-15;1479;73;52328;17824
11;49;2021-03-16;843;111;53171;17935
11;49;2021-03-17;888;85;54059;18020
11;49;2021-03-18;1189;108;55248;18128
11;49;2021-03-19;1852;105;57100;18233
11;49;2021-03-20;1129;24;58229;18257
11;49;2021-03-21;508;6;58737;18263
11;49;2021-03-22;1465;69;60202;18332
11;49;2021-03-23;1773;76;61975;18408
11;49;2021-03-24;1887;115;63862;18523
11;49;2021-03-25;2659;87;66521;18610
11;49;2021-03-26;3016;113;69537;18723
11;49;2021-03-27;1727;42;71264;18765
11;49;2021-03-28;590;10;71854;18775
11;49;2021-03-29;1843;126;73697;18901
11;49;2021-03-30;2716;256;76413;19157
11;49;2021-03-31;2734;320;79147;19477
11;49;2021-04-01;3438;552;82585;20029
11;49;2021-04-02;3070;561;85655;20590
11;49;2021-04-03;1436;339;87091;20929
11;49;2021-04-04;581;105;87672;21034
11;49;2021-04-05;469;20;88141;21054
11;49;2021-04-06;2369;449;90510;21503
11;49;2021-04-07;3072;555;93582;22058
11;49;2021-04-08;4167;705;97749;22763
11;49;2021-04-09;4306;742;102055;23505
11;49;2021-04-10;2139;591;104194;24096
11;49;2021-04-11;624;303;104818;24399
11;49;2021-04-12;2162;491;106980;24890
11;49;2021-04-13;2554;680;109534;25570
11;49;2021-04-14;2592;723;112126;26293
11;49;2021-04-15;2553;924;114679;27217
11;49;2021-04-16;2355;1119;117034;28336
11;49;2021-04-17;1133;736;118167;29072
11;49;2021-04-18;225;276;118392;29348
11;49;2021-04-19;1281;1011;119673;30359
11;49;2021-04-20;1522;1321;121195;31680
11;49;2021-04-21;1664;1463;122859;33143
11;59;2020-12-27;0;0;0;0
11;59;2020-12-28;2;0;2;0
11;59;2020-12-29;0;0;2;0
11;59;2020-12-30;5;0;7;0
11;59;2020-12-31;1;0;8;0
11;59;2021-01-01;10;0;18;0
11;59;2021-01-02;20;0;38;0
11;59;2021-01-03;32;0;70;0
11;59;2021-01-04;219;0;289;0
11;59;2021-01-05;767;0;1056;0
11;59;2021-01-06;1247;0;2303;0
11;59;2021-01-07;1979;0;4282;0
11;59;2021-01-08;2562;0;6844;0
11;59;2021-01-09;538;0;7382;0
11;59;2021-01-10;469;0;7851;0
11;59;2021-01-11;3069;0;10920;0
11;59;2021-01-12;3629;0;14549;0
11;59;2021-01-13;3495;0;18044;0
11;59;2021-01-14;3233;0;21277;0
11;59;2021-01-15;2667;0;23944;0
11;59;2021-01-16;552;32;24496;32
11;59;2021-01-17;263;1;24759;33
11;59;2021-01-18;1740;13;26499;46
11;59;2021-01-19;2077;2;28576;48
11;59;2021-01-20;2176;2;30752;50
11;59;2021-01-21;2299;4;33051;54
11;59;2021-01-22;1954;22;35005;76
11;59;2021-01-23;319;11;35324;87
11;59;2021-01-24;135;13;35459;100
11;59;2021-01-25;702;57;36161;157
11;59;2021-01-26;864;76;37025;233
11;59;2021-01-27;1139;254;38164;487
11;59;2021-01-28;1607;407;39771;894
11;59;2021-01-29;1298;537;41069;1431
11;59;2021-01-30;252;36;41321;1467
11;59;2021-01-31;44;25;41365;1492
11;59;2021-02-01;399;1029;41764;2521
11;59;2021-02-02;349;1579;42113;4100
11;59;2021-02-03;324;1955;42437;6055
11;59;2021-02-04;366;2306;42803;8361
11;59;2021-02-05;363;2268;43166;10629
11;59;2021-02-06;112;431;43278;11060
11;59;2021-02-07;38;375;43316;11435
11;59;2021-02-08;352;2577;43668;14012
11;59;2021-02-09;579;3403;44247;17415
11;59;2021-02-10;838;3417;45085;20832
11;59;2021-02-11;1101;3282;46186;24114
11;59;2021-02-12;1023;2713;47209;26827
11;59;2021-02-13;236;457;47445;27284
11;59;2021-02-14;37;168;47482;27452
11;59;2021-02-15;469;1446;47951;28898
11;59;2021-02-16;712;1637;48663;30535
11;59;2021-02-17;654;1817;49317;32352
11;59;2021-02-18;1078;2246;50395;34598
11;59;2021-02-19;1065;1775;51460;36373
11;59;2021-02-20;173;268;51633;36641
11;59;2021-02-21;43;65;51676;36706
11;59;2021-02-22;384;713;52060;37419
11;59;2021-02-23;438;705;52498;38124
11;59;2021-02-24;675;612;53173;38736
11;59;2021-02-25;2064;695;55237;39431
11;59;2021-02-26;2750;641;57987;40072
11;59;2021-02-27;1981;128;59968;40200
11;59;2021-02-28;271;41;60239;40241
11;59;2021-03-01;1277;411;61516;40652
11;59;2021-03-02;2394;434;63910;41086
11;59;2021-03-03;3225;484;67135;41570
11;59;2021-03-04;5217;729;72352;42299
11;59;2021-03-05;7120;510;79472;42809
11;59;2021-03-06;6479;123;85951;42932
11;59;2021-03-07;3182;39;89133;42971
11;59;2021-03-08;2374;209;91507;43180
11;59;2021-03-09;3981;234;95488;43414
11;59;2021-03-10;4094;379;99582;43793
11;59;2021-03-11;6054;673;105636;44466
11;59;2021-03-12;7606;569;113242;45035
11;59;2021-03-13;6348;93;119590;45128
11;59;2021-03-14;1860;46;121450;45174
11;59;2021-03-15;3539;114;124989;45288
11;59;2021-03-16;1607;192;126596;45480
11;59;2021-03-17;1688;128;128284;45608
11;59;2021-03-18;2289;167;130573;45775
11;59;2021-03-19;4749;190;135322;45965
11;59;2021-03-20;3922;55;139244;46020
11;59;2021-03-21;936;15;140180;46035
11;59;2021-03-22;4204;120;144384;46155
11;59;2021-03-23;6276;171;150660;46326
11;59;2021-03-24;6565;190;157225;46516
11;59;2021-03-25;9279;179;166504;46695
11;59;2021-03-26;9486;207;175990;46902
11;59;2021-03-27;6064;83;182054;46985
11;59;2021-03-28;1409;16;183463;47001
11;59;2021-03-29;4911;242;188374;47243
11;59;2021-03-30;7263;472;195637;47715
11;59;2021-03-31;6447;607;202084;48322
11;59;2021-04-01;7655;919;209739;49241
11;59;2021-04-02;7165;963;216904;50204
11;59;2021-04-03;3571;675;220475;50879
11;59;2021-04-04;1247;236;221722;51115
11;59;2021-04-05;1007;48;222729;51163
11;59;2021-04-06;5322;921;228051;52084
11;59;2021-04-07;6864;1015;234915;53099
11;59;2021-04-08;8817;1251;243732;54350
11;59;2021-04-09;11448;1264;255180;55614
11;59;2021-04-10;6876;1255;262056;56869
11;59;2021-04-11;1424;630;263480;57499
11;59;2021-04-12;6512;1041;269992;58540
11;59;2021-04-13;8518;1487;278510;60027
11;59;2021-04-14;8241;1400;286751;61427
11;59;2021-04-15;9794;1778;296545;63205
11;59;2021-04-16;9996;2071;306541;65276
11;59;2021-04-17;5888;1396;312429;66672
11;59;2021-04-18;1617;460;314046;67132
11;59;2021-04-19;4766;2108;318812;69240
11;59;2021-04-20;6322;2888;325134;72128
11;59;2021-04-21;6679;3128;331813;75256
11;64;2020-12-27;0;0;0;0
11;64;2020-12-28;0;0;0;0
11;64;2020-12-29;2;0;2;0
11;64;2020-12-30;5;0;7;0
11;64;2020-12-31;0;0;7;0
11;64;2021-01-01;2;0;9;0
11;64;2021-01-02;10;0;19;0
11;64;2021-01-03;15;0;34;0
11;64;2021-01-04;87;0;121;0
11;64;2021-01-05;367;0;488;0
11;64;2021-01-06;540;0;1028;0
11;64;2021-01-07;859;0;1887;0
11;64;2021-01-08;1105;0;2992;0
11;64;2021-01-09;354;0;3346;0
11;64;2021-01-10;336;0;3682;0
11;64;2021-01-11;1174;0;4856;0
11;64;2021-01-12;1486;0;6342;0
11;64;2021-01-13;1341;0;7683;0
11;64;2021-01-14;1381;0;9064;0
11;64;2021-01-15;1156;0;10220;0
11;64;2021-01-16;355;14;10575;14
11;64;2021-01-17;177;1;10752;15
11;64;2021-01-18;758;4;11510;19
11;64;2021-01-19;893;1;12403;20
11;64;2021-01-20;978;2;13381;22
11;64;2021-01-21;1126;2;14507;24
11;64;2021-01-22;895;9;15402;33
11;64;2021-01-23;231;8;15633;41
11;64;2021-01-24;94;12;15727;53
11;64;2021-01-25;367;19;16094;72
11;64;2021-01-26;443;57;16537;129
11;64;2021-01-27;616;117;17153;246
11;64;2021-01-28;830;204;17983;450
11;64;2021-01-29;674;217;18657;667
11;64;2021-01-30;126;22;18783;689
11;64;2021-01-31;25;32;18808;721
11;64;2021-02-01;210;440;19018;1161
11;64;2021-02-02;220;624;19238;1785
11;64;2021-02-03;196;732;19434;2517
11;64;2021-02-04;212;962;19646;3479
11;64;2021-02-05;208;947;19854;4426
11;64;2021-02-06;80;314;19934;4740
11;64;2021-02-07;27;272;19961;5012
11;64;2021-02-08;194;1022;20155;6034
11;64;2021-02-09;275;1499;20430;7533
11;64;2021-02-10;412;1424;20842;8957
11;64;2021-02-11;541;1475;21383;10432
11;64;2021-02-12;521;1189;21904;11621
11;64;2021-02-13;114;255;22018;11876
11;64;2021-02-14;20;121;22038;11997
11;64;2021-02-15;240;638;22278;12635
11;64;2021-02-16;304;782;22582;13417
11;64;2021-02-17;334;881;22916;14298
11;64;2021-02-18;542;1081;23458;15379
11;64;2021-02-19;560;806;24018;16185
11;64;2021-02-20;100;183;24118;16368
11;64;2021-02-21;20;46;24138;16414
11;64;2021-02-22;185;371;24323;16785
11;64;2021-02-23;235;363;24558;17148
11;64;2021-02-24;370;386;24928;17534
11;64;2021-02-25;1239;392;26167;17926
11;64;2021-02-26;1819;343;27986;18269
11;64;2021-02-27;1396;70;29382;18339
11;64;2021-02-28;165;25;29547;18364
11;64;2021-03-01;893;201;30440;18565
11;64;2021-03-02;1701;241;32141;18806
11;64;2021-03-03;2227;267;34368;19073
11;64;2021-03-04;3500;430;37868;19503
11;64;2021-03-05;4549;302;42417;19805
11;64;2021-03-06;4322;70;46739;19875
11;64;2021-03-07;2015;35;48754;19910
11;64;2021-03-08;1527;163;50281;20073
11;64;2021-03-09;2664;133;52945;20206
11;64;2021-03-10;2557;260;55502;20466
11;64;2021-03-11;3813;393;59315;20859
11;64;2021-03-12;4795;322;64110;21181
11;64;2021-03-13;4419;66;68529;21247
11;64;2021-03-14;1301;15;69830;21262
11;64;2021-03-15;2422;96;72252;21358
11;64;2021-03-16;1259;126;73511;21484
11;64;2021-03-17;1148;109;74659;21593
11;64;2021-03-18;1665;88;76324;21681
11;64;2021-03-19;3509;129;79833;21810
11;64;2021-03-20;2966;24;82799;21834
11;64;2021-03-21;621;15;83420;21849
11;64;2021-03-22;3318;122;86738;21971
11;64;2021-03-23;4944;105;91682;22076
11;64;2021-03-24;4887;126;96569;22202
11;64;2021-03-25;7162;124;103731;22326
11;64;2021-03-26;7328;141;111059;22467
11;64;2021-03-27;4040;47;115099;22514
11;64;2021-03-28;926;10;116025;22524
11;64;2021-03-29;3301;176;119326;22700
11;64;2021-03-30;4984;345;124310;23045
11;64;2021-03-31;4164;452;128474;23497
11;64;2021-04-01;4943;766;133417;24263
11;64;2021-04-02;4632;694;138049;24957
11;64;2021-04-03;2345;518;140394;25475
11;64;2021-04-04;630;175;141024;25650
11;64;2021-04-05;655;51;141679;25701
11;64;2021-04-06;3185;706;144864;26407
11;64;2021-04-07;4143;741;149007;27148
11;64;2021-04-08;5507;882;154514;28030
11;64;2021-04-09;7847;936;162361;28966
11;64;2021-04-10;4637;873;166998;29839
11;64;2021-04-11;832;415;167830;30254
11;64;2021-04-12;4546;770;172376;31024
11;64;2021-04-13;6399;1147;178775;32171
11;64;2021-04-14;5885;1013;184660;33184
11;64;2021-04-15;7255;1305;191915;34489
11;64;2021-04-16;9305;1401;201220;35890
11;64;2021-04-17;5409;982;206629;36872
11;64;2021-04-18;1253;296;207882;37168
11;64;2021-04-19;6341;1456;214223;38624
11;64;2021-04-20;7418;1800;221641;40424
11;64;2021-04-21;8064;1823;229705;42247
11;69;2020-12-27;2;0;2;0
11;69;2020-12-28;0;0;2;0
11;69;2020-12-29;0;0;2;0
11;69;2020-12-30;6;0;8;0
11;69;2020-12-31;1;0;9;0
11;69;2021-01-01;2;0;11;0
11;69;2021-01-02;9;0;20;0
11;69;2021-01-03;8;0;28;0
11;69;2021-01-04;69;0;97;0
11;69;2021-01-05;206;0;303;0
11;69;2021-01-06;304;0;607;0
11;69;2021-01-07;509;0;1116;0
11;69;2021-01-08;644;0;1760;0
11;69;2021-01-09;268;0;2028;0
11;69;2021-01-10;276;0;2304;0
11;69;2021-01-11;640;0;2944;0
11;69;2021-01-12;821;0;3765;0
11;69;2021-01-13;709;0;4474;0
11;69;2021-01-14;759;0;5233;0
11;69;2021-01-15;747;0;5980;0
11;69;2021-01-16;239;6;6219;6
11;69;2021-01-17;126;1;6345;7
11;69;2021-01-18;603;2;6948;9
11;69;2021-01-19;673;0;7621;9
11;69;2021-01-20;805;4;8426;13
11;69;2021-01-21;917;1;9343;14
11;69;2021-01-22;734;2;10077;16
11;69;2021-01-23;245;7;10322;23
11;69;2021-01-24;83;7;10405;30
11;69;2021-01-25;320;23;10725;53
11;69;2021-01-26;420;30;11145;83
11;69;2021-01-27;613;77;11758;160
11;69;2021-01-28;873;115;12631;275
11;69;2021-01-29;668;161;13299;436
11;69;2021-01-30;160;21;13459;457
11;69;2021-01-31;26;32;13485;489
11;69;2021-02-01;222;230;13707;719
11;69;2021-02-02;234;334;13941;1053
11;69;2021-02-03;207;418;14148;1471
11;69;2021-02-04;233;564;14381;2035
11;69;2021-02-05;236;539;14617;2574
11;69;2021-02-06;92;218;14709;2792
11;69;2021-02-07;13;242;14722;3034
11;69;2021-02-08;193;624;14915;3658
11;69;2021-02-09;226;875;15141;4533
11;69;2021-02-10;307;861;15448;5394
11;69;2021-02-11;446;952;15894;6346
11;69;2021-02-12;413;812;16307;7158
11;69;2021-02-13;136;201;16443;7359
11;69;2021-02-14;13;82;16456;7441
11;69;2021-02-15;102;484;16558;7925
11;69;2021-02-16;142;649;16700;8574
11;69;2021-02-17;204;720;16904;9294
11;69;2021-02-18;395;1016;17299;10310
11;69;2021-02-19;451;732;17750;11042
11;69;2021-02-20;89;171;17839;11213
11;69;2021-02-21;28;47;17867;11260
11;69;2021-02-22;167;326;18034;11586
11;69;2021-02-23;163;340;18197;11926
11;69;2021-02-24;170;351;18367;12277
11;69;2021-02-25;299;345;18666;12622
11;69;2021-02-26;383;345;19049;12967
11;69;2021-02-27;168;112;19217;13079
11;69;2021-02-28;38;22;19255;13101
11;69;2021-03-01;309;219;19564;13320
11;69;2021-03-02;661;292;20225;13612
11;69;2021-03-03;1012;294;21237;13906
11;69;2021-03-04;2142;468;23379;14374
11;69;2021-03-05;3119;371;26498;14745
11;69;2021-03-06;3891;84;30389;14829
11;69;2021-03-07;2633;21;33022;14850
11;69;2021-03-08;1652;201;34674;15051
11;69;2021-03-09;2662;210;37336;15261
11;69;2021-03-10;2670;313;40006;15574
11;69;2021-03-11;3979;424;43985;15998
11;69;2021-03-12;5406;345;49391;16343
11;69;2021-03-13;5219;85;54610;16428
11;69;2021-03-14;1587;24;56197;16452
11;69;2021-03-15;3357;128;59554;16580
11;69;2021-03-16;1894;161;61448;16741
11;69;2021-03-17;1918;122;63366;16863
11;69;2021-03-18;2567;129;65933;16992
11;69;2021-03-19;4621;146;70554;17138
11;69;2021-03-20;4015;44;74569;17182
11;69;2021-03-21;754;12;75323;17194
11;69;2021-03-22;4414;167;79737;17361
11;69;2021-03-23;6353;169;86090;17530
11;69;2021-03-24;6220;192;92310;17722
11;69;2021-03-25;8900;200;101210;17922
11;69;2021-03-26;8876;200;110086;18122
11;69;2021-03-27;4953;61;115039;18183
11;69;2021-03-28;1339;22;116378;18205
11;69;2021-03-29;4394;299;120772;18504
11;69;2021-03-30;6230;572;127002;19076
11;69;2021-03-31;5161;701;132163;19777
11;69;2021-04-01;5671;1172;137834;20949
11;69;2021-04-02;5224;1215;143058;22164
11;69;2021-04-03;2685;894;145743;23058
11;69;2021-04-04;791;302;146534;23360
11;69;2021-04-05;738;48;147272;23408
11;69;2021-04-06;3854;1136;151126;24544
11;69;2021-04-07;4813;1211;155939;25755
11;69;2021-04-08;6100;1430;162039;27185
11;69;2021-04-09;8040;1281;170079;28466
11;69;2021-04-10;4569;1481;174648;29947
11;69;2021-04-11;903;663;175551;30610
11;69;2021-04-12;4741;1290;180292;31900
11;69;2021-04-13;6207;1737;186499;33637
11;69;2021-04-14;5575;1743;192074;35380
11;69;2021-04-15;6522;2204;198596;37584
11;69;2021-04-16;7848;2221;206444;39805
11;69;2021-04-17;4729;1457;211173;41262
11;69;2021-04-18;860;390;212033;41652
11;69;2021-04-19;5305;2299;217338;43951
11;69;2021-04-20;6274;2734;223612;46685
11;69;2021-04-21;6387;2712;229999;49397
11;74;2020-12-27;1;0;1;0
11;74;2020-12-28;1;0;2;0
11;74;2020-12-29;3;0;5;0
11;74;2020-12-30;9;0;14;0
11;74;2020-12-31;1;0;15;0
11;74;2021-01-01;3;0;18;0
11;74;2021-01-02;3;0;21;0
11;74;2021-01-03;11;0;32;0
11;74;2021-01-04;58;0;90;0
11;74;2021-01-05;173;0;263;0
11;74;2021-01-06;224;0;487;0
11;74;2021-01-07;401;0;888;0
11;74;2021-01-08;481;0;1369;0
11;74;2021-01-09;233;0;1602;0
11;74;2021-01-10;244;0;1846;0
11;74;2021-01-11;523;0;2369;0
11;74;2021-01-12;608;0;2977;0
11;74;2021-01-13;574;0;3551;0
11;74;2021-01-14;658;0;4209;0
11;74;2021-01-15;635;0;4844;0
11;74;2021-01-16;290;5;5134;5
11;74;2021-01-17;122;0;5256;5
11;74;2021-01-18;840;10;6096;15
11;74;2021-01-19;965;5;7061;20
11;74;2021-01-20;1093;0;8154;20
11;74;2021-01-21;1276;3;9430;23
11;74;2021-01-22;1019;7;10449;30
11;74;2021-01-23;331;3;10780;33
11;74;2021-01-24;96;16;10876;49
11;74;2021-01-25;555;23;11431;72
11;74;2021-01-26;730;40;12161;112
11;74;2021-01-27;1000;68;13161;180
11;74;2021-01-28;1284;124;14445;304
11;74;2021-01-29;1072;117;15517;421
11;74;2021-01-30;306;17;15823;438
11;74;2021-01-31;45;39;15868;477
11;74;2021-02-01;457;164;16325;641
11;74;2021-02-02;503;251;16828;892
11;74;2021-02-03;483;324;17311;1216
11;74;2021-02-04;548;461;17859;1677
11;74;2021-02-05;510;427;18369;2104
11;74;2021-02-06;216;201;18585;2305
11;74;2021-02-07;34;210;18619;2515
11;74;2021-02-08;405;577;19024;3092
11;74;2021-02-09;427;745;19451;3837
11;74;2021-02-10;543;883;19994;4720
11;74;2021-02-11;683;967;20677;5687
11;74;2021-02-12;730;839;21407;6526
11;74;2021-02-13;194;209;21601;6735
11;74;2021-02-14;17;94;21618;6829
11;74;2021-02-15;192;733;21810;7562
11;74;2021-02-16;271;944;22081;8506
11;74;2021-02-17;323;1010;22404;9516
11;74;2021-02-18;596;1349;23000;10865
11;74;2021-02-19;654;983;23654;11848
11;74;2021-02-20;177;266;23831;12114
11;74;2021-02-21;31;69;23862;12183
11;74;2021-02-22;271;580;24133;12763
11;74;2021-02-23;317;625;24450;13388
11;74;2021-02-24;349;622;24799;14010
11;74;2021-02-25;388;657;25187;14667
11;74;2021-02-26;475;622;25662;15289
11;74;2021-02-27;132;212;25794;15501
11;74;2021-02-28;26;38;25820;15539
11;74;2021-03-01;548;434;26368;15973
11;74;2021-03-02;993;553;27361;16526
11;74;2021-03-03;1479;620;28840;17146
11;74;2021-03-04;2711;816;31551;17962
11;74;2021-03-05;3762;690;35313;18652
11;74;2021-03-06;5979;163;41292;18815
11;74;2021-03-07;4636;34;45928;18849
11;74;2021-03-08;2344;404;48272;19253
11;74;2021-03-09;3583;452;51855;19705
11;74;2021-03-10;3592;562;55447;20267
11;74;2021-03-11;5198;731;60645;20998
11;74;2021-03-12;6863;634;67508;21632
11;74;2021-03-13;7390;158;74898;21790
11;74;2021-03-14;2659;40;77557;21830
11;74;2021-03-15;4955;206;82512;22036
11;74;2021-03-16;3608;284;86120;22320
11;74;2021-03-17;3793;257;89913;22577
11;74;2021-03-18;4897;266;94810;22843
11;74;2021-03-19;7318;294;102128;23137
11;74;2021-03-20;5463;86;107591;23223
11;74;2021-03-21;992;22;108583;23245
11;74;2021-03-22;6362;336;114945;23581
11;74;2021-03-23;9128;365;124073;23946
11;74;2021-03-24;8683;373;132756;24319
11;74;2021-03-25;12261;374;145017;24693
11;74;2021-03-26;12439;372;157456;25065
11;74;2021-03-27;10184;140;167640;25205
11;74;2021-03-28;3706;48;171346;25253
11;74;2021-03-29;9884;675;181230;25928
11;74;2021-03-30;11991;1227;193221;27155
11;74;2021-03-31;10137;1511;203358;28666
11;74;2021-04-01;10246;2494;213604;31160
11;74;2021-04-02;8576;2801;222180;33961
11;74;2021-04-03;4252;2281;226432;36242
11;74;2021-04-04;1314;830;227746;37072
11;74;2021-04-05;1452;100;229198;37172
11;74;2021-04-06;6887;2322;236085;39494
11;74;2021-04-07;8536;2297;244621;41791
11;74;2021-04-08;8718;2730;253339;44521
11;74;2021-04-09;8669;2653;262008;47174
11;74;2021-04-10;4957;3017;266965;50191
11;74;2021-04-11;1173;1338;268138;51529
11;74;2021-04-12;5029;2527;273167;54056
11;74;2021-04-13;5473;3460;278640;57516
11;74;2021-04-14;4719;3601;283359;61117
11;74;2021-04-15;4403;4593;287762;65710
11;74;2021-04-16;3642;4651;291404;70361
11;74;2021-04-17;1887;2656;293291;73017
11;74;2021-04-18;321;633;293612;73650
11;74;2021-04-19;2082;4350;295694;78000
11;74;2021-04-20;2643;5170;298337;83170
11;74;2021-04-21;2614;5258;300951;88428
11;79;2020-12-27;1;0;1;0
11;79;2020-12-28;2;0;3;0
11;79;2020-12-29;6;0;9;0
11;79;2020-12-30;10;0;19;0
11;79;2020-12-31;5;0;24;0
11;79;2021-01-01;1;0;25;0
11;79;2021-01-02;0;0;25;0
11;79;2021-01-03;2;0;27;0
11;79;2021-01-04;18;0;45;0
11;79;2021-01-05;78;0;123;0
11;79;2021-01-06;93;0;216;0
11;79;2021-01-07;188;0;404;0
11;79;2021-01-08;264;0;668;0
11;79;2021-01-09;102;0;770;0
11;79;2021-01-10;81;0;851;0
11;79;2021-01-11;236;0;1087;0
11;79;2021-01-12;300;0;1387;0
11;79;2021-01-13;355;0;1742;0
11;79;2021-01-14;425;0;2167;0
11;79;2021-01-15;593;0;2760;0
11;79;2021-01-16;270;2;3030;2
11;79;2021-01-17;77;0;3107;2
11;79;2021-01-18;2800;10;5907;12
11;79;2021-01-19;3266;6;9173;18
11;79;2021-01-20;3584;7;12757;25
11;79;2021-01-21;4060;9;16817;34
11;79;2021-01-22;3694;10;20511;44
11;79;2021-01-23;1506;2;22017;46
11;79;2021-01-24;323;6;22340;52
11;79;2021-01-25;2745;12;25085;64
11;79;2021-01-26;3285;41;28370;105
11;79;2021-01-27;3399;39;31769;144
11;79;2021-01-28;3773;77;35542;221
11;79;2021-01-29;3671;83;39213;304
11;79;2021-01-30;1295;11;40508;315
11;79;2021-01-31;144;14;40652;329
11;79;2021-02-01;2531;81;43183;410
11;79;2021-02-02;2807;144;45990;554
11;79;2021-02-03;2656;188;48646;742
11;79;2021-02-04;2962;243;51608;985
11;79;2021-02-05;3022;281;54630;1266
11;79;2021-02-06;1094;96;55724;1362
11;79;2021-02-07;118;72;55842;1434
11;79;2021-02-08;1851;536;57693;1970
11;79;2021-02-09;2068;652;59761;2622
11;79;2021-02-10;2213;898;61974;3520
11;79;2021-02-11;2323;1008;64297;4528
11;79;2021-02-12;2369;956;66666;5484
11;79;2021-02-13;619;300;67285;5784
11;79;2021-02-14;45;78;67330;5862
11;79;2021-02-15;679;2961;68009;8823
11;79;2021-02-16;716;3283;68725;12106
11;79;2021-02-17;714;3432;69439;15538
11;79;2021-02-18;947;3778;70386;19316
11;79;2021-02-19;1183;3210;71569;22526
11;79;2021-02-20;306;1153;71875;23679
11;79;2021-02-21;84;224;71959;23903
11;79;2021-02-22;738;2954;72697;26857
11;79;2021-02-23;870;3224;73567;30081
11;79;2021-02-24;847;3049;74414;33130
11;79;2021-02-25;972;3099;75386;36229
11;79;2021-02-26;1230;3038;76616;39267
11;79;2021-02-27;315;1057;76931;40324
11;79;2021-02-28;19;164;76950;40488
11;79;2021-03-01;1441;2654;78391;43142
11;79;2021-03-02;2167;2970;80558;46112
11;79;2021-03-03;2637;2865;83195;48977
11;79;2021-03-04;3425;2891;86620;51868
11;79;2021-03-05;3912;2949;90532;54817
11;79;2021-03-06;8509;842;99041;55659
11;79;2021-03-07;7584;144;106625;55803
11;79;2021-03-08;2618;1992;109243;57795
11;79;2021-03-09;3839;2233;113082;60028
11;79;2021-03-10;3844;2168;116926;62196
11;79;2021-03-11;4353;2255;121279;64451
11;79;2021-03-12;4860;2022;126139;66473
11;79;2021-03-13;4966;530;131105;67003
11;79;2021-03-14;2054;90;133159;67093
11;79;2021-03-15;4530;657;137689;67750
11;79;2021-03-16;5285;676;142974;68426
11;79;2021-03-17;5285;626;148259;69052
11;79;2021-03-18;5899;714;154158;69766
11;79;2021-03-19;5961;764;160119;70530
11;79;2021-03-20;2941;242;163060;70772
11;79;2021-03-21;449;51;163509;70823
11;79;2021-03-22;4081;810;167590;71633
11;79;2021-03-23;4906;1009;172496;72642
11;79;2021-03-24;4573;940;177069;73582
11;79;2021-03-25;5197;830;182266;74412
11;79;2021-03-26;4636;958;186902;75370
11;79;2021-03-27;2084;251;188986;75621
11;79;2021-03-28;468;65;189454;75686
11;79;2021-03-29;2072;1676;191526;77362
11;79;2021-03-30;2616;2626;194142;79988
11;79;2021-03-31;2381;3426;196523;83414
11;79;2021-04-01;2390;5236;198913;88650
11;79;2021-04-02;2051;5871;200964;94521
11;79;2021-04-03;961;5843;201925;100364
11;79;2021-04-04;289;2009;202214;102373
11;79;2021-04-05;318;285;202532;102658
11;79;2021-04-06;1645;4462;204177;107120
11;79;2021-04-07;2079;4416;206256;111536
11;79;2021-04-08;2186;4384;208442;115920
11;79;2021-04-09;2260;4434;210702;120354
11;79;2021-04-10;1348;4221;212050;124575
11;79;2021-04-11;302;1211;212352;125786
11;79;2021-04-12;1435;4092;213787;129878
11;79;2021-04-13;1516;5201;215303;135079
11;79;2021-04-14;1475;5084;216778;140163
11;79;2021-04-15;1432;5507;218210;145670
11;79;2021-04-16;1177;5064;219387;150734
11;79;2021-04-17;588;2280;219975;153014
11;79;2021-04-18;79;330;220054;153344
11;79;2021-04-19;730;3639;220784;156983
11;79;2021-04-20;855;4160;221639;161143
11;79;2021-04-21;845;3783;222484;164926
11;80;2020-12-27;7;0;7;0
11;80;2020-12-28;1;0;8;0
11;80;2020-12-29;45;0;53;0
11;80;2020-12-30;42;0;95;0
11;80;2020-12-31;30;0;125;0
11;80;2021-01-01;2;0;127;0
11;80;2021-01-02;7;0;134;0
11;80;2021-01-03;0;0;134;0
11;80;2021-01-04;58;0;192;0
11;80;2021-01-05;250;0;442;0
11;80;2021-01-06;163;0;605;0
11;80;2021-01-07;644;0;1249;0
11;80;2021-01-08;662;0;1911;0
11;80;2021-01-09;112;0;2023;0
11;80;2021-01-10;104;0;2127;0
11;80;2021-01-11;450;0;2577;0
11;80;2021-01-12;767;0;3344;0
11;80;2021-01-13;832;0;4176;0
11;80;2021-01-14;815;0;4991;0
11;80;2021-01-15;865;0;5856;0
11;80;2021-01-16;282;5;6138;5
11;80;2021-01-17;98;1;6236;6
11;80;2021-01-18;3599;16;9835;22
11;80;2021-01-19;5945;32;15780;54
11;80;2021-01-20;7687;22;23467;76
11;80;2021-01-21;10040;27;33507;103
11;80;2021-01-22;6689;45;40196;148
11;80;2021-01-23;2096;4;42292;152
11;80;2021-01-24;473;0;42765;152
11;80;2021-01-25;3635;59;46400;211
11;80;2021-01-26;5873;173;52273;384
11;80;2021-01-27;8419;149;60692;533
11;80;2021-01-28;10302;483;70994;1016
11;80;2021-01-29;6666;418;77660;1434
11;80;2021-01-30;2075;26;79735;1460
11;80;2021-01-31;265;14;80000;1474
11;80;2021-02-01;3236;233;83236;1707
11;80;2021-02-02;3869;482;87105;2189
11;80;2021-02-03;3968;554;91073;2743
11;80;2021-02-04;4142;621;95215;3364
11;80;2021-02-05;4194;479;99409;3843
11;80;2021-02-06;1550;95;100959;3938
11;80;2021-02-07;214;86;101173;4024
11;80;2021-02-08;2719;713;103892;4737
11;80;2021-02-09;3372;2583;107264;7320
11;80;2021-02-10;3607;4154;110871;11474
11;80;2021-02-11;4150;5579;115021;17053
11;80;2021-02-12;3730;2549;118751;19602
11;80;2021-02-13;938;493;119689;20095
11;80;2021-02-14;68;77;119757;20172
11;80;2021-02-15;1061;3604;120818;23776
11;80;2021-02-16;1324;5201;122142;28977
11;80;2021-02-17;1613;7520;123755;36497
11;80;2021-02-18;2364;9837;126119;46334
11;80;2021-02-19;2501;5940;128620;52274
11;80;2021-02-20;522;1670;129142;53944
11;80;2021-02-21;122;368;129264;54312
11;80;2021-02-22;1158;3731;130422;58043
11;80;2021-02-23;1505;4330;131927;62373
11;80;2021-02-24;1447;4316;133374;66689
11;80;2021-02-25;1550;4604;134924;71293
11;80;2021-02-26;2161;4251;137085;75544
11;80;2021-02-27;466;1544;137551;77088
11;80;2021-02-28;37;241;137588;77329
11;80;2021-03-01;2408;3380;139996;80709
11;80;2021-03-02;3739;4237;143735;84946
11;80;2021-03-03;4536;4583;148271;89529
11;80;2021-03-04;5887;5006;154158;94535
11;80;2021-03-05;6377;4394;160535;98929
11;80;2021-03-06;13037;1264;173572;100193
11;80;2021-03-07;11515;232;185087;100425
11;80;2021-03-08;3831;2948;188918;103373
11;80;2021-03-09;5955;3084;194873;106457
11;80;2021-03-10;6179;3441;201052;109898
11;80;2021-03-11;7067;3933;208119;113831
11;80;2021-03-12;7710;3529;215829;117360
11;80;2021-03-13;7399;778;223228;118138
11;80;2021-03-14;3069;119;226297;118257
11;80;2021-03-15;6794;1079;233091;119336
11;80;2021-03-16;8152;1254;241243;120590
11;80;2021-03-17;8481;1064;249724;121654
11;80;2021-03-18;8863;1282;258587;122936
11;80;2021-03-19;9060;1305;267647;124241
11;80;2021-03-20;4286;360;271933;124601
11;80;2021-03-21;600;70;272533;124671
11;80;2021-03-22;6016;1227;278549;125898
11;80;2021-03-23;7250;1600;285799;127498
11;80;2021-03-24;6921;1553;292720;129051
11;80;2021-03-25;7910;1439;300630;130490
11;80;2021-03-26;6974;1753;307604;132243
11;80;2021-03-27;3150;361;310754;132604
11;80;2021-03-28;646;129;311400;132733
11;80;2021-03-29;3077;2773;314477;135506
11;80;2021-03-30;4120;4387;318597;139893
11;80;2021-03-31;3960;5537;322557;145430
11;80;2021-04-01;4210;8627;326767;154057
11;80;2021-04-02;3188;9714;329955;163771
11;80;2021-04-03;1327;8979;331282;172750
11;80;2021-04-04;340;3029;331622;175779
11;80;2021-04-05;455;369;332077;176148
11;80;2021-04-06;2335;7031;334412;183179
11;80;2021-04-07;3243;7127;337655;190306
11;80;2021-04-08;3951;7226;341606;197532
11;80;2021-04-09;3909;7492;345515;205024
11;80;2021-04-10;1892;6242;347407;211266
11;80;2021-04-11;382;1844;347789;213110
11;80;2021-04-12;2091;6305;349880;219415
11;80;2021-04-13;2306;7878;352186;227293
11;80;2021-04-14;2212;7997;354398;235290
11;80;2021-04-15;2215;8114;356613;243404
11;80;2021-04-16;1971;7608;358584;251012
11;80;2021-04-17;944;3460;359528;254472
11;80;2021-04-18;149;471;359677;254943
11;80;2021-04-19;1060;5448;360737;260391
11;80;2021-04-20;1432;6271;362169;266662
11;80;2021-04-21;1363;6064;363532;272726
24;24;2020-12-27;0;0;0;0
24;24;2020-12-28;0;0;0;0
24;24;2020-12-29;0;0;0;0
24;24;2020-12-30;0;0;0;0
24;24;2020-12-31;0;0;0;0
24;24;2021-01-01;0;0;0;0
24;24;2021-01-02;0;0;0;0
24;24;2021-01-03;0;0;0;0
24;24;2021-01-04;0;0;0;0
24;24;2021-01-05;0;0;0;0
24;24;2021-01-06;0;0;0;0
24;24;2021-01-07;0;0;0;0
24;24;2021-01-08;1;0;1;0
24;24;2021-01-09;0;0;1;0
24;24;2021-01-10;4;0;5;0
24;24;2021-01-11;2;0;7;0
24;24;2021-01-12;2;0;9;0
24;24;2021-01-13;3;0;12;0
24;24;2021-01-14;7;0;19;0
24;24;2021-01-15;12;0;31;0
24;24;2021-01-16;3;0;34;0
24;24;2021-01-17;3;0;37;0
24;24;2021-01-18;8;0;45;0
24;24;2021-01-19;30;0;75;0
24;24;2021-01-20;22;0;97;0
24;24;2021-01-21;38;0;135;0
24;24;2021-01-22;29;0;164;0
24;24;2021-01-23;1;0;165;0
24;24;2021-01-24;0;0;165;0
24;24;2021-01-25;15;0;180;0
24;24;2021-01-26;16;0;196;0
24;24;2021-01-27;17;0;213;0
24;24;2021-01-28;24;0;237;0
24;24;2021-01-29;15;0;252;0
24;24;2021-01-30;2;0;254;0
24;24;2021-01-31;0;4;254;4
24;24;2021-02-01;3;2;257;6
24;24;2021-02-02;9;1;266;7
24;24;2021-02-03;9;3;275;10
24;24;2021-02-04;13;5;288;15
24;24;2021-02-05;8;5;296;20
24;24;2021-02-06;0;2;296;22
24;24;2021-02-07;2;1;298;23
24;24;2021-02-08;30;4;328;27
24;24;2021-02-09;56;21;384;48
24;24;2021-02-10;43;21;427;69
24;24;2021-02-11;65;25;492;94
24;24;2021-02-12;52;22;544;116
24;24;2021-02-13;4;1;548;117
24;24;2021-02-14;11;0;559;117
24;24;2021-02-15;46;6;605;123
24;24;2021-02-16;60;19;665;142
24;24;2021-02-17;57;18;722;160
24;24;2021-02-18;67;26;789;186
24;24;2021-02-19;60;17;849;203
24;24;2021-02-20;16;1;865;204
24;24;2021-02-21;7;0;872;204
24;24;2021-02-22;41;9;913;213
24;24;2021-02-23;74;6;987;219
24;24;2021-02-24;46;9;1033;228
24;24;2021-02-25;41;7;1074;235
24;24;2021-02-26;59;6;1133;241
24;24;2021-02-27;3;0;1136;241
24;24;2021-02-28;1;0;1137;241
24;24;2021-03-01;32;4;1169;245
24;24;2021-03-02;66;8;1235;253
24;24;2021-03-03;50;15;1285;268
24;24;2021-03-04;70;24;1355;292
24;24;2021-03-05;101;22;1456;314
24;24;2021-03-06;30;2;1486;316
24;24;2021-03-07;28;1;1514;317
24;24;2021-03-08;51;10;1565;327
24;24;2021-03-09;69;15;1634;342
24;24;2021-03-10;79;29;1713;371
24;24;2021-03-11;117;34;1830;405
24;24;2021-03-12;170;19;2000;424
24;24;2021-03-13;20;1;2020;425
24;24;2021-03-14;7;1;2027;426
24;24;2021-03-15;87;5;2114;431
24;24;2021-03-16;5;10;2119;441
24;24;2021-03-17;18;5;2137;446
24;24;2021-03-18;18;13;2155;459
24;24;2021-03-19;53;9;2208;468
24;24;2021-03-20;3;2;2211;470
24;24;2021-03-21;1;1;2212;471
24;24;2021-03-22;55;5;2267;476
24;24;2021-03-23;60;6;2327;482
24;24;2021-03-24;80;5;2407;487
24;24;2021-03-25;61;6;2468;493
24;24;2021-03-26;74;10;2542;503
24;24;2021-03-27;8;0;2550;503
24;24;2021-03-28;1;0;2551;503
24;24;2021-03-29;80;3;2631;506
24;24;2021-03-30;132;8;2763;514
24;24;2021-03-31;181;4;2944;518
24;24;2021-04-01;252;12;3196;530
24;24;2021-04-02;174;4;3370;534
24;24;2021-04-03;13;1;3383;535
24;24;2021-04-04;0;0;3383;535
24;24;2021-04-05;0;0;3383;535
24;24;2021-04-06;90;10;3473;545
24;24;2021-04-07;217;14;3690;559
24;24;2021-04-08;235;8;3925;567
24;24;2021-04-09;235;9;4160;576
24;24;2021-04-10;72;2;4232;578
24;24;2021-04-11;44;2;4276;580
24;24;2021-04-12;155;12;4431;592
24;24;2021-04-13;188;10;4619;602
24;24;2021-04-14;132;23;4751;625
24;24;2021-04-15;189;18;4940;643
24;24;2021-04-16;188;30;5128;673
24;24;2021-04-17;41;4;5169;677
24;24;2021-04-18;10;0;5179;677
24;24;2021-04-19;119;21;5298;698
24;24;2021-04-20;140;59;5438;757
24;24;2021-04-21;113;72;5551;829
24;29;2020-12-27;0;0;0;0
24;29;2020-12-28;0;0;0;0
24;29;2020-12-29;0;0;0;0
24;29;2020-12-30;0;0;0;0
24;29;2020-12-31;0;0;0;0
24;29;2021-01-01;0;0;0;0
24;29;2021-01-02;0;0;0;0
24;29;2021-01-03;0;0;0;0
24;29;2021-01-04;0;0;0;0
24;29;2021-01-05;0;0;0;0
24;29;2021-01-06;2;0;2;0
24;29;2021-01-07;0;0;2;0
24;29;2021-01-08;1;0;3;0
24;29;2021-01-09;0;0;3;0
24;29;2021-01-10;2;0;5;0
24;29;2021-01-11;10;0;15;0
24;29;2021-01-12;14;0;29;0
24;29;2021-01-13;17;0;46;0
24;29;2021-01-14;21;0;67;0
24;29;2021-01-15;24;0;91;0
24;29;2021-01-16;3;1;94;1
24;29;2021-01-17;0;0;94;1
24;29;2021-01-18;16;0;110;1
24;29;2021-01-19;45;0;155;1
24;29;2021-01-20;33;0;188;1
24;29;2021-01-21;67;0;255;1
24;29;2021-01-22;43;0;298;1
24;29;2021-01-23;1;0;299;1
24;29;2021-01-24;2;0;301;1
24;29;2021-01-25;29;1;330;2
24;29;2021-01-26;34;1;364;3
24;29;2021-01-27;27;0;391;3
24;29;2021-01-28;45;0;436;3
24;29;2021-01-29;25;1;461;4
24;29;2021-01-30;1;0;462;4
24;29;2021-01-31;1;2;463;6
24;29;2021-02-01;10;8;473;14
24;29;2021-02-02;14;10;487;24
24;29;2021-02-03;19;10;506;34
24;29;2021-02-04;21;15;527;49
24;29;2021-02-05;15;10;542;59
24;29;2021-02-06;1;2;543;61
24;29;2021-02-07;6;0;549;61
24;29;2021-02-08;24;9;573;70
24;29;2021-02-09;65;35;638;105
24;29;2021-02-10;75;31;713;136
24;29;2021-02-11;96;45;809;181
24;29;2021-02-12;71;43;880;224
24;29;2021-02-13;7;1;887;225
24;29;2021-02-14;12;0;899;225
24;29;2021-02-15;53;11;952;236
24;29;2021-02-16;85;31;1037;267
24;29;2021-02-17;60;25;1097;292
24;29;2021-02-18;80;56;1177;348
24;29;2021-02-19;75;38;1252;386
24;29;2021-02-20;15;1;1267;387
24;29;2021-02-21;3;0;1270;387
24;29;2021-02-22;54;16;1324;403
24;29;2021-02-23;56;17;1380;420
24;29;2021-02-24;60;18;1440;438
24;29;2021-02-25;55;18;1495;456
24;29;2021-02-26;79;9;1574;465
24;29;2021-02-27;5;3;1579;468
24;29;2021-02-28;1;0;1580;468
24;29;2021-03-01;39;10;1619;478
24;29;2021-03-02;65;24;1684;502
24;29;2021-03-03;66;30;1750;532
24;29;2021-03-04;93;36;1843;568
24;29;2021-03-05;131;33;1974;601
24;29;2021-03-06;35;2;2009;603
24;29;2021-03-07;27;0;2036;603
24;29;2021-03-08;47;17;2083;620
24;29;2021-03-09;86;30;2169;650
24;29;2021-03-10;80;37;2249;687
24;29;2021-03-11;94;38;2343;725
24;29;2021-03-12;149;30;2492;755
24;29;2021-03-13;33;2;2525;757
24;29;2021-03-14;6;0;2531;757
24;29;2021-03-15;44;11;2575;768
24;29;2021-03-16;19;12;2594;780
24;29;2021-03-17;22;11;2616;791
24;29;2021-03-18;18;15;2634;806
24;29;2021-03-19;45;9;2679;815
24;29;2021-03-20;5;2;2684;817
24;29;2021-03-21;0;0;2684;817
24;29;2021-03-22;28;6;2712;823
24;29;2021-03-23;56;10;2768;833
24;29;2021-03-24;57;14;2825;847
24;29;2021-03-25;71;17;2896;864
24;29;2021-03-26;82;2;2978;866
24;29;2021-03-27;29;2;3007;868
24;29;2021-03-28;2;0;3009;868
24;29;2021-03-29;95;1;3104;869
24;29;2021-03-30;129;7;3233;876
24;29;2021-03-31;170;7;3403;883
24;29;2021-04-01;240;16;3643;899
24;29;2021-04-02;191;16;3834;915
24;29;2021-04-03;32;3;3866;918
24;29;2021-04-04;2;0;3868;918
24;29;2021-04-05;1;0;3869;918
24;29;2021-04-06;96;15;3965;933
24;29;2021-04-07;171;21;4136;954
24;29;2021-04-08;229;17;4365;971
24;29;2021-04-09;247;14;4612;985
24;29;2021-04-10;64;5;4676;990
24;29;2021-04-11;35;0;4711;990
24;29;2021-04-12;126;16;4837;1006
24;29;2021-04-13;188;20;5025;1026
24;29;2021-04-14;129;23;5154;1049
24;29;2021-04-15;189;14;5343;1063
24;29;2021-04-16;163;24;5506;1087
24;29;2021-04-17;48;4;5554;1091
24;29;2021-04-18;15;0;5569;1091
24;29;2021-04-19;104;27;5673;1118
24;29;2021-04-20;133;46;5806;1164
24;29;2021-04-21;130;52;5936;1216
24;39;2020-12-27;0;0;0;0
24;39;2020-12-28;0;0;0;0
24;39;2020-12-29;0;0;0;0
24;39;2020-12-30;0;0;0;0
24;39;2020-12-31;0;0;0;0
24;39;2021-01-01;0;0;0;0
24;39;2021-01-02;0;0;0;0
24;39;2021-01-03;0;0;0;0
24;39;2021-01-04;0;0;0;0
24;39;2021-01-05;2;0;2;0
24;39;2021-01-06;3;0;5;0
24;39;2021-01-07;9;0;14;0
24;39;2021-01-08;8;0;22;0
24;39;2021-01-09;15;0;37;0
24;39;2021-01-10;13;0;50;0
24;39;2021-01-11;38;0;88;0
24;39;2021-01-12;77;0;165;0
24;39;2021-01-13;71;0;236;0
24;39;2021-01-14;85;0;321;0
24;39;2021-01-15;99;0;420;0
24;39;2021-01-16;32;1;452;1
24;39;2021-01-17;7;0;459;1
24;39;2021-01-18;82;0;541;1
24;39;2021-01-19;180;0;721;1
24;39;2021-01-20;150;0;871;1
24;39;2021-01-21;242;1;1113;2
24;39;2021-01-22;162;0;1275;2
24;39;2021-01-23;27;1;1302;3
24;39;2021-01-24;2;0;1304;3
24;39;2021-01-25;68;0;1372;3
24;39;2021-01-26;113;0;1485;3
24;39;2021-01-27;114;3;1599;6
24;39;2021-01-28;186;11;1785;17
24;39;2021-01-29;94;7;1879;24
24;39;2021-01-30;13;10;1892;34
24;39;2021-01-31;5;12;1897;46
24;39;2021-02-01;34;27;1931;73
24;39;2021-02-02;60;64;1991;137
24;39;2021-02-03;72;52;2063;189
24;39;2021-02-04;86;45;2149;234
24;39;2021-02-05;49;54;2198;288
24;39;2021-02-06;2;16;2200;304
24;39;2021-02-07;4;0;2204;304
24;39;2021-02-08;75;42;2279;346
24;39;2021-02-09;158;113;2437;459
24;39;2021-02-10;192;132;2629;591
24;39;2021-02-11;334;213;2963;804
24;39;2021-02-12;237;128;3200;932
24;39;2021-02-13;47;20;3247;952
24;39;2021-02-14;56;1;3303;953
24;39;2021-02-15;185;67;3488;1020
24;39;2021-02-16;193;136;3681;1156
24;39;2021-02-17;161;130;3842;1286
24;39;2021-02-18;257;211;4099;1497
24;39;2021-02-19;203;123;4302;1620
24;39;2021-02-20;52;15;4354;1635
24;39;2021-02-21;18;0;4372;1635
24;39;2021-02-22;88;69;4460;1704
24;39;2021-02-23;92;61;4552;1765
24;39;2021-02-24;80;43;4632;1808
24;39;2021-02-25;139;47;4771;1855
24;39;2021-02-26;183;43;4954;1898
24;39;2021-02-27;19;6;4973;1904
24;39;2021-02-28;2;0;4975;1904
24;39;2021-03-01;86;30;5061;1934
24;39;2021-03-02;131;74;5192;2008
24;39;2021-03-03;100;92;5292;2100
24;39;2021-03-04;184;144;5476;2244
24;39;2021-03-05;239;121;5715;2365
24;39;2021-03-06;87;10;5802;2375
24;39;2021-03-07;81;1;5883;2376
24;39;2021-03-08;95;78;5978;2454
24;39;2021-03-09;253;61;6231;2515
24;39;2021-03-10;192;129;6423;2644
24;39;2021-03-11;322;137;6745;2781
24;39;2021-03-12;483;65;7228;2846
24;39;2021-03-13;119;2;7347;2848
24;39;2021-03-14;22;1;7369;2849
24;39;2021-03-15;148;26;7517;2875
24;39;2021-03-16;81;37;7598;2912
24;39;2021-03-17;71;25;7669;2937
24;39;2021-03-18;69;71;7738;3008
24;39;2021-03-19;174;24;7912;3032
24;39;2021-03-20;23;2;7935;3034
24;39;2021-03-21;7;1;7942;3035
24;39;2021-03-22;77;24;8019;3059
24;39;2021-03-23;146;41;8165;3100
24;39;2021-03-24;131;23;8296;3123
24;39;2021-03-25;212;30;8508;3153
24;39;2021-03-26;256;25;8764;3178
24;39;2021-03-27;63;5;8827;3183
24;39;2021-03-28;3;0;8830;3183
24;39;2021-03-29;249;20;9079;3203
24;39;2021-03-30;412;28;9491;3231
24;39;2021-03-31;462;22;9953;3253
24;39;2021-04-01;587;43;10540;3296
24;39;2021-04-02;472;25;11012;3321
24;39;2021-04-03;77;6;11089;3327
24;39;2021-04-04;5;2;11094;3329
24;39;2021-04-05;7;2;11101;3331
24;39;2021-04-06;285;44;11386;3375
24;39;2021-04-07;501;58;11887;3433
24;39;2021-04-08;601;71;12488;3504
24;39;2021-04-09;652;54;13140;3558
24;39;2021-04-10;217;18;13357;3576
24;39;2021-04-11;137;9;13494;3585
24;39;2021-04-12;326;43;13820;3628
24;39;2021-04-13;481;88;14301;3716
24;39;2021-04-14;393;75;14694;3791
24;39;2021-04-15;453;60;15147;3851
24;39;2021-04-16;413;93;15560;3944
24;39;2021-04-17;137;12;15697;3956
24;39;2021-04-18;44;1;15741;3957
24;39;2021-04-19;239;74;15980;4031
24;39;2021-04-20;378;160;16358;4191
24;39;2021-04-21;363;134;16721;4325
24;49;2020-12-27;0;0;0;0
24;49;2020-12-28;0;0;0;0
24;49;2020-12-29;0;0;0;0
24;49;2020-12-30;0;0;0;0
24;49;2020-12-31;0;0;0;0
24;49;2021-01-01;1;0;1;0
24;49;2021-01-02;0;0;1;0
24;49;2021-01-03;0;0;1;0
24;49;2021-01-04;0;0;1;0
24;49;2021-01-05;4;0;5;0
24;49;2021-01-06;14;0;19;0
24;49;2021-01-07;12;0;31;0
24;49;2021-01-08;36;0;67;0
24;49;2021-01-09;46;0;113;0
24;49;2021-01-10;26;0;139;0
24;49;2021-01-11;85;0;224;0
24;49;2021-01-12;162;0;386;0
24;49;2021-01-13;171;0;557;0
24;49;2021-01-14;172;0;729;0
24;49;2021-01-15;207;0;936;0
24;49;2021-01-16;66;6;1002;6
24;49;2021-01-17;19;0;1021;6
24;49;2021-01-18;188;0;1209;6
24;49;2021-01-19;343;0;1552;6
24;49;2021-01-20;314;0;1866;6
24;49;2021-01-21;375;0;2241;6
24;49;2021-01-22;260;0;2501;6
24;49;2021-01-23;31;0;2532;6
24;49;2021-01-24;4;0;2536;6
24;49;2021-01-25;110;0;2646;6
24;49;2021-01-26;196;5;2842;11
24;49;2021-01-27;177;8;3019;19
24;49;2021-01-28;258;20;3277;39
24;49;2021-01-29;131;25;3408;64
24;49;2021-01-30;22;38;3430;102
24;49;2021-01-31;4;22;3434;124
24;49;2021-02-01;56;71;3490;195
24;49;2021-02-02;90;123;3580;318
24;49;2021-02-03;97;141;3677;459
24;49;2021-02-04;121;108;3798;567
24;49;2021-02-05;89;105;3887;672
24;49;2021-02-06;4;24;3891;696
24;49;2021-02-07;8;0;3899;696
24;49;2021-02-08;80;102;3979;798
24;49;2021-02-09;246;221;4225;1019
24;49;2021-02-10;321;246;4546;1265
24;49;2021-02-11;390;337;4936;1602
24;49;2021-02-12;277;246;5213;1848
24;49;2021-02-13;71;60;5284;1908
24;49;2021-02-14;55;6;5339;1914
24;49;2021-02-15;230;146;5569;2060
24;49;2021-02-16;258;254;5827;2314
24;49;2021-02-17;229;228;6056;2542
24;49;2021-02-18;263;280;6319;2822
24;49;2021-02-19;288;186;6607;3008
24;49;2021-02-20;72;17;6679;3025
24;49;2021-02-21;33;1;6712;3026
24;49;2021-02-22;109;110;6821;3136
24;49;2021-02-23;122;110;6943;3246
24;49;2021-02-24;118;82;7061;3328
24;49;2021-02-25;168;78;7229;3406
24;49;2021-02-26;208;98;7437;3504
24;49;2021-02-27;46;8;7483;3512
24;49;2021-02-28;9;0;7492;3512
24;49;2021-03-01;103;46;7595;3558
24;49;2021-03-02;147;127;7742;3685
24;49;2021-03-03;134;165;7876;3850
24;49;2021-03-04;252;183;8128;4033
24;49;2021-03-05;367;139;8495;4172
24;49;2021-03-06;175;8;8670;4180
24;49;2021-03-07;119;5;8789;4185
24;49;2021-03-08;203;90;8992;4275
24;49;2021-03-09;392;96;9384;4371
24;49;2021-03-10;302;164;9686;4535
24;49;2021-03-11;368;162;10054;4697
24;49;2021-03-12;579;123;10633;4820
24;49;2021-03-13;200;10;10833;4830
24;49;2021-03-14;32;1;10865;4831
24;49;2021-03-15;194;24;11059;4855
24;49;2021-03-16;117;63;11176;4918
24;49;2021-03-17;102;44;11278;4962
24;49;2021-03-18;124;87;11402;5049
24;49;2021-03-19;247;55;11649;5104
24;49;2021-03-20;56;9;11705;5113
24;49;2021-03-21;14;1;11719;5114
24;49;2021-03-22;126;36;11845;5150
24;49;2021-03-23;242;39;12087;5189
24;49;2021-03-24;228;41;12315;5230
24;49;2021-03-25;309;44;12624;5274
24;49;2021-03-26;342;34;12966;5308
24;49;2021-03-27;106;11;13072;5319
24;49;2021-03-28;5;1;13077;5320
24;49;2021-03-29;333;46;13410;5366
24;49;2021-03-30;578;56;13988;5422
24;49;2021-03-31;620;35;14608;5457
24;49;2021-04-01;754;65;15362;5522
24;49;2021-04-02;549;39;15911;5561
24;49;2021-04-03;112;8;16023;5569
24;49;2021-04-04;12;2;16035;5571
24;49;2021-04-05;7;0;16042;5571
24;49;2021-04-06;318;86;16360;5657
24;49;2021-04-07;605;83;16965;5740
24;49;2021-04-08;757;101;17722;5841
24;49;2021-04-09;846;84;18568;5925
24;49;2021-04-10;361;22;18929;5947
24;49;2021-04-11;214;14;19143;5961
24;49;2021-04-12;465;57;19608;6018
24;49;2021-04-13;632;122;20240;6140
24;49;2021-04-14;610;126;20850;6266
24;49;2021-04-15;687;138;21537;6404
24;49;2021-04-16;554;105;22091;6509
24;49;2021-04-17;265;25;22356;6534
24;49;2021-04-18;73;8;22429;6542
24;49;2021-04-19;347;109;22776;6651
24;49;2021-04-20;486;248;23262;6899
24;49;2021-04-21;555;225;23817;7124
24;59;2020-12-27;0;0;0;0
24;59;2020-12-28;1;0;1;0
24;59;2020-12-29;1;0;2;0
24;59;2020-12-30;0;0;2;0
24;59;2020-12-31;0;0;2;0
24;59;2021-01-01;0;0;2;0
24;59;2021-01-02;0;0;2;0
24;59;2021-01-03;0;0;2;0
24;59;2021-01-04;0;0;2;0
24;59;2021-01-05;16;0;18;0
24;59;2021-01-06;62;0;80;0
24;59;2021-01-07;139;0;219;0
24;59;2021-01-08;289;0;508;0
24;59;2021-01-09;209;0;717;0
24;59;2021-01-10;178;0;895;0
24;59;2021-01-11;532;0;1427;0
24;59;2021-01-12;858;0;2285;0
24;59;2021-01-13;861;0;3146;0
24;59;2021-01-14;913;0;4059;0
24;59;2021-01-15;939;0;4998;0
24;59;2021-01-16;329;30;5327;30
24;59;2021-01-17;132;1;5459;31
24;59;2021-01-18;731;1;6190;32
24;59;2021-01-19;997;3;7187;35
24;59;2021-01-20;1009;1;8196;36
24;59;2021-01-21;1120;0;9316;36
24;59;2021-01-22;741;0;10057;36
24;59;2021-01-23;98;0;10155;36
24;59;2021-01-24;11;0;10166;36
24;59;2021-01-25;298;6;10464;42
24;59;2021-01-26;518;29;10982;71
24;59;2021-01-27;438;56;11420;127
24;59;2021-01-28;519;150;11939;277
24;59;2021-01-29;296;221;12235;498
24;59;2021-01-30;49;161;12284;659
24;59;2021-01-31;12;144;12296;803
24;59;2021-02-01;137;420;12433;1223
24;59;2021-02-02;187;688;12620;1911
24;59;2021-02-03;169;644;12789;2555
24;59;2021-02-04;191;623;12980;3178
24;59;2021-02-05;184;618;13164;3796
24;59;2021-02-06;23;117;13187;3913
24;59;2021-02-07;2;11;13189;3924
24;59;2021-02-08;127;411;13316;4335
24;59;2021-02-09;356;631;13672;4966
24;59;2021-02-10;431;762;14103;5728
24;59;2021-02-11;408;935;14511;6663
24;59;2021-02-12;253;662;14764;7325
24;59;2021-02-13;43;234;14807;7559
24;59;2021-02-14;42;47;14849;7606
24;59;2021-02-15;109;585;14958;8191
24;59;2021-02-16;192;722;15150;8913
24;59;2021-02-17;201;690;15351;9603
24;59;2021-02-18;284;748;15635;10351
24;59;2021-02-19;234;517;15869;10868
24;59;2021-02-20;36;74;15905;10942
24;59;2021-02-21;22;8;15927;10950
24;59;2021-02-22;90;316;16017;11266
24;59;2021-02-23;104;297;16121;11563
24;59;2021-02-24;165;253;16286;11816
24;59;2021-02-25;684;263;16970;12079
24;59;2021-02-26;986;211;17956;12290
24;59;2021-02-27;677;24;18633;12314
24;59;2021-02-28;22;2;18655;12316
24;59;2021-03-01;263;148;18918;12464
24;59;2021-03-02;462;207;19380;12671
24;59;2021-03-03;565;296;19945;12967
24;59;2021-03-04;980;275;20925;13242
24;59;2021-03-05;1318;224;22243;13466
24;59;2021-03-06;1109;25;23352;13491
24;59;2021-03-07;168;0;23520;13491
24;59;2021-03-08;378;128;23898;13619
24;59;2021-03-09;667;187;24565;13806
24;59;2021-03-10;753;308;25318;14114
24;59;2021-03-11;932;283;26250;14397
24;59;2021-03-12;1510;182;27760;14579
24;59;2021-03-13;1274;26;29034;14605
24;59;2021-03-14;85;9;29119;14614
24;59;2021-03-15;409;49;29528;14663
24;59;2021-03-16;183;76;29711;14739
24;59;2021-03-17;191;60;29902;14799
24;59;2021-03-18;191;110;30093;14909
24;59;2021-03-19;674;86;30767;14995
24;59;2021-03-20;572;13;31339;15008
24;59;2021-03-21;57;4;31396;15012
24;59;2021-03-22;290;67;31686;15079
24;59;2021-03-23;601;69;32287;15148
24;59;2021-03-24;713;94;33000;15242
24;59;2021-03-25;967;65;33967;15307
24;59;2021-03-26;1211;67;35178;15374
24;59;2021-03-27;490;20;35668;15394
24;59;2021-03-28;39;1;35707;15395
24;59;2021-03-29;499;55;36206;15450
24;59;2021-03-30;783;76;36989;15526
24;59;2021-03-31;946;68;37935;15594
24;59;2021-04-01;1186;98;39121;15692
24;59;2021-04-02;1068;87;40189;15779
24;59;2021-04-03;313;33;40502;15812
24;59;2021-04-04;52;2;40554;15814
24;59;2021-04-05;21;1;40575;15815
24;59;2021-04-06;628;130;41203;15945
24;59;2021-04-07;971;146;42174;16091
24;59;2021-04-08;1308;170;43482;16261
24;59;2021-04-09;1920;144;45402;16405
24;59;2021-04-10;1022;64;46424;16469
24;59;2021-04-11;327;25;46751;16494
24;59;2021-04-12;1106;119;47857;16613
24;59;2021-04-13;1761;167;49618;16780
24;59;2021-04-14;1664;205;51282;16985
24;59;2021-04-15;2067;151;53349;17136
24;59;2021-04-16;2171;137;55520;17273
24;59;2021-04-17;1577;54;57097;17327
24;59;2021-04-18;190;16;57287;17343
24;59;2021-04-19;1116;159;58403;17502
24;59;2021-04-20;1710;286;60113;17788
24;59;2021-04-21;1886;293;61999;18081
24;64;2020-12-27;0;0;0;0
24;64;2020-12-28;0;0;0;0
24;64;2020-12-29;0;0;0;0
24;64;2020-12-30;0;0;0;0
24;64;2020-12-31;0;0;0;0
24;64;2021-01-01;0;0;0;0
24;64;2021-01-02;0;0;0;0
24;64;2021-01-03;0;0;0;0
24;64;2021-01-04;0;0;0;0
24;64;2021-01-05;8;0;8;0
24;64;2021-01-06;36;0;44;0
24;64;2021-01-07;62;0;106;0
24;64;2021-01-08;114;0;220;0
24;64;2021-01-09;106;0;326;0
24;64;2021-01-10;84;0;410;0
24;64;2021-01-11;157;0;567;0
24;64;2021-01-12;299;0;866;0
24;64;2021-01-13;247;0;1113;0
24;64;2021-01-14;309;0;1422;0
24;64;2021-01-15;272;0;1694;0
24;64;2021-01-16;131;9;1825;9
24;64;2021-01-17;45;0;1870;9
24;64;2021-01-18;195;0;2065;9
24;64;2021-01-19;316;0;2381;9
24;64;2021-01-20;311;0;2692;9
24;64;2021-01-21;290;0;2982;9
24;64;2021-01-22;242;0;3224;9
24;64;2021-01-23;33;0;3257;9
24;64;2021-01-24;4;0;3261;9
24;64;2021-01-25;126;2;3387;11
24;64;2021-01-26;195;12;3582;23
24;64;2021-01-27;198;35;3780;58
24;64;2021-01-28;202;59;3982;117
24;64;2021-01-29;102;76;4084;193
24;64;2021-01-30;26;89;4110;282
24;64;2021-01-31;11;77;4121;359
24;64;2021-02-01;60;137;4181;496
24;64;2021-02-02;94;232;4275;728
24;64;2021-02-03;90;202;4365;930
24;64;2021-02-04;106;228;4471;1158
24;64;2021-02-05;71;176;4542;1334
24;64;2021-02-06;7;43;4549;1377
24;64;2021-02-07;2;5;4551;1382
24;64;2021-02-08;55;128;4606;1510
24;64;2021-02-09;119;200;4725;1710
24;64;2021-02-10;154;237;4879;1947
24;64;2021-02-11;183;254;5062;2201
24;64;2021-02-12;109;232;5171;2433
24;64;2021-02-13;19;76;5190;2509
24;64;2021-02-14;14;16;5204;2525
24;64;2021-02-15;64;178;5268;2703
24;64;2021-02-16;76;233;5344;2936
24;64;2021-02-17;101;242;5445;3178
24;64;2021-02-18;124;215;5569;3393
24;64;2021-02-19;110;163;5679;3556
24;64;2021-02-20;39;31;5718;3587
24;64;2021-02-21;9;6;5727;3593
24;64;2021-02-22;49;108;5776;3701
24;64;2021-02-23;56;120;5832;3821
24;64;2021-02-24;112;87;5944;3908
24;64;2021-02-25;555;127;6499;4035
24;64;2021-02-26;895;109;7394;4144
24;64;2021-02-27;469;23;7863;4167
24;64;2021-02-28;16;2;7879;4169
24;64;2021-03-01;214;57;8093;4226
24;64;2021-03-02;345;110;8438;4336
24;64;2021-03-03;433;105;8871;4441
24;64;2021-03-04;759;143;9630;4584
24;64;2021-03-05;1174;90;10804;4674
24;64;2021-03-06;794;12;11598;4686
24;64;2021-03-07;111;2;11709;4688
24;64;2021-03-08;318;60;12027;4748
24;64;2021-03-09;568;99;12595;4847
24;64;2021-03-10;580;122;13175;4969
24;64;2021-03-11;720;108;13895;5077
24;64;2021-03-12;1093;92;14988;5169
24;64;2021-03-13;957;11;15945;5180
24;64;2021-03-14;77;4;16022;5184
24;64;2021-03-15;286;43;16308;5227
24;64;2021-03-16;131;47;16439;5274
24;64;2021-03-17;141;52;16580;5326
24;64;2021-03-18;158;75;16738;5401
24;64;2021-03-19;544;37;17282;5438
24;64;2021-03-20;562;13;17844;5451
24;64;2021-03-21;52;1;17896;5452
24;64;2021-03-22;323;52;18219;5504
24;64;2021-03-23;644;45;18863;5549
24;64;2021-03-24;722;54;19585;5603
24;64;2021-03-25;1125;42;20710;5645
24;64;2021-03-26;1178;38;21888;5683
24;64;2021-03-27;514;15;22402;5698
24;64;2021-03-28;54;3;22456;5701
24;64;2021-03-29;399;49;22855;5750
24;64;2021-03-30;725;70;23580;5820
24;64;2021-03-31;640;53;24220;5873
24;64;2021-04-01;866;64;25086;5937
24;64;2021-04-02;815;71;25901;6008
24;64;2021-04-03;351;25;26252;6033
24;64;2021-04-04;33;1;26285;6034
24;64;2021-04-05;29;1;26314;6035
24;64;2021-04-06;491;107;26805;6142
24;64;2021-04-07;700;119;27505;6261
24;64;2021-04-08;1101;122;28606;6383
24;64;2021-04-09;1902;113;30508;6496
24;64;2021-04-10;1235;56;31743;6552
24;64;2021-04-11;272;34;32015;6586
24;64;2021-04-12;1028;90;33043;6676
24;64;2021-04-13;1761;124;34804;6800
24;64;2021-04-14;1680;142;36484;6942
24;64;2021-04-15;2188;163;38672;7105
24;64;2021-04-16;2889;111;41561;7216
24;64;2021-04-17;1505;47;43066;7263
24;64;2021-04-18;216;9;43282;7272
24;64;2021-04-19;1947;128;45229;7400
24;64;2021-04-20;2747;186;47976;7586
24;64;2021-04-21;2627;219;50603;7805
24;69;2020-12-27;0;0;0;0
24;69;2020-12-28;0;0;0;0
24;69;2020-12-29;1;0;1;0
24;69;2020-12-30;0;0;1;0
24;69;2020-12-31;0;0;1;0
24;69;2021-01-01;0;0;1;0
24;69;2021-01-02;0;0;1;0
24;69;2021-01-03;0;0;1;0
24;69;2021-01-04;0;0;1;0
24;69;2021-01-05;4;0;5;0
24;69;2021-01-06;21;0;26;0
24;69;2021-01-07;44;0;70;0
24;69;2021-01-08;64;0;134;0
24;69;2021-01-09;66;0;200;0
24;69;2021-01-10;37;0;237;0
24;69;2021-01-11;80;0;317;0
24;69;2021-01-12;141;0;458;0
24;69;2021-01-13;112;0;570;0
24;69;2021-01-14;199;0;769;0
24;69;2021-01-15;106;0;875;0
24;69;2021-01-16;52;2;927;2
24;69;2021-01-17;20;0;947;2
24;69;2021-01-18;102;0;1049;2
24;69;2021-01-19;213;1;1262;3
24;69;2021-01-20;207;0;1469;3
24;69;2021-01-21;202;0;1671;3
24;69;2021-01-22;150;0;1821;3
24;69;2021-01-23;40;0;1861;3
24;69;2021-01-24;11;1;1872;4
24;69;2021-01-25;104;3;1976;7
24;69;2021-01-26;160;6;2136;13
24;69;2021-01-27;167;17;2303;30
24;69;2021-01-28;163;31;2466;61
24;69;2021-01-29;86;49;2552;110
24;69;2021-01-30;28;54;2580;164
24;69;2021-01-31;13;37;2593;201
24;69;2021-02-01;74;84;2667;285
24;69;2021-02-02;97;120;2764;405
24;69;2021-02-03;78;104;2842;509
24;69;2021-02-04;103;133;2945;642
24;69;2021-02-05;84;62;3029;704
24;69;2021-02-06;19;22;3048;726
24;69;2021-02-07;1;1;3049;727
24;69;2021-02-08;64;55;3113;782
24;69;2021-02-09;118;137;3231;919
24;69;2021-02-10;163;152;3394;1071
24;69;2021-02-11;180;172;3574;1243
24;69;2021-02-12;142;127;3716;1370
24;69;2021-02-13;25;23;3741;1393
24;69;2021-02-14;14;5;3755;1398
24;69;2021-02-15;70;102;3825;1500
24;69;2021-02-16;106;163;3931;1663
24;69;2021-02-17;102;180;4033;1843
24;69;2021-02-18;161;171;4194;2014
24;69;2021-02-19;125;119;4319;2133
24;69;2021-02-20;32;29;4351;2162
24;69;2021-02-21;9;6;4360;2168
24;69;2021-02-22;56;85;4416;2253
24;69;2021-02-23;78;75;4494;2328
24;69;2021-02-24;92;108;4586;2436
24;69;2021-02-25;111;99;4697;2535
24;69;2021-02-26;144;76;4841;2611
24;69;2021-02-27;55;16;4896;2627
24;69;2021-02-28;7;3;4903;2630
24;69;2021-03-01;71;67;4974;2697
24;69;2021-03-02;133;102;5107;2799
24;69;2021-03-03;183;113;5290;2912
24;69;2021-03-04;265;133;5555;3045
24;69;2021-03-05;489;113;6044;3158
24;69;2021-03-06;638;19;6682;3177
24;69;2021-03-07;203;3;6885;3180
24;69;2021-03-08;219;84;7104;3264
24;69;2021-03-09;482;112;7586;3376
24;69;2021-03-10;548;147;8134;3523
24;69;2021-03-11;804;141;8938;3664
24;69;2021-03-12;1351;118;10289;3782
24;69;2021-03-13;1130;27;11419;3809
24;69;2021-03-14;117;11;11536;3820
24;69;2021-03-15;416;83;11952;3903
24;69;2021-03-16;220;87;12172;3990
24;69;2021-03-17;224;93;12396;4083
24;69;2021-03-18;267;90;12663;4173
24;69;2021-03-19;803;63;13466;4236
24;69;2021-03-20;760;20;14226;4256
24;69;2021-03-21;89;9;14315;4265
24;69;2021-03-22;466;66;14781;4331
24;69;2021-03-23;897;84;15678;4415
24;69;2021-03-24;1206;95;16884;4510
24;69;2021-03-25;1716;61;18600;4571
24;69;2021-03-26;1917;66;20517;4637
24;69;2021-03-27;818;21;21335;4658
24;69;2021-03-28;74;1;21409;4659
24;69;2021-03-29;755;80;22164;4739
24;69;2021-03-30;1284;105;23448;4844
24;69;2021-03-31;990;89;24438;4933
24;69;2021-04-01;1337;124;25775;5057
24;69;2021-04-02;1337;88;27112;5145
24;69;2021-04-03;601;62;27713;5207
24;69;2021-04-04;80;5;27793;5212
24;69;2021-04-05;65;1;27858;5213
24;69;2021-04-06;823;177;28681;5390
24;69;2021-04-07;1040;204;29721;5594
24;69;2021-04-08;1742;193;31463;5787
24;69;2021-04-09;2810;207;34273;5994
24;69;2021-04-10;1730;122;36003;6116
24;69;2021-04-11;486;50;36489;6166
24;69;2021-04-12;1663;165;38152;6331
24;69;2021-04-13;2504;210;40656;6541
24;69;2021-04-14;2416;249;43072;6790
24;69;2021-04-15;3142;242;46214;7032
24;69;2021-04-16;3862;207;50076;7239
24;69;2021-04-17;1855;74;51931;7313
24;69;2021-04-18;231;16;52162;7329
24;69;2021-04-19;2468;203;54630;7532
24;69;2021-04-20;3272;319;57902;7851
24;69;2021-04-21;2912;370;60814;8221
24;74;2020-12-27;0;0;0;0
24;74;2020-12-28;1;0;1;0
24;74;2020-12-29;1;0;2;0
24;74;2020-12-30;0;0;2;0
24;74;2020-12-31;0;0;2;0
24;74;2021-01-01;0;0;2;0
24;74;2021-01-02;0;0;2;0
24;74;2021-01-03;0;0;2;0
24;74;2021-01-04;0;0;2;0
24;74;2021-01-05;7;0;9;0
24;74;2021-01-06;12;0;21;0
24;74;2021-01-07;31;0;52;0
24;74;2021-01-08;59;0;111;0
24;74;2021-01-09;46;0;157;0
24;74;2021-01-10;30;0;187;0
24;74;2021-01-11;66;0;253;0
24;74;2021-01-12;125;0;378;0
24;74;2021-01-13;103;0;481;0
24;74;2021-01-14;129;0;610;0
24;74;2021-01-15;81;0;691;0
24;74;2021-01-16;54;2;745;2
24;74;2021-01-17;23;1;768;3
24;74;2021-01-18;153;0;921;3
24;74;2021-01-19;289;2;1210;5
24;74;2021-01-20;311;0;1521;5
24;74;2021-01-21;299;0;1820;5
24;74;2021-01-22;237;0;2057;5
24;74;2021-01-23;58;0;2115;5
24;74;2021-01-24;22;0;2137;5
24;74;2021-01-25;161;1;2298;6
24;74;2021-01-26;229;5;2527;11
24;74;2021-01-27;284;7;2811;18
24;74;2021-01-28;280;28;3091;46
24;74;2021-01-29;180;49;3271;95
24;74;2021-01-30;31;36;3302;131
24;74;2021-01-31;10;34;3312;165
24;74;2021-02-01;130;60;3442;225
24;74;2021-02-02;155;104;3597;329
24;74;2021-02-03;153;83;3750;412
24;74;2021-02-04;180;111;3930;523
24;74;2021-02-05;130;49;4060;572
24;74;2021-02-06;29;21;4089;593
24;74;2021-02-07;3;1;4092;594
24;74;2021-02-08;121;76;4213;670
24;74;2021-02-09;179;189;4392;859
24;74;2021-02-10;231;187;4623;1046
24;74;2021-02-11;300;218;4923;1264
24;74;2021-02-12;225;160;5148;1424
24;74;2021-02-13;53;22;5201;1446
24;74;2021-02-14;31;3;5232;1449
24;74;2021-02-15;124;163;5356;1612
24;74;2021-02-16;197;220;5553;1832
24;74;2021-02-17;195;237;5748;2069
24;74;2021-02-18;234;237;5982;2306
24;74;2021-02-19;248;187;6230;2493
24;74;2021-02-20;80;51;6310;2544
24;74;2021-02-21;31;10;6341;2554
24;74;2021-02-22;137;143;6478;2697
24;74;2021-02-23;146;147;6624;2844
24;74;2021-02-24;159;164;6783;3008
24;74;2021-02-25;187;159;6970;3167
24;74;2021-02-26;204;133;7174;3300
24;74;2021-02-27;66;32;7240;3332
24;74;2021-02-28;6;1;7246;3333
24;74;2021-03-01;182;105;7428;3438
24;74;2021-03-02;263;189;7691;3627
24;74;2021-03-03;285;180;7976;3807
24;74;2021-03-04;443;238;8419;4045
24;74;2021-03-05;690;161;9109;4206
24;74;2021-03-06;1036;33;10145;4239
24;74;2021-03-07;337;7;10482;4246
24;74;2021-03-08;294;136;10776;4382
24;74;2021-03-09;725;191;11501;4573
24;74;2021-03-10;845;221;12346;4794
24;74;2021-03-11;1122;226;13468;5020
24;74;2021-03-12;1746;173;15214;5193
24;74;2021-03-13;1428;73;16642;5266
24;74;2021-03-14;219;29;16861;5295
24;74;2021-03-15;693;167;17554;5462
24;74;2021-03-16;506;192;18060;5654
24;74;2021-03-17;581;187;18641;5841
24;74;2021-03-18;604;162;19245;6003
24;74;2021-03-19;1249;128;20494;6131
24;74;2021-03-20;1073;65;21567;6196
24;74;2021-03-21;126;27;21693;6223
24;74;2021-03-22;830;161;22523;6384
24;74;2021-03-23;1444;170;23967;6554
24;74;2021-03-24;1782;200;25749;6754
24;74;2021-03-25;2707;141;28456;6895
24;74;2021-03-26;2964;135;31420;7030
24;74;2021-03-27;1506;61;32926;7091
24;74;2021-03-28;142;10;33068;7101
24;74;2021-03-29;1762;199;34830;7300
24;74;2021-03-30;2578;301;37408;7601
24;74;2021-03-31;2478;219;39886;7820
24;74;2021-04-01;3014;282;42900;8102
24;74;2021-04-02;2778;279;45678;8381
24;74;2021-04-03;980;162;46658;8543
24;74;2021-04-04;113;47;46771;8590
24;74;2021-04-05;145;6;46916;8596
24;74;2021-04-06;3287;397;50203;8993
24;74;2021-04-07;3995;502;54198;9495
24;74;2021-04-08;4657;472;58855;9967
24;74;2021-04-09;5498;381;64353;10348
24;74;2021-04-10;2714;225;67067;10573
24;74;2021-04-11;926;138;67993;10711
24;74;2021-04-12;3706;362;71699;11073
24;74;2021-04-13;4433;516;76132;11589
24;74;2021-04-14;3789;627;79921;12216
24;74;2021-04-15;3720;536;83641;12752
24;74;2021-04-16;3146;446;86787;13198
24;74;2021-04-17;1734;196;88521;13394
24;74;2021-04-18;187;47;88708;13441
24;74;2021-04-19;1729;538;90437;13979
24;74;2021-04-20;2115;704;92552;14683
24;74;2021-04-21;1902;900;94454;15583
24;79;2020-12-27;0;0;0;0
24;79;2020-12-28;3;0;3;0
24;79;2020-12-29;1;0;4;0
24;79;2020-12-30;0;0;4;0
24;79;2020-12-31;0;0;4;0
24;79;2021-01-01;0;0;4;0
24;79;2021-01-02;0;0;4;0
24;79;2021-01-03;0;0;4;0
24;79;2021-01-04;2;0;6;0
24;79;2021-01-05;8;0;14;0
24;79;2021-01-06;25;0;39;0
24;79;2021-01-07;15;0;54;0
24;79;2021-01-08;48;0;102;0
24;79;2021-01-09;10;0;112;0
24;79;2021-01-10;6;0;118;0
24;79;2021-01-11;38;0;156;0
24;79;2021-01-12;89;0;245;0
24;79;2021-01-13;74;0;319;0
24;79;2021-01-14;106;0;425;0
24;79;2021-01-15;84;0;509;0
24;79;2021-01-16;94;0;603;0
24;79;2021-01-17;28;0;631;0
24;79;2021-01-18;628;4;1259;4
24;79;2021-01-19;950;8;2209;12
24;79;2021-01-20;1200;0;3409;12
24;79;2021-01-21;1095;0;4504;12
24;79;2021-01-22;1096;0;5600;12
24;79;2021-01-23;396;0;5996;12
24;79;2021-01-24;74;0;6070;12
24;79;2021-01-25;887;1;6957;13
24;79;2021-01-26;978;4;7935;17
24;79;2021-01-27;1116;13;9051;30
24;79;2021-01-28;1165;23;10216;53
24;79;2021-01-29;919;30;11135;83
24;79;2021-01-30;365;8;11500;91
24;79;2021-01-31;47;5;11547;96
24;79;2021-02-01;667;32;12214;128
24;79;2021-02-02;876;76;13090;204
24;79;2021-02-03;931;72;14021;276
24;79;2021-02-04;970;73;14991;349
24;79;2021-02-05;747;44;15738;393
24;79;2021-02-06;262;7;16000;400
24;79;2021-02-07;36;5;16036;405
24;79;2021-02-08;549;220;16585;625
24;79;2021-02-09;761;297;17346;922
24;79;2021-02-10;827;316;18173;1238
24;79;2021-02-11;890;385;19063;1623
24;79;2021-02-12;743;321;19806;1944
24;79;2021-02-13;185;91;19991;2035
24;79;2021-02-14;61;23;20052;2058
24;79;2021-02-15;413;741;20465;2799
24;79;2021-02-16;553;949;21018;3748
24;79;2021-02-17;537;1111;21555;4859
24;79;2021-02-18;615;946;22170;5805
24;79;2021-02-19;607;747;22777;6552
24;79;2021-02-20;307;278;23084;6830
24;79;2021-02-21;106;49;23190;6879
24;79;2021-02-22;340;824;23530;7703
24;79;2021-02-23;561;924;24091;8627
24;79;2021-02-24;424;1078;24515;9705
24;79;2021-02-25;548;934;25063;10639
24;79;2021-02-26;593;789;25656;11428
24;79;2021-02-27;191;277;25847;11705
24;79;2021-02-28;6;35;25853;11740
24;79;2021-03-01;371;620;26224;12360
24;79;2021-03-02;648;824;26872;13184
24;79;2021-03-03;610;889;27482;14073
24;79;2021-03-04;757;885;28239;14958
24;79;2021-03-05;857;628;29096;15586
24;79;2021-03-06;1484;195;30580;15781
24;79;2021-03-07;555;47;31135;15828
24;79;2021-03-08;384;696;31519;16524
24;79;2021-03-09;953;807;32472;17331
24;79;2021-03-10;1148;832;33620;18163
24;79;2021-03-11;1119;817;34739;18980
24;79;2021-03-12;1350;541;36089;19521
24;79;2021-03-13;720;178;36809;19699
24;79;2021-03-14;417;62;37226;19761
24;79;2021-03-15;870;538;38096;20299
24;79;2021-03-16;1224;662;39320;20961
24;79;2021-03-17;1161;544;40481;21505
24;79;2021-03-18;1310;421;41791;21926
24;79;2021-03-19;1450;340;43241;22266
24;79;2021-03-20;545;243;43786;22509
24;79;2021-03-21;90;101;43876;22610
24;79;2021-03-22;996;425;44872;23035
24;79;2021-03-23;1480;597;46352;23632
24;79;2021-03-24;1464;454;47816;24086
24;79;2021-03-25;1966;472;49782;24558
24;79;2021-03-26;1932;436;51714;24994
24;79;2021-03-27;877;182;52591;25176
24;79;2021-03-28;67;24;52658;25200
24;79;2021-03-29;987;431;53645;25631
24;79;2021-03-30;1312;759;54957;26390
24;79;2021-03-31;1215;619;56172;27009
24;79;2021-04-01;1346;781;57518;27790
24;79;2021-04-02;1225;899;58743;28689
24;79;2021-04-03;364;567;59107;29256
24;79;2021-04-04;48;136;59155;29392
24;79;2021-04-05;44;10;59199;29402
24;79;2021-04-06;796;1038;59995;30440
24;79;2021-04-07;1108;1197;61103;31637
24;79;2021-04-08;1320;1112;62423;32749
24;79;2021-04-09;1380;851;63803;33600
24;79;2021-04-10;813;450;64616;34050
24;79;2021-04-11;202;396;64818;34446
24;79;2021-04-12;928;897;65746;35343
24;79;2021-04-13;1156;1226;66902;36569
24;79;2021-04-14;1019;1248;67921;37817
24;79;2021-04-15;1030;1237;68951;39054
24;79;2021-04-16;844;991;69795;40045
24;79;2021-04-17;451;326;70246;40371
24;79;2021-04-18;63;79;70309;40450
24;79;2021-04-19;518;987;70827;41437
24;79;2021-04-20;643;1402;71470;42839
24;79;2021-04-21;598;1247;72068;44086
24;80;2020-12-27;0;0;0;0
24;80;2020-12-28;12;0;12;0
24;80;2020-12-29;5;0;17;0
24;80;2020-12-30;0;0;17;0
24;80;2020-12-31;0;0;17;0
24;80;2021-01-01;0;0;17;0
24;80;2021-01-02;0;0;17;0
24;80;2021-01-03;0;0;17;0
24;80;2021-01-04;22;0;39;0
24;80;2021-01-05;114;0;153;0
24;80;2021-01-06;153;0;306;0
24;80;2021-01-07;178;0;484;0
24;80;2021-01-08;331;0;815;0
24;80;2021-01-09;2;0;817;0
24;80;2021-01-10;15;0;832;0
24;80;2021-01-11;271;0;1103;0
24;80;2021-01-12;806;0;1909;0
24;80;2021-01-13;498;0;2407;0
24;80;2021-01-14;517;0;2924;0
24;80;2021-01-15;238;0;3162;0
24;80;2021-01-16;87;6;3249;6
24;80;2021-01-17;35;0;3284;6
24;80;2021-01-18;1106;8;4390;14
24;80;2021-01-19;2930;10;7320;24
24;80;2021-01-20;3577;1;10897;25
24;80;2021-01-21;3658;1;14555;26
24;80;2021-01-22;2154;1;16709;27
24;80;2021-01-23;584;0;17293;27
24;80;2021-01-24;95;0;17388;27
24;80;2021-01-25;1309;3;18697;30
24;80;2021-01-26;2331;36;21028;66
24;80;2021-01-27;2502;111;23530;177
24;80;2021-01-28;2788;243;26318;420
24;80;2021-01-29;1571;236;27889;656
24;80;2021-01-30;669;0;28558;656
24;80;2021-01-31;148;12;28706;668
24;80;2021-02-01;998;148;29704;816
24;80;2021-02-02;1444;725;31148;1541
24;80;2021-02-03;1492;465;32640;2006
24;80;2021-02-04;1440;357;34080;2363
24;80;2021-02-05;1015;161;35095;2524
24;80;2021-02-06;359;7;35454;2531
24;80;2021-02-07;70;7;35524;2538
24;80;2021-02-08;842;564;36366;3102
24;80;2021-02-09;1345;1889;37711;4991
24;80;2021-02-10;1642;2069;39353;7060
24;80;2021-02-11;1802;2768;41155;9828
24;80;2021-02-12;1352;1306;42507;11134
24;80;2021-02-13;384;166;42891;11300
24;80;2021-02-14;130;20;43021;11320
24;80;2021-02-15;662;1026;43683;12346
24;80;2021-02-16;1107;1967;44790;14313
24;80;2021-02-17;1043;2323;45833;16636
24;80;2021-02-18;1401;2334;47234;18970
24;80;2021-02-19;1210;1317;48444;20287
24;80;2021-02-20;637;443;49081;20730
24;80;2021-02-21;194;65;49275;20795
24;80;2021-02-22;675;1071;49950;21866
24;80;2021-02-23;1044;1310;50994;23176
24;80;2021-02-24;833;1500;51827;24676
24;80;2021-02-25;1098;1509;52925;26185
24;80;2021-02-26;1085;1130;54010;27315
24;80;2021-02-27;338;523;54348;27838
24;80;2021-02-28;26;115;54374;27953
24;80;2021-03-01;776;868;55150;28821
24;80;2021-03-02;1157;1430;56307;30251
24;80;2021-03-03;1103;1631;57410;31882
24;80;2021-03-04;1489;1780;58899;33662
24;80;2021-03-05;1637;1151;60536;34813
24;80;2021-03-06;1947;308;62483;35121
24;80;2021-03-07;789;90;63272;35211
24;80;2021-03-08;689;1014;63961;36225
24;80;2021-03-09;1563;1172;65524;37397
24;80;2021-03-10;1845;1480;67369;38877
24;80;2021-03-11;2127;1513;69496;40390
24;80;2021-03-12;2292;1041;71788;41431
24;80;2021-03-13;1182;343;72970;41774
24;80;2021-03-14;566;137;73536;41911
24;80;2021-03-15;1401;913;74937;42824
24;80;2021-03-16;2108;1057;77045;43881
24;80;2021-03-17;1925;913;78970;44794
24;80;2021-03-18;2300;977;81270;45771
24;80;2021-03-19;2514;672;83784;46443
24;80;2021-03-20;807;470;84591;46913
24;80;2021-03-21;122;188;84713;47101
24;80;2021-03-22;1655;774;86368;47875
24;80;2021-03-23;2437;1076;88805;48951
24;80;2021-03-24;2383;872;91188;49823
24;80;2021-03-25;2872;956;94060;50779
24;80;2021-03-26;3220;997;97280;51776
24;80;2021-03-27;1337;300;98617;52076
24;80;2021-03-28;129;32;98746;52108
24;80;2021-03-29;1529;844;100275;52952
24;80;2021-03-30;2152;1238;102427;54190
24;80;2021-03-31;2086;1082;104513;55272
24;80;2021-04-01;2270;1636;106783;56908
24;80;2021-04-02;1923;1607;108706;58515
24;80;2021-04-03;538;809;109244;59324
24;80;2021-04-04;44;131;109288;59455
24;80;2021-04-05;72;27;109360;59482
24;80;2021-04-06;1282;1650;110642;61132
24;80;2021-04-07;1667;1960;112309;63092
24;80;2021-04-08;2061;2094;114370;65186
24;80;2021-04-09;2123;1582;116493;66768
24;80;2021-04-10;1118;830;117611;67598
24;80;2021-04-11;251;523;117862;68121
24;80;2021-04-12;1302;1402;119164;69523
24;80;2021-04-13;1830;2107;120994;71630
24;80;2021-04-14;1521;1959;122515;73589
24;80;2021-04-15;1604;2157;124119;75746
24;80;2021-04-16;1352;1806;125471;77552
24;80;2021-04-17;564;475;126035;78027
24;80;2021-04-18;66;84;126101;78111
24;80;2021-04-19;806;1645;126907;79756
24;80;2021-04-20;1038;2217;127945;81973
24;80;2021-04-21;986;2120;128931;84093
27;24;2020-12-27;0;0;0;0
27;24;2020-12-28;0;0;0;0
27;24;2020-12-29;0;0;0;0
27;24;2020-12-30;0;0;0;0
27;24;2020-12-31;0;0;0;0
27;24;2021-01-01;0;0;0;0
27;24;2021-01-02;0;0;0;0
27;24;2021-01-03;0;0;0;0
27;24;2021-01-04;0;0;0;0
27;24;2021-01-05;0;0;0;0
27;24;2021-01-06;2;0;2;0
27;24;2021-01-07;14;0;16;0
27;24;2021-01-08;16;0;32;0
27;24;2021-01-09;5;0;37;0
27;24;2021-01-10;0;0;37;0
27;24;2021-01-11;31;0;68;0
27;24;2021-01-12;28;0;96;0
27;24;2021-01-13;28;0;124;0
27;24;2021-01-14;27;0;151;0
27;24;2021-01-15;30;0;181;0
27;24;2021-01-16;5;0;186;0
27;24;2021-01-17;0;0;186;0
27;24;2021-01-18;27;0;213;0
27;24;2021-01-19;37;0;250;0
27;24;2021-01-20;42;0;292;0
27;24;2021-01-21;40;0;332;0
27;24;2021-01-22;38;0;370;0
27;24;2021-01-23;9;0;379;0
27;24;2021-01-24;1;0;380;0
27;24;2021-01-25;13;0;393;0
27;24;2021-01-26;23;0;416;0
27;24;2021-01-27;29;0;445;0
27;24;2021-01-28;23;11;468;11
27;24;2021-01-29;20;18;488;29
27;24;2021-01-30;4;6;492;35
27;24;2021-01-31;0;0;492;35
27;24;2021-02-01;2;11;494;46
27;24;2021-02-02;3;14;497;60
27;24;2021-02-03;8;27;505;87
27;24;2021-02-04;5;25;510;112
27;24;2021-02-05;7;20;517;132
27;24;2021-02-06;4;17;521;149
27;24;2021-02-07;0;0;521;149
27;24;2021-02-08;16;15;537;164
27;24;2021-02-09;35;28;572;192
27;24;2021-02-10;43;35;615;227
27;24;2021-02-11;47;30;662;257
27;24;2021-02-12;57;21;719;278
27;24;2021-02-13;10;7;729;285
27;24;2021-02-14;19;2;748;287
27;24;2021-02-15;32;21;780;308
27;24;2021-02-16;30;30;810;338
27;24;2021-02-17;65;38;875;376
27;24;2021-02-18;173;22;1048;398
27;24;2021-02-19;60;29;1108;427
27;24;2021-02-20;6;7;1114;434
27;24;2021-02-21;0;0;1114;434
27;24;2021-02-22;49;8;1163;442
27;24;2021-02-23;43;9;1206;451
27;24;2021-02-24;62;7;1268;458
27;24;2021-02-25;54;4;1322;462
27;24;2021-02-26;71;6;1393;468
27;24;2021-02-27;23;3;1416;471
27;24;2021-02-28;2;0;1418;471
27;24;2021-03-01;36;3;1454;474
27;24;2021-03-02;50;6;1504;480
27;24;2021-03-03;61;8;1565;488
27;24;2021-03-04;98;15;1663;503
27;24;2021-03-05;199;18;1862;521
27;24;2021-03-06;36;1;1898;522
27;24;2021-03-07;3;0;1901;522
27;24;2021-03-08;85;4;1986;526
27;24;2021-03-09;89;7;2075;533
27;24;2021-03-10;121;14;2196;547
27;24;2021-03-11;124;16;2320;563
27;24;2021-03-12;130;17;2450;580
27;24;2021-03-13;28;1;2478;581
27;24;2021-03-14;1;0;2479;581
27;24;2021-03-15;67;3;2546;584
27;24;2021-03-16;86;0;2632;584
27;24;2021-03-17;128;2;2760;586
27;24;2021-03-18;135;4;2895;590
27;24;2021-03-19;121;2;3016;592
27;24;2021-03-20;8;0;3024;592
27;24;2021-03-21;0;0;3024;592
27;24;2021-03-22;108;2;3132;594
27;24;2021-03-23;116;3;3248;597
27;24;2021-03-24;119;5;3367;602
27;24;2021-03-25;142;5;3509;607
27;24;2021-03-26;151;4;3660;611
27;24;2021-03-27;49;2;3709;613
27;24;2021-03-28;0;1;3709;614
27;24;2021-03-29;123;7;3832;621
27;24;2021-03-30;143;7;3975;628
27;24;2021-03-31;175;9;4150;637
27;24;2021-04-01;146;19;4296;656
27;24;2021-04-02;118;6;4414;662
27;24;2021-04-03;41;1;4455;663
27;24;2021-04-04;1;0;4456;663
27;24;2021-04-05;6;0;4462;663
27;24;2021-04-06;98;10;4560;673
27;24;2021-04-07;114;13;4674;686
27;24;2021-04-08;198;22;4872;708
27;24;2021-04-09;222;25;5094;733
27;24;2021-04-10;30;6;5124;739
27;24;2021-04-11;2;0;5126;739
27;24;2021-04-12;91;52;5217;791
27;24;2021-04-13;149;71;5366;862
27;24;2021-04-14;115;103;5481;965
27;24;2021-04-15;142;89;5623;1054
27;24;2021-04-16;131;75;5754;1129
27;24;2021-04-17;65;22;5819;1151
27;24;2021-04-18;1;0;5820;1151
27;24;2021-04-19;95;95;5915;1246
27;24;2021-04-20;94;87;6009;1333
27;24;2021-04-21;100;72;6109;1405
27;29;2020-12-27;0;0;0;0
27;29;2020-12-28;0;0;0;0
27;29;2020-12-29;0;0;0;0
27;29;2020-12-30;0;0;0;0
27;29;2020-12-31;0;0;0;0
27;29;2021-01-01;0;0;0;0
27;29;2021-01-02;0;0;0;0
27;29;2021-01-03;0;0;0;0
27;29;2021-01-04;0;0;0;0
27;29;2021-01-05;2;0;2;0
27;29;2021-01-06;15;0;17;0
27;29;2021-01-07;15;0;32;0
27;29;2021-01-08;31;0;63;0
27;29;2021-01-09;12;0;75;0
27;29;2021-01-10;0;0;75;0
27;29;2021-01-11;50;0;125;0
27;29;2021-01-12;40;0;165;0
27;29;2021-01-13;49;0;214;0
27;29;2021-01-14;73;0;287;0
27;29;2021-01-15;36;0;323;0
27;29;2021-01-16;12;0;335;0
27;29;2021-01-17;0;0;335;0
27;29;2021-01-18;52;0;387;0
27;29;2021-01-19;63;0;450;0
27;29;2021-01-20;43;0;493;0
27;29;2021-01-21;71;0;564;0
27;29;2021-01-22;44;0;608;0
27;29;2021-01-23;11;0;619;0
27;29;2021-01-24;2;0;621;0
27;29;2021-01-25;19;0;640;0
27;29;2021-01-26;32;1;672;1
27;29;2021-01-27;44;13;716;14
27;29;2021-01-28;37;15;753;29
27;29;2021-01-29;48;25;801;54
27;29;2021-01-30;2;5;803;59
27;29;2021-01-31;0;0;803;59
27;29;2021-02-01;8;31;811;90
27;29;2021-02-02;10;30;821;120
27;29;2021-02-03;8;28;829;148
27;29;2021-02-04;5;48;834;196
27;29;2021-02-05;10;29;844;225
27;29;2021-02-06;5;12;849;237
27;29;2021-02-07;0;0;849;237
27;29;2021-02-08;9;32;858;269
27;29;2021-02-09;34;59;892;328
27;29;2021-02-10;62;41;954;369
27;29;2021-02-11;60;52;1014;421
27;29;2021-02-12;80;42;1094;463
27;29;2021-02-13;40;2;1134;465
27;29;2021-02-14;40;3;1174;468
27;29;2021-02-15;44;36;1218;504
27;29;2021-02-16;69;50;1287;554
27;29;2021-02-17;65;56;1352;610
27;29;2021-02-18;70;47;1422;657
27;29;2021-02-19;49;40;1471;697
27;29;2021-02-20;12;6;1483;703
27;29;2021-02-21;0;0;1483;703
27;29;2021-02-22;47;19;1530;722
27;29;2021-02-23;62;18;1592;740
27;29;2021-02-24;49;16;1641;756
27;29;2021-02-25;41;18;1682;774
27;29;2021-02-26;72;10;1754;784
27;29;2021-02-27;26;2;1780;786
27;29;2021-02-28;1;0;1781;786
27;29;2021-03-01;64;7;1845;793
27;29;2021-03-02;73;3;1918;796
27;29;2021-03-03;87;10;2005;806
27;29;2021-03-04;121;16;2126;822
27;29;2021-03-05;138;17;2264;839
27;29;2021-03-06;34;4;2298;843
27;29;2021-03-07;3;0;2301;843
27;29;2021-03-08;67;7;2368;850
27;29;2021-03-09;104;8;2472;858
27;29;2021-03-10;88;19;2560;877
27;29;2021-03-11;120;20;2680;897
27;29;2021-03-12;127;22;2807;919
27;29;2021-03-13;34;1;2841;920
27;29;2021-03-14;2;0;2843;920
27;29;2021-03-15;69;2;2912;922
27;29;2021-03-16;66;5;2978;927
27;29;2021-03-17;128;3;3106;930
27;29;2021-03-18;106;3;3212;933
27;29;2021-03-19;93;1;3305;934
27;29;2021-03-20;12;1;3317;935
27;29;2021-03-21;1;0;3318;935
27;29;2021-03-22;86;2;3404;937
27;29;2021-03-23;110;4;3514;941
27;29;2021-03-24;119;4;3633;945
27;29;2021-03-25;144;7;3777;952
27;29;2021-03-26;179;3;3956;955
27;29;2021-03-27;68;2;4024;957
27;29;2021-03-28;1;0;4025;957
27;29;2021-03-29;104;18;4129;975
27;29;2021-03-30;124;11;4253;986
27;29;2021-03-31;190;14;4443;1000
27;29;2021-04-01;168;20;4611;1020
27;29;2021-04-02;156;11;4767;1031
27;29;2021-04-03;44;1;4811;1032
27;29;2021-04-04;2;0;4813;1032
27;29;2021-04-05;4;0;4817;1032
27;29;2021-04-06;99;15;4916;1047
27;29;2021-04-07;127;21;5043;1068
27;29;2021-04-08;201;39;5244;1107
27;29;2021-04-09;230;30;5474;1137
27;29;2021-04-10;33;4;5507;1141
27;29;2021-04-11;5;0;5512;1141
27;29;2021-04-12;96;42;5608;1183
27;29;2021-04-13;115;86;5723;1269
27;29;2021-04-14;119;68;5842;1337
27;29;2021-04-15;137;66;5979;1403
27;29;2021-04-16;136;68;6115;1471
27;29;2021-04-17;93;48;6208;1519
27;29;2021-04-18;3;0;6211;1519
27;29;2021-04-19;82;76;6293;1595
27;29;2021-04-20;100;87;6393;1682
27;29;2021-04-21;113;88;6506;1770
27;39;2020-12-27;0;0;0;0
27;39;2020-12-28;0;0;0;0
27;39;2020-12-29;0;0;0;0
27;39;2020-12-30;0;0;0;0
27;39;2020-12-31;0;0;0;0
27;39;2021-01-01;0;0;0;0
27;39;2021-01-02;0;0;0;0
27;39;2021-01-03;0;0;0;0
27;39;2021-01-04;1;0;1;0
27;39;2021-01-05;9;0;10;0
27;39;2021-01-06;25;0;35;0
27;39;2021-01-07;70;0;105;0
27;39;2021-01-08;134;0;239;0
27;39;2021-01-09;47;0;286;0
27;39;2021-01-10;0;0;286;0
27;39;2021-01-11;157;0;443;0
27;39;2021-01-12;178;0;621;0
27;39;2021-01-13;214;0;835;0
27;39;2021-01-14;281;0;1116;0
27;39;2021-01-15;201;0;1317;0
27;39;2021-01-16;34;2;1351;2
27;39;2021-01-17;2;0;1353;2
27;39;2021-01-18;183;0;1536;2
27;39;2021-01-19;209;0;1745;2
27;39;2021-01-20;158;1;1903;3
27;39;2021-01-21;234;0;2137;3
27;39;2021-01-22;212;0;2349;3
27;39;2021-01-23;17;0;2366;3
27;39;2021-01-24;1;0;2367;3
27;39;2021-01-25;47;0;2414;3
27;39;2021-01-26;121;9;2535;12
27;39;2021-01-27;105;24;2640;36
27;39;2021-01-28;110;57;2750;93
27;39;2021-01-29;92;114;2842;207
27;39;2021-01-30;19;21;2861;228
27;39;2021-01-31;0;0;2861;228
27;39;2021-02-01;20;95;2881;323
27;39;2021-02-02;36;141;2917;464
27;39;2021-02-03;32;134;2949;598
27;39;2021-02-04;30;180;2979;778
27;39;2021-02-05;34;176;3013;954
27;39;2021-02-06;12;37;3025;991
27;39;2021-02-07;0;0;3025;991
27;39;2021-02-08;34;85;3059;1076
27;39;2021-02-09;77;162;3136;1238
27;39;2021-02-10;132;154;3268;1392
27;39;2021-02-11;137;238;3405;1630
27;39;2021-02-12;173;166;3578;1796
27;39;2021-02-13;89;23;3667;1819
27;39;2021-02-14;61;6;3728;1825
27;39;2021-02-15;90;147;3818;1972
27;39;2021-02-16;104;178;3922;2150
27;39;2021-02-17;123;145;4045;2295
27;39;2021-02-18;142;135;4187;2430
27;39;2021-02-19;115;103;4302;2533
27;39;2021-02-20;42;13;4344;2546
27;39;2021-02-21;0;1;4344;2547
27;39;2021-02-22;103;63;4447;2610
27;39;2021-02-23;168;48;4615;2658
27;39;2021-02-24;172;42;4787;2700
27;39;2021-02-25;161;50;4948;2750
27;39;2021-02-26;260;42;5208;2792
27;39;2021-02-27;56;6;5264;2798
27;39;2021-02-28;3;1;5267;2799
27;39;2021-03-01;200;19;5467;2818
27;39;2021-03-02;213;40;5680;2858
27;39;2021-03-03;247;39;5927;2897
27;39;2021-03-04;308;52;6235;2949
27;39;2021-03-05;438;50;6673;2999
27;39;2021-03-06;146;11;6819;3010
27;39;2021-03-07;20;2;6839;3012
27;39;2021-03-08;201;26;7040;3038
27;39;2021-03-09;296;29;7336;3067
27;39;2021-03-10;246;42;7582;3109
27;39;2021-03-11;317;57;7899;3166
27;39;2021-03-12;371;45;8270;3211
27;39;2021-03-13;121;10;8391;3221
27;39;2021-03-14;8;0;8399;3221
27;39;2021-03-15;181;11;8580;3232
27;39;2021-03-16;209;9;8789;3241
27;39;2021-03-17;263;15;9052;3256
27;39;2021-03-18;269;13;9321;3269
27;39;2021-03-19;279;9;9600;3278
27;39;2021-03-20;60;1;9660;3279
27;39;2021-03-21;3;0;9663;3279
27;39;2021-03-22;232;16;9895;3295
27;39;2021-03-23;334;32;10229;3327
27;39;2021-03-24;327;15;10556;3342
27;39;2021-03-25;391;32;10947;3374
27;39;2021-03-26;575;11;11522;3385
27;39;2021-03-27;249;1;11771;3386
27;39;2021-03-28;11;0;11782;3386
27;39;2021-03-29;294;39;12076;3425
27;39;2021-03-30;370;50;12446;3475
27;39;2021-03-31;497;44;12943;3519
27;39;2021-04-01;542;80;13485;3599
27;39;2021-04-02;468;46;13953;3645
27;39;2021-04-03;155;4;14108;3649
27;39;2021-04-04;2;1;14110;3650
27;39;2021-04-05;9;0;14119;3650
27;39;2021-04-06;276;80;14395;3730
27;39;2021-04-07;343;65;14738;3795
27;39;2021-04-08;614;99;15352;3894
27;39;2021-04-09;590;88;15942;3982
27;39;2021-04-10;131;22;16073;4004
27;39;2021-04-11;8;2;16081;4006
27;39;2021-04-12;285;121;16366;4127
27;39;2021-04-13;346;182;16712;4309
27;39;2021-04-14;327;208;17039;4517
27;39;2021-04-15;359;170;17398;4687
27;39;2021-04-16;377;179;17775;4866
27;39;2021-04-17;199;106;17974;4972
27;39;2021-04-18;5;7;17979;4979
27;39;2021-04-19;211;194;18190;5173
27;39;2021-04-20;210;250;18400;5423
27;39;2021-04-21;254;255;18654;5678
27;49;2020-12-27;0;0;0;0
27;49;2020-12-28;0;0;0;0
27;49;2020-12-29;0;0;0;0
27;49;2020-12-30;0;0;0;0
27;49;2020-12-31;0;0;0;0
27;49;2021-01-01;0;0;0;0
27;49;2021-01-02;0;0;0;0
27;49;2021-01-03;0;0;0;0
27;49;2021-01-04;1;0;1;0
27;49;2021-01-05;17;0;18;0
27;49;2021-01-06;49;0;67;0
27;49;2021-01-07;137;0;204;0
27;49;2021-01-08;237;0;441;0
27;49;2021-01-09;144;0;585;0
27;49;2021-01-10;0;0;585;0
27;49;2021-01-11;269;0;854;0
27;49;2021-01-12;324;0;1178;0
27;49;2021-01-13;347;0;1525;0
27;49;2021-01-14;482;0;2007;0
27;49;2021-01-15;416;0;2423;0
27;49;2021-01-16;77;5;2500;5
27;49;2021-01-17;0;0;2500;5
27;49;2021-01-18;309;1;2809;6
27;49;2021-01-19;398;0;3207;6
27;49;2021-01-20;285;0;3492;6
27;49;2021-01-21;463;1;3955;7
27;49;2021-01-22;350;0;4305;7
27;49;2021-01-23;44;0;4349;7
27;49;2021-01-24;1;0;4350;7
27;49;2021-01-25;136;0;4486;7
27;49;2021-01-26;187;22;4673;29
27;49;2021-01-27;219;45;4892;74
27;49;2021-01-28;182;113;5074;187
27;49;2021-01-29;199;178;5273;365
27;49;2021-01-30;41;44;5314;409
27;49;2021-01-31;4;0;5318;409
27;49;2021-02-01;42;185;5360;594
27;49;2021-02-02;66;257;5426;851
27;49;2021-02-03;82;253;5508;1104
27;49;2021-02-04;72;347;5580;1451
27;49;2021-02-05;54;333;5634;1784
27;49;2021-02-06;16;122;5650;1906
27;49;2021-02-07;0;0;5650;1906
27;49;2021-02-08;41;164;5691;2070
27;49;2021-02-09;155;311;5846;2381
27;49;2021-02-10;281;229;6127;2610
27;49;2021-02-11;193;366;6320;2976
27;49;2021-02-12;220;257;6540;3233
27;49;2021-02-13;114;40;6654;3273
27;49;2021-02-14;69;1;6723;3274
27;49;2021-02-15;139;244;6862;3518
27;49;2021-02-16;144;328;7006;3846
27;49;2021-02-17;191;317;7197;4163
27;49;2021-02-18;208;241;7405;4404
27;49;2021-02-19;155;216;7560;4620
27;49;2021-02-20;50;42;7610;4662
27;49;2021-02-21;0;3;7610;4665
27;49;2021-02-22;145;116;7755;4781
27;49;2021-02-23;184;121;7939;4902
27;49;2021-02-24;192;85;8131;4987
27;49;2021-02-25;285;101;8416;5088
27;49;2021-02-26;379;106;8795;5194
27;49;2021-02-27;108;21;8903;5215
27;49;2021-02-28;5;4;8908;5219
27;49;2021-03-01;238;52;9146;5271
27;49;2021-03-02;340;53;9486;5324
27;49;2021-03-03;354;72;9840;5396
27;49;2021-03-04;446;95;10286;5491
27;49;2021-03-05;557;68;10843;5559
27;49;2021-03-06;275;20;11118;5579
27;49;2021-03-07;45;3;11163;5582
27;49;2021-03-08;287;43;11450;5625
27;49;2021-03-09;416;56;11866;5681
27;49;2021-03-10;385;66;12251;5747
27;49;2021-03-11;510;88;12761;5835
27;49;2021-03-12;592;65;13353;5900
27;49;2021-03-13;246;6;13599;5906
27;49;2021-03-14;8;0;13607;5906
27;49;2021-03-15;248;20;13855;5926
27;49;2021-03-16;289;20;14144;5946
27;49;2021-03-17;338;24;14482;5970
27;49;2021-03-18;354;23;14836;5993
27;49;2021-03-19;378;12;15214;6005
27;49;2021-03-20;110;1;15324;6006
27;49;2021-03-21;2;0;15326;6006
27;49;2021-03-22;260;24;15586;6030
27;49;2021-03-23;423;41;16009;6071
27;49;2021-03-24;474;22;16483;6093
27;49;2021-03-25;603;55;17086;6148
27;49;2021-03-26;743;35;17829;6183
27;49;2021-03-27;323;12;18152;6195
27;49;2021-03-28;24;1;18176;6196
27;49;2021-03-29;444;60;18620;6256
27;49;2021-03-30;560;82;19180;6338
27;49;2021-03-31;699;85;19879;6423
27;49;2021-04-01;763;106;20642;6529
27;49;2021-04-02;677;69;21319;6598
27;49;2021-04-03;228;13;21547;6611
27;49;2021-04-04;8;1;21555;6612
27;49;2021-04-05;11;0;21566;6612
27;49;2021-04-06;424;135;21990;6747
27;49;2021-04-07;564;116;22554;6863
27;49;2021-04-08;864;144;23418;7007
27;49;2021-04-09;793;133;24211;7140
27;49;2021-04-10;216;41;24427;7181
27;49;2021-04-11;10;3;24437;7184
27;49;2021-04-12;413;160;24850;7344
27;49;2021-04-13;545;272;25395;7616
27;49;2021-04-14;505;283;25900;7899
27;49;2021-04-15;589;261;26489;8160
27;49;2021-04-16;514;212;27003;8372
27;49;2021-04-17;269;129;27272;8501
27;49;2021-04-18;8;7;27280;8508
27;49;2021-04-19;336;262;27616;8770
27;49;2021-04-20;394;345;28010;9115
27;49;2021-04-21;384;356;28394;9471
27;59;2020-12-27;0;0;0;0
27;59;2020-12-28;0;0;0;0
27;59;2020-12-29;0;0;0;0
27;59;2020-12-30;0;0;0;0
27;59;2020-12-31;0;0;0;0
27;59;2021-01-01;0;0;0;0
27;59;2021-01-02;0;0;0;0
27;59;2021-01-03;1;0;1;0
27;59;2021-01-04;11;0;12;0
27;59;2021-01-05;169;0;181;0
27;59;2021-01-06;227;0;408;0
27;59;2021-01-07;461;0;869;0
27;59;2021-01-08;724;0;1593;0
27;59;2021-01-09;304;0;1897;0
27;59;2021-01-10;0;0;1897;0
27;59;2021-01-11;763;0;2660;0
27;59;2021-01-12;955;0;3615;0
27;59;2021-01-13;1178;0;4793;0
27;59;2021-01-14;1319;0;6112;0
27;59;2021-01-15;1175;0;7287;0
27;59;2021-01-16;233;16;7520;16
27;59;2021-01-17;12;0;7532;16
27;59;2021-01-18;871;1;8403;17
27;59;2021-01-19;1095;2;9498;19
27;59;2021-01-20;869;0;10367;19
27;59;2021-01-21;983;0;11350;19
27;59;2021-01-22;672;0;12022;19
27;59;2021-01-23;103;0;12125;19
27;59;2021-01-24;7;0;12132;19
27;59;2021-01-25;388;10;12520;29
27;59;2021-01-26;468;185;12988;214
27;59;2021-01-27;511;235;13499;449
27;59;2021-01-28;433;356;13932;805
27;59;2021-01-29;446;499;14378;1304
27;59;2021-01-30;111;118;14489;1422
27;59;2021-01-31;12;0;14501;1422
27;59;2021-02-01;167;610;14668;2032
27;59;2021-02-02;173;718;14841;2750
27;59;2021-02-03;181;843;15022;3593
27;59;2021-02-04;192;893;15214;4486
27;59;2021-02-05;183;849;15397;5335
27;59;2021-02-06;57;227;15454;5562
27;59;2021-02-07;1;2;15455;5564
27;59;2021-02-08;129;550;15584;6114
27;59;2021-02-09;157;739;15741;6853
27;59;2021-02-10;227;690;15968;7543
27;59;2021-02-11;214;880;16182;8423
27;59;2021-02-12;239;649;16421;9072
27;59;2021-02-13;73;127;16494;9199
27;59;2021-02-14;28;9;16522;9208
27;59;2021-02-15;100;627;16622;9835
27;59;2021-02-16;106;838;16728;10673
27;59;2021-02-17;188;818;16916;11491
27;59;2021-02-18;185;643;17101;12134
27;59;2021-02-19;141;525;17242;12659
27;59;2021-02-20;41;81;17283;12740
27;59;2021-02-21;0;6;17283;12746
27;59;2021-02-22;93;354;17376;13100
27;59;2021-02-23;156;293;17532;13393
27;59;2021-02-24;253;256;17785;13649
27;59;2021-02-25;922;278;18707;13927
27;59;2021-02-26;1070;287;19777;14214
27;59;2021-02-27;788;66;20565;14280
27;59;2021-02-28;42;14;20607;14294
27;59;2021-03-01;500;115;21107;14409
27;59;2021-03-02;847;150;21954;14559
27;59;2021-03-03;883;187;22837;14746
27;59;2021-03-04;1213;183;24050;14929
27;59;2021-03-05;1782;150;25832;15079
27;59;2021-03-06;1427;38;27259;15117
27;59;2021-03-07;122;2;27381;15119
27;59;2021-03-08;484;121;27865;15240
27;59;2021-03-09;975;125;28840;15365
27;59;2021-03-10;938;152;29778;15517
27;59;2021-03-11;1219;141;30997;15658
27;59;2021-03-12;1579;91;32576;15749
27;59;2021-03-13;1255;26;33831;15775
27;59;2021-03-14;29;0;33860;15775
27;59;2021-03-15;547;61;34407;15836
27;59;2021-03-16;460;34;34867;15870
27;59;2021-03-17;444;45;35311;15915
27;59;2021-03-18;418;41;35729;15956
27;59;2021-03-19;894;35;36623;15991
27;59;2021-03-20;650;2;37273;15993
27;59;2021-03-21;27;0;37300;15993
27;59;2021-03-22;643;26;37943;16019
27;59;2021-03-23;1263;36;39206;16055
27;59;2021-03-24;1389;48;40595;16103
27;59;2021-03-25;1782;67;42377;16170
27;59;2021-03-26;1942;46;44319;16216
27;59;2021-03-27;937;15;45256;16231
27;59;2021-03-28;52;4;45308;16235
27;59;2021-03-29;1041;167;46349;16402
27;59;2021-03-30;1347;154;47696;16556
27;59;2021-03-31;1404;152;49100;16708
27;59;2021-04-01;1465;149;50565;16857
27;59;2021-04-02;1499;128;52064;16985
27;59;2021-04-03;576;40;52640;17025
27;59;2021-04-04;9;0;52649;17025
27;59;2021-04-05;39;0;52688;17025
27;59;2021-04-06;985;224;53673;17249
27;59;2021-04-07;1129;227;54802;17476
27;59;2021-04-08;1773;249;56575;17725
27;59;2021-04-09;2176;215;58751;17940
27;59;2021-04-10;902;68;59653;18008
27;59;2021-04-11;62;12;59715;18020
27;59;2021-04-12;1080;272;60795;18292
27;59;2021-04-13;1604;426;62399;18718
27;59;2021-04-14;1573;408;63972;19126
27;59;2021-04-15;1982;323;65954;19449
27;59;2021-04-16;2148;317;68102;19766
27;59;2021-04-17;1305;164;69407;19930
27;59;2021-04-18;104;20;69511;19950
27;59;2021-04-19;998;559;70509;20509
27;59;2021-04-20;1331;690;71840;21199
27;59;2021-04-21;1326;717;73166;21916
27;64;2020-12-27;1;0;1;0
27;64;2020-12-28;0;0;1;0
27;64;2020-12-29;0;0;1;0
27;64;2020-12-30;0;0;1;0
27;64;2020-12-31;0;0;1;0
27;64;2021-01-01;0;0;1;0
27;64;2021-01-02;0;0;1;0
27;64;2021-01-03;0;0;1;0
27;64;2021-01-04;6;0;7;0
27;64;2021-01-05;44;0;51;0
27;64;2021-01-06;74;0;125;0
27;64;2021-01-07;153;0;278;0
27;64;2021-01-08;262;0;540;0
27;64;2021-01-09;95;0;635;0
27;64;2021-01-10;1;0;636;0
27;64;2021-01-11;272;0;908;0
27;64;2021-01-12;336;0;1244;0
27;64;2021-01-13;363;0;1607;0
27;64;2021-01-14;432;0;2039;0
27;64;2021-01-15;345;0;2384;0
27;64;2021-01-16;88;5;2472;5
27;64;2021-01-17;7;0;2479;5
27;64;2021-01-18;290;0;2769;5
27;64;2021-01-19;369;1;3138;6
27;64;2021-01-20;295;0;3433;6
27;64;2021-01-21;318;0;3751;6
27;64;2021-01-22;276;1;4027;7
27;64;2021-01-23;78;0;4105;7
27;64;2021-01-24;5;0;4110;7
27;64;2021-01-25;159;7;4269;14
27;64;2021-01-26;174;55;4443;69
27;64;2021-01-27;238;65;4681;134
27;64;2021-01-28;211;129;4892;263
27;64;2021-01-29;202;178;5094;441
27;64;2021-01-30;57;46;5151;487
27;64;2021-01-31;12;0;5163;487
27;64;2021-02-01;99;204;5262;691
27;64;2021-02-02;76;258;5338;949
27;64;2021-02-03;99;267;5437;1216
27;64;2021-02-04;83;295;5520;1511
27;64;2021-02-05;68;280;5588;1791
27;64;2021-02-06;40;64;5628;1855
27;64;2021-02-07;0;0;5628;1855
27;64;2021-02-08;77;202;5705;2057
27;64;2021-02-09;70;237;5775;2294
27;64;2021-02-10;85;215;5860;2509
27;64;2021-02-11;82;280;5942;2789
27;64;2021-02-12;130;227;6072;3016
27;64;2021-02-13;41;64;6113;3080
27;64;2021-02-14;14;5;6127;3085
27;64;2021-02-15;50;235;6177;3320
27;64;2021-02-16;60;286;6237;3606
27;64;2021-02-17;75;277;6312;3883
27;64;2021-02-18;89;222;6401;4105
27;64;2021-02-19;59;210;6460;4315
27;64;2021-02-20;28;49;6488;4364
27;64;2021-02-21;1;2;6489;4366
27;64;2021-02-22;38;157;6527;4523
27;64;2021-02-23;70;152;6597;4675
27;64;2021-02-24;141;122;6738;4797
27;64;2021-02-25;749;139;7487;4936
27;64;2021-02-26;941;116;8428;5052
27;64;2021-02-27;565;51;8993;5103
27;64;2021-02-28;40;9;9033;5112
27;64;2021-03-01;358;71;9391;5183
27;64;2021-03-02;723;66;10114;5249
27;64;2021-03-03;745;73;10859;5322
27;64;2021-03-04;1012;104;11871;5426
27;64;2021-03-05;1457;75;13328;5501
27;64;2021-03-06;1124;26;14452;5527
27;64;2021-03-07;118;2;14570;5529
27;64;2021-03-08;325;82;14895;5611
27;64;2021-03-09;772;75;15667;5686
27;64;2021-03-10;822;72;16489;5758
27;64;2021-03-11;983;96;17472;5854
27;64;2021-03-12;1274;83;18746;5937
27;64;2021-03-13;1049;15;19795;5952
27;64;2021-03-14;30;0;19825;5952
27;64;2021-03-15;446;33;20271;5985
27;64;2021-03-16;364;26;20635;6011
27;64;2021-03-17;321;32;20956;6043
27;64;2021-03-18;353;43;21309;6086
27;64;2021-03-19;749;21;22058;6107
27;64;2021-03-20;676;5;22734;6112
27;64;2021-03-21;24;0;22758;6112
27;64;2021-03-22;624;16;23382;6128
27;64;2021-03-23;1297;35;24679;6163
27;64;2021-03-24;1340;33;26019;6196
27;64;2021-03-25;1854;44;27873;6240
27;64;2021-03-26;2013;33;29886;6273
27;64;2021-03-27;866;11;30752;6284
27;64;2021-03-28;53;3;30805;6287
27;64;2021-03-29;875;100;31680;6387
27;64;2021-03-30;1248;97;32928;6484
27;64;2021-03-31;1136;126;34064;6610
27;64;2021-04-01;1304;137;35368;6747
27;64;2021-04-02;1341;103;36709;6850
27;64;2021-04-03;549;24;37258;6874
27;64;2021-04-04;4;0;37262;6874
27;64;2021-04-05;38;0;37300;6874
27;64;2021-04-06;825;197;38125;7071
27;64;2021-04-07;912;184;39037;7255
27;64;2021-04-08;1566;207;40603;7462
27;64;2021-04-09;2273;200;42876;7662
27;64;2021-04-10;1032;59;43908;7721
27;64;2021-04-11;70;4;43978;7725
27;64;2021-04-12;909;216;44887;7941
27;64;2021-04-13;1603;317;46490;8258
27;64;2021-04-14;1393;318;47883;8576
27;64;2021-04-15;1993;287;49876;8863
27;64;2021-04-16;2255;243;52131;9106
27;64;2021-04-17;1232;117;53363;9223
27;64;2021-04-18;94;20;53457;9243
27;64;2021-04-19;1133;493;54590;9736
27;64;2021-04-20;1617;518;56207;10254
27;64;2021-04-21;1592;530;57799;10784
27;69;2020-12-27;0;0;0;0
27;69;2020-12-28;0;0;0;0
27;69;2020-12-29;0;0;0;0
27;69;2020-12-30;0;0;0;0
27;69;2020-12-31;0;0;0;0
27;69;2021-01-01;0;0;0;0
27;69;2021-01-02;0;0;0;0
27;69;2021-01-03;0;0;0;0
27;69;2021-01-04;0;0;0;0
27;69;2021-01-05;12;0;12;0
27;69;2021-01-06;33;0;45;0
27;69;2021-01-07;108;0;153;0
27;69;2021-01-08;122;0;275;0
27;69;2021-01-09;45;0;320;0
27;69;2021-01-10;1;0;321;0
27;69;2021-01-11;170;0;491;0
27;69;2021-01-12;198;0;689;0
27;69;2021-01-13;213;0;902;0
27;69;2021-01-14;270;0;1172;0
27;69;2021-01-15;158;0;1330;0
27;69;2021-01-16;55;1;1385;1
27;69;2021-01-17;3;1;1388;2
27;69;2021-01-18;230;0;1618;2
27;69;2021-01-19;298;1;1916;3
27;69;2021-01-20;240;0;2156;3
27;69;2021-01-21;312;1;2468;4
27;69;2021-01-22;234;0;2702;4
27;69;2021-01-23;89;0;2791;4
27;69;2021-01-24;12;0;2803;4
27;69;2021-01-25;166;1;2969;5
27;69;2021-01-26;234;19;3203;24
27;69;2021-01-27;268;35;3471;59
27;69;2021-01-28;211;80;3682;139
27;69;2021-01-29;212;92;3894;231
27;69;2021-01-30;68;28;3962;259
27;69;2021-01-31;15;3;3977;262
27;69;2021-02-01;115;128;4092;390
27;69;2021-02-02;132;184;4224;574
27;69;2021-02-03;125;175;4349;749
27;69;2021-02-04;135;177;4484;926
27;69;2021-02-05;126;166;4610;1092
27;69;2021-02-06;47;27;4657;1119
27;69;2021-02-07;0;0;4657;1119
27;69;2021-02-08;82;123;4739;1242
27;69;2021-02-09;104;165;4843;1407
27;69;2021-02-10;93;164;4936;1571
27;69;2021-02-11;150;212;5086;1783
27;69;2021-02-12;108;141;5194;1924
27;69;2021-02-13;31;55;5225;1979
27;69;2021-02-14;4;9;5229;1988
27;69;2021-02-15;41;160;5270;2148
27;69;2021-02-16;40;237;5310;2385
27;69;2021-02-17;69;219;5379;2604
27;69;2021-02-18;70;216;5449;2820
27;69;2021-02-19;66;174;5515;2994
27;69;2021-02-20;35;59;5550;3053
27;69;2021-02-21;0;5;5550;3058
27;69;2021-02-22;32;175;5582;3233
27;69;2021-02-23;36;152;5618;3385
27;69;2021-02-24;61;184;5679;3569
27;69;2021-02-25;96;168;5775;3737
27;69;2021-02-26;122;114;5897;3851
27;69;2021-02-27;62;50;5959;3901
27;69;2021-02-28;6;13;5965;3914
27;69;2021-03-01;172;112;6137;4026
27;69;2021-03-02;288;152;6425;4178
27;69;2021-03-03;345;106;6770;4284
27;69;2021-03-04;499;140;7269;4424
27;69;2021-03-05;806;99;8075;4523
27;69;2021-03-06;715;35;8790;4558
27;69;2021-03-07;155;0;8945;4558
27;69;2021-03-08;334;91;9279;4649
27;69;2021-03-09;809;123;10088;4772
27;69;2021-03-10;833;104;10921;4876
27;69;2021-03-11;1101;154;12022;5030
27;69;2021-03-12;1478;104;13500;5134
27;69;2021-03-13;1264;18;14764;5152
27;69;2021-03-14;54;0;14818;5152
27;69;2021-03-15;662;33;15480;5185
27;69;2021-03-16;577;28;16057;5213
27;69;2021-03-17;547;49;16604;5262
27;69;2021-03-18;611;51;17215;5313
27;69;2021-03-19;1221;39;18436;5352
27;69;2021-03-20;1003;9;19439;5361
27;69;2021-03-21;31;1;19470;5362
27;69;2021-03-22;1143;34;20613;5396
27;69;2021-03-23;2085;38;22698;5434
27;69;2021-03-24;2244;66;24942;5500
27;69;2021-03-25;2889;58;27831;5558
27;69;2021-03-26;3156;50;30987;5608
27;69;2021-03-27;1283;14;32270;5622
27;69;2021-03-28;79;5;32349;5627
27;69;2021-03-29;1478;208;33827;5835
27;69;2021-03-30;2140;214;35967;6049
27;69;2021-03-31;1809;210;37776;6259
27;69;2021-04-01;2149;229;39925;6488
27;69;2021-04-02;2041;211;41966;6699
27;69;2021-04-03;780;50;42746;6749
27;69;2021-04-04;15;0;42761;6749
27;69;2021-04-05;69;0;42830;6749
27;69;2021-04-06;1348;363;44178;7112
27;69;2021-04-07;1447;324;45625;7436
27;69;2021-04-08;2548;352;48173;7788
27;69;2021-04-09;3490;305;51663;8093
27;69;2021-04-10;1341;108;53004;8201
27;69;2021-04-11;69;15;53073;8216
27;69;2021-04-12;1472;421;54545;8637
27;69;2021-04-13;2261;583;56806;9220
27;69;2021-04-14;1878;515;58684;9735
27;69;2021-04-15;2615;539;61299;10274
27;69;2021-04-16;2830;497;64129;10771
27;69;2021-04-17;1232;206;65361;10977
27;69;2021-04-18;66;29;65427;11006
27;69;2021-04-19;1524;892;66951;11898
27;69;2021-04-20;1948;1034;68899;12932
27;69;2021-04-21;1747;1019;70646;13951
27;74;2020-12-27;0;0;0;0
27;74;2020-12-28;0;0;0;0
27;74;2020-12-29;0;0;0;0
27;74;2020-12-30;1;0;1;0
27;74;2020-12-31;0;0;1;0
27;74;2021-01-01;0;0;1;0
27;74;2021-01-02;0;0;1;0
27;74;2021-01-03;0;0;1;0
27;74;2021-01-04;0;0;1;0
27;74;2021-01-05;7;0;8;0
27;74;2021-01-06;23;0;31;0
27;74;2021-01-07;94;0;125;0
27;74;2021-01-08;91;0;216;0
27;74;2021-01-09;19;0;235;0
27;74;2021-01-10;1;0;236;0
27;74;2021-01-11;162;0;398;0
27;74;2021-01-12;206;0;604;0
27;74;2021-01-13;168;0;772;0
27;74;2021-01-14;233;0;1005;0
27;74;2021-01-15;178;0;1183;0
27;74;2021-01-16;45;3;1228;3
27;74;2021-01-17;14;0;1242;3
27;74;2021-01-18;376;2;1618;5
27;74;2021-01-19;450;0;2068;5
27;74;2021-01-20;393;1;2461;6
27;74;2021-01-21;503;0;2964;6
27;74;2021-01-22;393;0;3357;6
27;74;2021-01-23;192;0;3549;6
27;74;2021-01-24;20;0;3569;6
27;74;2021-01-25;323;1;3892;7
27;74;2021-01-26;398;9;4290;16
27;74;2021-01-27;399;21;4689;37
27;74;2021-01-28;368;69;5057;106
27;74;2021-01-29;390;71;5447;177
27;74;2021-01-30;156;16;5603;193
27;74;2021-01-31;21;0;5624;193
27;74;2021-02-01;249;132;5873;325
27;74;2021-02-02;248;174;6121;499
27;74;2021-02-03;242;146;6363;645
27;74;2021-02-04;248;168;6611;813
27;74;2021-02-05;233;122;6844;935
27;74;2021-02-06;94;20;6938;955
27;74;2021-02-07;0;0;6938;955
27;74;2021-02-08;182;171;7120;1126
27;74;2021-02-09;210;198;7330;1324
27;74;2021-02-10;187;207;7517;1531
27;74;2021-02-11;229;257;7746;1788
27;74;2021-02-12;155;185;7901;1973
27;74;2021-02-13;70;93;7971;2066
27;74;2021-02-14;5;14;7976;2080
27;74;2021-02-15;83;318;8059;2398
27;74;2021-02-16;74;389;8133;2787
27;74;2021-02-17;114;366;8247;3153
27;74;2021-02-18;111;360;8358;3513
27;74;2021-02-19;125;315;8483;3828
27;74;2021-02-20;67;123;8550;3951
27;74;2021-02-21;0;12;8550;3963
27;74;2021-02-22;47;294;8597;4257
27;74;2021-02-23;54;278;8651;4535
27;74;2021-02-24;80;294;8731;4829
27;74;2021-02-25;94;308;8825;5137
27;74;2021-02-26;118;243;8943;5380
27;74;2021-02-27;62;128;9005;5508
27;74;2021-02-28;4;16;9009;5524
27;74;2021-03-01;287;226;9296;5750
27;74;2021-03-02;427;249;9723;5999
27;74;2021-03-03;539;249;10262;6248
27;74;2021-03-04;738;252;11000;6500
27;74;2021-03-05;981;214;11981;6714
27;74;2021-03-06;893;53;12874;6767
27;74;2021-03-07;194;1;13068;6768
27;74;2021-03-08;498;210;13566;6978
27;74;2021-03-09;1240;230;14806;7208
27;74;2021-03-10;1242;221;16048;7429
27;74;2021-03-11;1481;218;17529;7647
27;74;2021-03-12;1978;156;19507;7803
27;74;2021-03-13;1538;50;21045;7853
27;74;2021-03-14;48;0;21093;7853
27;74;2021-03-15;1131;94;22224;7947
27;74;2021-03-16;1142;62;23366;8009
27;74;2021-03-17;1214;67;24580;8076
27;74;2021-03-18;1170;89;25750;8165
27;74;2021-03-19;1748;65;27498;8230
27;74;2021-03-20;1355;25;28853;8255
27;74;2021-03-21;55;0;28908;8255
27;74;2021-03-22;1881;73;30789;8328
27;74;2021-03-23;3159;77;33948;8405
27;74;2021-03-24;3344;106;37292;8511
27;74;2021-03-25;4259;114;41551;8625
27;74;2021-03-26;4315;102;45866;8727
27;74;2021-03-27;1941;30;47807;8757
27;74;2021-03-28;176;12;47983;8769
27;74;2021-03-29;2956;377;50939;9146
27;74;2021-03-30;3970;466;54909;9612
27;74;2021-03-31;3871;483;58780;10095
27;74;2021-04-01;4402;463;63182;10558
27;74;2021-04-02;3938;430;67120;10988
27;74;2021-04-03;1389;138;68509;11126
27;74;2021-04-04;11;4;68520;11130
27;74;2021-04-05;109;0;68629;11130
27;74;2021-04-06;3087;769;71716;11899
27;74;2021-04-07;3107;737;74823;12636
27;74;2021-04-08;4769;721;79592;13357
27;74;2021-04-09;4988;707;84580;14064
27;74;2021-04-10;1546;243;86126;14307
27;74;2021-04-11;108;27;86234;14334
27;74;2021-04-12;2929;892;89163;15226
27;74;2021-04-13;3129;1146;92292;16372
27;74;2021-04-14;2562;1073;94854;17445
27;74;2021-04-15;3081;933;97935;18378
27;74;2021-04-16;2710;947;100645;19325
27;74;2021-04-17;940;453;101585;19778
27;74;2021-04-18;39;54;101624;19832
27;74;2021-04-19;1525;1662;103149;21494
27;74;2021-04-20;1632;2033;104781;23527
27;74;2021-04-21;1550;1867;106331;25394
27;79;2020-12-27;0;0;0;0
27;79;2020-12-28;0;0;0;0
27;79;2020-12-29;5;0;5;0
27;79;2020-12-30;1;0;6;0
27;79;2020-12-31;0;0;6;0
27;79;2021-01-01;0;0;6;0
27;79;2021-01-02;0;0;6;0
27;79;2021-01-03;0;0;6;0
27;79;2021-01-04;1;0;7;0
27;79;2021-01-05;1;0;8;0
27;79;2021-01-06;22;0;30;0
27;79;2021-01-07;51;0;81;0
27;79;2021-01-08;55;0;136;0
27;79;2021-01-09;9;0;145;0
27;79;2021-01-10;0;0;145;0
27;79;2021-01-11;75;0;220;0
27;79;2021-01-12;149;0;369;0
27;79;2021-01-13;163;0;532;0
27;79;2021-01-14;309;0;841;0
27;79;2021-01-15;314;0;1155;0
27;79;2021-01-16;104;3;1259;3
27;79;2021-01-17;40;0;1299;3
27;79;2021-01-18;1731;2;3030;5
27;79;2021-01-19;2067;5;5097;10
27;79;2021-01-20;1972;3;7069;13
27;79;2021-01-21;2063;3;9132;16
27;79;2021-01-22;1859;1;10991;17
27;79;2021-01-23;1034;3;12025;20
27;79;2021-01-24;87;0;12112;20
27;79;2021-01-25;1658;6;13770;26
27;79;2021-01-26;1967;2;15737;28
27;79;2021-01-27;1797;16;17534;44
27;79;2021-01-28;1696;41;19230;85
27;79;2021-01-29;1473;50;20703;135
27;79;2021-01-30;777;8;21480;143
27;79;2021-01-31;56;0;21536;143
27;79;2021-02-01;1087;59;22623;202
27;79;2021-02-02;1305;121;23928;323
27;79;2021-02-03;1130;135;25058;458
27;79;2021-02-04;1110;192;26168;650
27;79;2021-02-05;953;189;27121;839
27;79;2021-02-06;542;58;27663;897
27;79;2021-02-07;1;1;27664;898
27;79;2021-02-08;881;505;28545;1403
27;79;2021-02-09;850;628;29395;2031
27;79;2021-02-10;762;670;30157;2701
27;79;2021-02-11;701;672;30858;3373
27;79;2021-02-12;516;675;31374;4048
27;79;2021-02-13;191;465;31565;4513
27;79;2021-02-14;1;39;31566;4552
27;79;2021-02-15;238;1521;31804;6073
27;79;2021-02-16;260;1772;32064;7845
27;79;2021-02-17;297;1558;32361;9403
27;79;2021-02-18;363;1699;32724;11102
27;79;2021-02-19;327;1414;33051;12516
27;79;2021-02-20;142;687;33193;13203
27;79;2021-02-21;0;68;33193;13271
27;79;2021-02-22;171;1533;33364;14804
27;79;2021-02-23;119;1719;33483;16523
27;79;2021-02-24;171;1539;33654;18062
27;79;2021-02-25;162;1468;33816;19530
27;79;2021-02-26;210;1166;34026;20696
27;79;2021-02-27;74;647;34100;21343
27;79;2021-02-28;3;47;34103;21390
27;79;2021-03-01;663;1151;34766;22541
27;79;2021-03-02;874;1315;35640;23856
27;79;2021-03-03;954;1088;36594;24944
27;79;2021-03-04;1123;1044;37717;25988
27;79;2021-03-05;1168;755;38885;26743
27;79;2021-03-06;643;314;39528;27057
27;79;2021-03-07;91;0;39619;27057
27;79;2021-03-08;833;999;40452;28056
27;79;2021-03-09;1333;958;41785;29014
27;79;2021-03-10;1483;720;43268;29734
27;79;2021-03-11;1585;703;44853;30437
27;79;2021-03-12;1578;546;46431;30983
27;79;2021-03-13;570;144;47001;31127
27;79;2021-03-14;9;1;47010;31128
27;79;2021-03-15;1482;315;48492;31443
27;79;2021-03-16;1924;188;50416;31631
27;79;2021-03-17;1778;249;52194;31880
27;79;2021-03-18;1851;254;54045;32134
27;79;2021-03-19;1458;202;55503;32336
27;79;2021-03-20;700;61;56203;32397
27;79;2021-03-21;37;0;56240;32397
27;79;2021-03-22;1699;201;57939;32598
27;79;2021-03-23;2272;158;60211;32756
27;79;2021-03-24;2175;169;62386;32925
27;79;2021-03-25;2345;188;64731;33113
27;79;2021-03-26;1963;161;66694;33274
27;79;2021-03-27;703;39;67397;33313
27;79;2021-03-28;43;24;67440;33337
27;79;2021-03-29;1098;807;68538;34144
27;79;2021-03-30;1163;912;69701;35056
27;79;2021-03-31;1092;984;70793;36040
27;79;2021-04-01;1216;985;72009;37025
27;79;2021-04-02;932;986;72941;38011
27;79;2021-04-03;240;278;73181;38289
27;79;2021-04-04;1;7;73182;38296
27;79;2021-04-05;30;0;73212;38296
27;79;2021-04-06;850;1625;74062;39921
27;79;2021-04-07;888;1482;74950;41403
27;79;2021-04-08;1146;1329;76096;42732
27;79;2021-04-09;1107;1258;77203;43990
27;79;2021-04-10;335;420;77538;44410
27;79;2021-04-11;29;22;77567;44432
27;79;2021-04-12;626;1593;78193;46025
27;79;2021-04-13;711;1923;78904;47948
27;79;2021-04-14;633;1603;79537;49551
27;79;2021-04-15;688;1602;80225;51153
27;79;2021-04-16;569;1226;80794;52379
27;79;2021-04-17;228;594;81022;52973
27;79;2021-04-18;7;38;81029;53011
27;79;2021-04-19;369;1735;81398;54746
27;79;2021-04-20;390;2003;81788;56749
27;79;2021-04-21;367;1730;82155;58479
27;80;2020-12-27;3;0;3;0
27;80;2020-12-28;0;0;3;0
27;80;2020-12-29;14;0;17;0
27;80;2020-12-30;18;0;35;0
27;80;2020-12-31;0;0;35;0
27;80;2021-01-01;0;0;35;0
27;80;2021-01-02;0;0;35;0
27;80;2021-01-03;0;0;35;0
27;80;2021-01-04;6;0;41;0
27;80;2021-01-05;2;0;43;0
27;80;2021-01-06;244;0;287;0
27;80;2021-01-07;449;0;736;0
27;80;2021-01-08;220;0;956;0
27;80;2021-01-09;7;0;963;0
27;80;2021-01-10;0;0;963;0
27;80;2021-01-11;452;0;1415;0
27;80;2021-01-12;1347;0;2762;0
27;80;2021-01-13;1063;0;3825;0
27;80;2021-01-14;1294;0;5119;0
27;80;2021-01-15;679;0;5798;0
27;80;2021-01-16;130;8;5928;8
27;80;2021-01-17;38;0;5966;8
27;80;2021-01-18;2146;3;8112;11
27;80;2021-01-19;3382;23;11494;34
27;80;2021-01-20;3592;21;15086;55
27;80;2021-01-21;4433;4;19519;59
27;80;2021-01-22;3597;5;23116;64
27;80;2021-01-23;1396;3;24512;67
27;80;2021-01-24;210;0;24722;67
27;80;2021-01-25;2303;2;27025;69
27;80;2021-01-26;3744;13;30769;82
27;80;2021-01-27;3469;174;34238;256
27;80;2021-01-28;2998;338;37236;594
27;80;2021-01-29;2781;252;40017;846
27;80;2021-01-30;1231;68;41248;914
27;80;2021-01-31;130;0;41378;914
27;80;2021-02-01;1565;300;42943;1214
27;80;2021-02-02;1989;1017;44932;2231
27;80;2021-02-03;1711;1013;46643;3244
27;80;2021-02-04;1818;1194;48461;4438
27;80;2021-02-05;1573;515;50034;4953
27;80;2021-02-06;790;77;50824;5030
27;80;2021-02-07;3;1;50827;5031
27;80;2021-02-08;1456;802;52283;5833
27;80;2021-02-09;1318;1376;53601;7209
27;80;2021-02-10;1170;1623;54771;8832
27;80;2021-02-11;1493;2442;56264;11274
27;80;2021-02-12;1034;1733;57298;13007
27;80;2021-02-13;322;561;57620;13568
27;80;2021-02-14;16;139;57636;13707
27;80;2021-02-15;419;1993;58055;15700
27;80;2021-02-16;611;3216;58666;18916
27;80;2021-02-17;611;3056;59277;21972
27;80;2021-02-18;688;2731;59965;24703
27;80;2021-02-19;620;2495;60585;27198
27;80;2021-02-20;278;999;60863;28197
27;80;2021-02-21;0;52;60863;28249
27;80;2021-02-22;230;2031;61093;30280
27;80;2021-02-23;299;2329;61392;32609
27;80;2021-02-24;299;2225;61691;34834
27;80;2021-02-25;330;2333;62021;37167
27;80;2021-02-26;397;1846;62418;39013
27;80;2021-02-27;126;955;62544;39968
27;80;2021-02-28;1;106;62545;40074
27;80;2021-03-01;1133;1628;63678;41702
27;80;2021-03-02;1477;1980;65155;43682
27;80;2021-03-03;1696;1719;66851;45401
27;80;2021-03-04;1999;1741;68850;47142
27;80;2021-03-05;1979;1384;70829;48526
27;80;2021-03-06;875;452;71704;48978
27;80;2021-03-07;105;4;71809;48982
27;80;2021-03-08;1403;1653;73212;50635
27;80;2021-03-09;2339;1473;75551;52108
27;80;2021-03-10;2519;1246;78070;53354
27;80;2021-03-11;2788;1356;80858;54710
27;80;2021-03-12;2648;1081;83506;55791
27;80;2021-03-13;866;256;84372;56047
27;80;2021-03-14;18;0;84390;56047
27;80;2021-03-15;2422;536;86812;56583
27;80;2021-03-16;3095;413;89907;56996
27;80;2021-03-17;3225;416;93132;57412
27;80;2021-03-18;3322;455;96454;57867
27;80;2021-03-19;2455;336;98909;58203
27;80;2021-03-20;1098;117;100007;58320
27;80;2021-03-21;53;0;100060;58320
27;80;2021-03-22;2585;283;102645;58603
27;80;2021-03-23;3536;339;106181;58942
27;80;2021-03-24;3593;358;109774;59300
27;80;2021-03-25;3772;435;113546;59735
27;80;2021-03-26;3185;335;116731;60070
27;80;2021-03-27;1204;69;117935;60139
27;80;2021-03-28;51;33;117986;60172
27;80;2021-03-29;1536;1367;119522;61539
27;80;2021-03-30;1778;1607;121300;63146
27;80;2021-03-31;1869;1684;123169;64830
27;80;2021-04-01;2029;1668;125198;66498
27;80;2021-04-02;1528;1717;126726;68215
27;80;2021-04-03;410;436;127136;68651
27;80;2021-04-04;5;8;127141;68659
27;80;2021-04-05;28;0;127169;68659
27;80;2021-04-06;1351;2683;128520;71342
27;80;2021-04-07;1328;2727;129848;74069
27;80;2021-04-08;1928;2347;131776;76416
27;80;2021-04-09;1752;2154;133528;78570
27;80;2021-04-10;514;749;134042;79319
27;80;2021-04-11;51;28;134093;79347
27;80;2021-04-12;1031;2704;135124;82051
27;80;2021-04-13;1241;3161;136365;85212
27;80;2021-04-14;1024;2676;137389;87888
27;80;2021-04-15;1083;2736;138472;90624
27;80;2021-04-16;768;2082;139240;92706
27;80;2021-04-17;385;916;139625;93622
27;80;2021-04-18;23;60;139648;93682
27;80;2021-04-19;560;2521;140208;96203
27;80;2021-04-20;623;3082;140831;99285
27;80;2021-04-21;572;2761;141403;102046
28;24;2020-12-27;0;0;0;0
28;24;2020-12-28;0;0;0;0
28;24;2020-12-29;0;0;0;0
28;24;2020-12-30;0;0;0;0
28;24;2020-12-31;0;0;0;0
28;24;2021-01-01;0;0;0;0
28;24;2021-01-02;0;0;0;0
28;24;2021-01-03;0;0;0;0
28;24;2021-01-04;0;0;0;0
28;24;2021-01-05;0;0;0;0
28;24;2021-01-06;5;0;5;0
28;24;2021-01-07;21;0;26;0
28;24;2021-01-08;45;0;71;0
28;24;2021-01-09;5;0;76;0
28;24;2021-01-10;7;0;83;0
28;24;2021-01-11;29;0;112;0
28;24;2021-01-12;33;0;145;0
28;24;2021-01-13;48;0;193;0
28;24;2021-01-14;95;0;288;0
28;24;2021-01-15;98;0;386;0
28;24;2021-01-16;27;1;413;1
28;24;2021-01-17;45;0;458;1
28;24;2021-01-18;91;0;549;1
28;24;2021-01-19;49;0;598;1
28;24;2021-01-20;38;0;636;1
28;24;2021-01-21;17;0;653;1
28;24;2021-01-22;21;0;674;1
28;24;2021-01-23;4;0;678;1
28;24;2021-01-24;6;0;684;1
28;24;2021-01-25;25;1;709;2
28;24;2021-01-26;12;7;721;9
28;24;2021-01-27;10;7;731;16
28;24;2021-01-28;10;4;741;20
28;24;2021-01-29;6;15;747;35
28;24;2021-01-30;5;0;752;35
28;24;2021-01-31;0;1;752;36
28;24;2021-02-01;6;14;758;50
28;24;2021-02-02;5;22;763;72
28;24;2021-02-03;5;23;768;95
28;24;2021-02-04;24;63;792;158
28;24;2021-02-05;35;51;827;209
28;24;2021-02-06;15;14;842;223
28;24;2021-02-07;20;32;862;255
28;24;2021-02-08;48;108;910;363
28;24;2021-02-09;37;60;947;423
28;24;2021-02-10;77;37;1024;460
28;24;2021-02-11;113;62;1137;522
28;24;2021-02-12;155;52;1292;574
28;24;2021-02-13;36;9;1328;583
28;24;2021-02-14;4;3;1332;586
28;24;2021-02-15;102;30;1434;616
28;24;2021-02-16;162;36;1596;652
28;24;2021-02-17;114;20;1710;672
28;24;2021-02-18;114;16;1824;688
28;24;2021-02-19;154;9;1978;697
28;24;2021-02-20;22;2;2000;699
28;24;2021-02-21;0;1;2000;700
28;24;2021-02-22;65;6;2065;706
28;24;2021-02-23;68;4;2133;710
28;24;2021-02-24;62;11;2195;721
28;24;2021-02-25;101;24;2296;745
28;24;2021-02-26;120;24;2416;769
28;24;2021-02-27;23;12;2439;781
28;24;2021-02-28;2;3;2441;784
28;24;2021-03-01;40;37;2481;821
28;24;2021-03-02;87;24;2568;845
28;24;2021-03-03;31;19;2599;864
28;24;2021-03-04;120;18;2719;882
28;24;2021-03-05;124;19;2843;901
28;24;2021-03-06;45;7;2888;908
28;24;2021-03-07;10;2;2898;910
28;24;2021-03-08;111;21;3009;931
28;24;2021-03-09;174;19;3183;950
28;24;2021-03-10;110;8;3293;958
28;24;2021-03-11;195;4;3488;962
28;24;2021-03-12;253;3;3741;965
28;24;2021-03-13;45;0;3786;965
28;24;2021-03-14;19;1;3805;966
28;24;2021-03-15;58;1;3863;967
28;24;2021-03-16;23;5;3886;972
28;24;2021-03-17;28;2;3914;974
28;24;2021-03-18;28;3;3942;977
28;24;2021-03-19;58;2;4000;979
28;24;2021-03-20;31;0;4031;979
28;24;2021-03-21;4;1;4035;980
28;24;2021-03-22;136;4;4171;984
28;24;2021-03-23;138;2;4309;986
28;24;2021-03-24;150;4;4459;990
28;24;2021-03-25;163;3;4622;993
28;24;2021-03-26;271;5;4893;998
28;24;2021-03-27;91;2;4984;1000
28;24;2021-03-28;34;0;5018;1000
28;24;2021-03-29;135;5;5153;1005
28;24;2021-03-30;192;3;5345;1008
28;24;2021-03-31;324;14;5669;1022
28;24;2021-04-01;459;19;6128;1041
28;24;2021-04-02;433;23;6561;1064
28;24;2021-04-03;111;8;6672;1072
28;24;2021-04-04;23;0;6695;1072
28;24;2021-04-05;104;4;6799;1076
28;24;2021-04-06;259;23;7058;1099
28;24;2021-04-07;316;13;7374;1112
28;24;2021-04-08;337;20;7711;1132
28;24;2021-04-09;336;24;8047;1156
28;24;2021-04-10;146;14;8193;1170
28;24;2021-04-11;40;7;8233;1177
28;24;2021-04-12;142;28;8375;1205
28;24;2021-04-13;171;26;8546;1231
28;24;2021-04-14;255;33;8801;1264
28;24;2021-04-15;233;24;9034;1288
28;24;2021-04-16;233;45;9267;1333
28;24;2021-04-17;196;15;9463;1348
28;24;2021-04-18;17;0;9480;1348
28;24;2021-04-19;132;136;9612;1484
28;24;2021-04-20;126;167;9738;1651
28;24;2021-04-21;126;215;9864;1866
28;29;2020-12-27;0;0;0;0
28;29;2020-12-28;0;0;0;0
28;29;2020-12-29;0;0;0;0
28;29;2020-12-30;0;0;0;0
28;29;2020-12-31;0;0;0;0
28;29;2021-01-01;0;0;0;0
28;29;2021-01-02;0;0;0;0
28;29;2021-01-03;0;0;0;0
28;29;2021-01-04;0;0;0;0
28;29;2021-01-05;4;0;4;0
28;29;2021-01-06;11;0;15;0
28;29;2021-01-07;60;0;75;0
28;29;2021-01-08;98;0;173;0
28;29;2021-01-09;28;0;201;0
28;29;2021-01-10;28;0;229;0
28;29;2021-01-11;65;0;294;0
28;29;2021-01-12;105;0;399;0
28;29;2021-01-13;91;0;490;0
28;29;2021-01-14;221;0;711;0
28;29;2021-01-15;201;0;912;0
28;29;2021-01-16;37;1;949;1
28;29;2021-01-17;54;0;1003;1
28;29;2021-01-18;119;0;1122;1
28;29;2021-01-19;96;0;1218;1
28;29;2021-01-20;44;0;1262;1
28;29;2021-01-21;47;0;1309;1
28;29;2021-01-22;28;1;1337;2
28;29;2021-01-23;6;0;1343;2
28;29;2021-01-24;18;0;1361;2
28;29;2021-01-25;35;5;1396;7
28;29;2021-01-26;24;13;1420;20
28;29;2021-01-27;21;23;1441;43
28;29;2021-01-28;21;10;1462;53
28;29;2021-01-29;7;20;1469;73
28;29;2021-01-30;7;10;1476;83
28;29;2021-01-31;1;7;1477;90
28;29;2021-02-01;4;44;1481;134
28;29;2021-02-02;3;44;1484;178
28;29;2021-02-03;6;47;1490;225
28;29;2021-02-04;39;105;1529;330
28;29;2021-02-05;41;125;1570;455
28;29;2021-02-06;6;33;1576;488
28;29;2021-02-07;40;46;1616;534
28;29;2021-02-08;95;158;1711;692
28;29;2021-02-09;59;133;1770;825
28;29;2021-02-10;107;86;1877;911
28;29;2021-02-11;203;117;2080;1028
28;29;2021-02-12;191;105;2271;1133
28;29;2021-02-13;56;12;2327;1145
28;29;2021-02-14;14;18;2341;1163
28;29;2021-02-15;133;91;2474;1254
28;29;2021-02-16;168;53;2642;1307
28;29;2021-02-17;102;23;2744;1330
28;29;2021-02-18;149;16;2893;1346
28;29;2021-02-19;176;15;3069;1361
28;29;2021-02-20;14;5;3083;1366
28;29;2021-02-21;1;0;3084;1366
28;29;2021-02-22;67;18;3151;1384
28;29;2021-02-23;101;9;3252;1393
28;29;2021-02-24;87;20;3339;1413
28;29;2021-02-25;108;47;3447;1460
28;29;2021-02-26;161;37;3608;1497
28;29;2021-02-27;26;6;3634;1503
28;29;2021-02-28;5;3;3639;1506
28;29;2021-03-01;52;76;3691;1582
28;29;2021-03-02;57;35;3748;1617
28;29;2021-03-03;48;30;3796;1647
28;29;2021-03-04;96;20;3892;1667
28;29;2021-03-05;171;16;4063;1683
28;29;2021-03-06;48;3;4111;1686
28;29;2021-03-07;21;6;4132;1692
28;29;2021-03-08;104;35;4236;1727
28;29;2021-03-09;116;24;4352;1751
28;29;2021-03-10;101;5;4453;1756
28;29;2021-03-11;164;6;4617;1762
28;29;2021-03-12;215;6;4832;1768
28;29;2021-03-13;35;4;4867;1772
28;29;2021-03-14;14;0;4881;1772
28;29;2021-03-15;54;7;4935;1779
28;29;2021-03-16;28;7;4963;1786
28;29;2021-03-17;29;3;4992;1789
28;29;2021-03-18;37;2;5029;1791
28;29;2021-03-19;70;2;5099;1793
28;29;2021-03-20;28;1;5127;1794
28;29;2021-03-21;5;0;5132;1794
28;29;2021-03-22;104;8;5236;1802
28;29;2021-03-23;135;7;5371;1809
28;29;2021-03-24;134;9;5505;1818
28;29;2021-03-25;149;9;5654;1827
28;29;2021-03-26;220;10;5874;1837
28;29;2021-03-27;122;3;5996;1840
28;29;2021-03-28;29;0;6025;1840
28;29;2021-03-29;119;13;6144;1853
28;29;2021-03-30;175;17;6319;1870
28;29;2021-03-31;316;25;6635;1895
28;29;2021-04-01;457;20;7092;1915
28;29;2021-04-02;412;25;7504;1940
28;29;2021-04-03;81;11;7585;1951
28;29;2021-04-04;16;0;7601;1951
28;29;2021-04-05;56;5;7657;1956
28;29;2021-04-06;192;35;7849;1991
28;29;2021-04-07;194;17;8043;2008
28;29;2021-04-08;263;20;8306;2028
28;29;2021-04-09;298;39;8604;2067
28;29;2021-04-10;135;24;8739;2091
28;29;2021-04-11;34;4;8773;2095
28;29;2021-04-12;150;19;8923;2114
28;29;2021-04-13;187;18;9110;2132
28;29;2021-04-14;213;30;9323;2162
28;29;2021-04-15;185;57;9508;2219
28;29;2021-04-16;224;43;9732;2262
28;29;2021-04-17;170;32;9902;2294
28;29;2021-04-18;8;0;9910;2294
28;29;2021-04-19;125;104;10035;2398
28;29;2021-04-20;151;154;10186;2552
28;29;2021-04-21;132;154;10318;2706
28;39;2020-12-27;0;0;0;0
28;39;2020-12-28;0;0;0;0
28;39;2020-12-29;0;0;0;0
28;39;2020-12-30;0;0;0;0
28;39;2020-12-31;0;0;0;0
28;39;2021-01-01;0;0;0;0
28;39;2021-01-02;0;0;0;0
28;39;2021-01-03;0;0;0;0
28;39;2021-01-04;0;0;0;0
28;39;2021-01-05;3;0;3;0
28;39;2021-01-06;40;0;43;0
28;39;2021-01-07;202;0;245;0
28;39;2021-01-08;286;0;531;0
28;39;2021-01-09;106;0;637;0
28;39;2021-01-10;83;0;720;0
28;39;2021-01-11;266;0;986;0
28;39;2021-01-12;256;0;1242;0
28;39;2021-01-13;254;0;1496;0
28;39;2021-01-14;503;0;1999;0
28;39;2021-01-15;526;0;2525;0
28;39;2021-01-16;122;4;2647;4
28;39;2021-01-17;186;0;2833;4
28;39;2021-01-18;372;1;3205;5
28;39;2021-01-19;244;0;3449;5
28;39;2021-01-20;167;0;3616;5
28;39;2021-01-21;160;0;3776;5
28;39;2021-01-22;99;0;3875;5
28;39;2021-01-23;30;0;3905;5
28;39;2021-01-24;48;0;3953;5
28;39;2021-01-25;136;10;4089;15
28;39;2021-01-26;98;33;4187;48
28;39;2021-01-27;66;53;4253;101
28;39;2021-01-28;44;52;4297;153
28;39;2021-01-29;44;85;4341;238
28;39;2021-01-30;13;54;4354;292
28;39;2021-01-31;1;19;4355;311
28;39;2021-02-01;14;154;4369;465
28;39;2021-02-02;32;146;4401;611
28;39;2021-02-03;25;178;4426;789
28;39;2021-02-04;116;341;4542;1130
28;39;2021-02-05;106;320;4648;1450
28;39;2021-02-06;31;102;4679;1552
28;39;2021-02-07;68;131;4747;1683
28;39;2021-02-08;201;449;4948;2132
28;39;2021-02-09;183;349;5131;2481
28;39;2021-02-10;261;268;5392;2749
28;39;2021-02-11;528;336;5920;3085
28;39;2021-02-12;521;286;6441;3371
28;39;2021-02-13;129;47;6570;3418
28;39;2021-02-14;41;38;6611;3456
28;39;2021-02-15;315;214;6926;3670
28;39;2021-02-16;340;177;7266;3847
28;39;2021-02-17;206;98;7472;3945
28;39;2021-02-18;398;67;7870;4012
28;39;2021-02-19;403;88;8273;4100
28;39;2021-02-20;47;17;8320;4117
28;39;2021-02-21;4;0;8324;4117
28;39;2021-02-22;162;31;8486;4148
28;39;2021-02-23;207;35;8693;4183
28;39;2021-02-24;155;46;8848;4229
28;39;2021-02-25;252;102;9100;4331
28;39;2021-02-26;309;96;9409;4427
28;39;2021-02-27;59;26;9468;4453
28;39;2021-02-28;11;12;9479;4465
28;39;2021-03-01;88;157;9567;4622
28;39;2021-03-02;140;130;9707;4752
28;39;2021-03-03;115;54;9822;4806
28;39;2021-03-04;223;69;10045;4875
28;39;2021-03-05;363;54;10408;4929
28;39;2021-03-06;163;18;10571;4947
28;39;2021-03-07;44;11;10615;4958
28;39;2021-03-08;249;75;10864;5033
28;39;2021-03-09;331;73;11195;5106
28;39;2021-03-10;305;37;11500;5143
28;39;2021-03-11;477;30;11977;5173
28;39;2021-03-12;599;20;12576;5193
28;39;2021-03-13;169;6;12745;5199
28;39;2021-03-14;51;0;12796;5199
28;39;2021-03-15;204;21;13000;5220
28;39;2021-03-16;110;16;13110;5236
28;39;2021-03-17;95;9;13205;5245
28;39;2021-03-18;133;24;13338;5269
28;39;2021-03-19;219;35;13557;5304
28;39;2021-03-20;112;5;13669;5309
28;39;2021-03-21;27;0;13696;5309
28;39;2021-03-22;294;31;13990;5340
28;39;2021-03-23;362;35;14352;5375
28;39;2021-03-24;367;17;14719;5392
28;39;2021-03-25;457;20;15176;5412
28;39;2021-03-26;708;30;15884;5442
28;39;2021-03-27;315;7;16199;5449
28;39;2021-03-28;114;0;16313;5449
28;39;2021-03-29;397;39;16710;5488
28;39;2021-03-30;554;33;17264;5521
28;39;2021-03-31;791;76;18055;5597
28;39;2021-04-01;1221;65;19276;5662
28;39;2021-04-02;1044;106;20320;5768
28;39;2021-04-03;329;48;20649;5816
28;39;2021-04-04;51;3;20700;5819
28;39;2021-04-05;106;6;20806;5825
28;39;2021-04-06;497;92;21303;5917
28;39;2021-04-07;521;84;21824;6001
28;39;2021-04-08;748;96;22572;6097
28;39;2021-04-09;808;110;23380;6207
28;39;2021-04-10;454;89;23834;6296
28;39;2021-04-11;132;27;23966;6323
28;39;2021-04-12;485;112;24451;6435
28;39;2021-04-13;522;91;24973;6526
28;39;2021-04-14;503;119;25476;6645
28;39;2021-04-15;528;134;26004;6779
28;39;2021-04-16;591;185;26595;6964
28;39;2021-04-17;490;77;27085;7041
28;39;2021-04-18;37;4;27122;7045
28;39;2021-04-19;348;277;27470;7322
28;39;2021-04-20;426;432;27896;7754
28;39;2021-04-21;361;473;28257;8227
28;49;2020-12-27;0;0;0;0
28;49;2020-12-28;0;0;0;0
28;49;2020-12-29;1;0;1;0
28;49;2020-12-30;0;0;1;0
28;49;2020-12-31;0;0;1;0
28;49;2021-01-01;0;0;1;0
28;49;2021-01-02;0;0;1;0
28;49;2021-01-03;0;0;1;0
28;49;2021-01-04;2;0;3;0
28;49;2021-01-05;17;0;20;0
28;49;2021-01-06;131;0;151;0
28;49;2021-01-07;307;0;458;0
28;49;2021-01-08;482;0;940;0
28;49;2021-01-09;148;0;1088;0
28;49;2021-01-10;93;0;1181;0
28;49;2021-01-11;423;0;1604;0
28;49;2021-01-12;401;0;2005;0
28;49;2021-01-13;430;0;2435;0
28;49;2021-01-14;871;0;3306;0
28;49;2021-01-15;787;0;4093;0
28;49;2021-01-16;158;10;4251;10
28;49;2021-01-17;195;2;4446;12
28;49;2021-01-18;607;1;5053;13
28;49;2021-01-19;392;0;5445;13
28;49;2021-01-20;237;0;5682;13
28;49;2021-01-21;255;0;5937;13
28;49;2021-01-22;196;0;6133;13
28;49;2021-01-23;56;2;6189;15
28;49;2021-01-24;80;0;6269;15
28;49;2021-01-25;195;21;6464;36
28;49;2021-01-26;144;63;6608;99
28;49;2021-01-27;103;84;6711;183
28;49;2021-01-28;86;107;6797;290
28;49;2021-01-29;82;148;6879;438
28;49;2021-01-30;25;69;6904;507
28;49;2021-01-31;5;23;6909;530
28;49;2021-02-01;39;244;6948;774
28;49;2021-02-02;34;256;6982;1030
28;49;2021-02-03;43;336;7025;1366
28;49;2021-02-04;146;600;7171;1966
28;49;2021-02-05;150;498;7321;2464
28;49;2021-02-06;41;143;7362;2607
28;49;2021-02-07;65;139;7427;2746
28;49;2021-02-08;216;715;7643;3461
28;49;2021-02-09;231;531;7874;3992
28;49;2021-02-10;340;472;8214;4464
28;49;2021-02-11;575;483;8789;4947
28;49;2021-02-12;566;416;9355;5363
28;49;2021-02-13;176;64;9531;5427
28;49;2021-02-14;40;80;9571;5507
28;49;2021-02-15;391;314;9962;5821
28;49;2021-02-16;440;258;10402;6079
28;49;2021-02-17;290;147;10692;6226
28;49;2021-02-18;482;126;11174;6352
28;49;2021-02-19;451;117;11625;6469
28;49;2021-02-20;59;24;11684;6493
28;49;2021-02-21;1;3;11685;6496
28;49;2021-02-22;190;74;11875;6570
28;49;2021-02-23;225;61;12100;6631
28;49;2021-02-24;199;87;12299;6718
28;49;2021-02-25;324;151;12623;6869
28;49;2021-02-26;385;150;13008;7019
28;49;2021-02-27;116;33;13124;7052
28;49;2021-02-28;11;12;13135;7064
28;49;2021-03-01;131;204;13266;7268
28;49;2021-03-02;215;156;13481;7424
28;49;2021-03-03;206;67;13687;7491
28;49;2021-03-04;322;80;14009;7571
28;49;2021-03-05;449;68;14458;7639
28;49;2021-03-06;251;15;14709;7654
28;49;2021-03-07;68;8;14777;7662
28;49;2021-03-08;309;119;15086;7781
28;49;2021-03-09;470;88;15556;7869
28;49;2021-03-10;439;46;15995;7915
28;49;2021-03-11;666;55;16661;7970
28;49;2021-03-12;808;44;17469;8014
28;49;2021-03-13;352;12;17821;8026
28;49;2021-03-14;89;3;17910;8029
28;49;2021-03-15;294;29;18204;8058
28;49;2021-03-16;146;35;18350;8093
28;49;2021-03-17;172;21;18522;8114
28;49;2021-03-18;199;28;18721;8142
28;49;2021-03-19;357;47;19078;8189
28;49;2021-03-20;163;6;19241;8195
28;49;2021-03-21;52;0;19293;8195
28;49;2021-03-22;341;31;19634;8226
28;49;2021-03-23;458;45;20092;8271
28;49;2021-03-24;495;24;20587;8295
28;49;2021-03-25;560;46;21147;8341
28;49;2021-03-26;769;49;21916;8390
28;49;2021-03-27;442;16;22358;8406
28;49;2021-03-28;151;3;22509;8409
28;49;2021-03-29;541;62;23050;8471
28;49;2021-03-30;655;56;23705;8527
28;49;2021-03-31;996;87;24701;8614
28;49;2021-04-01;1287;114;25988;8728
28;49;2021-04-02;1205;152;27193;8880
28;49;2021-04-03;452;74;27645;8954
28;49;2021-04-04;76;9;27721;8963
28;49;2021-04-05;161;12;27882;8975
28;49;2021-04-06;598;143;28480;9118
28;49;2021-04-07;713;163;29193;9281
28;49;2021-04-08;909;152;30102;9433
28;49;2021-04-09;986;187;31088;9620
28;49;2021-04-10;731;127;31819;9747
28;49;2021-04-11;175;44;31994;9791
28;49;2021-04-12;742;156;32736;9947
28;49;2021-04-13;740;158;33476;10105
28;49;2021-04-14;730;198;34206;10303
28;49;2021-04-15;749;177;34955;10480
28;49;2021-04-16;775;244;35730;10724
28;49;2021-04-17;689;118;36419;10842
28;49;2021-04-18;70;14;36489;10856
28;49;2021-04-19;463;334;36952;11190
28;49;2021-04-20;623;507;37575;11697
28;49;2021-04-21;581;568;38156;12265
28;59;2020-12-27;0;0;0;0
28;59;2020-12-28;0;0;0;0
28;59;2020-12-29;0;0;0;0
28;59;2020-12-30;0;0;0;0
28;59;2020-12-31;0;0;0;0
28;59;2021-01-01;0;0;0;0
28;59;2021-01-02;0;0;0;0
28;59;2021-01-03;1;0;1;0
28;59;2021-01-04;8;0;9;0
28;59;2021-01-05;82;0;91;0
28;59;2021-01-06;644;0;735;0
28;59;2021-01-07;1042;0;1777;0
28;59;2021-01-08;1359;0;3136;0
28;59;2021-01-09;397;0;3533;0
28;59;2021-01-10;245;0;3778;0
28;59;2021-01-11;1150;0;4928;0
28;59;2021-01-12;1245;0;6173;0
28;59;2021-01-13;1368;0;7541;0
28;59;2021-01-14;1840;0;9381;0
28;59;2021-01-15;1531;0;10912;0
28;59;2021-01-16;398;17;11310;17
28;59;2021-01-17;336;0;11646;17
28;59;2021-01-18;1021;1;12667;18
28;59;2021-01-19;776;0;13443;18
28;59;2021-01-20;501;0;13944;18
28;59;2021-01-21;487;1;14431;19
28;59;2021-01-22;340;1;14771;20
28;59;2021-01-23;111;0;14882;20
28;59;2021-01-24;150;3;15032;23
28;59;2021-01-25;422;102;15454;125
28;59;2021-01-26;245;213;15699;338
28;59;2021-01-27;217;274;15916;612
28;59;2021-01-28;200;390;16116;1002
28;59;2021-01-29;181;489;16297;1491
28;59;2021-01-30;84;112;16381;1603
28;59;2021-01-31;10;39;16391;1642
28;59;2021-02-01;103;616;16494;2258
28;59;2021-02-02;101;741;16595;2999
28;59;2021-02-03;132;921;16727;3920
28;59;2021-02-04;227;1340;16954;5260
28;59;2021-02-05;251;1095;17205;6355
28;59;2021-02-06;59;246;17264;6601
28;59;2021-02-07;58;221;17322;6822
28;59;2021-02-08;277;1360;17599;8182
28;59;2021-02-09;266;1229;17865;9411
28;59;2021-02-10;277;1141;18142;10552
28;59;2021-02-11;411;1111;18553;11663
28;59;2021-02-12;350;971;18903;12634
28;59;2021-02-13;105;216;19008;12850
28;59;2021-02-14;50;136;19058;12986
28;59;2021-02-15;227;751;19285;13737
28;59;2021-02-16;283;571;19568;14308
28;59;2021-02-17;242;379;19810;14687
28;59;2021-02-18;320;347;20130;15034
28;59;2021-02-19;258;259;20388;15293
28;59;2021-02-20;38;82;20426;15375
28;59;2021-02-21;1;31;20427;15406
28;59;2021-02-22;172;204;20599;15610
28;59;2021-02-23;232;166;20831;15776
28;59;2021-02-24;430;178;21261;15954
28;59;2021-02-25;1290;270;22551;16224
28;59;2021-02-26;1810;246;24361;16470
28;59;2021-02-27;989;63;25350;16533
28;59;2021-02-28;52;20;25402;16553
28;59;2021-03-01;336;335;25738;16888
28;59;2021-03-02;742;223;26480;17111
28;59;2021-03-03;996;143;27476;17254
28;59;2021-03-04;1531;124;29007;17378
28;59;2021-03-05;2060;120;31067;17498
28;59;2021-03-06;1398;47;32465;17545
28;59;2021-03-07;223;18;32688;17563
28;59;2021-03-08;544;165;33232;17728
28;59;2021-03-09;1140;138;34372;17866
28;59;2021-03-10;1118;67;35490;17933
28;59;2021-03-11;1840;94;37330;18027
28;59;2021-03-12;2667;47;39997;18074
28;59;2021-03-13;1867;25;41864;18099
28;59;2021-03-14;215;3;42079;18102
28;59;2021-03-15;586;19;42665;18121
28;59;2021-03-16;281;34;42946;18155
28;59;2021-03-17;361;30;43307;18185
28;59;2021-03-18;395;55;43702;18240
28;59;2021-03-19;1048;47;44750;18287
28;59;2021-03-20;932;9;45682;18296
28;59;2021-03-21;180;1;45862;18297
28;59;2021-03-22;616;65;46478;18362
28;59;2021-03-23;1058;47;47536;18409
28;59;2021-03-24;1220;59;48756;18468
28;59;2021-03-25;1626;80;50382;18548
28;59;2021-03-26;2229;68;52611;18616
28;59;2021-03-27;1271;33;53882;18649
28;59;2021-03-28;314;6;54196;18655
28;59;2021-03-29;1005;111;55201;18766
28;59;2021-03-30;1346;124;56547;18890
28;59;2021-03-31;1500;137;58047;19027
28;59;2021-04-01;1981;226;60028;19253
28;59;2021-04-02;1993;255;62021;19508
28;59;2021-04-03;974;146;62995;19654
28;59;2021-04-04;147;23;63142;19677
28;59;2021-04-05;268;22;63410;19699
28;59;2021-04-06;1009;315;64419;20014
28;59;2021-04-07;1357;292;65776;20306
28;59;2021-04-08;2005;306;67781;20612
28;59;2021-04-09;3097;327;70878;20939
28;59;2021-04-10;2071;204;72949;21143
28;59;2021-04-11;335;54;73284;21197
28;59;2021-04-12;1833;334;75117;21531
28;59;2021-04-13;2353;286;77470;21817
28;59;2021-04-14;2245;394;79715;22211
28;59;2021-04-15;2898;387;82613;22598
28;59;2021-04-16;3559;446;86172;23044
28;59;2021-04-17;2497;197;88669;23241
28;59;2021-04-18;457;26;89126;23267
28;59;2021-04-19;1729;461;90855;23728
28;59;2021-04-20;2076;596;92931;24324
28;59;2021-04-21;2173;653;95104;24977
28;64;2020-12-27;0;0;0;0
28;64;2020-12-28;0;0;0;0
28;64;2020-12-29;0;0;0;0
28;64;2020-12-30;0;0;0;0
28;64;2020-12-31;0;0;0;0
28;64;2021-01-01;0;0;0;0
28;64;2021-01-02;0;0;0;0
28;64;2021-01-03;0;0;0;0
28;64;2021-01-04;6;0;6;0
28;64;2021-01-05;27;0;33;0
28;64;2021-01-06;184;0;217;0
28;64;2021-01-07;281;0;498;0
28;64;2021-01-08;363;0;861;0
28;64;2021-01-09;209;0;1070;0
28;64;2021-01-10;90;0;1160;0
28;64;2021-01-11;382;0;1542;0
28;64;2021-01-12;377;0;1919;0
28;64;2021-01-13;410;0;2329;0
28;64;2021-01-14;531;0;2860;0
28;64;2021-01-15;466;0;3326;0
28;64;2021-01-16;143;4;3469;4
28;64;2021-01-17;146;1;3615;5
28;64;2021-01-18;363;0;3978;5
28;64;2021-01-19;256;0;4234;5
28;64;2021-01-20;205;0;4439;5
28;64;2021-01-21;165;0;4604;5
28;64;2021-01-22;146;0;4750;5
28;64;2021-01-23;50;1;4800;6
28;64;2021-01-24;48;3;4848;9
28;64;2021-01-25;135;23;4983;32
28;64;2021-01-26;101;55;5084;87
28;64;2021-01-27;89;75;5173;162
28;64;2021-01-28;109;110;5282;272
28;64;2021-01-29;81;154;5363;426
28;64;2021-01-30;37;46;5400;472
28;64;2021-01-31;6;12;5406;484
28;64;2021-02-01;64;201;5470;685
28;64;2021-02-02;53;261;5523;946
28;64;2021-02-03;60;290;5583;1236
28;64;2021-02-04;132;469;5715;1705
28;64;2021-02-05;135;356;5850;2061
28;64;2021-02-06;30;123;5880;2184
28;64;2021-02-07;41;115;5921;2299
28;64;2021-02-08;163;465;6084;2764
28;64;2021-02-09;131;377;6215;3141
28;64;2021-02-10;159;322;6374;3463
28;64;2021-02-11;149;273;6523;3736
28;64;2021-02-12;148;274;6671;4010
28;64;2021-02-13;43;85;6714;4095
28;64;2021-02-14;15;52;6729;4147
28;64;2021-02-15;93;207;6822;4354
28;64;2021-02-16;121;190;6943;4544
28;64;2021-02-17;82;136;7025;4680
28;64;2021-02-18;135;123;7160;4803
28;64;2021-02-19;83;101;7243;4904
28;64;2021-02-20;19;38;7262;4942
28;64;2021-02-21;0;6;7262;4948
28;64;2021-02-22;67;73;7329;5021
28;64;2021-02-23;130;97;7459;5118
28;64;2021-02-24;230;108;7689;5226
28;64;2021-02-25;1229;135;8918;5361
28;64;2021-02-26;1457;108;10375;5469
28;64;2021-02-27;886;38;11261;5507
28;64;2021-02-28;41;7;11302;5514
28;64;2021-03-01;295;196;11597;5710
28;64;2021-03-02;653;142;12250;5852
28;64;2021-03-03;814;95;13064;5947
28;64;2021-03-04;1225;87;14289;6034
28;64;2021-03-05;1709;67;15998;6101
28;64;2021-03-06;1228;26;17226;6127
28;64;2021-03-07;143;10;17369;6137
28;64;2021-03-08;403;102;17772;6239
28;64;2021-03-09;855;74;18627;6313
28;64;2021-03-10;866;44;19493;6357
28;64;2021-03-11;1442;68;20935;6425
28;64;2021-03-12;2042;36;22977;6461
28;64;2021-03-13;1517;11;24494;6472
28;64;2021-03-14;166;0;24660;6472
28;64;2021-03-15;490;20;25150;6492
28;64;2021-03-16;299;35;25449;6527
28;64;2021-03-17;252;25;25701;6552
28;64;2021-03-18;316;41;26017;6593
28;64;2021-03-19;965;40;26982;6633
28;64;2021-03-20;916;10;27898;6643
28;64;2021-03-21;194;0;28092;6643
28;64;2021-03-22;546;42;28638;6685
28;64;2021-03-23;936;56;29574;6741
28;64;2021-03-24;1091;53;30665;6794
28;64;2021-03-25;1703;58;32368;6852
28;64;2021-03-26;2245;59;34613;6911
28;64;2021-03-27;1153;29;35766;6940
28;64;2021-03-28;192;4;35958;6944
28;64;2021-03-29;884;88;36842;7032
28;64;2021-03-30;1145;91;37987;7123
28;64;2021-03-31;1156;111;39143;7234
28;64;2021-04-01;1463;183;40606;7417
28;64;2021-04-02;1522;209;42128;7626
28;64;2021-04-03;750;112;42878;7738
28;64;2021-04-04;101;14;42979;7752
28;64;2021-04-05;141;24;43120;7776
28;64;2021-04-06;650;232;43770;8008
28;64;2021-04-07;870;186;44640;8194
28;64;2021-04-08;1674;260;46314;8454
28;64;2021-04-09;3151;272;49465;8726
28;64;2021-04-10;1858;168;51323;8894
28;64;2021-04-11;291;50;51614;8944
28;64;2021-04-12;1580;257;53194;9201
28;64;2021-04-13;2373;271;55567;9472
28;64;2021-04-14;2016;274;57583;9746
28;64;2021-04-15;2839;328;60422;10074
28;64;2021-04-16;4005;325;64427;10399
28;64;2021-04-17;2476;141;66903;10540
28;64;2021-04-18;430;29;67333;10569
28;64;2021-04-19;2275;329;69608;10898
28;64;2021-04-20;3211;317;72819;11215
28;64;2021-04-21;2987;335;75806;11550
28;69;2020-12-27;0;0;0;0
28;69;2020-12-28;0;0;0;0
28;69;2020-12-29;0;0;0;0
28;69;2020-12-30;0;0;0;0
28;69;2020-12-31;0;0;0;0
28;69;2021-01-01;0;0;0;0
28;69;2021-01-02;0;0;0;0
28;69;2021-01-03;0;0;0;0
28;69;2021-01-04;0;0;0;0
28;69;2021-01-05;6;0;6;0
28;69;2021-01-06;86;0;92;0
28;69;2021-01-07;145;0;237;0
28;69;2021-01-08;173;0;410;0
28;69;2021-01-09;108;0;518;0
28;69;2021-01-10;58;0;576;0
28;69;2021-01-11;197;0;773;0
28;69;2021-01-12;224;0;997;0
28;69;2021-01-13;232;0;1229;0
28;69;2021-01-14;347;0;1576;0
28;69;2021-01-15;274;0;1850;0
28;69;2021-01-16;107;1;1957;1
28;69;2021-01-17;184;0;2141;1
28;69;2021-01-18;297;0;2438;1
28;69;2021-01-19;255;1;2693;2
28;69;2021-01-20;175;0;2868;2
28;69;2021-01-21;181;0;3049;2
28;69;2021-01-22;167;0;3216;2
28;69;2021-01-23;61;0;3277;2
28;69;2021-01-24;53;3;3330;5
28;69;2021-01-25;201;2;3531;7
28;69;2021-01-26;121;23;3652;30
28;69;2021-01-27;91;41;3743;71
28;69;2021-01-28;131;54;3874;125
28;69;2021-01-29;83;82;3957;207
28;69;2021-01-30;42;39;3999;246
28;69;2021-01-31;7;10;4006;256
28;69;2021-02-01;82;113;4088;369
28;69;2021-02-02;99;146;4187;515
28;69;2021-02-03;92;173;4279;688
28;69;2021-02-04;147;317;4426;1005
28;69;2021-02-05;157;221;4583;1226
28;69;2021-02-06;45;91;4628;1317
28;69;2021-02-07;42;144;4670;1461
28;69;2021-02-08;152;331;4822;1792
28;69;2021-02-09;150;276;4972;2068
28;69;2021-02-10;139;165;5111;2233
28;69;2021-02-11;103;185;5214;2418
28;69;2021-02-12;103;163;5317;2581
28;69;2021-02-13;24;60;5341;2641
28;69;2021-02-14;13;54;5354;2695
28;69;2021-02-15;62;200;5416;2895
28;69;2021-02-16;101;167;5517;3062
28;69;2021-02-17;55;123;5572;3185
28;69;2021-02-18;79;99;5651;3284
28;69;2021-02-19;57;113;5708;3397
28;69;2021-02-20;18;38;5726;3435
28;69;2021-02-21;6;11;5732;3446
28;69;2021-02-22;72;119;5804;3565
28;69;2021-02-23;102;100;5906;3665
28;69;2021-02-24;95;119;6001;3784
28;69;2021-02-25;135;176;6136;3960
28;69;2021-02-26;205;131;6341;4091
28;69;2021-02-27;74;39;6415;4130
28;69;2021-02-28;16;19;6431;4149
28;69;2021-03-01;113;233;6544;4382
28;69;2021-03-02;201;202;6745;4584
28;69;2021-03-03;344;124;7089;4708
28;69;2021-03-04;527;84;7616;4792
28;69;2021-03-05;901;73;8517;4865
28;69;2021-03-06;839;20;9356;4885
28;69;2021-03-07;253;3;9609;4888
28;69;2021-03-08;487;103;10096;4991
28;69;2021-03-09;831;100;10927;5091
28;69;2021-03-10;1037;83;11964;5174
28;69;2021-03-11;1677;69;13641;5243
28;69;2021-03-12;2347;55;15988;5298
28;69;2021-03-13;1706;11;17694;5309
28;69;2021-03-14;251;1;17945;5310
28;69;2021-03-15;652;41;18597;5351
28;69;2021-03-16;497;58;19094;5409
28;69;2021-03-17;457;36;19551;5445
28;69;2021-03-18;517;73;20068;5518
28;69;2021-03-19;1441;56;21509;5574
28;69;2021-03-20;1365;11;22874;5585
28;69;2021-03-21;244;0;23118;5585
28;69;2021-03-22;871;98;23989;5683
28;69;2021-03-23;1543;103;25532;5786
28;69;2021-03-24;1702;82;27234;5868
28;69;2021-03-25;2824;81;30058;5949
28;69;2021-03-26;3444;106;33502;6055
28;69;2021-03-27;1623;30;35125;6085
28;69;2021-03-28;308;7;35433;6092
28;69;2021-03-29;1479;160;36912;6252
28;69;2021-03-30;2000;209;38912;6461
28;69;2021-03-31;1643;201;40555;6662
28;69;2021-04-01;2203;342;42758;7004
28;69;2021-04-02;2279;353;45037;7357
28;69;2021-04-03;1085;190;46122;7547
28;69;2021-04-04;170;38;46292;7585
28;69;2021-04-05;285;47;46577;7632
28;69;2021-04-06;1213;433;47790;8065
28;69;2021-04-07;1466;362;49256;8427
28;69;2021-04-08;2674;449;51930;8876
28;69;2021-04-09;4598;467;56528;9343
28;69;2021-04-10;2459;283;58987;9626
28;69;2021-04-11;461;62;59448;9688
28;69;2021-04-12;2390;431;61838;10119
28;69;2021-04-13;3033;466;64871;10585
28;69;2021-04-14;2660;497;67531;11082
28;69;2021-04-15;3748;523;71279;11605
28;69;2021-04-16;4824;512;76103;12117
28;69;2021-04-17;2887;246;78990;12363
28;69;2021-04-18;474;61;79464;12424
28;69;2021-04-19;2676;582;82140;13006
28;69;2021-04-20;3732;572;85872;13578
28;69;2021-04-21;3297;568;89169;14146
28;74;2020-12-27;0;0;0;0
28;74;2020-12-28;0;0;0;0
28;74;2020-12-29;0;0;0;0
28;74;2020-12-30;0;0;0;0
28;74;2020-12-31;0;0;0;0
28;74;2021-01-01;1;0;1;0
28;74;2021-01-02;0;0;1;0
28;74;2021-01-03;0;0;1;0
28;74;2021-01-04;0;0;1;0
28;74;2021-01-05;7;0;8;0
28;74;2021-01-06;67;0;75;0
28;74;2021-01-07;91;0;166;0
28;74;2021-01-08;94;0;260;0
28;74;2021-01-09;66;0;326;0
28;74;2021-01-10;59;0;385;0
28;74;2021-01-11;157;0;542;0
28;74;2021-01-12;204;0;746;0
28;74;2021-01-13;212;0;958;0
28;74;2021-01-14;344;0;1302;0
28;74;2021-01-15;295;0;1597;0
28;74;2021-01-16;104;6;1701;6
28;74;2021-01-17;270;0;1971;6
28;74;2021-01-18;432;0;2403;6
28;74;2021-01-19;365;0;2768;6
28;74;2021-01-20;344;0;3112;6
28;74;2021-01-21;300;0;3412;6
28;74;2021-01-22;289;1;3701;7
28;74;2021-01-23;104;1;3805;8
28;74;2021-01-24;86;0;3891;8
28;74;2021-01-25;308;5;4199;13
28;74;2021-01-26;230;24;4429;37
28;74;2021-01-27;200;45;4629;82
28;74;2021-01-28;205;49;4834;131
28;74;2021-01-29;180;47;5014;178
28;74;2021-01-30;71;25;5085;203
28;74;2021-01-31;15;11;5100;214
28;74;2021-02-01;142;74;5242;288
28;74;2021-02-02;154;123;5396;411
28;74;2021-02-03;189;137;5585;548
28;74;2021-02-04;261;311;5846;859
28;74;2021-02-05;261;213;6107;1072
28;74;2021-02-06;79;95;6186;1167
28;74;2021-02-07;53;185;6239;1352
28;74;2021-02-08;287;383;6526;1735
28;74;2021-02-09;220;303;6746;2038
28;74;2021-02-10;198;226;6944;2264
28;74;2021-02-11;199;201;7143;2465
28;74;2021-02-12;185;149;7328;2614
28;74;2021-02-13;53;75;7381;2689
28;74;2021-02-14;21;76;7402;2765
28;74;2021-02-15;137;295;7539;3060
28;74;2021-02-16;141;284;7680;3344
28;74;2021-02-17;86;239;7766;3583
28;74;2021-02-18;110;215;7876;3798
28;74;2021-02-19;92;202;7968;4000
28;74;2021-02-20;68;69;8036;4069
28;74;2021-02-21;3;12;8039;4081
28;74;2021-02-22;136;191;8175;4272
28;74;2021-02-23;172;200;8347;4472
28;74;2021-02-24;131;219;8478;4691
28;74;2021-02-25;157;261;8635;4952
28;74;2021-02-26;196;208;8831;5160
28;74;2021-02-27;82;62;8913;5222
28;74;2021-02-28;22;29;8935;5251
28;74;2021-03-01;239;372;9174;5623
28;74;2021-03-02;272;269;9446;5892
28;74;2021-03-03;418;210;9864;6102
28;74;2021-03-04;698;199;10562;6301
28;74;2021-03-05;1153;152;11715;6453
28;74;2021-03-06;1213;51;12928;6504
28;74;2021-03-07;471;12;13399;6516
28;74;2021-03-08;705;206;14104;6722
28;74;2021-03-09;1161;187;15265;6909
28;74;2021-03-10;1429;148;16694;7057
28;74;2021-03-11;2140;136;18834;7193
28;74;2021-03-12;2941;95;21775;7288
28;74;2021-03-13;2094;37;23869;7325
28;74;2021-03-14;400;4;24269;7329
28;74;2021-03-15;1258;59;25527;7388
28;74;2021-03-16;992;106;26519;7494
28;74;2021-03-17;992;71;27511;7565
28;74;2021-03-18;1140;125;28651;7690
28;74;2021-03-19;2084;93;30735;7783
28;74;2021-03-20;2002;32;32737;7815
28;74;2021-03-21;439;1;33176;7816
28;74;2021-03-22;1453;167;34629;7983
28;74;2021-03-23;2218;158;36847;8141
28;74;2021-03-24;2861;150;39708;8291
28;74;2021-03-25;4086;173;43794;8464
28;74;2021-03-26;5022;180;48816;8644
28;74;2021-03-27;3214;95;52030;8739
28;74;2021-03-28;928;9;52958;8748
28;74;2021-03-29;4025;349;56983;9097
28;74;2021-03-30;4700;394;61683;9491
28;74;2021-03-31;4051;368;65734;9859
28;74;2021-04-01;4688;641;70422;10500
28;74;2021-04-02;4430;691;74852;11191
28;74;2021-04-03;2104;417;76956;11608
28;74;2021-04-04;639;88;77595;11696
28;74;2021-04-05;1453;73;79048;11769
28;74;2021-04-06;3979;908;83027;12677
28;74;2021-04-07;4473;825;87500;13502
28;74;2021-04-08;5642;881;93142;14383
28;74;2021-04-09;6438;939;99580;15322
28;74;2021-04-10;3527;556;103107;15878
28;74;2021-04-11;1027;186;104134;16064
28;74;2021-04-12;4159;1025;108293;17089
28;74;2021-04-13;4181;962;112474;18051
28;74;2021-04-14;3432;1022;115906;19073
28;74;2021-04-15;3508;1091;119414;20164
28;74;2021-04-16;3347;1005;122761;21169
28;74;2021-04-17;1879;627;124640;21796
28;74;2021-04-18;395;141;125035;21937
28;74;2021-04-19;1879;1204;126914;23141
28;74;2021-04-20;1959;1364;128873;24505
28;74;2021-04-21;1886;1615;130759;26120
28;79;2020-12-27;0;0;0;0
28;79;2020-12-28;0;0;0;0
28;79;2020-12-29;0;0;0;0
28;79;2020-12-30;0;0;0;0
28;79;2020-12-31;0;0;0;0
28;79;2021-01-01;0;0;0;0
28;79;2021-01-02;0;0;0;0
28;79;2021-01-03;0;0;0;0
28;79;2021-01-04;0;0;0;0
28;79;2021-01-05;4;0;4;0
28;79;2021-01-06;39;0;43;0
28;79;2021-01-07;46;0;89;0
28;79;2021-01-08;63;0;152;0
28;79;2021-01-09;37;0;189;0
28;79;2021-01-10;25;0;214;0
28;79;2021-01-11;100;0;314;0
28;79;2021-01-12;147;0;461;0
28;79;2021-01-13;172;0;633;0
28;79;2021-01-14;416;0;1049;0
28;79;2021-01-15;381;0;1430;0
28;79;2021-01-16;281;3;1711;3
28;79;2021-01-17;344;0;2055;3
28;79;2021-01-18;1499;1;3554;4
28;79;2021-01-19;1723;2;5277;6
28;79;2021-01-20;1722;5;6999;11
28;79;2021-01-21;1657;1;8656;12
28;79;2021-01-22;1603;2;10259;14
28;79;2021-01-23;554;1;10813;15
28;79;2021-01-24;200;0;11013;15
28;79;2021-01-25;1528;3;12541;18
28;79;2021-01-26;1418;11;13959;29
28;79;2021-01-27;1327;42;15286;71
28;79;2021-01-28;1202;34;16488;105
28;79;2021-01-29;1148;36;17636;141
28;79;2021-01-30;444;18;18080;159
28;79;2021-01-31;60;1;18140;160
28;79;2021-02-01;968;68;19108;228
28;79;2021-02-02;1041;111;20149;339
28;79;2021-02-03;979;140;21128;479
28;79;2021-02-04;981;328;22109;807
28;79;2021-02-05;1019;207;23128;1014
28;79;2021-02-06;288;134;23416;1148
28;79;2021-02-07;66;168;23482;1316
28;79;2021-02-08;808;759;24290;2075
28;79;2021-02-09;808;637;25098;2712
28;79;2021-02-10;741;593;25839;3305
28;79;2021-02-11;752;613;26591;3918
28;79;2021-02-12;701;713;27292;4631
28;79;2021-02-13;189;342;27481;4973
28;79;2021-02-14;22;161;27503;5134
28;79;2021-02-15;264;1395;27767;6529
28;79;2021-02-16;282;1341;28049;7870
28;79;2021-02-17;254;1394;28303;9264
28;79;2021-02-18;251;1268;28554;10532
28;79;2021-02-19;310;1107;28864;11639
28;79;2021-02-20;249;410;29113;12049
28;79;2021-02-21;25;100;29138;12149
28;79;2021-02-22;280;1421;29418;13570
28;79;2021-02-23;331;1312;29749;14882
28;79;2021-02-24;335;1223;30084;16105
28;79;2021-02-25;347;1141;30431;17246
28;79;2021-02-26;432;1023;30863;18269
28;79;2021-02-27;277;319;31140;18588
28;79;2021-02-28;70;54;31210;18642
28;79;2021-03-01;419;1214;31629;19856
28;79;2021-03-02;519;1114;32148;20970
28;79;2021-03-03;648;1014;32796;21984
28;79;2021-03-04;903;845;33699;22829
28;79;2021-03-05;1187;657;34886;23486
28;79;2021-03-06;1766;186;36652;23672
28;79;2021-03-07;979;16;37631;23688
28;79;2021-03-08;1079;916;38710;24604
28;79;2021-03-09;1587;823;40297;25427
28;79;2021-03-10;1627;711;41924;26138
28;79;2021-03-11;1957;517;43881;26655
28;79;2021-03-12;2219;402;46100;27057
28;79;2021-03-13;1230;156;47330;27213
28;79;2021-03-14;439;11;47769;27224
28;79;2021-03-15;1922;202;49691;27426
28;79;2021-03-16;1890;260;51581;27686
28;79;2021-03-17;1982;256;53563;27942
28;79;2021-03-18;2065;278;55628;28220
28;79;2021-03-19;2098;295;57726;28515
28;79;2021-03-20;1585;143;59311;28658
28;79;2021-03-21;485;0;59796;28658
28;79;2021-03-22;1937;389;61733;29047
28;79;2021-03-23;2246;276;63979;29323
28;79;2021-03-24;2024;347;66003;29670
28;79;2021-03-25;2255;339;68258;30009
28;79;2021-03-26;2350;415;70608;30424
28;79;2021-03-27;1277;274;71885;30698
28;79;2021-03-28;352;30;72237;30728
28;79;2021-03-29;1323;688;73560;31416
28;79;2021-03-30;1341;690;74901;32106
28;79;2021-03-31;1158;819;76059;32925
28;79;2021-04-01;1387;1348;77446;34273
28;79;2021-04-02;1188;1517;78634;35790
28;79;2021-04-03;552;1142;79186;36932
28;79;2021-04-04;218;255;79404;37187
28;79;2021-04-05;323;213;79727;37400
28;79;2021-04-06;909;2067;80636;39467
28;79;2021-04-07;1037;1807;81673;41274
28;79;2021-04-08;1357;1872;83030;43146
28;79;2021-04-09;1502;1797;84532;44943
28;79;2021-04-10;1003;927;85535;45870
28;79;2021-04-11;223;298;85758;46168
28;79;2021-04-12;885;1986;86643;48154
28;79;2021-04-13;986;2003;87629;50157
28;79;2021-04-14;784;1914;88413;52071
28;79;2021-04-15;892;1908;89305;53979
28;79;2021-04-16;887;1762;90192;55741
28;79;2021-04-17;506;1264;90698;57005
28;79;2021-04-18;157;319;90855;57324
28;79;2021-04-19;509;1913;91364;59237
28;79;2021-04-20;610;1998;91974;61235
28;79;2021-04-21;549;1820;92523;63055
28;80;2020-12-27;0;0;0;0
28;80;2020-12-28;0;0;0;0
28;80;2020-12-29;1;0;1;0
28;80;2020-12-30;0;0;1;0
28;80;2020-12-31;1;0;2;0
28;80;2021-01-01;0;0;2;0
28;80;2021-01-02;0;0;2;0
28;80;2021-01-03;0;0;2;0
28;80;2021-01-04;0;0;2;0
28;80;2021-01-05;19;0;21;0
28;80;2021-01-06;184;0;205;0
28;80;2021-01-07;399;0;604;0
28;80;2021-01-08;458;0;1062;0
28;80;2021-01-09;221;0;1283;0
28;80;2021-01-10;15;0;1298;0
28;80;2021-01-11;405;0;1703;0
28;80;2021-01-12;919;0;2622;0
28;80;2021-01-13;1080;0;3702;0
28;80;2021-01-14;2883;0;6585;0
28;80;2021-01-15;1620;0;8205;0
28;80;2021-01-16;705;18;8910;18
28;80;2021-01-17;2303;12;11213;30
28;80;2021-01-18;3928;4;15141;34
28;80;2021-01-19;2918;0;18059;34
28;80;2021-01-20;3064;0;21123;34
28;80;2021-01-21;2715;1;23838;35
28;80;2021-01-22;2549;2;26387;37
28;80;2021-01-23;1041;1;27428;38
28;80;2021-01-24;759;2;28187;40
28;80;2021-01-25;3231;3;31418;43
28;80;2021-01-26;2178;55;33596;98
28;80;2021-01-27;1887;208;35483;306
28;80;2021-01-28;1734;246;37217;552
28;80;2021-01-29;1672;319;38889;871
28;80;2021-01-30;658;142;39547;1013
28;80;2021-01-31;90;1;39637;1014
28;80;2021-02-01;1356;238;40993;1252
28;80;2021-02-02;1451;738;42444;1990
28;80;2021-02-03;1415;895;43859;2885
28;80;2021-02-04;1623;2459;45482;5344
28;80;2021-02-05;1711;1323;47193;6667
28;80;2021-02-06;535;503;47728;7170
28;80;2021-02-07;262;1442;47990;8612
28;80;2021-02-08;1538;3115;49528;11727
28;80;2021-02-09;1362;1879;50890;13606
28;80;2021-02-10;1146;1428;52036;15034
28;80;2021-02-11;1158;1578;53194;16612
28;80;2021-02-12;1069;1192;54263;17804
28;80;2021-02-13;309;680;54572;18484
28;80;2021-02-14;62;712;54634;19196
28;80;2021-02-15;468;2726;55102;21922
28;80;2021-02-16;609;2096;55711;24018
28;80;2021-02-17;512;1870;56223;25888
28;80;2021-02-18;488;1818;56711;27706
28;80;2021-02-19;553;1568;57264;29274
28;80;2021-02-20;375;567;57639;29841
28;80;2021-02-21;60;136;57699;29977
28;80;2021-02-22;453;1854;58152;31831
28;80;2021-02-23;592;1766;58744;33597
28;80;2021-02-24;642;1799;59386;35396
28;80;2021-02-25;796;1977;60182;37373
28;80;2021-02-26;854;1697;61036;39070
28;80;2021-02-27;456;476;61492;39546
28;80;2021-02-28;110;199;61602;39745
28;80;2021-03-01;785;2014;62387;41759
28;80;2021-03-02;991;1738;63378;43497
28;80;2021-03-03;1113;1401;64491;44898
28;80;2021-03-04;1572;1200;66063;46098
28;80;2021-03-05;1896;1030;67959;47128
28;80;2021-03-06;2810;311;70769;47439
28;80;2021-03-07;1553;30;72322;47469
28;80;2021-03-08;1829;1360;74151;48829
28;80;2021-03-09;2589;1177;76740;50006
28;80;2021-03-10;2703;1074;79443;51080
28;80;2021-03-11;3283;828;82726;51908
28;80;2021-03-12;3642;619;86368;52527
28;80;2021-03-13;1999;204;88367;52731
28;80;2021-03-14;612;19;88979;52750
28;80;2021-03-15;3097;328;92076;53078
28;80;2021-03-16;3225;484;95301;53562
28;80;2021-03-17;3382;540;98683;54102
28;80;2021-03-18;3433;480;102116;54582
28;80;2021-03-19;3289;576;105405;55158
28;80;2021-03-20;2525;226;107930;55384
28;80;2021-03-21;773;3;108703;55387
28;80;2021-03-22;3057;562;111760;55949
28;80;2021-03-23;3457;599;115217;56548
28;80;2021-03-24;3304;648;118521;57196
28;80;2021-03-25;3702;759;122223;57955
28;80;2021-03-26;3536;750;125759;58705
28;80;2021-03-27;1905;495;127664;59200
28;80;2021-03-28;521;36;128185;59236
28;80;2021-03-29;1931;1263;130116;60499
28;80;2021-03-30;2161;1287;132277;61786
28;80;2021-03-31;2266;1411;134543;63197
28;80;2021-04-01;2604;2346;137147;65543
28;80;2021-04-02;2136;2670;139283;68213
28;80;2021-04-03;753;1817;140036;70030
28;80;2021-04-04;326;334;140362;70364
28;80;2021-04-05;368;301;140730;70665
28;80;2021-04-06;1265;3285;141995;73950
28;80;2021-04-07;1613;3011;143608;76961
28;80;2021-04-08;1876;3099;145484;80060
28;80;2021-04-09;2415;3106;147899;83166
28;80;2021-04-10;1435;1531;149334;84697
28;80;2021-04-11;298;398;149632;85095
28;80;2021-04-12;1280;3217;150912;88312
28;80;2021-04-13;1493;3360;152405;91672
28;80;2021-04-14;1323;3200;153728;94872
28;80;2021-04-15;1471;3112;155199;97984
28;80;2021-04-16;1386;2676;156585;100660
28;80;2021-04-17;892;2038;157477;102698
28;80;2021-04-18;235;508;157712;103206
28;80;2021-04-19;764;3118;158476;106324
28;80;2021-04-20;989;3138;159465;109462
28;80;2021-04-21;849;3147;160314;112609
32;24;2020-12-27;0;0;0;0
32;24;2020-12-28;0;0;0;0
32;24;2020-12-29;0;0;0;0
32;24;2020-12-30;0;0;0;0
32;24;2020-12-31;0;0;0;0
32;24;2021-01-01;0;0;0;0
32;24;2021-01-02;0;0;0;0
32;24;2021-01-03;0;0;0;0
32;24;2021-01-04;0;0;0;0
32;24;2021-01-05;1;0;1;0
32;24;2021-01-06;2;0;3;0
32;24;2021-01-07;14;0;17;0
32;24;2021-01-08;11;0;28;0
32;24;2021-01-09;0;0;28;0
32;24;2021-01-10;1;0;29;0
32;24;2021-01-11;15;0;44;0
32;24;2021-01-12;31;0;75;0
32;24;2021-01-13;47;0;122;0
32;24;2021-01-14;65;0;187;0
32;24;2021-01-15;45;0;232;0
32;24;2021-01-16;12;0;244;0
32;24;2021-01-17;1;0;245;0
32;24;2021-01-18;37;0;282;0
32;24;2021-01-19;37;0;319;0
32;24;2021-01-20;44;0;363;0
32;24;2021-01-21;71;0;434;0
32;24;2021-01-22;59;0;493;0
32;24;2021-01-23;12;0;505;0
32;24;2021-01-24;4;0;509;0
32;24;2021-01-25;33;0;542;0
32;24;2021-01-26;31;2;573;2
32;24;2021-01-27;36;0;609;2
32;24;2021-01-28;75;7;684;9
32;24;2021-01-29;68;9;752;18
32;24;2021-01-30;4;0;756;18
32;24;2021-01-31;2;0;758;18
32;24;2021-02-01;6;13;764;31
32;24;2021-02-02;9;20;773;51
32;24;2021-02-03;21;31;794;82
32;24;2021-02-04;34;15;828;97
32;24;2021-02-05;26;18;854;115
32;24;2021-02-06;8;4;862;119
32;24;2021-02-07;33;1;895;120
32;24;2021-02-08;9;25;904;145
32;24;2021-02-09;40;32;944;177
32;24;2021-02-10;58;54;1002;231
32;24;2021-02-11;133;69;1135;300
32;24;2021-02-12;143;43;1278;343
32;24;2021-02-13;14;6;1292;349
32;24;2021-02-14;2;2;1294;351
32;24;2021-02-15;112;45;1406;396
32;24;2021-02-16;121;34;1527;430
32;24;2021-02-17;135;47;1662;477
32;24;2021-02-18;174;98;1836;575
32;24;2021-02-19;212;69;2048;644
32;24;2021-02-20;27;5;2075;649
32;24;2021-02-21;8;1;2083;650
32;24;2021-02-22;63;14;2146;664
32;24;2021-02-23;124;20;2270;684
32;24;2021-02-24;111;41;2381;725
32;24;2021-02-25;174;29;2555;754
32;24;2021-02-26;136;25;2691;779
32;24;2021-02-27;63;3;2754;782
32;24;2021-02-28;5;0;2759;782
32;24;2021-03-01;96;2;2855;784
32;24;2021-03-02;144;10;2999;794
32;24;2021-03-03;140;9;3139;803
32;24;2021-03-04;133;23;3272;826
32;24;2021-03-05;246;19;3518;845
32;24;2021-03-06;168;9;3686;854
32;24;2021-03-07;102;3;3788;857
32;24;2021-03-08;180;7;3968;864
32;24;2021-03-09;377;16;4345;880
32;24;2021-03-10;247;20;4592;900
32;24;2021-03-11;279;47;4871;947
32;24;2021-03-12;527;40;5398;987
32;24;2021-03-13;287;15;5685;1002
32;24;2021-03-14;133;6;5818;1008
32;24;2021-03-15;231;12;6049;1020
32;24;2021-03-16;47;19;6096;1039
32;24;2021-03-17;59;35;6155;1074
32;24;2021-03-18;64;29;6219;1103
32;24;2021-03-19;166;25;6385;1128
32;24;2021-03-20;227;5;6612;1133
32;24;2021-03-21;268;6;6880;1139
32;24;2021-03-22;138;12;7018;1151
32;24;2021-03-23;142;6;7160;1157
32;24;2021-03-24;162;12;7322;1169
32;24;2021-03-25;212;16;7534;1185
32;24;2021-03-26;263;16;7797;1201
32;24;2021-03-27;507;7;8304;1208
32;24;2021-03-28;303;0;8607;1208
32;24;2021-03-29;252;18;8859;1226
32;24;2021-03-30;225;17;9084;1243
32;24;2021-03-31;259;23;9343;1266
32;24;2021-04-01;325;21;9668;1287
32;24;2021-04-02;357;39;10025;1326
32;24;2021-04-03;475;32;10500;1358
32;24;2021-04-04;284;14;10784;1372
32;24;2021-04-05;174;7;10958;1379
32;24;2021-04-06;363;27;11321;1406
32;24;2021-04-07;638;43;11959;1449
32;24;2021-04-08;784;53;12743;1502
32;24;2021-04-09;563;60;13306;1562
32;24;2021-04-10;374;84;13680;1646
32;24;2021-04-11;323;81;14003;1727
32;24;2021-04-12;373;51;14376;1778
32;24;2021-04-13;442;46;14818;1824
32;24;2021-04-14;483;56;15301;1880
32;24;2021-04-15;511;58;15812;1938
32;24;2021-04-16;390;86;16202;2024
32;24;2021-04-17;282;199;16484;2223
32;24;2021-04-18;188;164;16672;2387
32;24;2021-04-19;245;108;16917;2495
32;24;2021-04-20;297;140;17214;2635
32;24;2021-04-21;273;178;17487;2813
32;29;2020-12-27;0;0;0;0
32;29;2020-12-28;1;0;1;0
32;29;2020-12-29;0;0;1;0
32;29;2020-12-30;0;0;1;0
32;29;2020-12-31;0;0;1;0
32;29;2021-01-01;0;0;1;0
32;29;2021-01-02;0;0;1;0
32;29;2021-01-03;0;0;1;0
32;29;2021-01-04;0;0;1;0
32;29;2021-01-05;0;0;1;0
32;29;2021-01-06;10;0;11;0
32;29;2021-01-07;27;0;38;0
32;29;2021-01-08;44;0;82;0
32;29;2021-01-09;3;0;85;0
32;29;2021-01-10;8;0;93;0
32;29;2021-01-11;44;0;137;0
32;29;2021-01-12;78;0;215;0
32;29;2021-01-13;126;0;341;0
32;29;2021-01-14;151;0;492;0
32;29;2021-01-15;107;0;599;0
32;29;2021-01-16;13;0;612;0
32;29;2021-01-17;9;0;621;0
32;29;2021-01-18;90;0;711;0
32;29;2021-01-19;84;1;795;1
32;29;2021-01-20;77;0;872;1
32;29;2021-01-21;112;0;984;1
32;29;2021-01-22;94;0;1078;1
32;29;2021-01-23;24;0;1102;1
32;29;2021-01-24;9;0;1111;1
32;29;2021-01-25;47;0;1158;1
32;29;2021-01-26;56;2;1214;3
32;29;2021-01-27;29;5;1243;8
32;29;2021-01-28;126;21;1369;29
32;29;2021-01-29;115;18;1484;47
32;29;2021-01-30;9;3;1493;50
32;29;2021-01-31;0;3;1493;53
32;29;2021-02-01;4;30;1497;83
32;29;2021-02-02;13;41;1510;124
32;29;2021-02-03;58;84;1568;208
32;29;2021-02-04;58;63;1626;271
32;29;2021-02-05;38;49;1664;320
32;29;2021-02-06;23;7;1687;327
32;29;2021-02-07;74;5;1761;332
32;29;2021-02-08;31;64;1792;396
32;29;2021-02-09;45;81;1837;477
32;29;2021-02-10;99;93;1936;570
32;29;2021-02-11;193;127;2129;697
32;29;2021-02-12;217;83;2346;780
32;29;2021-02-13;22;17;2368;797
32;29;2021-02-14;6;6;2374;803
32;29;2021-02-15;141;82;2515;885
32;29;2021-02-16;146;83;2661;968
32;29;2021-02-17;180;66;2841;1034
32;29;2021-02-18;261;167;3102;1201
32;29;2021-02-19;252;107;3354;1308
32;29;2021-02-20;50;10;3404;1318
32;29;2021-02-21;27;2;3431;1320
32;29;2021-02-22;88;28;3519;1348
32;29;2021-02-23;142;38;3661;1386
32;29;2021-02-24;136;53;3797;1439
32;29;2021-02-25;226;59;4023;1498
32;29;2021-02-26;239;49;4262;1547
32;29;2021-02-27;97;9;4359;1556
32;29;2021-02-28;8;12;4367;1568
32;29;2021-03-01;75;5;4442;1573
32;29;2021-03-02;141;13;4583;1586
32;29;2021-03-03;159;11;4742;1597
32;29;2021-03-04;165;41;4907;1638
32;29;2021-03-05;303;20;5210;1658
32;29;2021-03-06;197;10;5407;1668
32;29;2021-03-07;105;3;5512;1671
32;29;2021-03-08;187;24;5699;1695
32;29;2021-03-09;230;23;5929;1718
32;29;2021-03-10;195;22;6124;1740
32;29;2021-03-11;316;84;6440;1824
32;29;2021-03-12;399;71;6839;1895
32;29;2021-03-13;316;16;7155;1911
32;29;2021-03-14;150;3;7305;1914
32;29;2021-03-15;212;16;7517;1930
32;29;2021-03-16;75;28;7592;1958
32;29;2021-03-17;87;35;7679;1993
32;29;2021-03-18;103;53;7782;2046
32;29;2021-03-19;186;24;7968;2070
32;29;2021-03-20;274;3;8242;2073
32;29;2021-03-21;309;2;8551;2075
32;29;2021-03-22;166;16;8717;2091
32;29;2021-03-23;173;26;8890;2117
32;29;2021-03-24;222;13;9112;2130
32;29;2021-03-25;279;16;9391;2146
32;29;2021-03-26;335;23;9726;2169
32;29;2021-03-27;494;7;10220;2176
32;29;2021-03-28;290;2;10510;2178
32;29;2021-03-29;289;30;10799;2208
32;29;2021-03-30;299;23;11098;2231
32;29;2021-03-31;315;33;11413;2264
32;29;2021-04-01;310;34;11723;2298
32;29;2021-04-02;358;51;12081;2349
32;29;2021-04-03;438;31;12519;2380
32;29;2021-04-04;258;15;12777;2395
32;29;2021-04-05;138;6;12915;2401
32;29;2021-04-06;342;45;13257;2446
32;29;2021-04-07;518;87;13775;2533
32;29;2021-04-08;697;71;14472;2604
32;29;2021-04-09;567;63;15039;2667
32;29;2021-04-10;337;93;15376;2760
32;29;2021-04-11;208;98;15584;2858
32;29;2021-04-12;292;77;15876;2935
32;29;2021-04-13;374;50;16250;2985
32;29;2021-04-14;443;78;16693;3063
32;29;2021-04-15;550;80;17243;3143
32;29;2021-04-16;387;97;17630;3240
32;29;2021-04-17;212;227;17842;3467
32;29;2021-04-18;134;216;17976;3683
32;29;2021-04-19;206;133;18182;3816
32;29;2021-04-20;265;163;18447;3979
32;29;2021-04-21;293;219;18740;4198
32;39;2020-12-27;0;0;0;0
32;39;2020-12-28;0;0;0;0
32;39;2020-12-29;1;0;1;0
32;39;2020-12-30;0;0;1;0
32;39;2020-12-31;0;0;1;0
32;39;2021-01-01;0;0;1;0
32;39;2021-01-02;0;0;1;0
32;39;2021-01-03;0;0;1;0
32;39;2021-01-04;0;0;1;0
32;39;2021-01-05;9;0;10;0
32;39;2021-01-06;18;0;28;0
32;39;2021-01-07;124;0;152;0
32;39;2021-01-08;134;0;286;0
32;39;2021-01-09;31;0;317;0
32;39;2021-01-10;22;0;339;0
32;39;2021-01-11;163;0;502;0
32;39;2021-01-12;327;0;829;0
32;39;2021-01-13;404;0;1233;0
32;39;2021-01-14;454;0;1687;0
32;39;2021-01-15;450;0;2137;0
32;39;2021-01-16;68;2;2205;2
32;39;2021-01-17;23;0;2228;2
32;39;2021-01-18;274;0;2502;2
32;39;2021-01-19;316;3;2818;5
32;39;2021-01-20;261;0;3079;5
32;39;2021-01-21;407;0;3486;5
32;39;2021-01-22;332;0;3818;5
32;39;2021-01-23;65;0;3883;5
32;39;2021-01-24;38;0;3921;5
32;39;2021-01-25;190;2;4111;7
32;39;2021-01-26;241;5;4352;12
32;39;2021-01-27;117;8;4469;20
32;39;2021-01-28;396;98;4865;118
32;39;2021-01-29;356;86;5221;204
32;39;2021-01-30;13;19;5234;223
32;39;2021-01-31;4;2;5238;225
32;39;2021-02-01;13;104;5251;329
32;39;2021-02-02;36;216;5287;545
32;39;2021-02-03;183;235;5470;780
32;39;2021-02-04;174;246;5644;1026
32;39;2021-02-05;123;232;5767;1258
32;39;2021-02-06;35;30;5802;1288
32;39;2021-02-07;144;15;5946;1303
32;39;2021-02-08;100;214;6046;1517
32;39;2021-02-09;145;257;6191;1774
32;39;2021-02-10;234;320;6425;2094
32;39;2021-02-11;498;382;6923;2476
32;39;2021-02-12;609;322;7532;2798
32;39;2021-02-13;56;54;7588;2852
32;39;2021-02-14;9;30;7597;2882
32;39;2021-02-15;335;287;7932;3169
32;39;2021-02-16;358;292;8290;3461
32;39;2021-02-17;353;205;8643;3666
32;39;2021-02-18;680;562;9323;4228
32;39;2021-02-19;669;400;9992;4628
32;39;2021-02-20;144;34;10136;4662
32;39;2021-02-21;53;3;10189;4665
32;39;2021-02-22;184;106;10373;4771
32;39;2021-02-23;304;136;10677;4907
32;39;2021-02-24;354;196;11031;5103
32;39;2021-02-25;546;184;11577;5287
32;39;2021-02-26;498;97;12075;5384
32;39;2021-02-27;240;17;12315;5401
32;39;2021-02-28;24;20;12339;5421
32;39;2021-03-01;206;35;12545;5456
32;39;2021-03-02;394;32;12939;5488
32;39;2021-03-03;341;55;13280;5543
32;39;2021-03-04;394;74;13674;5617
32;39;2021-03-05;667;78;14341;5695
32;39;2021-03-06;589;26;14930;5721
32;39;2021-03-07;355;6;15285;5727
32;39;2021-03-08;376;91;15661;5818
32;39;2021-03-09;641;100;16302;5918
32;39;2021-03-10;528;80;16830;5998
32;39;2021-03-11;831;261;17661;6259
32;39;2021-03-12;1129;230;18790;6489
32;39;2021-03-13;1069;52;19859;6541
32;39;2021-03-14;553;7;20412;6548
32;39;2021-03-15;508;66;20920;6614
32;39;2021-03-16;274;83;21194;6697
32;39;2021-03-17;237;167;21431;6864
32;39;2021-03-18;304;176;21735;7040
32;39;2021-03-19;512;91;22247;7131
32;39;2021-03-20;1012;14;23259;7145
32;39;2021-03-21;1036;12;24295;7157
32;39;2021-03-22;468;71;24763;7228
32;39;2021-03-23;554;71;25317;7299
32;39;2021-03-24;572;76;25889;7375
32;39;2021-03-25;800;64;26689;7439
32;39;2021-03-26;1013;65;27702;7504
32;39;2021-03-27;1634;34;29336;7538
32;39;2021-03-28;1024;9;30360;7547
32;39;2021-03-29;820;66;31180;7613
32;39;2021-03-30;802;100;31982;7713
32;39;2021-03-31;813;112;32795;7825
32;39;2021-04-01;917;118;33712;7943
32;39;2021-04-02;973;143;34685;8086
32;39;2021-04-03;1451;127;36136;8213
32;39;2021-04-04;773;60;36909;8273
32;39;2021-04-05;445;19;37354;8292
32;39;2021-04-06;934;184;38288;8476
32;39;2021-04-07;1410;196;39698;8672
32;39;2021-04-08;1830;282;41528;8954
32;39;2021-04-09;1351;263;42879;9217
32;39;2021-04-10;1015;401;43894;9618
32;39;2021-04-11;576;297;44470;9915
32;39;2021-04-12;763;215;45233;10130
32;39;2021-04-13;1044;209;46277;10339
32;39;2021-04-14;1238;248;47515;10587
32;39;2021-04-15;1486;236;49001;10823
32;39;2021-04-16;1011;362;50012;11185
32;39;2021-04-17;588;756;50600;11941
32;39;2021-04-18;404;730;51004;12671
32;39;2021-04-19;493;394;51497;13065
32;39;2021-04-20;755;586;52252;13651
32;39;2021-04-21;868;641;53120;14292
32;49;2020-12-27;0;0;0;0
32;49;2020-12-28;0;0;0;0
32;49;2020-12-29;0;0;0;0
32;49;2020-12-30;0;0;0;0
32;49;2020-12-31;0;0;0;0
32;49;2021-01-01;0;0;0;0
32;49;2021-01-02;0;0;0;0
32;49;2021-01-03;0;0;0;0
32;49;2021-01-04;4;0;4;0
32;49;2021-01-05;14;0;18;0
32;49;2021-01-06;51;0;69;0
32;49;2021-01-07;259;0;328;0
32;49;2021-01-08;305;0;633;0
32;49;2021-01-09;67;0;700;0
32;49;2021-01-10;27;0;727;0
32;49;2021-01-11;379;0;1106;0
32;49;2021-01-12;568;0;1674;0
32;49;2021-01-13;610;0;2284;0
32;49;2021-01-14;685;0;2969;0
32;49;2021-01-15;643;0;3612;0
32;49;2021-01-16;135;3;3747;3
32;49;2021-01-17;54;0;3801;3
32;49;2021-01-18;438;0;4239;3
32;49;2021-01-19;559;1;4798;4
32;49;2021-01-20;462;0;5260;4
32;49;2021-01-21;693;0;5953;4
32;49;2021-01-22;489;2;6442;6
32;49;2021-01-23;119;0;6561;6
32;49;2021-01-24;43;1;6604;7
32;49;2021-01-25;275;7;6879;14
32;49;2021-01-26;330;14;7209;28
32;49;2021-01-27;250;40;7459;68
32;49;2021-01-28;471;193;7930;261
32;49;2021-01-29;479;225;8409;486
32;49;2021-01-30;28;24;8437;510
32;49;2021-01-31;14;7;8451;517
32;49;2021-02-01;18;238;8469;755
32;49;2021-02-02;27;429;8496;1184
32;49;2021-02-03;211;388;8707;1572
32;49;2021-02-04;284;411;8991;1983
32;49;2021-02-05;151;427;9142;2410
32;49;2021-02-06;33;83;9175;2493
32;49;2021-02-07;136;15;9311;2508
32;49;2021-02-08;129;383;9440;2891
32;49;2021-02-09;181;444;9621;3335
32;49;2021-02-10;257;514;9878;3849
32;49;2021-02-11;521;567;10399;4416
32;49;2021-02-12;657;477;11056;4893
32;49;2021-02-13;79;96;11135;4989
32;49;2021-02-14;14;49;11149;5038
32;49;2021-02-15;378;400;11527;5438
32;49;2021-02-16;396;397;11923;5835
32;49;2021-02-17;426;384;12349;6219
32;49;2021-02-18;701;718;13050;6937
32;49;2021-02-19;717;546;13767;7483
32;49;2021-02-20;190;62;13957;7545
32;49;2021-02-21;77;6;14034;7551
32;49;2021-02-22;195;151;14229;7702
32;49;2021-02-23;402;188;14631;7890
32;49;2021-02-24;442;293;15073;8183
32;49;2021-02-25;710;298;15783;8481
32;49;2021-02-26;598;158;16381;8639
32;49;2021-02-27;345;20;16726;8659
32;49;2021-02-28;25;18;16751;8677
32;49;2021-03-01;305;43;17056;8720
32;49;2021-03-02;419;28;17475;8748
32;49;2021-03-03;435;75;17910;8823
32;49;2021-03-04;635;103;18545;8926
32;49;2021-03-05;903;88;19448;9014
32;49;2021-03-06;1023;29;20471;9043
32;49;2021-03-07;672;15;21143;9058
32;49;2021-03-08;451;108;21594;9166
32;49;2021-03-09;849;141;22443;9307
32;49;2021-03-10;738;112;23181;9419
32;49;2021-03-11;1146;304;24327;9723
32;49;2021-03-12;1564;241;25891;9964
32;49;2021-03-13;1917;67;27808;10031
32;49;2021-03-14;1012;12;28820;10043
32;49;2021-03-15;738;90;29558;10133
32;49;2021-03-16;423;116;29981;10249
32;49;2021-03-17;432;181;30413;10430
32;49;2021-03-18;450;193;30863;10623
32;49;2021-03-19;829;136;31692;10759
32;49;2021-03-20;1768;24;33460;10783
32;49;2021-03-21;1554;18;35014;10801
32;49;2021-03-22;633;103;35647;10904
32;49;2021-03-23;754;129;36401;11033
32;49;2021-03-24;822;130;37223;11163
32;49;2021-03-25;960;118;38183;11281
32;49;2021-03-26;1345;129;39528;11410
32;49;2021-03-27;2497;37;42025;11447
32;49;2021-03-28;1574;13;43599;11460
32;49;2021-03-29;1025;135;44624;11595
32;49;2021-03-30;1087;142;45711;11737
32;49;2021-03-31;1089;164;46800;11901
32;49;2021-04-01;1173;197;47973;12098
32;49;2021-04-02;1255;258;49228;12356
32;49;2021-04-03;2316;246;51544;12602
32;49;2021-04-04;1223;113;52767;12715
32;49;2021-04-05;767;36;53534;12751
32;49;2021-04-06;1174;287;54708;13038
32;49;2021-04-07;1739;349;56447;13387
32;49;2021-04-08;2144;409;58591;13796
32;49;2021-04-09;1759;455;60350;14251
32;49;2021-04-10;1532;741;61882;14992
32;49;2021-04-11;816;585;62698;15577
32;49;2021-04-12;1069;292;63767;15869
32;49;2021-04-13;1418;370;65185;16239
32;49;2021-04-14;1796;467;66981;16706
32;49;2021-04-15;1731;419;68712;17125
32;49;2021-04-16;1272;545;69984;17670
32;49;2021-04-17;943;1368;70927;19038
32;49;2021-04-18;585;1047;71512;20085
32;49;2021-04-19;802;503;72314;20588
32;49;2021-04-20;1087;746;73401;21334
32;49;2021-04-21;1211;913;74612;22247
32;59;2020-12-27;1;0;1;0
32;59;2020-12-28;0;0;1;0
32;59;2020-12-29;0;0;1;0
32;59;2020-12-30;0;0;1;0
32;59;2020-12-31;0;0;1;0
32;59;2021-01-01;1;0;2;0
32;59;2021-01-02;0;0;2;0
32;59;2021-01-03;1;0;3;0
32;59;2021-01-04;21;0;24;0
32;59;2021-01-05;127;0;151;0
32;59;2021-01-06;283;0;434;0
32;59;2021-01-07;827;0;1261;0
32;59;2021-01-08;1115;0;2376;0
32;59;2021-01-09;437;0;2813;0
32;59;2021-01-10;304;0;3117;0
32;59;2021-01-11;1407;0;4524;0
32;59;2021-01-12;1946;0;6470;0
32;59;2021-01-13;1893;0;8363;0
32;59;2021-01-14;2064;0;10427;0
32;59;2021-01-15;1736;0;12163;0
32;59;2021-01-16;551;15;12714;15
32;59;2021-01-17;208;1;12922;16
32;59;2021-01-18;1195;5;14117;21
32;59;2021-01-19;1423;1;15540;22
32;59;2021-01-20;1217;0;16757;22
32;59;2021-01-21;1528;1;18285;23
32;59;2021-01-22;1041;3;19326;26
32;59;2021-01-23;245;0;19571;26
32;59;2021-01-24;101;8;19672;34
32;59;2021-01-25;652;41;20324;75
32;59;2021-01-26;787;118;21111;193
32;59;2021-01-27;527;287;21638;480
32;59;2021-01-28;765;632;22403;1112
32;59;2021-01-29;639;803;23042;1915
32;59;2021-01-30;44;209;23086;2124
32;59;2021-01-31;10;25;23096;2149
32;59;2021-02-01;30;1042;23126;3191
32;59;2021-02-02;97;1469;23223;4660
32;59;2021-02-03;346;1203;23569;5863
32;59;2021-02-04;360;1396;23929;7259
32;59;2021-02-05;193;1196;24122;8455
32;59;2021-02-06;34;374;24156;8829
32;59;2021-02-07;60;89;24216;8918
32;59;2021-02-08;156;1064;24372;9982
32;59;2021-02-09;160;1157;24532;11139
32;59;2021-02-10;227;1250;24759;12389
32;59;2021-02-11;359;1400;25118;13789
32;59;2021-02-12;445;1091;25563;14880
32;59;2021-02-13;85;341;25648;15221
32;59;2021-02-14;11;173;25659;15394
32;59;2021-02-15;271;922;25930;16316
32;59;2021-02-16;350;1122;26280;17438
32;59;2021-02-17;403;1013;26683;18451
32;59;2021-02-18;708;1315;27391;19766
32;59;2021-02-19;651;972;28042;20738
32;59;2021-02-20;209;198;28251;20936
32;59;2021-02-21;95;44;28346;20980
32;59;2021-02-22;241;388;28587;21368
32;59;2021-02-23;422;543;29009;21911
32;59;2021-02-24;892;560;29901;22471
32;59;2021-02-25;2891;418;32792;22889
32;59;2021-02-26;3015;283;35807;23172
32;59;2021-02-27;2361;38;38168;23210
32;59;2021-02-28;116;21;38284;23231
32;59;2021-03-01;724;55;39008;23286
32;59;2021-03-02;1619;52;40627;23338
32;59;2021-03-03;2046;101;42673;23439
32;59;2021-03-04;3412;174;46085;23613
32;59;2021-03-05;3633;119;49718;23732
32;59;2021-03-06;4645;50;54363;23782
32;59;2021-03-07;1956;5;56319;23787
32;59;2021-03-08;863;151;57182;23938
32;59;2021-03-09;1961;185;59143;24123
32;59;2021-03-10;2277;189;61420;24312
32;59;2021-03-11;3265;319;64685;24631
32;59;2021-03-12;4376;304;69061;24935
32;59;2021-03-13;6642;89;75703;25024
32;59;2021-03-14;2325;16;78028;25040
32;59;2021-03-15;1442;153;79470;25193
32;59;2021-03-16;718;195;80188;25388
32;59;2021-03-17;798;317;80986;25705
32;59;2021-03-18;780;306;81766;26011
32;59;2021-03-19;2361;219;84127;26230
32;59;2021-03-20;5314;68;89441;26298
32;59;2021-03-21;2907;28;92348;26326
32;59;2021-03-22;1419;223;93767;26549
32;59;2021-03-23;2368;250;96135;26799
32;59;2021-03-24;2533;234;98668;27033
32;59;2021-03-25;3556;209;102224;27242
32;59;2021-03-26;4074;220;106298;27462
32;59;2021-03-27;5618;89;111916;27551
32;59;2021-03-28;2997;29;114913;27580
32;59;2021-03-29;1946;274;116859;27854
32;59;2021-03-30;2436;290;119295;28144
32;59;2021-03-31;2271;381;121566;28525
32;59;2021-04-01;2581;464;124147;28989
32;59;2021-04-02;3179;548;127326;29537
32;59;2021-04-03;4963;528;132289;30065
32;59;2021-04-04;2172;278;134461;30343
32;59;2021-04-05;1767;75;136228;30418
32;59;2021-04-06;2147;500;138375;30918
32;59;2021-04-07;2882;656;141257;31574
32;59;2021-04-08;3721;738;144978;32312
32;59;2021-04-09;5130;822;150108;33134
32;59;2021-04-10;5353;1759;155461;34893
32;59;2021-04-11;2111;1323;157572;36216
32;59;2021-04-12;2793;521;160365;36737
32;59;2021-04-13;4195;718;164560;37455
32;59;2021-04-14;4424;759;168984;38214
32;59;2021-04-15;4988;783;173972;38997
32;59;2021-04-16;5636;989;179608;39986
32;59;2021-04-17;5149;2947;184757;42933
32;59;2021-04-18;1606;2006;186363;44939
32;59;2021-04-19;2245;799;188608;45738
32;59;2021-04-20;3237;1100;191845;46838
32;59;2021-04-21;3078;1338;194923;48176
32;64;2020-12-27;0;0;0;0
32;64;2020-12-28;0;0;0;0
32;64;2020-12-29;0;0;0;0
32;64;2020-12-30;0;0;0;0
32;64;2020-12-31;0;0;0;0
32;64;2021-01-01;0;0;0;0
32;64;2021-01-02;0;0;0;0
32;64;2021-01-03;1;0;1;0
32;64;2021-01-04;14;0;15;0
32;64;2021-01-05;50;0;65;0
32;64;2021-01-06;89;0;154;0
32;64;2021-01-07;316;0;470;0
32;64;2021-01-08;359;0;829;0
32;64;2021-01-09;237;0;1066;0
32;64;2021-01-10;129;0;1195;0
32;64;2021-01-11;437;0;1632;0
32;64;2021-01-12;556;0;2188;0
32;64;2021-01-13;606;0;2794;0
32;64;2021-01-14;690;0;3484;0
32;64;2021-01-15;504;0;3988;0
32;64;2021-01-16;230;6;4218;6
32;64;2021-01-17;95;0;4313;6
32;64;2021-01-18;366;0;4679;6
32;64;2021-01-19;441;0;5120;6
32;64;2021-01-20;463;2;5583;8
32;64;2021-01-21;514;0;6097;8
32;64;2021-01-22;374;2;6471;10
32;64;2021-01-23;111;0;6582;10
32;64;2021-01-24;59;4;6641;14
32;64;2021-01-25;221;21;6862;35
32;64;2021-01-26;253;34;7115;69
32;64;2021-01-27;178;86;7293;155
32;64;2021-01-28;327;259;7620;414
32;64;2021-01-29;270;260;7890;674
32;64;2021-01-30;17;106;7907;780
32;64;2021-01-31;3;19;7910;799
32;64;2021-02-01;10;312;7920;1111
32;64;2021-02-02;34;414;7954;1525
32;64;2021-02-03;139;359;8093;1884
32;64;2021-02-04;142;449;8235;2333
32;64;2021-02-05;92;366;8327;2699
32;64;2021-02-06;18;186;8345;2885
32;64;2021-02-07;12;40;8357;2925
32;64;2021-02-08;73;373;8430;3298
32;64;2021-02-09;71;345;8501;3643
32;64;2021-02-10;80;473;8581;4116
32;64;2021-02-11;170;519;8751;4635
32;64;2021-02-12;191;346;8942;4981
32;64;2021-02-13;48;145;8990;5126
32;64;2021-02-14;8;83;8998;5209
32;64;2021-02-15;134;304;9132;5513
32;64;2021-02-16;199;356;9331;5869
32;64;2021-02-17;228;364;9559;6233
32;64;2021-02-18;328;482;9887;6715
32;64;2021-02-19;336;370;10223;7085
32;64;2021-02-20;135;78;10358;7163
32;64;2021-02-21;31;19;10389;7182
32;64;2021-02-22;127;148;10516;7330
32;64;2021-02-23;222;161;10738;7491
32;64;2021-02-24;575;234;11313;7725
32;64;2021-02-25;2345;171;13658;7896
32;64;2021-02-26;2491;111;16149;8007
32;64;2021-02-27;1853;8;18002;8015
32;64;2021-02-28;97;6;18099;8021
32;64;2021-03-01;559;15;18658;8036
32;64;2021-03-02;1255;38;19913;8074
32;64;2021-03-03;1539;42;21452;8116
32;64;2021-03-04;2613;88;24065;8204
32;64;2021-03-05;2684;64;26749;8268
32;64;2021-03-06;3412;41;30161;8309
32;64;2021-03-07;1454;7;31615;8316
32;64;2021-03-08;637;81;32252;8397
32;64;2021-03-09;1397;109;33649;8506
32;64;2021-03-10;1632;119;35281;8625
32;64;2021-03-11;2475;219;37756;8844
32;64;2021-03-12;3293;174;41049;9018
32;64;2021-03-13;5032;63;46081;9081
32;64;2021-03-14;1830;8;47911;9089
32;64;2021-03-15;1033;112;48944;9201
32;64;2021-03-16;525;148;49469;9349
32;64;2021-03-17;597;191;50066;9540
32;64;2021-03-18;617;190;50683;9730
32;64;2021-03-19;1995;151;52678;9881
32;64;2021-03-20;4534;53;57212;9934
32;64;2021-03-21;2016;18;59228;9952
32;64;2021-03-22;1274;130;60502;10082
32;64;2021-03-23;2293;194;62795;10276
32;64;2021-03-24;2331;180;65126;10456
32;64;2021-03-25;3678;183;68804;10639
32;64;2021-03-26;4082;174;72886;10813
32;64;2021-03-27;4227;55;77113;10868
32;64;2021-03-28;1869;17;78982;10885
32;64;2021-03-29;1529;248;80511;11133
32;64;2021-03-30;2243;235;82754;11368
32;64;2021-03-31;1794;277;84548;11645
32;64;2021-04-01;2166;355;86714;12000
32;64;2021-04-02;2714;377;89428;12377
32;64;2021-04-03;3675;358;93103;12735
32;64;2021-04-04;1309;241;94412;12976
32;64;2021-04-05;1191;76;95603;13052
32;64;2021-04-06;1499;460;97102;13512
32;64;2021-04-07;1895;501;98997;14013
32;64;2021-04-08;2743;567;101740;14580
32;64;2021-04-09;4939;611;106679;15191
32;64;2021-04-10;4776;1355;111455;16546
32;64;2021-04-11;1264;1070;112719;17616
32;64;2021-04-12;2355;431;115074;18047
32;64;2021-04-13;3612;557;118686;18604
32;64;2021-04-14;3406;673;122092;19277
32;64;2021-04-15;4281;659;126373;19936
32;64;2021-04-16;5025;852;131398;20788
32;64;2021-04-17;3901;2216;135299;23004
32;64;2021-04-18;1149;1364;136448;24368
32;64;2021-04-19;2426;668;138874;25036
32;64;2021-04-20;3353;826;142227;25862
32;64;2021-04-21;3126;846;145353;26708
32;69;2020-12-27;0;0;0;0
32;69;2020-12-28;1;0;1;0
32;69;2020-12-29;2;0;3;0
32;69;2020-12-30;0;0;3;0
32;69;2020-12-31;0;0;3;0
32;69;2021-01-01;0;0;3;0
32;69;2021-01-02;0;0;3;0
32;69;2021-01-03;0;0;3;0
32;69;2021-01-04;7;0;10;0
32;69;2021-01-05;10;0;20;0
32;69;2021-01-06;45;0;65;0
32;69;2021-01-07;136;0;201;0
32;69;2021-01-08;233;0;434;0
32;69;2021-01-09;99;0;533;0
32;69;2021-01-10;65;0;598;0
32;69;2021-01-11;211;0;809;0
32;69;2021-01-12;329;0;1138;0
32;69;2021-01-13;316;0;1454;0
32;69;2021-01-14;352;0;1806;0
32;69;2021-01-15;304;0;2110;0
32;69;2021-01-16;95;6;2205;6
32;69;2021-01-17;46;0;2251;6
32;69;2021-01-18;218;0;2469;6
32;69;2021-01-19;326;4;2795;10
32;69;2021-01-20;323;0;3118;10
32;69;2021-01-21;474;1;3592;11
32;69;2021-01-22;358;0;3950;11
32;69;2021-01-23;114;0;4064;11
32;69;2021-01-24;80;1;4144;12
32;69;2021-01-25;235;11;4379;23
32;69;2021-01-26;264;10;4643;33
32;69;2021-01-27;164;42;4807;75
32;69;2021-01-28;289;124;5096;199
32;69;2021-01-29;276;163;5372;362
32;69;2021-01-30;24;53;5396;415
32;69;2021-01-31;5;10;5401;425
32;69;2021-02-01;9;139;5410;564
32;69;2021-02-02;12;246;5422;810
32;69;2021-02-03;169;209;5591;1019
32;69;2021-02-04;168;227;5759;1246
32;69;2021-02-05;91;234;5850;1480
32;69;2021-02-06;15;83;5865;1563
32;69;2021-02-07;17;15;5882;1578
32;69;2021-02-08;78;165;5960;1743
32;69;2021-02-09;84;227;6044;1970
32;69;2021-02-10;110;278;6154;2248
32;69;2021-02-11;155;402;6309;2650
32;69;2021-02-12;166;255;6475;2905
32;69;2021-02-13;58;92;6533;2997
32;69;2021-02-14;7;74;6540;3071
32;69;2021-02-15;130;228;6670;3299
32;69;2021-02-16;169;285;6839;3584
32;69;2021-02-17;214;258;7053;3842
32;69;2021-02-18;319;426;7372;4268
32;69;2021-02-19;369;321;7741;4589
32;69;2021-02-20;129;78;7870;4667
32;69;2021-02-21;20;13;7890;4680
32;69;2021-02-22;164;193;8054;4873
32;69;2021-02-23;234;175;8288;5048
32;69;2021-02-24;396;267;8684;5315
32;69;2021-02-25;552;182;9236;5497
32;69;2021-02-26;484;101;9720;5598
32;69;2021-02-27;197;17;9917;5615
32;69;2021-02-28;16;5;9933;5620
32;69;2021-03-01;404;26;10337;5646
32;69;2021-03-02;518;25;10855;5671
32;69;2021-03-03;701;41;11556;5712
32;69;2021-03-04;1003;107;12559;5819
32;69;2021-03-05;1412;70;13971;5889
32;69;2021-03-06;3032;18;17003;5907
32;69;2021-03-07;2323;14;19326;5921
32;69;2021-03-08;817;110;20143;6031
32;69;2021-03-09;1439;134;21582;6165
32;69;2021-03-10;1742;143;23324;6308
32;69;2021-03-11;2690;257;26014;6565
32;69;2021-03-12;3877;229;29891;6794
32;69;2021-03-13;6662;83;36553;6877
32;69;2021-03-14;2931;14;39484;6891
32;69;2021-03-15;1897;123;41381;7014
32;69;2021-03-16;894;180;42275;7194
32;69;2021-03-17;1055;226;43330;7420
32;69;2021-03-18;1034;285;44364;7705
32;69;2021-03-19;2933;236;47297;7941
32;69;2021-03-20;6515;87;53812;8028
32;69;2021-03-21;3196;21;57008;8049
32;69;2021-03-22;1897;257;58905;8306
32;69;2021-03-23;3506;304;62411;8610
32;69;2021-03-24;3308;317;65719;8927
32;69;2021-03-25;4892;323;70611;9250
32;69;2021-03-26;5648;275;76259;9525
32;69;2021-03-27;6005;107;82264;9632
32;69;2021-03-28;2751;50;85015;9682
32;69;2021-03-29;2183;403;87198;10085
32;69;2021-03-30;3328;440;90526;10525
32;69;2021-03-31;2434;543;92960;11068
32;69;2021-04-01;3021;642;95981;11710
32;69;2021-04-02;3484;747;99465;12457
32;69;2021-04-03;4850;726;104315;13183
32;69;2021-04-04;1718;400;106033;13583
32;69;2021-04-05;1557;186;107590;13769
32;69;2021-04-06;1925;886;109515;14655
32;69;2021-04-07;2321;932;111836;15587
32;69;2021-04-08;3540;991;115376;16578
32;69;2021-04-09;5952;1187;121328;17765
32;69;2021-04-10;5105;2205;126433;19970
32;69;2021-04-11;1392;1823;127825;21793
32;69;2021-04-12;2837;832;130662;22625
32;69;2021-04-13;4097;1070;134759;23695
32;69;2021-04-14;3838;1123;138597;24818
32;69;2021-04-15;4617;1191;143214;26009
32;69;2021-04-16;5103;1380;148317;27389
32;69;2021-04-17;3424;3458;151741;30847
32;69;2021-04-18;1129;2201;152870;33048
32;69;2021-04-19;2487;970;155357;34018
32;69;2021-04-20;3467;1421;158824;35439
32;69;2021-04-21;3101;1300;161925;36739
32;74;2020-12-27;0;0;0;0
32;74;2020-12-28;4;0;4;0
32;74;2020-12-29;0;0;4;0
32;74;2020-12-30;0;0;4;0
32;74;2020-12-31;0;0;4;0
32;74;2021-01-01;0;0;4;0
32;74;2021-01-02;0;0;4;0
32;74;2021-01-03;0;0;4;0
32;74;2021-01-04;3;0;7;0
32;74;2021-01-05;6;0;13;0
32;74;2021-01-06;42;0;55;0
32;74;2021-01-07;109;0;164;0
32;74;2021-01-08;207;0;371;0
32;74;2021-01-09;56;0;427;0
32;74;2021-01-10;50;0;477;0
32;74;2021-01-11;141;0;618;0
32;74;2021-01-12;227;0;845;0
32;74;2021-01-13;252;0;1097;0
32;74;2021-01-14;303;0;1400;0
32;74;2021-01-15;271;0;1671;0
32;74;2021-01-16;93;5;1764;5
32;74;2021-01-17;58;0;1822;5
32;74;2021-01-18;392;0;2214;5
32;74;2021-01-19;544;2;2758;7
32;74;2021-01-20;587;2;3345;9
32;74;2021-01-21;722;2;4067;11
32;74;2021-01-22;510;1;4577;12
32;74;2021-01-23;194;0;4771;12
32;74;2021-01-24;64;1;4835;13
32;74;2021-01-25;391;8;5226;21
32;74;2021-01-26;439;7;5665;28
32;74;2021-01-27;281;17;5946;45
32;74;2021-01-28;497;116;6443;161
32;74;2021-01-29;393;152;6836;313
32;74;2021-01-30;37;30;6873;343
32;74;2021-01-31;7;11;6880;354
32;74;2021-02-01;17;91;6897;445
32;74;2021-02-02;36;171;6933;616
32;74;2021-02-03;240;169;7173;785
32;74;2021-02-04;235;219;7408;1004
32;74;2021-02-05;110;215;7518;1219
32;74;2021-02-06;21;59;7539;1278
32;74;2021-02-07;16;10;7555;1288
32;74;2021-02-08;146;187;7701;1475
32;74;2021-02-09;133;281;7834;1756
32;74;2021-02-10;180;317;8014;2073
32;74;2021-02-11;283;432;8297;2505
32;74;2021-02-12;294;275;8591;2780
32;74;2021-02-13;80;107;8671;2887
32;74;2021-02-14;11;66;8682;2953
32;74;2021-02-15;244;425;8926;3378
32;74;2021-02-16;345;462;9271;3840
32;74;2021-02-17;291;463;9562;4303
32;74;2021-02-18;516;705;10078;5008
32;74;2021-02-19;670;488;10748;5496
32;74;2021-02-20;225;165;10973;5661
32;74;2021-02-21;22;26;10995;5687
32;74;2021-02-22;313;318;11308;6005
32;74;2021-02-23;490;297;11798;6302
32;74;2021-02-24;722;385;12520;6687
32;74;2021-02-25;797;303;13317;6990
32;74;2021-02-26;816;146;14133;7136
32;74;2021-02-27;199;24;14332;7160
32;74;2021-02-28;12;5;14344;7165
32;74;2021-03-01;743;30;15087;7195
32;74;2021-03-02;895;41;15982;7236
32;74;2021-03-03;1074;72;17056;7308
32;74;2021-03-04;1353;126;18409;7434
32;74;2021-03-05;1848;109;20257;7543
32;74;2021-03-06;4348;35;24605;7578
32;74;2021-03-07;3590;18;28195;7596
32;74;2021-03-08;1297;195;29492;7791
32;74;2021-03-09;2040;186;31532;7977
32;74;2021-03-10;2499;236;34031;8213
32;74;2021-03-11;3506;378;37537;8591
32;74;2021-03-12;4781;404;42318;8995
32;74;2021-03-13;8334;121;50652;9116
32;74;2021-03-14;4118;14;54770;9130
32;74;2021-03-15;2541;276;57311;9406
32;74;2021-03-16;1785;345;59096;9751
32;74;2021-03-17;1632;387;60728;10138
32;74;2021-03-18;1726;514;62454;10652
32;74;2021-03-19;3726;391;66180;11043
32;74;2021-03-20;7952;155;74132;11198
32;74;2021-03-21;3872;36;78004;11234
32;74;2021-03-22;2414;456;80418;11690
32;74;2021-03-23;4220;659;84638;12349
32;74;2021-03-24;3909;690;88547;13039
32;74;2021-03-25;5682;631;94229;13670
32;74;2021-03-26;6629;631;100858;14301
32;74;2021-03-27;10112;168;110970;14469
32;74;2021-03-28;5329;96;116299;14565
32;74;2021-03-29;3849;775;120148;15340
32;74;2021-03-30;5208;929;125356;16269
32;74;2021-03-31;4059;1191;129415;17460
32;74;2021-04-01;4593;1433;134008;18893
32;74;2021-04-02;4704;1743;138712;20636
32;74;2021-04-03;7743;1484;146455;22120
32;74;2021-04-04;2627;782;149082;22902
32;74;2021-04-05;2378;303;151460;23205
32;74;2021-04-06;3288;1826;154748;25031
32;74;2021-04-07;3475;1778;158223;26809
32;74;2021-04-08;4140;1935;162363;28744
32;74;2021-04-09;5571;2158;167934;30902
32;74;2021-04-10;4659;3499;172593;34401
32;74;2021-04-11;1431;2431;174024;36832
32;74;2021-04-12;2971;1609;176995;38441
32;74;2021-04-13;3858;1927;180853;40368
32;74;2021-04-14;3726;1824;184579;42192
32;74;2021-04-15;3886;1896;188465;44088
32;74;2021-04-16;3294;2164;191759;46252
32;74;2021-04-17;1760;4635;193519;50887
32;74;2021-04-18;658;2683;194177;53570
32;74;2021-04-19;1544;1686;195721;55256
32;74;2021-04-20;2076;2205;197797;57461
32;74;2021-04-21;1845;2205;199642;59666
32;79;2020-12-27;0;0;0;0
32;79;2020-12-28;0;0;0;0
32;79;2020-12-29;2;0;2;0
32;79;2020-12-30;0;0;2;0
32;79;2020-12-31;0;0;2;0
32;79;2021-01-01;0;0;2;0
32;79;2021-01-02;0;0;2;0
32;79;2021-01-03;0;0;2;0
32;79;2021-01-04;3;0;5;0
32;79;2021-01-05;9;0;14;0
32;79;2021-01-06;33;0;47;0
32;79;2021-01-07;92;0;139;0
32;79;2021-01-08;99;0;238;0
32;79;2021-01-09;18;0;256;0
32;79;2021-01-10;15;0;271;0
32;79;2021-01-11;68;0;339;0
32;79;2021-01-12;146;0;485;0
32;79;2021-01-13;129;0;614;0
32;79;2021-01-14;302;0;916;0
32;79;2021-01-15;339;0;1255;0
32;79;2021-01-16;197;2;1452;2
32;79;2021-01-17;148;0;1600;2
32;79;2021-01-18;1966;4;3566;6
32;79;2021-01-19;2480;7;6046;13
32;79;2021-01-20;2537;3;8583;16
32;79;2021-01-21;2773;4;11356;20
32;79;2021-01-22;2636;2;13992;22
32;79;2021-01-23;883;2;14875;24
32;79;2021-01-24;125;0;15000;24
32;79;2021-01-25;1871;6;16871;30
32;79;2021-01-26;1905;6;18776;36
32;79;2021-01-27;1072;14;19848;50
32;79;2021-01-28;931;96;20779;146
32;79;2021-01-29;657;78;21436;224
32;79;2021-01-30;95;9;21531;233
32;79;2021-01-31;8;9;21539;242
32;79;2021-02-01;23;55;21562;297
32;79;2021-02-02;51;112;21613;409
32;79;2021-02-03;294;116;21907;525
32;79;2021-02-04;302;177;22209;702
32;79;2021-02-05;206;248;22415;950
32;79;2021-02-06;60;57;22475;1007
32;79;2021-02-07;17;1;22492;1008
32;79;2021-02-08;437;525;22929;1533
32;79;2021-02-09;648;630;23577;2163
32;79;2021-02-10;550;657;24127;2820
32;79;2021-02-11;753;767;24880;3587
32;79;2021-02-12;731;659;25611;4246
32;79;2021-02-13;180;298;25791;4544
32;79;2021-02-14;12;141;25803;4685
32;79;2021-02-15;701;1980;26504;6665
32;79;2021-02-16;742;2289;27246;8954
32;79;2021-02-17;810;2334;28056;11288
32;79;2021-02-18;1019;2186;29075;13474
32;79;2021-02-19;1005;1670;30080;15144
32;79;2021-02-20;479;828;30559;15972
32;79;2021-02-21;35;90;30594;16062
32;79;2021-02-22;728;1598;31322;17660
32;79;2021-02-23;1260;1591;32582;19251
32;79;2021-02-24;1482;1029;34064;20280
32;79;2021-02-25;1650;660;35714;20940
32;79;2021-02-26;1609;439;37323;21379
32;79;2021-02-27;380;53;37703;21432
32;79;2021-02-28;19;8;37722;21440
32;79;2021-03-01;1691;74;39413;21514
32;79;2021-03-02;2222;124;41635;21638
32;79;2021-03-03;2178;141;43813;21779
32;79;2021-03-04;2038;244;45851;22023
32;79;2021-03-05;2068;183;47919;22206
32;79;2021-03-06;4322;81;52241;22287
32;79;2021-03-07;4001;19;56242;22306
32;79;2021-03-08;1702;558;57944;22864
32;79;2021-03-09;2118;765;60062;23629
32;79;2021-03-10;2305;705;62367;24334
32;79;2021-03-11;2549;743;64916;25077
32;79;2021-03-12;2327;710;67243;25787
32;79;2021-03-13;4469;298;71712;26085
32;79;2021-03-14;2733;13;74445;26098
32;79;2021-03-15;1792;834;76237;26932
32;79;2021-03-16;2117;846;78354;27778
32;79;2021-03-17;1830;851;80184;28629
32;79;2021-03-18;1980;924;82164;29553
32;79;2021-03-19;2085;686;84249;30239
32;79;2021-03-20;3454;289;87703;30528
32;79;2021-03-21;1821;59;89524;30587
32;79;2021-03-22;1520;1065;91044;31652
32;79;2021-03-23;1978;1512;93022;33164
32;79;2021-03-24;1585;1495;94607;34659
32;79;2021-03-25;2069;1350;96676;36009
32;79;2021-03-26;2167;1364;98843;37373
32;79;2021-03-27;2092;280;100935;37653
32;79;2021-03-28;955;203;101890;37856
32;79;2021-03-29;1087;1683;102977;39539
32;79;2021-03-30;1282;2325;104259;41864
32;79;2021-03-31;1023;2353;105282;44217
32;79;2021-04-01;1094;2809;106376;47026
32;79;2021-04-02;1093;3181;107469;50207
32;79;2021-04-03;1567;2350;109036;52557
32;79;2021-04-04;500;1087;109536;53644
32;79;2021-04-05;472;544;110008;54188
32;79;2021-04-06;902;2712;110910;56900
32;79;2021-04-07;942;2754;111852;59654
32;79;2021-04-08;1155;2733;113007;62387
32;79;2021-04-09;1300;2527;114307;64914
32;79;2021-04-10;1172;3048;115479;67962
32;79;2021-04-11;367;1621;115846;69583
32;79;2021-04-12;752;1810;116598;71393
32;79;2021-04-13;967;2234;117565;73627
32;79;2021-04-14;1027;1960;118592;75587
32;79;2021-04-15;1113;1890;119705;77477
32;79;2021-04-16;874;1910;120579;79387
32;79;2021-04-17;537;2614;121116;82001
32;79;2021-04-18;184;1281;121300;83282
32;79;2021-04-19;442;1446;121742;84728
32;79;2021-04-20;635;1569;122377;86297
32;79;2021-04-21;576;1340;122953;87637
32;80;2020-12-27;0;0;0;0
32;80;2020-12-28;20;0;20;0
32;80;2020-12-29;7;0;27;0
32;80;2020-12-30;0;0;27;0
32;80;2020-12-31;0;0;27;0
32;80;2021-01-01;0;0;27;0
32;80;2021-01-02;0;0;27;0
32;80;2021-01-03;0;0;27;0
32;80;2021-01-04;30;0;57;0
32;80;2021-01-05;72;0;129;0
32;80;2021-01-06;209;0;338;0
32;80;2021-01-07;514;0;852;0
32;80;2021-01-08;617;0;1469;0
32;80;2021-01-09;8;0;1477;0
32;80;2021-01-10;16;0;1493;0
32;80;2021-01-11;362;0;1855;0
32;80;2021-01-12;707;0;2562;0
32;80;2021-01-13;518;0;3080;0
32;80;2021-01-14;637;0;3717;0
32;80;2021-01-15;764;0;4481;0
32;80;2021-01-16;236;5;4717;5
32;80;2021-01-17;213;1;4930;6
32;80;2021-01-18;2199;5;7129;11
32;80;2021-01-19;3601;23;10730;34
32;80;2021-01-20;4262;14;14992;48
32;80;2021-01-21;5254;7;20246;55
32;80;2021-01-22;3846;3;24092;58
32;80;2021-01-23;1587;0;25679;58
32;80;2021-01-24;596;0;26275;58
32;80;2021-01-25;2867;31;29142;89
32;80;2021-01-26;3057;12;32199;101
32;80;2021-01-27;2167;51;34366;152
32;80;2021-01-28;4660;614;39026;766
32;80;2021-01-29;2096;440;41122;1206
32;80;2021-01-30;263;2;41385;1208
32;80;2021-01-31;13;51;41398;1259
32;80;2021-02-01;60;265;41458;1524
32;80;2021-02-02;467;519;41925;2043
32;80;2021-02-03;2396;450;44321;2493
32;80;2021-02-04;1921;658;46242;3151
32;80;2021-02-05;934;635;47176;3786
32;80;2021-02-06;262;75;47438;3861
32;80;2021-02-07;27;3;47465;3864
32;80;2021-02-08;699;658;48164;4522
32;80;2021-02-09;1034;1199;49198;5721
32;80;2021-02-10;1156;1672;50354;7393
32;80;2021-02-11;1669;2484;52023;9877
32;80;2021-02-12;1602;1382;53625;11259
32;80;2021-02-13;308;714;53933;11973
32;80;2021-02-14;36;414;53969;12387
32;80;2021-02-15;1084;2735;55053;15122
32;80;2021-02-16;1175;3107;56228;18229
32;80;2021-02-17;1225;3592;57453;21821
32;80;2021-02-18;2206;5736;59659;27557
32;80;2021-02-19;2094;3418;61753;30975
32;80;2021-02-20;908;1146;62661;32121
32;80;2021-02-21;65;145;62726;32266
32;80;2021-02-22;1091;2131;63817;34397
32;80;2021-02-23;1886;2542;65703;36939
32;80;2021-02-24;2272;3121;67975;40060
32;80;2021-02-25;2816;2169;70791;42229
32;80;2021-02-26;2513;885;73304;43114
32;80;2021-02-27;644;89;73948;43203
32;80;2021-02-28;35;16;73983;43219
32;80;2021-03-01;2412;102;76395;43321
32;80;2021-03-02;3381;217;79776;43538
32;80;2021-03-03;3341;352;83117;43890
32;80;2021-03-04;3257;868;86374;44758
32;80;2021-03-05;3327;715;89701;45473
32;80;2021-03-06;5929;278;95630;45751
32;80;2021-03-07;5503;33;101133;45784
32;80;2021-03-08;2435;863;103568;46647
32;80;2021-03-09;3177;1169;106745;47816
32;80;2021-03-10;3511;1363;110256;49179
32;80;2021-03-11;3833;2002;114089;51181
32;80;2021-03-12;3523;1558;117612;52739
32;80;2021-03-13;6533;560;124145;53299
32;80;2021-03-14;4281;57;128426;53356
32;80;2021-03-15;2638;1179;131064;54535
32;80;2021-03-16;3002;1320;134066;55855
32;80;2021-03-17;3043;1287;137109;57142
32;80;2021-03-18;3034;1889;140143;59031
32;80;2021-03-19;3154;1312;143297;60343
32;80;2021-03-20;5257;531;148554;60874
32;80;2021-03-21;2886;65;151440;60939
32;80;2021-03-22;2240;1559;153680;62498
32;80;2021-03-23;2916;2140;156596;64638
32;80;2021-03-24;2470;2332;159066;66970
32;80;2021-03-25;3108;2113;162174;69083
32;80;2021-03-26;3334;2085;165508;71168
32;80;2021-03-27;3142;446;168650;71614
32;80;2021-03-28;1389;237;170039;71851
32;80;2021-03-29;1527;2438;171566;74289
32;80;2021-03-30;1816;3449;173382;77738
32;80;2021-03-31;1644;3791;175026;81529
32;80;2021-04-01;1713;4198;176739;85727
32;80;2021-04-02;1714;4864;178453;90591
32;80;2021-04-03;2329;3451;180782;94042
32;80;2021-04-04;726;1570;181508;95612
32;80;2021-04-05;662;755;182170;96367
32;80;2021-04-06;1374;3977;183544;100344
32;80;2021-04-07;2039;4026;185583;104370
32;80;2021-04-08;2341;4216;187924;108586
32;80;2021-04-09;2350;3754;190274;112340
32;80;2021-04-10;1812;4731;192086;117071
32;80;2021-04-11;593;2474;192679;119545
32;80;2021-04-12;1153;2711;193832;122256
32;80;2021-04-13;1615;3320;195447;125576
32;80;2021-04-14;1908;3027;197355;128603
32;80;2021-04-15;2078;2746;199433;131349
32;80;2021-04-16;1702;2912;201135;134261
32;80;2021-04-17;872;4151;202007;138412
32;80;2021-04-18;276;2181;202283;140593
32;80;2021-04-19;754;2092;203037;142685
32;80;2021-04-20;1002;2485;204039;145170
32;80;2021-04-21;953;2200;204992;147370
44;24;2020-12-27;0;0;0;0
44;24;2020-12-28;0;0;0;0
44;24;2020-12-29;0;0;0;0
44;24;2020-12-30;0;0;0;0
44;24;2020-12-31;0;0;0;0
44;24;2021-01-01;0;0;0;0
44;24;2021-01-02;0;0;0;0
44;24;2021-01-03;0;0;0;0
44;24;2021-01-04;2;0;2;0
44;24;2021-01-05;5;0;7;0
44;24;2021-01-06;9;0;16;0
44;24;2021-01-07;65;0;81;0
44;24;2021-01-08;32;0;113;0
44;24;2021-01-09;3;0;116;0
44;24;2021-01-10;0;0;116;0
44;24;2021-01-11;31;0;147;0
44;24;2021-01-12;33;0;180;0
44;24;2021-01-13;50;0;230;0
44;24;2021-01-14;67;0;297;0
44;24;2021-01-15;66;0;363;0
44;24;2021-01-16;7;0;370;0
44;24;2021-01-17;9;0;379;0
44;24;2021-01-18;56;0;435;0
44;24;2021-01-19;60;0;495;0
44;24;2021-01-20;65;0;560;0
44;24;2021-01-21;59;0;619;0
44;24;2021-01-22;38;0;657;0
44;24;2021-01-23;7;0;664;0
44;24;2021-01-24;3;0;667;0
44;24;2021-01-25;27;0;694;0
44;24;2021-01-26;19;0;713;0
44;24;2021-01-27;25;0;738;0
44;24;2021-01-28;51;3;789;3
44;24;2021-01-29;42;11;831;14
44;24;2021-01-30;9;4;840;18
44;24;2021-01-31;1;0;841;18
44;24;2021-02-01;39;28;880;46
44;24;2021-02-02;50;29;930;75
44;24;2021-02-03;22;36;952;111
44;24;2021-02-04;37;97;989;208
44;24;2021-02-05;31;63;1020;271
44;24;2021-02-06;11;5;1031;276
44;24;2021-02-07;4;4;1035;280
44;24;2021-02-08;50;55;1085;335
44;24;2021-02-09;125;42;1210;377
44;24;2021-02-10;179;64;1389;441
44;24;2021-02-11;182;57;1571;498
44;24;2021-02-12;238;40;1809;538
44;24;2021-02-13;32;4;1841;542
44;24;2021-02-14;2;1;1843;543
44;24;2021-02-15;136;38;1979;581
44;24;2021-02-16;264;19;2243;600
44;24;2021-02-17;236;29;2479;629
44;24;2021-02-18;231;44;2710;673
44;24;2021-02-19;179;46;2889;719
44;24;2021-02-20;40;5;2929;724
44;24;2021-02-21;4;3;2933;727
44;24;2021-02-22;135;44;3068;771
44;24;2021-02-23;290;51;3358;822
44;24;2021-02-24;241;36;3599;858
44;24;2021-02-25;364;35;3963;893
44;24;2021-02-26;310;39;4273;932
44;24;2021-02-27;101;9;4374;941
44;24;2021-02-28;2;3;4376;944
44;24;2021-03-01;108;18;4484;962
44;24;2021-03-02;138;44;4622;1006
44;24;2021-03-03;145;28;4767;1034
44;24;2021-03-04;188;24;4955;1058
44;24;2021-03-05;274;11;5229;1069
44;24;2021-03-06;218;6;5447;1075
44;24;2021-03-07;72;0;5519;1075
44;24;2021-03-08;200;20;5719;1095
44;24;2021-03-09;248;10;5967;1105
44;24;2021-03-10;234;17;6201;1122
44;24;2021-03-11;279;31;6480;1153
44;24;2021-03-12;275;15;6755;1168
44;24;2021-03-13;155;8;6910;1176
44;24;2021-03-14;43;2;6953;1178
44;24;2021-03-15;168;21;7121;1199
44;24;2021-03-16;101;40;7222;1239
44;24;2021-03-17;147;47;7369;1286
44;24;2021-03-18;180;25;7549;1311
44;24;2021-03-19;224;30;7773;1341
44;24;2021-03-20;110;9;7883;1350
44;24;2021-03-21;41;1;7924;1351
44;24;2021-03-22;75;42;7999;1393
44;24;2021-03-23;142;106;8141;1499
44;24;2021-03-24;137;81;8278;1580
44;24;2021-03-25;184;144;8462;1724
44;24;2021-03-26;247;95;8709;1819
44;24;2021-03-27;117;35;8826;1854
44;24;2021-03-28;45;5;8871;1859
44;24;2021-03-29;149;38;9020;1897
44;24;2021-03-30;246;56;9266;1953
44;24;2021-03-31;254;33;9520;1986
44;24;2021-04-01;339;57;9859;2043
44;24;2021-04-02;231;51;10090;2094
44;24;2021-04-03;117;45;10207;2139
44;24;2021-04-04;42;8;10249;2147
44;24;2021-04-05;45;13;10294;2160
44;24;2021-04-06;276;52;10570;2212
44;24;2021-04-07;345;54;10915;2266
44;24;2021-04-08;532;67;11447;2333
44;24;2021-04-09;426;60;11873;2393
44;24;2021-04-10;181;74;12054;2467
44;24;2021-04-11;34;28;12088;2495
44;24;2021-04-12;222;71;12310;2566
44;24;2021-04-13;372;94;12682;2660
44;24;2021-04-14;466;118;13148;2778
44;24;2021-04-15;545;126;13693;2904
44;24;2021-04-16;477;143;14170;3047
44;24;2021-04-17;224;90;14394;3137
44;24;2021-04-18;50;38;14444;3175
44;24;2021-04-19;277;74;14721;3249
44;24;2021-04-20;224;144;14945;3393
44;24;2021-04-21;256;136;15201;3529
44;29;2020-12-27;0;0;0;0
44;29;2020-12-28;0;0;0;0
44;29;2020-12-29;0;0;0;0
44;29;2020-12-30;0;0;0;0
44;29;2020-12-31;0;0;0;0
44;29;2021-01-01;0;0;0;0
44;29;2021-01-02;0;0;0;0
44;29;2021-01-03;0;0;0;0
44;29;2021-01-04;6;0;6;0
44;29;2021-01-05;15;0;21;0
44;29;2021-01-06;28;0;49;0
44;29;2021-01-07;53;0;102;0
44;29;2021-01-08;51;0;153;0
44;29;2021-01-09;4;0;157;0
44;29;2021-01-10;5;0;162;0
44;29;2021-01-11;48;0;210;0
44;29;2021-01-12;71;0;281;0
44;29;2021-01-13;92;0;373;0
44;29;2021-01-14;117;0;490;0
44;29;2021-01-15;144;0;634;0
44;29;2021-01-16;19;0;653;0
44;29;2021-01-17;9;0;662;0
44;29;2021-01-18;91;0;753;0
44;29;2021-01-19;119;0;872;0
44;29;2021-01-20;91;0;963;0
44;29;2021-01-21;83;0;1046;0
44;29;2021-01-22;78;0;1124;0
44;29;2021-01-23;19;0;1143;0
44;29;2021-01-24;6;0;1149;0
44;29;2021-01-25;54;1;1203;1
44;29;2021-01-26;39;0;1242;1
44;29;2021-01-27;59;2;1301;3
44;29;2021-01-28;88;10;1389;13
44;29;2021-01-29;56;21;1445;34
44;29;2021-01-30;8;2;1453;36
44;29;2021-01-31;5;3;1458;39
44;29;2021-02-01;54;43;1512;82
44;29;2021-02-02;69;65;1581;147
44;29;2021-02-03;46;68;1627;215
44;29;2021-02-04;66;112;1693;327
44;29;2021-02-05;55;107;1748;434
44;29;2021-02-06;10;14;1758;448
44;29;2021-02-07;9;9;1767;457
44;29;2021-02-08;64;84;1831;541
44;29;2021-02-09;179;100;2010;641
44;29;2021-02-10;189;85;2199;726
44;29;2021-02-11;242;88;2441;814
44;29;2021-02-12;194;91;2635;905
44;29;2021-02-13;31;3;2666;908
44;29;2021-02-14;5;4;2671;912
44;29;2021-02-15;200;71;2871;983
44;29;2021-02-16;195;64;3066;1047
44;29;2021-02-17;236;44;3302;1091
44;29;2021-02-18;236;83;3538;1174
44;29;2021-02-19;190;64;3728;1238
44;29;2021-02-20;39;17;3767;1255
44;29;2021-02-21;11;10;3778;1265
44;29;2021-02-22;177;56;3955;1321
44;29;2021-02-23;239;79;4194;1400
44;29;2021-02-24;237;53;4431;1453
44;29;2021-02-25;310;79;4741;1532
44;29;2021-02-26;300;62;5041;1594
44;29;2021-02-27;73;8;5114;1602
44;29;2021-02-28;13;6;5127;1608
44;29;2021-03-01;111;23;5238;1631
44;29;2021-03-02;95;69;5333;1700
44;29;2021-03-03;166;33;5499;1733
44;29;2021-03-04;176;47;5675;1780
44;29;2021-03-05;254;22;5929;1802
44;29;2021-03-06;195;9;6124;1811
44;29;2021-03-07;78;2;6202;1813
44;29;2021-03-08;131;23;6333;1836
44;29;2021-03-09;208;22;6541;1858
44;29;2021-03-10;226;23;6767;1881
44;29;2021-03-11;211;28;6978;1909
44;29;2021-03-12;278;57;7256;1966
44;29;2021-03-13;172;12;7428;1978
44;29;2021-03-14;50;11;7478;1989
44;29;2021-03-15;166;26;7644;2015
44;29;2021-03-16;120;69;7764;2084
44;29;2021-03-17;173;69;7937;2153
44;29;2021-03-18;200;54;8137;2207
44;29;2021-03-19;191;41;8328;2248
44;29;2021-03-20;83;18;8411;2266
44;29;2021-03-21;41;1;8452;2267
44;29;2021-03-22;93;53;8545;2320
44;29;2021-03-23;153;126;8698;2446
44;29;2021-03-24;152;129;8850;2575
44;29;2021-03-25;203;130;9053;2705
44;29;2021-03-26;228;93;9281;2798
44;29;2021-03-27;110;47;9391;2845
44;29;2021-03-28;53;9;9444;2854
44;29;2021-03-29;130;39;9574;2893
44;29;2021-03-30;265;49;9839;2942
44;29;2021-03-31;294;36;10133;2978
44;29;2021-04-01;384;74;10517;3052
44;29;2021-04-02;268;50;10785;3102
44;29;2021-04-03;100;31;10885;3133
44;29;2021-04-04;35;10;10920;3143
44;29;2021-04-05;34;15;10954;3158
44;29;2021-04-06;233;69;11187;3227
44;29;2021-04-07;302;68;11489;3295
44;29;2021-04-08;501;97;11990;3392
44;29;2021-04-09;407;58;12397;3450
44;29;2021-04-10;171;74;12568;3524
44;29;2021-04-11;35;35;12603;3559
44;29;2021-04-12;273;67;12876;3626
44;29;2021-04-13;406;117;13282;3743
44;29;2021-04-14;505;107;13787;3850
44;29;2021-04-15;554;142;14341;3992
44;29;2021-04-16;428;123;14769;4115
44;29;2021-04-17;205;69;14974;4184
44;29;2021-04-18;46;39;15020;4223
44;29;2021-04-19;254;93;15274;4316
44;29;2021-04-20;310;174;15584;4490
44;29;2021-04-21;275;167;15859;4657
44;39;2020-12-27;0;0;0;0
44;39;2020-12-28;0;0;0;0
44;39;2020-12-29;0;0;0;0
44;39;2020-12-30;0;0;0;0
44;39;2020-12-31;0;0;0;0
44;39;2021-01-01;0;0;0;0
44;39;2021-01-02;0;0;0;0
44;39;2021-01-03;0;0;0;0
44;39;2021-01-04;3;0;3;0
44;39;2021-01-05;51;0;54;0
44;39;2021-01-06;73;0;127;0
44;39;2021-01-07;123;0;250;0
44;39;2021-01-08;164;0;414;0
44;39;2021-01-09;29;0;443;0
44;39;2021-01-10;10;0;453;0
44;39;2021-01-11;186;0;639;0
44;39;2021-01-12;260;0;899;0
44;39;2021-01-13;328;0;1227;0
44;39;2021-01-14;464;0;1691;0
44;39;2021-01-15;431;0;2122;0
44;39;2021-01-16;74;3;2196;3
44;39;2021-01-17;47;0;2243;3
44;39;2021-01-18;289;0;2532;3
44;39;2021-01-19;399;0;2931;3
44;39;2021-01-20;334;0;3265;3
44;39;2021-01-21;406;1;3671;4
44;39;2021-01-22;294;1;3965;5
44;39;2021-01-23;69;0;4034;5
44;39;2021-01-24;26;0;4060;5
44;39;2021-01-25;172;9;4232;14
44;39;2021-01-26;144;13;4376;27
44;39;2021-01-27;228;16;4604;43
44;39;2021-01-28;347;27;4951;70
44;39;2021-01-29;256;91;5207;161
44;39;2021-01-30;31;24;5238;185
44;39;2021-01-31;32;4;5270;189
44;39;2021-02-01;163;127;5433;316
44;39;2021-02-02;202;210;5635;526
44;39;2021-02-03;133;197;5768;723
44;39;2021-02-04;214;386;5982;1109
44;39;2021-02-05;194;377;6176;1486
44;39;2021-02-06;39;47;6215;1533
44;39;2021-02-07;10;22;6225;1555
44;39;2021-02-08;142;241;6367;1796
44;39;2021-02-09;346;365;6713;2161
44;39;2021-02-10;403;306;7116;2467
44;39;2021-02-11;488;391;7604;2858
44;39;2021-02-12;518;276;8122;3134
44;39;2021-02-13;91;35;8213;3169
44;39;2021-02-14;32;33;8245;3202
44;39;2021-02-15;384;195;8629;3397
44;39;2021-02-16;457;184;9086;3581
44;39;2021-02-17;469;186;9555;3767
44;39;2021-02-18;588;327;10143;4094
44;39;2021-02-19;520;295;10663;4389
44;39;2021-02-20;143;76;10806;4465
44;39;2021-02-21;27;30;10833;4495
44;39;2021-02-22;370;199;11203;4694
44;39;2021-02-23;518;263;11721;4957
44;39;2021-02-24;500;214;12221;5171
44;39;2021-02-25;722;267;12943;5438
44;39;2021-02-26;634;207;13577;5645
44;39;2021-02-27;242;29;13819;5674
44;39;2021-02-28;41;9;13860;5683
44;39;2021-03-01;214;93;14074;5776
44;39;2021-03-02;256;170;14330;5946
44;39;2021-03-03;341;107;14671;6053
44;39;2021-03-04;419;155;15090;6208
44;39;2021-03-05;550;115;15640;6323
44;39;2021-03-06;633;14;16273;6337
44;39;2021-03-07;309;9;16582;6346
44;39;2021-03-08;347;80;16929;6426
44;39;2021-03-09;579;60;17508;6486
44;39;2021-03-10;489;71;17997;6557
44;39;2021-03-11;604;118;18601;6675
44;39;2021-03-12;768;145;19369;6820
44;39;2021-03-13;568;41;19937;6861
44;39;2021-03-14;237;19;20174;6880
44;39;2021-03-15;416;136;20590;7016
44;39;2021-03-16;397;200;20987;7216
44;39;2021-03-17;428;179;21415;7395
44;39;2021-03-18;538;138;21953;7533
44;39;2021-03-19;593;136;22546;7669
44;39;2021-03-20;317;72;22863;7741
44;39;2021-03-21;135;0;22998;7741
44;39;2021-03-22;264;162;23262;7903
44;39;2021-03-23;447;318;23709;8221
44;39;2021-03-24;501;270;24210;8491
44;39;2021-03-25;592;346;24802;8837
44;39;2021-03-26;789;215;25591;9052
44;39;2021-03-27;347;152;25938;9204
44;39;2021-03-28;137;39;26075;9243
44;39;2021-03-29;397;109;26472;9352
44;39;2021-03-30;645;148;27117;9500
44;39;2021-03-31;729;117;27846;9617
44;39;2021-04-01;1012;177;28858;9794
44;39;2021-04-02;734;157;29592;9951
44;39;2021-04-03;301;122;29893;10073
44;39;2021-04-04;107;36;30000;10109
44;39;2021-04-05;119;48;30119;10157
44;39;2021-04-06;586;202;30705;10359
44;39;2021-04-07;928;211;31633;10570
44;39;2021-04-08;1389;268;33022;10838
44;39;2021-04-09;1222;251;34244;11089
44;39;2021-04-10;487;273;34731;11362
44;39;2021-04-11;109;159;34840;11521
44;39;2021-04-12;665;230;35505;11751
44;39;2021-04-13;951;367;36456;12118
44;39;2021-04-14;1142;325;37598;12443
44;39;2021-04-15;1291;403;38889;12846
44;39;2021-04-16;1153;405;40042;13251
44;39;2021-04-17;543;248;40585;13499
44;39;2021-04-18;143;111;40728;13610
44;39;2021-04-19;718;266;41446;13876
44;39;2021-04-20;665;432;42111;14308
44;39;2021-04-21;772;504;42883;14812
44;49;2020-12-27;0;0;0;0
44;49;2020-12-28;0;0;0;0
44;49;2020-12-29;0;0;0;0
44;49;2020-12-30;0;0;0;0
44;49;2020-12-31;0;0;0;0
44;49;2021-01-01;0;0;0;0
44;49;2021-01-02;0;0;0;0
44;49;2021-01-03;0;0;0;0
44;49;2021-01-04;21;0;21;0
44;49;2021-01-05;57;0;78;0
44;49;2021-01-06;131;0;209;0
44;49;2021-01-07;181;0;390;0
44;49;2021-01-08;245;0;635;0
44;49;2021-01-09;64;0;699;0
44;49;2021-01-10;28;0;727;0
44;49;2021-01-11;287;0;1014;0
44;49;2021-01-12;492;0;1506;0
44;49;2021-01-13;564;0;2070;0
44;49;2021-01-14;743;0;2813;0
44;49;2021-01-15;776;0;3589;0
44;49;2021-01-16;113;4;3702;4
44;49;2021-01-17;48;0;3750;4
44;49;2021-01-18;469;0;4219;4
44;49;2021-01-19;561;0;4780;4
44;49;2021-01-20;527;0;5307;4
44;49;2021-01-21;654;1;5961;5
44;49;2021-01-22;532;1;6493;6
44;49;2021-01-23;138;2;6631;8
44;49;2021-01-24;40;0;6671;8
44;49;2021-01-25;277;20;6948;28
44;49;2021-01-26;271;19;7219;47
44;49;2021-01-27;405;31;7624;78
44;49;2021-01-28;463;56;8087;134
44;49;2021-01-29;343;159;8430;293
44;49;2021-01-30;60;42;8490;335
44;49;2021-01-31;36;12;8526;347
44;49;2021-02-01;215;234;8741;581
44;49;2021-02-02;340;369;9081;950
44;49;2021-02-03;225;346;9306;1296
44;49;2021-02-04;308;646;9614;1942
44;49;2021-02-05;302;579;9916;2521
44;49;2021-02-06;81;97;9997;2618
44;49;2021-02-07;12;31;10009;2649
44;49;2021-02-08;201;341;10210;2990
44;49;2021-02-09;477;516;10687;3506
44;49;2021-02-10;577;511;11264;4017
44;49;2021-02-11;677;647;11941;4664
44;49;2021-02-12;725;473;12666;5137
44;49;2021-02-13;116;66;12782;5203
44;49;2021-02-14;38;36;12820;5239
44;49;2021-02-15;445;325;13265;5564
44;49;2021-02-16;548;335;13813;5899
44;49;2021-02-17;633;350;14446;6249
44;49;2021-02-18;757;528;15203;6777
44;49;2021-02-19;664;470;15867;7247
44;49;2021-02-20;226;104;16093;7351
44;49;2021-02-21;48;38;16141;7389
44;49;2021-02-22;451;297;16592;7686
44;49;2021-02-23;662;366;17254;8052
44;49;2021-02-24;616;322;17870;8374
44;49;2021-02-25;887;379;18757;8753
44;49;2021-02-26;949;313;19706;9066
44;49;2021-02-27;327;72;20033;9138
44;49;2021-02-28;62;13;20095;9151
44;49;2021-03-01;295;151;20390;9302
44;49;2021-03-02;382;244;20772;9546
44;49;2021-03-03;475;184;21247;9730
44;49;2021-03-04;579;239;21826;9969
44;49;2021-03-05;784;179;22610;10148
44;49;2021-03-06;1000;39;23610;10187
44;49;2021-03-07;577;15;24187;10202
44;49;2021-03-08;430;124;24617;10326
44;49;2021-03-09;737;146;25354;10472
44;49;2021-03-10;691;132;26045;10604
44;49;2021-03-11;877;156;26922;10760
44;49;2021-03-12;1152;197;28074;10957
44;49;2021-03-13;1110;77;29184;11034
44;49;2021-03-14;391;31;29575;11065
44;49;2021-03-15;606;145;30181;11210
44;49;2021-03-16;520;242;30701;11452
44;49;2021-03-17;585;200;31286;11652
44;49;2021-03-18;679;165;31965;11817
44;49;2021-03-19;837;178;32802;11995
44;49;2021-03-20;574;114;33376;12109
44;49;2021-03-21;230;5;33606;12114
44;49;2021-03-22;434;167;34040;12281
44;49;2021-03-23;604;341;34644;12622
44;49;2021-03-24;769;319;35413;12941
44;49;2021-03-25;795;383;36208;13324
44;49;2021-03-26;1108;242;37316;13566
44;49;2021-03-27;555;186;37871;13752
44;49;2021-03-28;213;72;38084;13824
44;49;2021-03-29;620;114;38704;13938
44;49;2021-03-30;822;216;39526;14154
44;49;2021-03-31;987;166;40513;14320
44;49;2021-04-01;1251;293;41764;14613
44;49;2021-04-02;1052;203;42816;14816
44;49;2021-04-03;514;185;43330;15001
44;49;2021-04-04;223;72;43553;15073
44;49;2021-04-05;242;62;43795;15135
44;49;2021-04-06;732;280;44527;15415
44;49;2021-04-07;1297;249;45824;15664
44;49;2021-04-08;1721;355;47545;16019
44;49;2021-04-09;1689;365;49234;16384
44;49;2021-04-10;875;478;50109;16862
44;49;2021-04-11;183;257;50292;17119
44;49;2021-04-12;912;330;51204;17449
44;49;2021-04-13;1275;442;52479;17891
44;49;2021-04-14;1507;475;53986;18366
44;49;2021-04-15;1705;555;55691;18921
44;49;2021-04-16;1451;587;57142;19508
44;49;2021-04-17;926;410;58068;19918
44;49;2021-04-18;228;208;58296;20126
44;49;2021-04-19;1038;409;59334;20535
44;49;2021-04-20;967;553;60301;21088
44;49;2021-04-21;1217;697;61518;21785
44;59;2020-12-27;0;0;0;0
44;59;2020-12-28;0;0;0;0
44;59;2020-12-29;0;0;0;0
44;59;2020-12-30;0;0;0;0
44;59;2020-12-31;5;0;5;0
44;59;2021-01-01;0;0;5;0
44;59;2021-01-02;2;0;7;0
44;59;2021-01-03;0;0;7;0
44;59;2021-01-04;122;0;129;0
44;59;2021-01-05;401;0;530;0
44;59;2021-01-06;664;0;1194;0
44;59;2021-01-07;906;0;2100;0
44;59;2021-01-08;1287;0;3387;0
44;59;2021-01-09;323;0;3710;0
44;59;2021-01-10;69;0;3779;0
44;59;2021-01-11;1355;0;5134;0
44;59;2021-01-12;1967;0;7101;0
44;59;2021-01-13;2397;0;9498;0
44;59;2021-01-14;2380;0;11878;0
44;59;2021-01-15;1892;0;13770;0
44;59;2021-01-16;400;15;14170;15
44;59;2021-01-17;108;0;14278;15
44;59;2021-01-18;1130;1;15408;16
44;59;2021-01-19;1474;0;16882;16
44;59;2021-01-20;1472;2;18354;18
44;59;2021-01-21;1681;2;20035;20
44;59;2021-01-22;1319;1;21354;21
44;59;2021-01-23;421;11;21775;32
44;59;2021-01-24;127;2;21902;34
44;59;2021-01-25;683;187;22585;221
44;59;2021-01-26;557;257;23142;478
44;59;2021-01-27;650;313;23792;791
44;59;2021-01-28;893;480;24685;1271
44;59;2021-01-29;603;762;25288;2033
44;59;2021-01-30;153;208;25441;2241
44;59;2021-01-31;119;48;25560;2289
44;59;2021-02-01;456;1006;26016;3295
44;59;2021-02-02;534;1529;26550;4824
44;59;2021-02-03;445;1579;26995;6403
44;59;2021-02-04;490;2184;27485;8587
44;59;2021-02-05;514;1583;27999;10170
44;59;2021-02-06;133;309;28132;10479
44;59;2021-02-07;23;64;28155;10543
44;59;2021-02-08;254;1034;28409;11577
44;59;2021-02-09;454;1477;28863;13054
44;59;2021-02-10;516;1578;29379;14632
44;59;2021-02-11;553;1558;29932;16190
44;59;2021-02-12;595;1164;30527;17354
44;59;2021-02-13;150;250;30677;17604
44;59;2021-02-14;59;85;30736;17689
44;59;2021-02-15;347;819;31083;18508
44;59;2021-02-16;409;944;31492;19452
44;59;2021-02-17;465;955;31957;20407
44;59;2021-02-18;609;1257;32566;21664
44;59;2021-02-19;577;932;33143;22596
44;59;2021-02-20;214;315;33357;22911
44;59;2021-02-21;55;158;33412;23069
44;59;2021-02-22;407;599;33819;23668
44;59;2021-02-23;641;658;34460;24326
44;59;2021-02-24;856;538;35316;24864
44;59;2021-02-25;2364;677;37680;25541
44;59;2021-02-26;3445;509;41125;26050
44;59;2021-02-27;2131;125;43256;26175
44;59;2021-02-28;178;44;43434;26219
44;59;2021-03-01;819;292;44253;26511
44;59;2021-03-02;1498;417;45751;26928
44;59;2021-03-03;2085;370;47836;27298
44;59;2021-03-04;2662;414;50498;27712
44;59;2021-03-05;3754;296;54252;28008
44;59;2021-03-06;4019;75;58271;28083
44;59;2021-03-07;1646;16;59917;28099
44;59;2021-03-08;1056;214;60973;28313
44;59;2021-03-09;1952;235;62925;28548
44;59;2021-03-10;2136;218;65061;28766
44;59;2021-03-11;2949;317;68010;29083
44;59;2021-03-12;4305;266;72315;29349
44;59;2021-03-13;4252;113;76567;29462
44;59;2021-03-14;859;55;77426;29517
44;59;2021-03-15;1144;189;78570;29706
44;59;2021-03-16;884;228;79454;29934
44;59;2021-03-17;1028;217;80482;30151
44;59;2021-03-18;1137;188;81619;30339
44;59;2021-03-19;2360;168;83979;30507
44;59;2021-03-20;2178;93;86157;30600
44;59;2021-03-21;625;11;86782;30611
44;59;2021-03-22;1208;161;87990;30772
44;59;2021-03-23;2142;349;90132;31121
44;59;2021-03-24;2636;317;92768;31438
44;59;2021-03-25;3369;432;96137;31870
44;59;2021-03-26;3826;341;99963;32211
44;59;2021-03-27;2454;286;102417;32497
44;59;2021-03-28;620;131;103037;32628
44;59;2021-03-29;1657;234;104694;32862
44;59;2021-03-30;2465;322;107159;33184
44;59;2021-03-31;2498;337;109657;33521
44;59;2021-04-01;2923;477;112580;33998
44;59;2021-04-02;2265;330;114845;34328
44;59;2021-04-03;1513;369;116358;34697
44;59;2021-04-04;467;157;116825;34854
44;59;2021-04-05;686;88;117511;34942
44;59;2021-04-06;1607;493;119118;35435
44;59;2021-04-07;2415;517;121533;35952
44;59;2021-04-08;3605;580;125138;36532
44;59;2021-04-09;5127;602;130265;37134
44;59;2021-04-10;3019;870;133284;38004
44;59;2021-04-11;510;526;133794;38530
44;59;2021-04-12;2433;588;136227;39118
44;59;2021-04-13;3380;827;139607;39945
44;59;2021-04-14;3748;832;143355;40777
44;59;2021-04-15;4645;986;148000;41763
44;59;2021-04-16;5374;1036;153374;42799
44;59;2021-04-17;4070;866;157444;43665
44;59;2021-04-18;1304;520;158748;44185
44;59;2021-04-19;2733;817;161481;45002
44;59;2021-04-20;3440;1102;164921;46104
44;59;2021-04-21;3649;1208;168570;47312
44;64;2020-12-27;0;0;0;0
44;64;2020-12-28;0;0;0;0
44;64;2020-12-29;0;0;0;0
44;64;2020-12-30;0;0;0;0
44;64;2020-12-31;4;0;4;0
44;64;2021-01-01;0;0;4;0
44;64;2021-01-02;0;0;4;0
44;64;2021-01-03;1;0;5;0
44;64;2021-01-04;18;0;23;0
44;64;2021-01-05;112;0;135;0
44;64;2021-01-06;191;0;326;0
44;64;2021-01-07;308;0;634;0
44;64;2021-01-08;429;0;1063;0
44;64;2021-01-09;147;0;1210;0
44;64;2021-01-10;46;0;1256;0
44;64;2021-01-11;400;0;1656;0
44;64;2021-01-12;570;0;2226;0
44;64;2021-01-13;731;0;2957;0
44;64;2021-01-14;808;0;3765;0
44;64;2021-01-15;612;0;4377;0
44;64;2021-01-16;179;3;4556;3
44;64;2021-01-17;57;0;4613;3
44;64;2021-01-18;382;0;4995;3
44;64;2021-01-19;494;1;5489;4
44;64;2021-01-20;563;0;6052;4
44;64;2021-01-21;541;3;6593;7
44;64;2021-01-22;481;0;7074;7
44;64;2021-01-23;205;1;7279;8
44;64;2021-01-24;92;0;7371;8
44;64;2021-01-25;269;43;7640;51
44;64;2021-01-26;220;96;7860;147
44;64;2021-01-27;291;124;8151;271
44;64;2021-01-28;349;192;8500;463
44;64;2021-01-29;258;254;8758;717
44;64;2021-01-30;75;103;8833;820
44;64;2021-01-31;45;36;8878;856
44;64;2021-02-01;228;302;9106;1158
44;64;2021-02-02;238;478;9344;1636
44;64;2021-02-03;205;538;9549;2174
44;64;2021-02-04;259;697;9808;2871
44;64;2021-02-05;224;511;10032;3382
44;64;2021-02-06;58;123;10090;3505
44;64;2021-02-07;15;22;10105;3527
44;64;2021-02-08;137;313;10242;3840
44;64;2021-02-09;226;482;10468;4322
44;64;2021-02-10;244;513;10712;4835
44;64;2021-02-11;268;478;10980;5313
44;64;2021-02-12;261;351;11241;5664
44;64;2021-02-13;83;112;11324;5776
44;64;2021-02-14;57;69;11381;5845
44;64;2021-02-15;164;288;11545;6133
44;64;2021-02-16;168;339;11713;6472
44;64;2021-02-17;189;349;11902;6821
44;64;2021-02-18;296;447;12198;7268
44;64;2021-02-19;229;327;12427;7595
44;64;2021-02-20;110;158;12537;7753
44;64;2021-02-21;34;66;12571;7819
44;64;2021-02-22;199;282;12770;8101
44;64;2021-02-23;306;281;13076;8382
44;64;2021-02-24;535;257;13611;8639
44;64;2021-02-25;1878;304;15489;8943
44;64;2021-02-26;2665;217;18154;9160
44;64;2021-02-27;1671;59;19825;9219
44;64;2021-02-28;143;17;19968;9236
44;64;2021-03-01;595;166;20563;9402
44;64;2021-03-02;1186;211;21749;9613
44;64;2021-03-03;1672;188;23421;9801
44;64;2021-03-04;2156;199;25577;10000
44;64;2021-03-05;2940;159;28517;10159
44;64;2021-03-06;3217;43;31734;10202
44;64;2021-03-07;1347;18;33081;10220
44;64;2021-03-08;794;142;33875;10362
44;64;2021-03-09;1521;136;35396;10498
44;64;2021-03-10;1627;164;37023;10662
44;64;2021-03-11;2366;198;39389;10860
44;64;2021-03-12;3385;179;42774;11039
44;64;2021-03-13;3193;71;45967;11110
44;64;2021-03-14;723;19;46690;11129
44;64;2021-03-15;1032;108;47722;11237
44;64;2021-03-16;745;131;48467;11368
44;64;2021-03-17;719;149;49186;11517
44;64;2021-03-18;908;115;50094;11632
44;64;2021-03-19;2081;130;52175;11762
44;64;2021-03-20;1977;68;54152;11830
44;64;2021-03-21;547;12;54699;11842
44;64;2021-03-22;1153;123;55852;11965
44;64;2021-03-23;2034;172;57886;12137
44;64;2021-03-24;2518;199;60404;12336
44;64;2021-03-25;3457;209;63861;12545
44;64;2021-03-26;3798;198;67659;12743
44;64;2021-03-27;2146;174;69805;12917
44;64;2021-03-28;469;95;70274;13012
44;64;2021-03-29;1504;194;71778;13206
44;64;2021-03-30;2413;252;74191;13458
44;64;2021-03-31;2160;238;76351;13696
44;64;2021-04-01;2554;407;78905;14103
44;64;2021-04-02;1810;273;80715;14376
44;64;2021-04-03;1198;282;81913;14658
44;64;2021-04-04;235;138;82148;14796
44;64;2021-04-05;419;65;82567;14861
44;64;2021-04-06;1291;394;83858;15255
44;64;2021-04-07;1729;438;85587;15693
44;64;2021-04-08;2955;435;88542;16128
44;64;2021-04-09;4653;501;93195;16629
44;64;2021-04-10;2630;676;95825;17305
44;64;2021-04-11;383;446;96208;17751
44;64;2021-04-12;2010;502;98218;18253
44;64;2021-04-13;2983;700;101201;18953
44;64;2021-04-14;3052;660;104253;19613
44;64;2021-04-15;3871;792;108124;20405
44;64;2021-04-16;4957;830;113081;21235
44;64;2021-04-17;3941;597;117022;21832
44;64;2021-04-18;948;425;117970;22257
44;64;2021-04-19;3542;747;121512;23004
44;64;2021-04-20;3946;891;125458;23895
44;64;2021-04-21;4059;917;129517;24812
44;69;2020-12-27;0;0;0;0
44;69;2020-12-28;0;0;0;0
44;69;2020-12-29;0;0;0;0
44;69;2020-12-30;0;0;0;0
44;69;2020-12-31;1;0;1;0
44;69;2021-01-01;0;0;1;0
44;69;2021-01-02;1;0;2;0
44;69;2021-01-03;0;0;2;0
44;69;2021-01-04;11;0;13;0
44;69;2021-01-05;48;0;61;0
44;69;2021-01-06;69;0;130;0
44;69;2021-01-07;153;0;283;0
44;69;2021-01-08;177;0;460;0
44;69;2021-01-09;77;0;537;0
44;69;2021-01-10;33;0;570;0
44;69;2021-01-11;168;0;738;0
44;69;2021-01-12;249;0;987;0
44;69;2021-01-13;344;0;1331;0
44;69;2021-01-14;404;0;1735;0
44;69;2021-01-15;313;0;2048;0
44;69;2021-01-16;120;9;2168;9
44;69;2021-01-17;47;0;2215;9
44;69;2021-01-18;323;1;2538;10
44;69;2021-01-19;396;1;2934;11
44;69;2021-01-20;442;0;3376;11
44;69;2021-01-21;413;1;3789;12
44;69;2021-01-22;400;2;4189;14
44;69;2021-01-23;148;1;4337;15
44;69;2021-01-24;89;2;4426;17
44;69;2021-01-25;270;20;4696;37
44;69;2021-01-26;220;18;4916;55
44;69;2021-01-27;281;58;5197;113
44;69;2021-01-28;349;119;5546;232
44;69;2021-01-29;257;118;5803;350
44;69;2021-01-30;83;62;5886;412
44;69;2021-01-31;33;23;5919;435
44;69;2021-02-01;249;156;6168;591
44;69;2021-02-02;253;205;6421;796
44;69;2021-02-03;219;248;6640;1044
44;69;2021-02-04;288;359;6928;1403
44;69;2021-02-05;296;237;7224;1640
44;69;2021-02-06;56;71;7280;1711
44;69;2021-02-07;20;37;7300;1748
44;69;2021-02-08;172;203;7472;1951
44;69;2021-02-09;253;253;7725;2204
44;69;2021-02-10;206;281;7931;2485
44;69;2021-02-11;307;285;8238;2770
44;69;2021-02-12;312;242;8550;3012
44;69;2021-02-13;123;71;8673;3083
44;69;2021-02-14;91;81;8764;3164
44;69;2021-02-15;155;235;8919;3399
44;69;2021-02-16;181;293;9100;3692
44;69;2021-02-17;203;329;9303;4021
44;69;2021-02-18;309;346;9612;4367
44;69;2021-02-19;228;293;9840;4660
44;69;2021-02-20;114;132;9954;4792
44;69;2021-02-21;38;53;9992;4845
44;69;2021-02-22;212;273;10204;5118
44;69;2021-02-23;301;277;10505;5395
44;69;2021-02-24;345;236;10850;5631
44;69;2021-02-25;410;301;11260;5932
44;69;2021-02-26;466;238;11726;6170
44;69;2021-02-27;292;85;12018;6255
44;69;2021-02-28;140;14;12158;6269
44;69;2021-03-01;348;193;12506;6462
44;69;2021-03-02;470;228;12976;6690
44;69;2021-03-03;739;219;13715;6909
44;69;2021-03-04;1022;267;14737;7176
44;69;2021-03-05;1678;225;16415;7401
44;69;2021-03-06;2750;47;19165;7448
44;69;2021-03-07;2065;16;21230;7464
44;69;2021-03-08;978;197;22208;7661
44;69;2021-03-09;1725;202;23933;7863
44;69;2021-03-10;1910;201;25843;8064
44;69;2021-03-11;2515;325;28358;8389
44;69;2021-03-12;4049;305;32407;8694
44;69;2021-03-13;4121;95;36528;8789
44;69;2021-03-14;1130;39;37658;8828
44;69;2021-03-15;1583;180;39241;9008
44;69;2021-03-16;1385;225;40626;9233
44;69;2021-03-17;1289;200;41915;9433
44;69;2021-03-18;1610;218;43525;9651
44;69;2021-03-19;3166;182;46691;9833
44;69;2021-03-20;2733;80;49424;9913
44;69;2021-03-21;823;10;50247;9923
44;69;2021-03-22;1831;181;52078;10104
44;69;2021-03-23;3162;268;55240;10372
44;69;2021-03-24;3522;295;58762;10667
44;69;2021-03-25;5237;277;63999;10944
44;69;2021-03-26;5650;236;69649;11180
44;69;2021-03-27;2935;233;72584;11413
44;69;2021-03-28;629;152;73213;11565
44;69;2021-03-29;2191;363;75404;11928
44;69;2021-03-30;3779;442;79183;12370
44;69;2021-03-31;3136;421;82319;12791
44;69;2021-04-01;3613;740;85932;13531
44;69;2021-04-02;2708;512;88640;14043
44;69;2021-04-03;1709;531;90349;14574
44;69;2021-04-04;404;240;90753;14814
44;69;2021-04-05;658;108;91411;14922
44;69;2021-04-06;1964;830;93375;15752
44;69;2021-04-07;2482;815;95857;16567
44;69;2021-04-08;4109;801;99966;17368
44;69;2021-04-09;5960;890;105926;18258
44;69;2021-04-10;3375;1048;109301;19306
44;69;2021-04-11;478;735;109779;20041
44;69;2021-04-12;2937;965;112716;21006
44;69;2021-04-13;3871;1371;116587;22377
44;69;2021-04-14;3898;1221;120485;23598
44;69;2021-04-15;4782;1470;125267;25068
44;69;2021-04-16;5514;1554;130781;26622
44;69;2021-04-17;4139;947;134920;27569
44;69;2021-04-18;959;687;135879;28256
44;69;2021-04-19;3775;1275;139654;29531
44;69;2021-04-20;4205;1557;143859;31088
44;69;2021-04-21;4154;1530;148013;32618
44;74;2020-12-27;0;0;0;0
44;74;2020-12-28;0;0;0;0
44;74;2020-12-29;0;0;0;0
44;74;2020-12-30;0;0;0;0
44;74;2020-12-31;0;0;0;0
44;74;2021-01-01;0;0;0;0
44;74;2021-01-02;0;0;0;0
44;74;2021-01-03;0;0;0;0
44;74;2021-01-04;8;0;8;0
44;74;2021-01-05;12;0;20;0
44;74;2021-01-06;33;0;53;0
44;74;2021-01-07;101;0;154;0
44;74;2021-01-08;135;0;289;0
44;74;2021-01-09;62;0;351;0
44;74;2021-01-10;29;0;380;0
44;74;2021-01-11;100;0;480;0
44;74;2021-01-12;226;0;706;0
44;74;2021-01-13;272;0;978;0
44;74;2021-01-14;418;0;1396;0
44;74;2021-01-15;284;0;1680;0
44;74;2021-01-16;119;2;1799;2
44;74;2021-01-17;38;0;1837;2
44;74;2021-01-18;453;0;2290;2
44;74;2021-01-19;573;0;2863;2
44;74;2021-01-20;583;0;3446;2
44;74;2021-01-21;611;0;4057;2
44;74;2021-01-22;504;0;4561;2
44;74;2021-01-23;195;0;4756;2
44;74;2021-01-24;118;1;4874;3
44;74;2021-01-25;350;6;5224;9
44;74;2021-01-26;330;14;5554;23
44;74;2021-01-27;389;43;5943;66
44;74;2021-01-28;492;85;6435;151
44;74;2021-01-29;407;91;6842;242
44;74;2021-01-30;155;42;6997;284
44;74;2021-01-31;58;16;7055;300
44;74;2021-02-01;384;99;7439;399
44;74;2021-02-02;402;199;7841;598
44;74;2021-02-03;360;225;8201;823
44;74;2021-02-04;438;302;8639;1125
44;74;2021-02-05;474;214;9113;1339
44;74;2021-02-06;171;81;9284;1420
44;74;2021-02-07;40;37;9324;1457
44;74;2021-02-08;288;224;9612;1681
44;74;2021-02-09;424;319;10036;2000
44;74;2021-02-10;446;289;10482;2289
44;74;2021-02-11;514;319;10996;2608
44;74;2021-02-12;518;297;11514;2905
44;74;2021-02-13;244;81;11758;2986
44;74;2021-02-14;190;69;11948;3055
44;74;2021-02-15;261;357;12209;3412
44;74;2021-02-16;321;401;12530;3813
44;74;2021-02-17;333;426;12863;4239
44;74;2021-02-18;508;484;13371;4723
44;74;2021-02-19;439;410;13810;5133
44;74;2021-02-20;227;176;14037;5309
44;74;2021-02-21;69;95;14106;5404
44;74;2021-02-22;359;399;14465;5803
44;74;2021-02-23;465;451;14930;6254
44;74;2021-02-24;587;349;15517;6603
44;74;2021-02-25;564;455;16081;7058
44;74;2021-02-26;525;381;16606;7439
44;74;2021-02-27;472;133;17078;7572
44;74;2021-02-28;295;24;17373;7596
44;74;2021-03-01;573;311;17946;7907
44;74;2021-03-02;833;392;18779;8299
44;74;2021-03-03;998;385;19777;8684
44;74;2021-03-04;1226;417;21003;9101
44;74;2021-03-05;2109;392;23112;9493
44;74;2021-03-06;3270;143;26382;9636
44;74;2021-03-07;2472;48;28854;9684
44;74;2021-03-08;1327;342;30181;10026
44;74;2021-03-09;2187;362;32368;10388
44;74;2021-03-10;2538;404;34906;10792
44;74;2021-03-11;3199;544;38105;11336
44;74;2021-03-12;4842;510;42947;11846
44;74;2021-03-13;4826;177;47773;12023
44;74;2021-03-14;1390;75;49163;12098
44;74;2021-03-15;2170;308;51333;12406
44;74;2021-03-16;2008;383;53341;12789
44;74;2021-03-17;2233;395;55574;13184
44;74;2021-03-18;2486;377;58060;13561
44;74;2021-03-19;3888;339;61948;13900
44;74;2021-03-20;3234;182;65182;14082
44;74;2021-03-21;1081;37;66263;14119
44;74;2021-03-22;2598;352;68861;14471
44;74;2021-03-23;3951;445;72812;14916
44;74;2021-03-24;4648;490;77460;15406
44;74;2021-03-25;6469;516;83929;15922
44;74;2021-03-26;6986;470;90915;16392
44;74;2021-03-27;3607;487;94522;16879
44;74;2021-03-28;1059;319;95581;17198
44;74;2021-03-29;3642;678;99223;17876
44;74;2021-03-30;5546;850;104769;18726
44;74;2021-03-31;4930;883;109699;19609
44;74;2021-04-01;5733;1354;115432;20963
44;74;2021-04-02;3941;1007;119373;21970
44;74;2021-04-03;2695;972;122068;22942
44;74;2021-04-04;1155;393;123223;23335
44;74;2021-04-05;1659;216;124882;23551
44;74;2021-04-06;3717;1509;128599;25060
44;74;2021-04-07;4541;1551;133140;26611
44;74;2021-04-08;6097;1498;139237;28109
44;74;2021-04-09;7032;1548;146269;29657
44;74;2021-04-10;4152;1603;150421;31260
44;74;2021-04-11;786;983;151207;32243
44;74;2021-04-12;4301;1574;155508;33817
44;74;2021-04-13;4641;2072;160149;35889
44;74;2021-04-14;4643;2030;164792;37919
44;74;2021-04-15;4920;2179;169712;40098
44;74;2021-04-16;4211;2380;173923;42478
44;74;2021-04-17;3143;1430;177066;43908
44;74;2021-04-18;749;970;177815;44878
44;74;2021-04-19;2532;1983;180347;46861
44;74;2021-04-20;2784;2531;183131;49392
44;74;2021-04-21;2857;2398;185988;51790
44;79;2020-12-27;0;0;0;0
44;79;2020-12-28;0;0;0;0
44;79;2020-12-29;0;0;0;0
44;79;2020-12-30;0;0;0;0
44;79;2020-12-31;0;0;0;0
44;79;2021-01-01;0;0;0;0
44;79;2021-01-02;0;0;0;0
44;79;2021-01-03;0;0;0;0
44;79;2021-01-04;8;0;8;0
44;79;2021-01-05;10;0;18;0
44;79;2021-01-06;8;0;26;0
44;79;2021-01-07;78;0;104;0
44;79;2021-01-08;54;0;158;0
44;79;2021-01-09;22;0;180;0
44;79;2021-01-10;2;0;182;0
44;79;2021-01-11;77;0;259;0
44;79;2021-01-12;222;0;481;0
44;79;2021-01-13;533;0;1014;0
44;79;2021-01-14;856;0;1870;0
44;79;2021-01-15;686;0;2556;0
44;79;2021-01-16;290;13;2846;13
44;79;2021-01-17;107;0;2953;13
44;79;2021-01-18;1914;1;4867;14
44;79;2021-01-19;2357;4;7224;18
44;79;2021-01-20;2515;1;9739;19
44;79;2021-01-21;2499;1;12238;20
44;79;2021-01-22;2219;1;14457;21
44;79;2021-01-23;794;0;15251;21
44;79;2021-01-24;270;1;15521;22
44;79;2021-01-25;1605;3;17126;25
44;79;2021-01-26;1410;7;18536;32
44;79;2021-01-27;1617;19;20153;51
44;79;2021-01-28;1801;60;21954;111
44;79;2021-01-29;1716;53;23670;164
44;79;2021-01-30;722;19;24392;183
44;79;2021-01-31;205;1;24597;184
44;79;2021-02-01;1391;75;25988;259
44;79;2021-02-02;1463;190;27451;449
44;79;2021-02-03;1469;397;28920;846
44;79;2021-02-04;1559;592;30479;1438
44;79;2021-02-05;1614;427;32093;1865
44;79;2021-02-06;519;175;32612;2040
44;79;2021-02-07;124;85;32736;2125
44;79;2021-02-08;942;573;33678;2698
44;79;2021-02-09;1210;592;34888;3290
44;79;2021-02-10;1256;673;36144;3963
44;79;2021-02-11;1372;728;37516;4691
44;79;2021-02-12;1425;760;38941;5451
44;79;2021-02-13;638;255;39579;5706
44;79;2021-02-14;414;151;39993;5857
44;79;2021-02-15;674;1742;40667;7599
44;79;2021-02-16;664;2077;41331;9676
44;79;2021-02-17;653;1999;41984;11675
44;79;2021-02-18;850;1929;42834;13604
44;79;2021-02-19;878;1709;43712;15313
44;79;2021-02-20;478;702;44190;16015
44;79;2021-02-21;88;225;44278;16240
44;79;2021-02-22;786;1794;45064;18034
44;79;2021-02-23;945;1689;46009;19723
44;79;2021-02-24;882;1515;46891;21238
44;79;2021-02-25;991;1700;47882;22938
44;79;2021-02-26;1077;1519;48959;24457
44;79;2021-02-27;922;622;49881;25079
44;79;2021-02-28;520;149;50401;25228
44;79;2021-03-01;1161;1282;51562;26510
44;79;2021-03-02;1617;1412;53179;27922
44;79;2021-03-03;1653;1518;54832;29440
44;79;2021-03-04;1671;1511;56503;30951
44;79;2021-03-05;2029;1426;58532;32377
44;79;2021-03-06;2364;528;60896;32905
44;79;2021-03-07;1399;170;62295;33075
44;79;2021-03-08;1478;1181;63773;34256
44;79;2021-03-09;2299;1326;66072;35582
44;79;2021-03-10;2527;1257;68599;36839
44;79;2021-03-11;2672;1224;71271;38063
44;79;2021-03-12;2856;1236;74127;39299
44;79;2021-03-13;2181;500;76308;39799
44;79;2021-03-14;759;185;77067;39984
44;79;2021-03-15;2261;698;79328;40682
44;79;2021-03-16;2526;642;81854;41324
44;79;2021-03-17;2814;681;84668;42005
44;79;2021-03-18;2853;733;87521;42738
44;79;2021-03-19;3054;769;90575;43507
44;79;2021-03-20;1708;389;92283;43896
44;79;2021-03-21;429;55;92712;43951
44;79;2021-03-22;1963;863;94675;44814
44;79;2021-03-23;2654;915;97329;45729
44;79;2021-03-24;2651;917;99980;46646
44;79;2021-03-25;2921;918;102901;47564
44;79;2021-03-26;2866;935;105767;48499
44;79;2021-03-27;1358;998;107125;49497
44;79;2021-03-28;260;529;107385;50026
44;79;2021-03-29;1498;1358;108883;51384
44;79;2021-03-30;1918;1715;110801;53099
44;79;2021-03-31;1864;1777;112665;54876
44;79;2021-04-01;1811;2216;114476;57092
44;79;2021-04-02;1001;1620;115477;58712
44;79;2021-04-03;773;1522;116250;60234
44;79;2021-04-04;176;364;116426;60598
44;79;2021-04-05;219;278;116645;60876
44;79;2021-04-06;1014;2542;117659;63418
44;79;2021-04-07;1289;2440;118948;65858
44;79;2021-04-08;1615;2445;120563;68303
44;79;2021-04-09;1750;2395;122313;70698
44;79;2021-04-10;1126;1738;123439;72436
44;79;2021-04-11;201;658;123640;73094
44;79;2021-04-12;1080;2271;124720;75365
44;79;2021-04-13;1205;2628;125925;77993
44;79;2021-04-14;1356;2506;127281;80499
44;79;2021-04-15;1292;2660;128573;83159
44;79;2021-04-16;1262;2511;129835;85670
44;79;2021-04-17;954;1327;130789;86997
44;79;2021-04-18;225;429;131014;87426
44;79;2021-04-19;698;2085;131712;89511
44;79;2021-04-20;790;2293;132502;91804
44;79;2021-04-21;897;2298;133399;94102
44;80;2020-12-27;0;0;0;0
44;80;2020-12-28;0;0;0;0
44;80;2020-12-29;0;0;0;0
44;80;2020-12-30;0;0;0;0
44;80;2020-12-31;1;0;1;0
44;80;2021-01-01;0;0;1;0
44;80;2021-01-02;0;0;1;0
44;80;2021-01-03;1;0;2;0
44;80;2021-01-04;41;0;43;0
44;80;2021-01-05;58;0;101;0
44;80;2021-01-06;35;0;136;0
44;80;2021-01-07;449;0;585;0
44;80;2021-01-08;545;0;1130;0
44;80;2021-01-09;196;0;1326;0
44;80;2021-01-10;4;0;1330;0
44;80;2021-01-11;313;0;1643;0
44;80;2021-01-12;1154;0;2797;0
44;80;2021-01-13;2299;0;5096;0
44;80;2021-01-14;3186;0;8282;0
44;80;2021-01-15;1415;0;9697;0
44;80;2021-01-16;586;23;10283;23
44;80;2021-01-17;431;1;10714;24
44;80;2021-01-18;3576;1;14290;25
44;80;2021-01-19;4167;2;18457;27
44;80;2021-01-20;4328;4;22785;31
44;80;2021-01-21;4755;0;27540;31
44;80;2021-01-22;3732;0;31272;31
44;80;2021-01-23;1286;0;32558;31
44;80;2021-01-24;793;1;33351;32
44;80;2021-01-25;2879;10;36230;42
44;80;2021-01-26;2423;32;38653;74
44;80;2021-01-27;3425;49;42078;123
44;80;2021-01-28;3947;406;46025;529
44;80;2021-01-29;2813;416;48838;945
44;80;2021-01-30;1246;136;50084;1081
44;80;2021-01-31;714;2;50798;1083
44;80;2021-02-01;3171;308;53969;1391
44;80;2021-02-02;2563;1193;56532;2584
44;80;2021-02-03;2409;1771;58941;4355
44;80;2021-02-04;2670;2744;61611;7099
44;80;2021-02-05;2600;1116;64211;8215
44;80;2021-02-06;889;416;65100;8631
44;80;2021-02-07;148;377;65248;9008
44;80;2021-02-08;1556;1667;66804;10675
44;80;2021-02-09;1997;1950;68801;12625
44;80;2021-02-10;2167;1948;70968;14573
44;80;2021-02-11;2380;2503;73348;17076
44;80;2021-02-12;2414;1653;75762;18729
44;80;2021-02-13;1006;362;76768;19091
44;80;2021-02-14;721;567;77489;19658
44;80;2021-02-15;1219;2710;78708;22368
44;80;2021-02-16;1327;2804;80035;25172
44;80;2021-02-17;1256;3611;81291;28783
44;80;2021-02-18;1540;3946;82831;32729
44;80;2021-02-19;1512;2640;84343;35369
44;80;2021-02-20;737;1299;85080;36668
44;80;2021-02-21;167;708;85247;37376
44;80;2021-02-22;1353;3407;86600;40783
44;80;2021-02-23;1542;2822;88142;43605
44;80;2021-02-24;1705;2470;89847;46075
44;80;2021-02-25;1864;2796;91711;48871
44;80;2021-02-26;1852;2338;93563;51209
44;80;2021-02-27;1593;1007;95156;52216
44;80;2021-02-28;714;196;95870;52412
44;80;2021-03-01;1798;1986;97668;54398
44;80;2021-03-02;2832;2132;100500;56530
44;80;2021-03-03;2862;2342;103362;58872
44;80;2021-03-04;3009;2523;106371;61395
44;80;2021-03-05;3238;2190;109609;63585
44;80;2021-03-06;3362;807;112971;64392
44;80;2021-03-07;2099;232;115070;64624
44;80;2021-03-08;2642;1853;117712;66477
44;80;2021-03-09;3713;1886;121425;68363
44;80;2021-03-10;4162;2102;125587;70465
44;80;2021-03-11;4528;2236;130115;72701
44;80;2021-03-12;4663;2018;134778;74719
44;80;2021-03-13;3359;875;138137;75594
44;80;2021-03-14;1162;316;139299;75910
44;80;2021-03-15;3372;1300;142671;77210
44;80;2021-03-16;4079;1361;146750;78571
44;80;2021-03-17;4711;1112;151461;79683
44;80;2021-03-18;4721;1257;156182;80940
44;80;2021-03-19;4908;1259;161090;82199
44;80;2021-03-20;2457;602;163547;82801
44;80;2021-03-21;657;85;164204;82886
44;80;2021-03-22;2877;1296;167081;84182
44;80;2021-03-23;4026;1548;171107;85730
44;80;2021-03-24;4362;1633;175469;87363
44;80;2021-03-25;4687;1591;180156;88954
44;80;2021-03-26;4510;1711;184666;90665
44;80;2021-03-27;2153;1715;186819;92380
44;80;2021-03-28;387;746;187206;93126
44;80;2021-03-29;2413;2155;189619;95281
44;80;2021-03-30;2984;2934;192603;98215
44;80;2021-03-31;2986;3227;195589;101442
44;80;2021-04-01;3526;3589;199115;105031
44;80;2021-04-02;2144;2758;201259;107789
44;80;2021-04-03;1135;2279;202394;110068
44;80;2021-04-04;265;618;202659;110686
44;80;2021-04-05;298;430;202957;111116
44;80;2021-04-06;1558;4040;204515;115156
44;80;2021-04-07;2181;4442;206696;119598
44;80;2021-04-08;2909;4291;209605;123889
44;80;2021-04-09;3154;4084;212759;127973
44;80;2021-04-10;1652;2682;214411;130655
44;80;2021-04-11;271;1058;214682;131713
44;80;2021-04-12;1543;3519;216225;135232
44;80;2021-04-13;2025;4027;218250;139259
44;80;2021-04-14;2408;4262;220658;143521
44;80;2021-04-15;2225;4308;222883;147829
44;80;2021-04-16;2167;4149;225050;151978
44;80;2021-04-17;1432;2042;226482;154020
44;80;2021-04-18;327;659;226809;154679
44;80;2021-04-19;969;2971;227778;157650
44;80;2021-04-20;1180;3588;228958;161238
44;80;2021-04-21;1460;3819;230418;165057
52;24;2020-12-27;0;0;0;0
52;24;2020-12-28;0;0;0;0
52;24;2020-12-29;0;0;0;0
52;24;2020-12-30;0;0;0;0
52;24;2020-12-31;0;0;0;0
52;24;2021-01-01;0;0;0;0
52;24;2021-01-02;0;0;0;0
52;24;2021-01-03;0;0;0;0
52;24;2021-01-04;0;0;0;0
52;24;2021-01-05;0;0;0;0
52;24;2021-01-06;1;0;1;0
52;24;2021-01-07;2;0;3;0
52;24;2021-01-08;5;0;8;0
52;24;2021-01-09;1;0;9;0
52;24;2021-01-10;0;0;9;0
52;24;2021-01-11;10;0;19;0
52;24;2021-01-12;9;0;28;0
52;24;2021-01-13;8;0;36;0
52;24;2021-01-14;11;0;47;0
52;24;2021-01-15;4;0;51;0
52;24;2021-01-16;2;0;53;0
52;24;2021-01-17;7;0;60;0
52;24;2021-01-18;8;0;68;0
52;24;2021-01-19;15;0;83;0
52;24;2021-01-20;24;0;107;0
52;24;2021-01-21;55;0;162;0
52;24;2021-01-22;42;1;204;1
52;24;2021-01-23;1;0;205;1
52;24;2021-01-24;0;0;205;1
52;24;2021-01-25;7;0;212;1
52;24;2021-01-26;27;0;239;1
52;24;2021-01-27;44;0;283;1
52;24;2021-01-28;60;0;343;1
52;24;2021-01-29;43;0;386;1
52;24;2021-01-30;8;0;394;1
52;24;2021-01-31;0;1;394;2
52;24;2021-02-01;3;5;397;7
52;24;2021-02-02;2;5;399;12
52;24;2021-02-03;2;5;401;17
52;24;2021-02-04;4;7;405;24
52;24;2021-02-05;12;6;417;30
52;24;2021-02-06;0;1;417;31
52;24;2021-02-07;17;0;434;31
52;24;2021-02-08;14;8;448;39
52;24;2021-02-09;29;17;477;56
52;24;2021-02-10;55;19;532;75
52;24;2021-02-11;111;54;643;129
52;24;2021-02-12;80;30;723;159
52;24;2021-02-13;7;0;730;159
52;24;2021-02-14;0;0;730;159
52;24;2021-02-15;48;7;778;166
52;24;2021-02-16;125;38;903;204
52;24;2021-02-17;141;35;1044;239
52;24;2021-02-18;181;53;1225;292
52;24;2021-02-19;149;41;1374;333
52;24;2021-02-20;33;1;1407;334
52;24;2021-02-21;0;2;1407;336
52;24;2021-02-22;84;4;1491;340
52;24;2021-02-23;165;3;1656;343
52;24;2021-02-24;127;4;1783;347
52;24;2021-02-25;160;1;1943;348
52;24;2021-02-26;134;7;2077;355
52;24;2021-02-27;10;5;2087;360
52;24;2021-02-28;6;0;2093;360
52;24;2021-03-01;116;3;2209;363
52;24;2021-03-02;162;17;2371;380
52;24;2021-03-03;139;15;2510;395
52;24;2021-03-04;142;60;2652;455
52;24;2021-03-05;225;39;2877;494
52;24;2021-03-06;87;3;2964;497
52;24;2021-03-07;60;0;3024;497
52;24;2021-03-08;126;5;3150;502
52;24;2021-03-09;177;28;3327;530
52;24;2021-03-10;190;37;3517;567
52;24;2021-03-11;228;68;3745;635
52;24;2021-03-12;247;45;3992;680
52;24;2021-03-13;29;0;4021;680
52;24;2021-03-14;0;0;4021;680
52;24;2021-03-15;111;3;4132;683
52;24;2021-03-16;68;20;4200;703
52;24;2021-03-17;74;41;4274;744
52;24;2021-03-18;132;15;4406;759
52;24;2021-03-19;138;15;4544;774
52;24;2021-03-20;27;3;4571;777
52;24;2021-03-21;35;0;4606;777
52;24;2021-03-22;66;12;4672;789
52;24;2021-03-23;106;23;4778;812
52;24;2021-03-24;141;5;4919;817
52;24;2021-03-25;143;6;5062;823
52;24;2021-03-26;138;19;5200;842
52;24;2021-03-27;67;2;5267;844
52;24;2021-03-28;48;1;5315;845
52;24;2021-03-29;134;7;5449;852
52;24;2021-03-30;210;16;5659;868
52;24;2021-03-31;310;10;5969;878
52;24;2021-04-01;335;21;6304;899
52;24;2021-04-02;276;11;6580;910
52;24;2021-04-03;29;5;6609;915
52;24;2021-04-04;4;0;6613;915
52;24;2021-04-05;8;1;6621;916
52;24;2021-04-06;205;24;6826;940
52;24;2021-04-07;303;26;7129;966
52;24;2021-04-08;405;34;7534;1000
52;24;2021-04-09;402;23;7936;1023
52;24;2021-04-10;60;6;7996;1029
52;24;2021-04-11;38;1;8034;1030
52;24;2021-04-12;218;15;8252;1045
52;24;2021-04-13;284;65;8536;1110
52;24;2021-04-14;267;67;8803;1177
52;24;2021-04-15;215;116;9018;1293
52;24;2021-04-16;186;98;9204;1391
52;24;2021-04-17;83;18;9287;1409
52;24;2021-04-18;24;6;9311;1415
52;24;2021-04-19;109;63;9420;1478
52;24;2021-04-20;152;114;9572;1592
52;24;2021-04-21;155;186;9727;1778
52;29;2020-12-27;0;0;0;0
52;29;2020-12-28;0;0;0;0
52;29;2020-12-29;0;0;0;0
52;29;2020-12-30;0;0;0;0
52;29;2020-12-31;0;0;0;0
52;29;2021-01-01;0;0;0;0
52;29;2021-01-02;0;0;0;0
52;29;2021-01-03;0;0;0;0
52;29;2021-01-04;0;0;0;0
52;29;2021-01-05;0;0;0;0
52;29;2021-01-06;1;0;1;0
52;29;2021-01-07;11;0;12;0
52;29;2021-01-08;18;0;30;0
52;29;2021-01-09;13;0;43;0
52;29;2021-01-10;2;0;45;0
52;29;2021-01-11;28;0;73;0
52;29;2021-01-12;12;0;85;0
52;29;2021-01-13;18;0;103;0
52;29;2021-01-14;24;0;127;0
52;29;2021-01-15;21;0;148;0
52;29;2021-01-16;6;0;154;0
52;29;2021-01-17;11;0;165;0
52;29;2021-01-18;21;0;186;0
52;29;2021-01-19;32;0;218;0
52;29;2021-01-20;49;0;267;0
52;29;2021-01-21;79;0;346;0
52;29;2021-01-22;51;0;397;0
52;29;2021-01-23;4;0;401;0
52;29;2021-01-24;0;0;401;0
52;29;2021-01-25;15;0;416;0
52;29;2021-01-26;43;1;459;1
52;29;2021-01-27;33;0;492;1
52;29;2021-01-28;84;1;576;2
52;29;2021-01-29;49;4;625;6
52;29;2021-01-30;5;4;630;10
52;29;2021-01-31;0;1;630;11
52;29;2021-02-01;11;6;641;17
52;29;2021-02-02;6;7;647;24
52;29;2021-02-03;9;13;656;37
52;29;2021-02-04;3;18;659;55
52;29;2021-02-05;8;20;667;75
52;29;2021-02-06;6;5;673;80
52;29;2021-02-07;26;1;699;81
52;29;2021-02-08;25;30;724;111
52;29;2021-02-09;51;29;775;140
52;29;2021-02-10;82;40;857;180
52;29;2021-02-11;187;69;1044;249
52;29;2021-02-12;117;49;1161;298
52;29;2021-02-13;32;8;1193;306
52;29;2021-02-14;0;5;1193;311
52;29;2021-02-15;100;17;1293;328
52;29;2021-02-16;186;61;1479;389
52;29;2021-02-17;170;59;1649;448
52;29;2021-02-18;281;74;1930;522
52;29;2021-02-19;226;46;2156;568
52;29;2021-02-20;39;2;2195;570
52;29;2021-02-21;0;0;2195;570
52;29;2021-02-22;105;12;2300;582
52;29;2021-02-23;168;12;2468;594
52;29;2021-02-24;136;7;2604;601
52;29;2021-02-25;198;11;2802;612
52;29;2021-02-26;163;8;2965;620
52;29;2021-02-27;17;1;2982;621
52;29;2021-02-28;7;0;2989;621
52;29;2021-03-01;64;3;3053;624
52;29;2021-03-02;133;19;3186;643
52;29;2021-03-03;115;29;3301;672
52;29;2021-03-04;142;89;3443;761
52;29;2021-03-05;179;53;3622;814
52;29;2021-03-06;84;4;3706;818
52;29;2021-03-07;66;1;3772;819
52;29;2021-03-08;125;12;3897;831
52;29;2021-03-09;177;36;4074;867
52;29;2021-03-10;184;41;4258;908
52;29;2021-03-11;230;81;4488;989
52;29;2021-03-12;247;65;4735;1054
52;29;2021-03-13;36;3;4771;1057
52;29;2021-03-14;2;1;4773;1058
52;29;2021-03-15;107;20;4880;1078
52;29;2021-03-16;72;26;4952;1104
52;29;2021-03-17;80;45;5032;1149
52;29;2021-03-18;144;28;5176;1177
52;29;2021-03-19;169;15;5345;1192
52;29;2021-03-20;50;6;5395;1198
52;29;2021-03-21;11;0;5406;1198
52;29;2021-03-22;74;18;5480;1216
52;29;2021-03-23;82;41;5562;1257
52;29;2021-03-24;140;11;5702;1268
52;29;2021-03-25;144;19;5846;1287
52;29;2021-03-26;175;24;6021;1311
52;29;2021-03-27;106;4;6127;1315
52;29;2021-03-28;60;1;6187;1316
52;29;2021-03-29;118;6;6305;1322
52;29;2021-03-30;171;24;6476;1346
52;29;2021-03-31;272;15;6748;1361
52;29;2021-04-01;349;25;7097;1386
52;29;2021-04-02;302;33;7399;1419
52;29;2021-04-03;31;1;7430;1420
52;29;2021-04-04;10;0;7440;1420
52;29;2021-04-05;11;1;7451;1421
52;29;2021-04-06;180;36;7631;1457
52;29;2021-04-07;234;37;7865;1494
52;29;2021-04-08;333;52;8198;1546
52;29;2021-04-09;423;27;8621;1573
52;29;2021-04-10;116;5;8737;1578
52;29;2021-04-11;88;1;8825;1579
52;29;2021-04-12;243;15;9068;1594
52;29;2021-04-13;287;55;9355;1649
52;29;2021-04-14;244;71;9599;1720
52;29;2021-04-15;252;125;9851;1845
52;29;2021-04-16;207;129;10058;1974
52;29;2021-04-17;89;33;10147;2007
52;29;2021-04-18;12;3;10159;2010
52;29;2021-04-19;137;71;10296;2081
52;29;2021-04-20;178;104;10474;2185
52;29;2021-04-21;130;193;10604;2378
52;39;2020-12-27;0;0;0;0
52;39;2020-12-28;0;0;0;0
52;39;2020-12-29;0;0;0;0
52;39;2020-12-30;0;0;0;0
52;39;2020-12-31;0;0;0;0
52;39;2021-01-01;0;0;0;0
52;39;2021-01-02;0;0;0;0
52;39;2021-01-03;0;0;0;0
52;39;2021-01-04;0;0;0;0
52;39;2021-01-05;0;0;0;0
52;39;2021-01-06;5;0;5;0
52;39;2021-01-07;53;0;58;0
52;39;2021-01-08;63;0;121;0
52;39;2021-01-09;24;0;145;0
52;39;2021-01-10;24;0;169;0
52;39;2021-01-11;66;0;235;0
52;39;2021-01-12;73;0;308;0
52;39;2021-01-13;72;0;380;0
52;39;2021-01-14;131;0;511;0
52;39;2021-01-15;121;0;632;0
52;39;2021-01-16;29;1;661;1
52;39;2021-01-17;47;0;708;1
52;39;2021-01-18;74;0;782;1
52;39;2021-01-19;142;0;924;1
52;39;2021-01-20;153;0;1077;1
52;39;2021-01-21;330;0;1407;1
52;39;2021-01-22;218;0;1625;1
52;39;2021-01-23;15;0;1640;1
52;39;2021-01-24;5;0;1645;1
52;39;2021-01-25;31;0;1676;1
52;39;2021-01-26;139;0;1815;1
52;39;2021-01-27;149;0;1964;1
52;39;2021-01-28;270;12;2234;13
52;39;2021-01-29;210;20;2444;33
52;39;2021-01-30;13;4;2457;37
52;39;2021-01-31;2;11;2459;48
52;39;2021-02-01;26;32;2485;80
52;39;2021-02-02;34;38;2519;118
52;39;2021-02-03;33;54;2552;172
52;39;2021-02-04;38;75;2590;247
52;39;2021-02-05;31;86;2621;333
52;39;2021-02-06;21;27;2642;360
52;39;2021-02-07;47;9;2689;369
52;39;2021-02-08;61;84;2750;453
52;39;2021-02-09;168;115;2918;568
52;39;2021-02-10;220;122;3138;690
52;39;2021-02-11;581;361;3719;1051
52;39;2021-02-12;356;208;4075;1259
52;39;2021-02-13;143;20;4218;1279
52;39;2021-02-14;4;9;4222;1288
52;39;2021-02-15;220;59;4442;1347
52;39;2021-02-16;512;196;4954;1543
52;39;2021-02-17;380;177;5334;1720
52;39;2021-02-18;670;301;6004;2021
52;39;2021-02-19;628;211;6632;2232
52;39;2021-02-20;109;11;6741;2243
52;39;2021-02-21;1;3;6742;2246
52;39;2021-02-22;240;32;6982;2278
52;39;2021-02-23;297;26;7279;2304
52;39;2021-02-24;236;25;7515;2329
52;39;2021-02-25;365;35;7880;2364
52;39;2021-02-26;366;35;8246;2399
52;39;2021-02-27;46;11;8292;2410
52;39;2021-02-28;5;0;8297;2410
52;39;2021-03-01;163;28;8460;2438
52;39;2021-03-02;228;61;8688;2499
52;39;2021-03-03;217;85;8905;2584
52;39;2021-03-04;360;262;9265;2846
52;39;2021-03-05;396;192;9661;3038
52;39;2021-03-06;265;26;9926;3064
52;39;2021-03-07;197;0;10123;3064
52;39;2021-03-08;319;30;10442;3094
52;39;2021-03-09;508;109;10950;3203
52;39;2021-03-10;441;120;11391;3323
52;39;2021-03-11;639;291;12030;3614
52;39;2021-03-12;711;177;12741;3791
52;39;2021-03-13;160;17;12901;3808
52;39;2021-03-14;7;1;12908;3809
52;39;2021-03-15;281;71;13189;3880
52;39;2021-03-16;218;92;13407;3972
52;39;2021-03-17;204;94;13611;4066
52;39;2021-03-18;377;84;13988;4150
52;39;2021-03-19;502;63;14490;4213
52;39;2021-03-20;123;7;14613;4220
52;39;2021-03-21;44;1;14657;4221
52;39;2021-03-22;225;50;14882;4271
52;39;2021-03-23;327;99;15209;4370
52;39;2021-03-24;341;31;15550;4401
52;39;2021-03-25;419;58;15969;4459
52;39;2021-03-26;500;61;16469;4520
52;39;2021-03-27;287;5;16756;4525
52;39;2021-03-28;159;1;16915;4526
52;39;2021-03-29;291;36;17206;4562
52;39;2021-03-30;474;65;17680;4627
52;39;2021-03-31;608;35;18288;4662
52;39;2021-04-01;889;98;19177;4760
52;39;2021-04-02;740;60;19917;4820
52;39;2021-04-03;104;10;20021;4830
52;39;2021-04-04;41;3;20062;4833
52;39;2021-04-05;53;2;20115;4835
52;39;2021-04-06;462;130;20577;4965
52;39;2021-04-07;658;111;21235;5076
52;39;2021-04-08;944;144;22179;5220
52;39;2021-04-09;1034;119;23213;5339
52;39;2021-04-10;292;17;23505;5356
52;39;2021-04-11;136;3;23641;5359
52;39;2021-04-12;575;87;24216;5446
52;39;2021-04-13;726;197;24942;5643
52;39;2021-04-14;570;172;25512;5815
52;39;2021-04-15;652;365;26164;6180
52;39;2021-04-16;588;352;26752;6532
52;39;2021-04-17;196;83;26948;6615
52;39;2021-04-18;76;14;27024;6629
52;39;2021-04-19;364;218;27388;6847
52;39;2021-04-20;452;329;27840;7176
52;39;2021-04-21;419;465;28259;7641
52;49;2020-12-27;0;0;0;0
52;49;2020-12-28;0;0;0;0
52;49;2020-12-29;0;0;0;0
52;49;2020-12-30;0;0;0;0
52;49;2020-12-31;0;0;0;0
52;49;2021-01-01;0;0;0;0
52;49;2021-01-02;0;0;0;0
52;49;2021-01-03;0;0;0;0
52;49;2021-01-04;2;0;2;0
52;49;2021-01-05;1;0;3;0
52;49;2021-01-06;12;0;15;0
52;49;2021-01-07;112;0;127;0
52;49;2021-01-08;137;0;264;0
52;49;2021-01-09;62;0;326;0
52;49;2021-01-10;44;0;370;0
52;49;2021-01-11;221;0;591;0
52;49;2021-01-12;208;0;799;0
52;49;2021-01-13;228;0;1027;0
52;49;2021-01-14;299;0;1326;0
52;49;2021-01-15;257;0;1583;0
52;49;2021-01-16;82;3;1665;3
52;49;2021-01-17;45;0;1710;3
52;49;2021-01-18;186;0;1896;3
52;49;2021-01-19;374;0;2270;3
52;49;2021-01-20;366;1;2636;4
52;49;2021-01-21;640;0;3276;4
52;49;2021-01-22;344;2;3620;6
52;49;2021-01-23;24;0;3644;6
52;49;2021-01-24;5;0;3649;6
52;49;2021-01-25;71;0;3720;6
52;49;2021-01-26;252;2;3972;8
52;49;2021-01-27;299;5;4271;13
52;49;2021-01-28;432;35;4703;48
52;49;2021-01-29;301;76;5004;124
52;49;2021-01-30;31;22;5035;146
52;49;2021-01-31;4;15;5039;161
52;49;2021-02-01;64;98;5103;259
52;49;2021-02-02;80;122;5183;381
52;49;2021-02-03;75;154;5258;535
52;49;2021-02-04;84;177;5342;712
52;49;2021-02-05;97;213;5439;925
52;49;2021-02-06;25;41;5464;966
52;49;2021-02-07;38;12;5502;978
52;49;2021-02-08;87;181;5589;1159
52;49;2021-02-09;264;286;5853;1445
52;49;2021-02-10;296;289;6149;1734
52;49;2021-02-11;809;630;6958;2364
52;49;2021-02-12;535;359;7493;2723
52;49;2021-02-13;192;61;7685;2784
52;49;2021-02-14;2;14;7687;2798
52;49;2021-02-15;296;159;7983;2957
52;49;2021-02-16;670;424;8653;3381
52;49;2021-02-17;439;369;9092;3750
52;49;2021-02-18;788;468;9880;4218
52;49;2021-02-19;773;354;10653;4572
52;49;2021-02-20;106;27;10759;4599
52;49;2021-02-21;3;6;10762;4605
52;49;2021-02-22;263;82;11025;4687
52;49;2021-02-23;380;96;11405;4783
52;49;2021-02-24;354;64;11759;4847
52;49;2021-02-25;500;68;12259;4915
52;49;2021-02-26;548;75;12807;4990
52;49;2021-02-27;92;17;12899;5007
52;49;2021-02-28;5;2;12904;5009
52;49;2021-03-01;208;32;13112;5041
52;49;2021-03-02;319;141;13431;5182
52;49;2021-03-03;267;138;13698;5320
52;49;2021-03-04;458;400;14156;5720
52;49;2021-03-05;536;273;14692;5993
52;49;2021-03-06;382;34;15074;6027
52;49;2021-03-07;215;4;15289;6031
52;49;2021-03-08;356;59;15645;6090
52;49;2021-03-09;665;170;16310;6260
52;49;2021-03-10;603;176;16913;6436
52;49;2021-03-11;836;341;17749;6777
52;49;2021-03-12;892;209;18641;6986
52;49;2021-03-13;271;25;18912;7011
52;49;2021-03-14;13;1;18925;7012
52;49;2021-03-15;399;70;19324;7082
52;49;2021-03-16;265;163;19589;7245
52;49;2021-03-17;266;130;19855;7375
52;49;2021-03-18;479;137;20334;7512
52;49;2021-03-19;651;77;20985;7589
52;49;2021-03-20;210;13;21195;7602
52;49;2021-03-21;80;2;21275;7604
52;49;2021-03-22;287;46;21562;7650
52;49;2021-03-23;447;129;22009;7779
52;49;2021-03-24;470;62;22479;7841
52;49;2021-03-25;601;90;23080;7931
52;49;2021-03-26;693;124;23773;8055
52;49;2021-03-27;341;17;24114;8072
52;49;2021-03-28;165;4;24279;8076
52;49;2021-03-29;410;75;24689;8151
52;49;2021-03-30;596;99;25285;8250
52;49;2021-03-31;758;64;26043;8314
52;49;2021-04-01;1082;139;27125;8453
52;49;2021-04-02;883;83;28008;8536
52;49;2021-04-03;143;19;28151;8555
52;49;2021-04-04;51;1;28202;8556
52;49;2021-04-05;60;7;28262;8563
52;49;2021-04-06;576;197;28838;8760
52;49;2021-04-07;788;165;29626;8925
52;49;2021-04-08;1087;215;30713;9140
52;49;2021-04-09;1231;179;31944;9319
52;49;2021-04-10;350;33;32294;9352
52;49;2021-04-11;159;8;32453;9360
52;49;2021-04-12;839;111;33292;9471
52;49;2021-04-13;986;255;34278;9726
52;49;2021-04-14;876;250;35154;9976
52;49;2021-04-15;808;451;35962;10427
52;49;2021-04-16;738;481;36700;10908
52;49;2021-04-17;274;132;36974;11040
52;49;2021-04-18;107;34;37081;11074
52;49;2021-04-19;512;257;37593;11331
52;49;2021-04-20;594;455;38187;11786
52;49;2021-04-21;594;618;38781;12404
52;59;2020-12-27;0;0;0;0
52;59;2020-12-28;0;0;0;0
52;59;2020-12-29;0;0;0;0
52;59;2020-12-30;0;0;0;0
52;59;2020-12-31;0;0;0;0
52;59;2021-01-01;0;0;0;0
52;59;2021-01-02;0;0;0;0
52;59;2021-01-03;0;0;0;0
52;59;2021-01-04;25;0;25;0
52;59;2021-01-05;41;0;66;0
52;59;2021-01-06;173;0;239;0
52;59;2021-01-07;432;0;671;0
52;59;2021-01-08;717;0;1388;0
52;59;2021-01-09;576;0;1964;0
52;59;2021-01-10;311;0;2275;0
52;59;2021-01-11;1076;0;3351;0
52;59;2021-01-12;1200;0;4551;0
52;59;2021-01-13;1257;0;5808;0
52;59;2021-01-14;1479;0;7287;0
52;59;2021-01-15;1178;0;8465;0
52;59;2021-01-16;383;12;8848;12
52;59;2021-01-17;149;1;8997;13
52;59;2021-01-18;664;1;9661;14
52;59;2021-01-19;1173;0;10834;14
52;59;2021-01-20;1091;0;11925;14
52;59;2021-01-21;1494;1;13419;15
52;59;2021-01-22;971;13;14390;28
52;59;2021-01-23;140;0;14530;28
52;59;2021-01-24;23;0;14553;28
52;59;2021-01-25;177;6;14730;34
52;59;2021-01-26;608;34;15338;68
52;59;2021-01-27;674;63;16012;131
52;59;2021-01-28;886;275;16898;406
52;59;2021-01-29;539;463;17437;869
52;59;2021-01-30;61;207;17498;1076
52;59;2021-01-31;8;147;17506;1223
52;59;2021-02-01;95;620;17601;1843
52;59;2021-02-02;180;844;17781;2687
52;59;2021-02-03;150;825;17931;3512
52;59;2021-02-04;179;981;18110;4493
52;59;2021-02-05;154;818;18264;5311
52;59;2021-02-06;45;297;18309;5608
52;59;2021-02-07;20;118;18329;5726
52;59;2021-02-08;114;721;18443;6447
52;59;2021-02-09;287;992;18730;7439
52;59;2021-02-10;317;908;19047;8347
52;59;2021-02-11;592;1668;19639;10015
52;59;2021-02-12;440;1001;20079;11016
52;59;2021-02-13;101;288;20180;11304
52;59;2021-02-14;2;58;20182;11362
52;59;2021-02-15;172;557;20354;11919
52;59;2021-02-16;511;1077;20865;12996
52;59;2021-02-17;422;1063;21287;14059
52;59;2021-02-18;685;1140;21972;15199
52;59;2021-02-19;535;809;22507;16008
52;59;2021-02-20;70;90;22577;16098
52;59;2021-02-21;0;8;22577;16106
52;59;2021-02-22;229;190;22806;16296
52;59;2021-02-23;301;319;23107;16615
52;59;2021-02-24;501;192;23608;16807
52;59;2021-02-25;1598;213;25206;17020
52;59;2021-02-26;1786;194;26992;17214
52;59;2021-02-27;906;35;27898;17249
52;59;2021-02-28;13;2;27911;17251
52;59;2021-03-01;411;70;28322;17321
52;59;2021-03-02;794;247;29116;17568
52;59;2021-03-03;988;221;30104;17789
52;59;2021-03-04;1564;485;31668;18274
52;59;2021-03-05;1869;339;33537;18613
52;59;2021-03-06;1186;53;34723;18666
52;59;2021-03-07;206;1;34929;18667
52;59;2021-03-08;625;77;35554;18744
52;59;2021-03-09;1215;243;36769;18987
52;59;2021-03-10;1213;247;37982;19234
52;59;2021-03-11;1815;436;39797;19670
52;59;2021-03-12;2360;202;42157;19872
52;59;2021-03-13;1431;57;43588;19929
52;59;2021-03-14;51;1;43639;19930
52;59;2021-03-15;701;90;44340;20020
52;59;2021-03-16;295;218;44635;20238
52;59;2021-03-17;299;155;44934;20393
52;59;2021-03-18;395;196;45329;20589
52;59;2021-03-19;1005;109;46334;20698
52;59;2021-03-20;722;30;47056;20728
52;59;2021-03-21;98;4;47154;20732
52;59;2021-03-22;572;102;47726;20834
52;59;2021-03-23;989;197;48715;21031
52;59;2021-03-24;1091;124;49806;21155
52;59;2021-03-25;1474;164;51280;21319
52;59;2021-03-26;1607;125;52887;21444
52;59;2021-03-27;738;24;53625;21468
52;59;2021-03-28;111;6;53736;21474
52;59;2021-03-29;749;103;54485;21577
52;59;2021-03-30;1183;150;55668;21727
52;59;2021-03-31;1122;102;56790;21829
52;59;2021-04-01;1663;216;58453;22045
52;59;2021-04-02;1607;132;60060;22177
52;59;2021-04-03;467;34;60527;22211
52;59;2021-04-04;88;1;60615;22212
52;59;2021-04-05;104;7;60719;22219
52;59;2021-04-06;933;204;61652;22423
52;59;2021-04-07;1308;228;62960;22651
52;59;2021-04-08;2016;288;64976;22939
52;59;2021-04-09;2697;229;67673;23168
52;59;2021-04-10;1186;61;68859;23229
52;59;2021-04-11;279;21;69138;23250
52;59;2021-04-12;1600;254;70738;23504
52;59;2021-04-13;2400;285;73138;23789
52;59;2021-04-14;2289;287;75427;24076
52;59;2021-04-15;2823;376;78250;24452
52;59;2021-04-16;3067;413;81317;24865
52;59;2021-04-17;2187;129;83504;24994
52;59;2021-04-18;1172;56;84676;25050
52;59;2021-04-19;1527;338;86203;25388
52;59;2021-04-20;2379;422;88582;25810
52;59;2021-04-21;2133;540;90715;26350
52;64;2020-12-27;0;0;0;0
52;64;2020-12-28;0;0;0;0
52;64;2020-12-29;0;0;0;0
52;64;2020-12-30;0;0;0;0
52;64;2020-12-31;0;0;0;0
52;64;2021-01-01;0;0;0;0
52;64;2021-01-02;0;0;0;0
52;64;2021-01-03;0;0;0;0
52;64;2021-01-04;3;0;3;0
52;64;2021-01-05;21;0;24;0
52;64;2021-01-06;42;0;66;0
52;64;2021-01-07;109;0;175;0
52;64;2021-01-08;190;0;365;0
52;64;2021-01-09;219;0;584;0
52;64;2021-01-10;140;0;724;0
52;64;2021-01-11;271;0;995;0
52;64;2021-01-12;367;0;1362;0
52;64;2021-01-13;378;0;1740;0
52;64;2021-01-14;405;0;2145;0
52;64;2021-01-15;324;0;2469;0
52;64;2021-01-16;112;3;2581;3
52;64;2021-01-17;70;1;2651;4
52;64;2021-01-18;187;0;2838;4
52;64;2021-01-19;318;0;3156;4
52;64;2021-01-20;278;0;3434;4
52;64;2021-01-21;462;0;3896;4
52;64;2021-01-22;295;1;4191;5
52;64;2021-01-23;48;0;4239;5
52;64;2021-01-24;14;0;4253;5
52;64;2021-01-25;76;3;4329;8
52;64;2021-01-26;185;14;4514;22
52;64;2021-01-27;192;22;4706;44
52;64;2021-01-28;278;83;4984;127
52;64;2021-01-29;168;143;5152;270
52;64;2021-01-30;29;92;5181;362
52;64;2021-01-31;5;72;5186;434
52;64;2021-02-01;41;165;5227;599
52;64;2021-02-02;53;269;5280;868
52;64;2021-02-03;54;210;5334;1078
52;64;2021-02-04;79;272;5413;1350
52;64;2021-02-05;86;249;5499;1599
52;64;2021-02-06;24;104;5523;1703
52;64;2021-02-07;0;56;5523;1759
52;64;2021-02-08;39;202;5562;1961
52;64;2021-02-09;86;276;5648;2237
52;64;2021-02-10;108;286;5756;2523
52;64;2021-02-11;227;470;5983;2993
52;64;2021-02-12;155;344;6138;3337
52;64;2021-02-13;30;86;6168;3423
52;64;2021-02-14;2;25;6170;3448
52;64;2021-02-15;53;191;6223;3639
52;64;2021-02-16;168;271;6391;3910
52;64;2021-02-17;150;282;6541;4192
52;64;2021-02-18;232;337;6773;4529
52;64;2021-02-19;215;246;6988;4775
52;64;2021-02-20;41;33;7029;4808
52;64;2021-02-21;0;8;7029;4816
52;64;2021-02-22;102;63;7131;4879
52;64;2021-02-23;146;91;7277;4970
52;64;2021-02-24;261;63;7538;5033
52;64;2021-02-25;1284;70;8822;5103
52;64;2021-02-26;1397;66;10219;5169
52;64;2021-02-27;677;20;10896;5189
52;64;2021-02-28;17;3;10913;5192
52;64;2021-03-01;294;37;11207;5229
52;64;2021-03-02;619;75;11826;5304
52;64;2021-03-03;877;87;12703;5391
52;64;2021-03-04;1344;171;14047;5562
52;64;2021-03-05;1495;152;15542;5714
52;64;2021-03-06;952;28;16494;5742
52;64;2021-03-07;137;0;16631;5742
52;64;2021-03-08;532;48;17163;5790
52;64;2021-03-09;909;83;18072;5873
52;64;2021-03-10;840;114;18912;5987
52;64;2021-03-11;1339;212;20251;6199
52;64;2021-03-12;1682;99;21933;6298
52;64;2021-03-13;1071;17;23004;6315
52;64;2021-03-14;42;0;23046;6315
52;64;2021-03-15;552;43;23598;6358
52;64;2021-03-16;188;92;23786;6450
52;64;2021-03-17;160;72;23946;6522
52;64;2021-03-18;226;89;24172;6611
52;64;2021-03-19;839;61;25011;6672
52;64;2021-03-20;715;22;25726;6694
52;64;2021-03-21;82;5;25808;6699
52;64;2021-03-22;489;67;26297;6766
52;64;2021-03-23;1030;96;27327;6862
52;64;2021-03-24;1115;44;28442;6906
52;64;2021-03-25;1666;79;30108;6985
52;64;2021-03-26;1841;76;31949;7061
52;64;2021-03-27;656;16;32605;7077
52;64;2021-03-28;67;7;32672;7084
52;64;2021-03-29;690;50;33362;7134
52;64;2021-03-30;1073;86;34435;7220
52;64;2021-03-31;921;63;35356;7283
52;64;2021-04-01;1415;82;36771;7365
52;64;2021-04-02;1366;98;38137;7463
52;64;2021-04-03;506;35;38643;7498
52;64;2021-04-04;40;0;38683;7498
52;64;2021-04-05;61;4;38744;7502
52;64;2021-04-06;627;135;39371;7637
52;64;2021-04-07;1011;125;40382;7762
52;64;2021-04-08;1806;181;42188;7943
52;64;2021-04-09;2673;156;44861;8099
52;64;2021-04-10;1144;35;46005;8134
52;64;2021-04-11;142;11;46147;8145
52;64;2021-04-12;1431;162;47578;8307
52;64;2021-04-13;2242;228;49820;8535
52;64;2021-04-14;2282;169;52102;8704
52;64;2021-04-15;3119;217;55221;8921
52;64;2021-04-16;4051;204;59272;9125
52;64;2021-04-17;2043;76;61315;9201
52;64;2021-04-18;593;51;61908;9252
52;64;2021-04-19;2552;225;64460;9477
52;64;2021-04-20;3655;229;68115;9706
52;64;2021-04-21;3374;246;71489;9952
52;69;2020-12-27;0;0;0;0
52;69;2020-12-28;0;0;0;0
52;69;2020-12-29;0;0;0;0
52;69;2020-12-30;0;0;0;0
52;69;2020-12-31;0;0;0;0
52;69;2021-01-01;0;0;0;0
52;69;2021-01-02;0;0;0;0
52;69;2021-01-03;0;0;0;0
52;69;2021-01-04;3;0;3;0
52;69;2021-01-05;12;0;15;0
52;69;2021-01-06;18;0;33;0
52;69;2021-01-07;34;0;67;0
52;69;2021-01-08;97;0;164;0
52;69;2021-01-09;89;0;253;0
52;69;2021-01-10;60;0;313;0
52;69;2021-01-11;155;0;468;0
52;69;2021-01-12;216;0;684;0
52;69;2021-01-13;168;0;852;0
52;69;2021-01-14;169;0;1021;0
52;69;2021-01-15;204;0;1225;0
52;69;2021-01-16;78;1;1303;1
52;69;2021-01-17;35;0;1338;1
52;69;2021-01-18;111;1;1449;2
52;69;2021-01-19;251;0;1700;2
52;69;2021-01-20;235;0;1935;2
52;69;2021-01-21;300;0;2235;2
52;69;2021-01-22;206;2;2441;4
52;69;2021-01-23;48;1;2489;5
52;69;2021-01-24;12;0;2501;5
52;69;2021-01-25;88;0;2589;5
52;69;2021-01-26;201;12;2790;17
52;69;2021-01-27;153;15;2943;32
52;69;2021-01-28;247;25;3190;57
52;69;2021-01-29;152;79;3342;136
52;69;2021-01-30;19;22;3361;158
52;69;2021-01-31;4;36;3365;194
52;69;2021-02-01;67;87;3432;281
52;69;2021-02-02;70;149;3502;430
52;69;2021-02-03;55;92;3557;522
52;69;2021-02-04;85;113;3642;635
52;69;2021-02-05;79;148;3721;783
52;69;2021-02-06;26;71;3747;854
52;69;2021-02-07;1;27;3748;881
52;69;2021-02-08;36;128;3784;1009
52;69;2021-02-09;91;197;3875;1206
52;69;2021-02-10;108;186;3983;1392
52;69;2021-02-11;199;298;4182;1690
52;69;2021-02-12;160;211;4342;1901
52;69;2021-02-13;33;51;4375;1952
52;69;2021-02-14;1;25;4376;1977
52;69;2021-02-15;47;104;4423;2081
52;69;2021-02-16;133;212;4556;2293
52;69;2021-02-17;138;221;4694;2514
52;69;2021-02-18;236;276;4930;2790
52;69;2021-02-19;198;172;5128;2962
52;69;2021-02-20;42;36;5170;2998
52;69;2021-02-21;0;6;5170;3004
52;69;2021-02-22;91;67;5261;3071
52;69;2021-02-23;125;77;5386;3148
52;69;2021-02-24;93;49;5479;3197
52;69;2021-02-25;170;72;5649;3269
52;69;2021-02-26;159;91;5808;3360
52;69;2021-02-27;57;8;5865;3368
52;69;2021-02-28;8;4;5873;3372
52;69;2021-03-01;118;58;5991;3430
52;69;2021-03-02;175;89;6166;3519
52;69;2021-03-03;264;91;6430;3610
52;69;2021-03-04;545;184;6975;3794
52;69;2021-03-05;736;145;7711;3939
52;69;2021-03-06;561;36;8272;3975
52;69;2021-03-07;234;0;8506;3975
52;69;2021-03-08;474;58;8980;4033
52;69;2021-03-09;785;94;9765;4127
52;69;2021-03-10;941;145;10706;4272
52;69;2021-03-11;1483;226;12189;4498
52;69;2021-03-12;1954;139;14143;4637
52;69;2021-03-13;1343;18;15486;4655
52;69;2021-03-14;105;0;15591;4655
52;69;2021-03-15;776;85;16367;4740
52;69;2021-03-16;317;94;16684;4834
52;69;2021-03-17;270;72;16954;4906
52;69;2021-03-18;348;104;17302;5010
52;69;2021-03-19;1265;101;18567;5111
52;69;2021-03-20;1100;30;19667;5141
52;69;2021-03-21;177;4;19844;5145
52;69;2021-03-22;833;64;20677;5209
52;69;2021-03-23;1549;119;22226;5328
52;69;2021-03-24;1751;75;23977;5403
52;69;2021-03-25;2643;99;26620;5502
52;69;2021-03-26;2913;101;29533;5603
52;69;2021-03-27;1020;32;30553;5635
52;69;2021-03-28;165;8;30718;5643
52;69;2021-03-29;1186;113;31904;5756
52;69;2021-03-30;2018;145;33922;5901
52;69;2021-03-31;1507;110;35429;6011
52;69;2021-04-01;2138;147;37567;6158
52;69;2021-04-02;2277;114;39844;6272
52;69;2021-04-03;806;39;40650;6311
52;69;2021-04-04;77;1;40727;6312
52;69;2021-04-05;155;21;40882;6333
52;69;2021-04-06;1274;217;42156;6550
52;69;2021-04-07;1688;239;43844;6789
52;69;2021-04-08;2960;295;46804;7084
52;69;2021-04-09;4573;216;51377;7300
52;69;2021-04-10;1732;112;53109;7412
52;69;2021-04-11;242;28;53351;7440
52;69;2021-04-12;2339;320;55690;7760
52;69;2021-04-13;3460;353;59150;8113
52;69;2021-04-14;3049;269;62199;8382
52;69;2021-04-15;4277;380;66476;8762
52;69;2021-04-16;5551;310;72027;9072
52;69;2021-04-17;2225;166;74252;9238
52;69;2021-04-18;509;96;74761;9334
52;69;2021-04-19;3310;400;78071;9734
52;69;2021-04-20;4448;435;82519;10169
52;69;2021-04-21;3941;375;86460;10544
52;74;2020-12-27;0;0;0;0
52;74;2020-12-28;0;0;0;0
52;74;2020-12-29;0;0;0;0
52;74;2020-12-30;0;0;0;0
52;74;2020-12-31;0;0;0;0
52;74;2021-01-01;0;0;0;0
52;74;2021-01-02;0;0;0;0
52;74;2021-01-03;1;0;1;0
52;74;2021-01-04;0;0;1;0
52;74;2021-01-05;6;0;7;0
52;74;2021-01-06;19;0;26;0
52;74;2021-01-07;33;0;59;0
52;74;2021-01-08;57;0;116;0
52;74;2021-01-09;41;0;157;0
52;74;2021-01-10;39;0;196;0
52;74;2021-01-11;104;0;300;0
52;74;2021-01-12;201;0;501;0
52;74;2021-01-13;175;0;676;0
52;74;2021-01-14;159;0;835;0
52;74;2021-01-15;147;0;982;0
52;74;2021-01-16;63;1;1045;1
52;74;2021-01-17;39;1;1084;2
52;74;2021-01-18;186;1;1270;3
52;74;2021-01-19;313;1;1583;4
52;74;2021-01-20;323;0;1906;4
52;74;2021-01-21;493;0;2399;4
52;74;2021-01-22;305;0;2704;4
52;74;2021-01-23;86;0;2790;4
52;74;2021-01-24;14;0;2804;4
52;74;2021-01-25;149;1;2953;5
52;74;2021-01-26;338;9;3291;14
52;74;2021-01-27;324;9;3615;23
52;74;2021-01-28;396;29;4011;52
52;74;2021-01-29;290;40;4301;92
52;74;2021-01-30;70;16;4371;108
52;74;2021-01-31;10;17;4381;125
52;74;2021-02-01;153;80;4534;205
52;74;2021-02-02;162;131;4696;336
52;74;2021-02-03;157;118;4853;454
52;74;2021-02-04;165;117;5018;571
52;74;2021-02-05;150;116;5168;687
52;74;2021-02-06;54;51;5222;738
52;74;2021-02-07;0;27;5222;765
52;74;2021-02-08;94;124;5316;889
52;74;2021-02-09;174;191;5490;1080
52;74;2021-02-10;161;253;5651;1333
52;74;2021-02-11;311;411;5962;1744
52;74;2021-02-12;259;213;6221;1957
52;74;2021-02-13;61;69;6282;2026
52;74;2021-02-14;0;26;6282;2052
52;74;2021-02-15;100;164;6382;2216
52;74;2021-02-16;183;340;6565;2556
52;74;2021-02-17;235;323;6800;2879
52;74;2021-02-18;378;404;7178;3283
52;74;2021-02-19;300;284;7478;3567
52;74;2021-02-20;79;85;7557;3652
52;74;2021-02-21;0;5;7557;3657
52;74;2021-02-22;160;144;7717;3801
52;74;2021-02-23;234;140;7951;3941
52;74;2021-02-24;164;134;8115;4075
52;74;2021-02-25;213;155;8328;4230
52;74;2021-02-26;174;159;8502;4389
52;74;2021-02-27;71;49;8573;4438
52;74;2021-02-28;6;3;8579;4441
52;74;2021-03-01;199;144;8778;4585
52;74;2021-03-02;296;195;9074;4780
52;74;2021-03-03;373;168;9447;4948
52;74;2021-03-04;691;276;10138;5224
52;74;2021-03-05;951;233;11089;5457
52;74;2021-03-06;703;56;11792;5513
52;74;2021-03-07;327;0;12119;5513
52;74;2021-03-08;696;134;12815;5647
52;74;2021-03-09;1151;179;13966;5826
52;74;2021-03-10;1255;230;15221;6056
52;74;2021-03-11;1924;310;17145;6366
52;74;2021-03-12;2481;267;19626;6633
52;74;2021-03-13;1646;37;21272;6670
52;74;2021-03-14;130;0;21402;6670
52;74;2021-03-15;1262;160;22664;6830
52;74;2021-03-16;775;153;23439;6983
52;74;2021-03-17;691;158;24130;7141
52;74;2021-03-18;791;184;24921;7325
52;74;2021-03-19;1941;164;26862;7489
52;74;2021-03-20;1492;51;28354;7540
52;74;2021-03-21;323;6;28677;7546
52;74;2021-03-22;1416;163;30093;7709
52;74;2021-03-23;2406;226;32499;7935
52;74;2021-03-24;2455;147;34954;8082
52;74;2021-03-25;3884;210;38838;8292
52;74;2021-03-26;4345;153;43183;8445
52;74;2021-03-27;1633;57;44816;8502
52;74;2021-03-28;654;16;45470;8518
52;74;2021-03-29;2738;239;48208;8757
52;74;2021-03-30;4184;326;52392;9083
52;74;2021-03-31;3434;267;55826;9350
52;74;2021-04-01;4581;349;60407;9699
52;74;2021-04-02;4662;301;65069;10000
52;74;2021-04-03;1897;105;66966;10105
52;74;2021-04-04;596;2;67562;10107
52;74;2021-04-05;793;54;68355;10161
52;74;2021-04-06;3923;542;72278;10703
52;74;2021-04-07;4989;520;77267;11223
52;74;2021-04-08;6432;557;83699;11780
52;74;2021-04-09;7334;499;91033;12279
52;74;2021-04-10;3211;236;94244;12515
52;74;2021-04-11;897;58;95141;12573
52;74;2021-04-12;5550;749;100691;13322
52;74;2021-04-13;5954;797;106645;14119
52;74;2021-04-14;4589;679;111234;14798
52;74;2021-04-15;4954;792;116188;15590
52;74;2021-04-16;4588;736;120776;16326
52;74;2021-04-17;1499;355;122275;16681
52;74;2021-04-18;321;210;122596;16891
52;74;2021-04-19;3171;877;125767;17768
52;74;2021-04-20;3382;1084;129149;18852
52;74;2021-04-21;2478;964;131627;19816
52;79;2020-12-27;0;0;0;0
52;79;2020-12-28;0;0;0;0
52;79;2020-12-29;0;0;0;0
52;79;2020-12-30;0;0;0;0
52;79;2020-12-31;0;0;0;0
52;79;2021-01-01;0;0;0;0
52;79;2021-01-02;0;0;0;0
52;79;2021-01-03;0;0;0;0
52;79;2021-01-04;0;0;0;0
52;79;2021-01-05;11;0;11;0
52;79;2021-01-06;14;0;25;0
52;79;2021-01-07;26;0;51;0
52;79;2021-01-08;45;0;96;0
52;79;2021-01-09;16;0;112;0
52;79;2021-01-10;19;0;131;0
52;79;2021-01-11;64;0;195;0
52;79;2021-01-12;119;0;314;0
52;79;2021-01-13;115;0;429;0
52;79;2021-01-14;113;0;542;0
52;79;2021-01-15;166;0;708;0
52;79;2021-01-16;62;1;770;1
52;79;2021-01-17;55;0;825;1
52;79;2021-01-18;727;1;1552;2
52;79;2021-01-19;1142;0;2694;2
52;79;2021-01-20;1254;2;3948;4
52;79;2021-01-21;1572;1;5520;5
52;79;2021-01-22;1321;2;6841;7
52;79;2021-01-23;613;0;7454;7
52;79;2021-01-24;43;0;7497;7
52;79;2021-01-25;974;0;8471;7
52;79;2021-01-26;1257;14;9728;21
52;79;2021-01-27;1257;9;10985;30
52;79;2021-01-28;1323;18;12308;48
52;79;2021-01-29;1119;25;13427;73
52;79;2021-01-30;414;7;13841;80
52;79;2021-01-31;16;14;13857;94
52;79;2021-02-01;851;62;14708;156
52;79;2021-02-02;950;91;15658;247
52;79;2021-02-03;873;93;16531;340
52;79;2021-02-04;951;84;17482;424
52;79;2021-02-05;935;104;18417;528
52;79;2021-02-06;395;26;18812;554
52;79;2021-02-07;0;24;18812;578
52;79;2021-02-08;621;279;19433;857
52;79;2021-02-09;737;419;20170;1276
52;79;2021-02-10;678;437;20848;1713
52;79;2021-02-11;841;782;21689;2495
52;79;2021-02-12;788;489;22477;2984
52;79;2021-02-13;186;275;22663;3259
52;79;2021-02-14;1;65;22664;3324
52;79;2021-02-15;376;804;23040;4128
52;79;2021-02-16;450;1113;23490;5241
52;79;2021-02-17;469;1189;23959;6430
52;79;2021-02-18;645;1208;24604;7638
52;79;2021-02-19;669;969;25273;8607
52;79;2021-02-20;163;392;25436;8999
52;79;2021-02-21;0;11;25436;9010
52;79;2021-02-22;479;993;25915;10003
52;79;2021-02-23;551;1090;26466;11093
52;79;2021-02-24;524;960;26990;12053
52;79;2021-02-25;508;954;27498;13007
52;79;2021-02-26;462;849;27960;13856
52;79;2021-02-27;117;392;28077;14248
52;79;2021-02-28;2;6;28079;14254
52;79;2021-03-01;564;824;28643;15078
52;79;2021-03-02;732;957;29375;16035
52;79;2021-03-03;720;904;30095;16939
52;79;2021-03-04;831;1083;30926;18022
52;79;2021-03-05;914;899;31840;18921
52;79;2021-03-06;593;293;32433;19214
52;79;2021-03-07;501;1;32934;19215
52;79;2021-03-08;922;760;33856;19975
52;79;2021-03-09;1351;775;35207;20750
52;79;2021-03-10;1249;756;36456;21506
52;79;2021-03-11;1716;779;38172;22285
52;79;2021-03-12;1681;627;39853;22912
52;79;2021-03-13;880;206;40733;23118
52;79;2021-03-14;112;1;40845;23119
52;79;2021-03-15;1643;400;42488;23519
52;79;2021-03-16;1990;418;44478;23937
52;79;2021-03-17;1688;460;46166;24397
52;79;2021-03-18;2007;500;48173;24897
52;79;2021-03-19;2015;442;50188;25339
52;79;2021-03-20;938;154;51126;25493
52;79;2021-03-21;324;1;51450;25494
52;79;2021-03-22;1859;515;53309;26009
52;79;2021-03-23;2390;576;55699;26585
52;79;2021-03-24;2228;481;57927;27066
52;79;2021-03-25;2683;522;60610;27588
52;79;2021-03-26;2578;420;63188;28008
52;79;2021-03-27;1002;153;64190;28161
52;79;2021-03-28;288;36;64478;28197
52;79;2021-03-29;1807;716;66285;28913
52;79;2021-03-30;2235;903;68520;29816
52;79;2021-03-31;1740;754;70260;30570
52;79;2021-04-01;2265;765;72525;31335
52;79;2021-04-02;1781;796;74306;32131
52;79;2021-04-03;583;364;74889;32495
52;79;2021-04-04;182;17;75071;32512
52;79;2021-04-05;218;152;75289;32664
52;79;2021-04-06;1331;1397;76620;34061
52;79;2021-04-07;1511;1271;78131;35332
52;79;2021-04-08;1979;1334;80110;36666
52;79;2021-04-09;2201;1127;82311;37793
52;79;2021-04-10;783;664;83094;38457
52;79;2021-04-11;254;110;83348;38567
52;79;2021-04-12;1457;1628;84805;40195
52;79;2021-04-13;1667;2052;86472;42247
52;79;2021-04-14;1326;1752;87798;43999
52;79;2021-04-15;1576;1799;89374;45798
52;79;2021-04-16;1349;1596;90723;47394
52;79;2021-04-17;535;689;91258;48083
52;79;2021-04-18;78;307;91336;48390
52;79;2021-04-19;972;1841;92308;50231
52;79;2021-04-20;1158;2217;93466;52448
52;79;2021-04-21;991;1864;94457;54312
52;80;2020-12-27;0;0;0;0
52;80;2020-12-28;0;0;0;0
52;80;2020-12-29;0;0;0;0
52;80;2020-12-30;0;0;0;0
52;80;2020-12-31;0;0;0;0
52;80;2021-01-01;2;0;2;0
52;80;2021-01-02;1;0;3;0
52;80;2021-01-03;0;0;3;0
52;80;2021-01-04;1;0;4;0
52;80;2021-01-05;76;0;80;0
52;80;2021-01-06;98;0;178;0
52;80;2021-01-07;151;0;329;0
52;80;2021-01-08;331;0;660;0
52;80;2021-01-09;7;0;667;0
52;80;2021-01-10;3;0;670;0
52;80;2021-01-11;200;0;870;0
52;80;2021-01-12;741;0;1611;0
52;80;2021-01-13;538;0;2149;0
52;80;2021-01-14;510;0;2659;0
52;80;2021-01-15;583;0;3242;0
52;80;2021-01-16;76;1;3318;1
52;80;2021-01-17;39;0;3357;1
52;80;2021-01-18;1033;1;4390;2
52;80;2021-01-19;2777;3;7167;5
52;80;2021-01-20;4508;3;11675;8
52;80;2021-01-21;6706;0;18381;8
52;80;2021-01-22;3489;2;21870;10
52;80;2021-01-23;698;2;22568;12
52;80;2021-01-24;58;0;22626;12
52;80;2021-01-25;1414;2;24040;14
52;80;2021-01-26;3647;107;27687;121
52;80;2021-01-27;4154;43;31841;164
52;80;2021-01-28;5742;77;37583;241
52;80;2021-01-29;3078;145;40661;386
52;80;2021-01-30;607;2;41268;388
52;80;2021-01-31;30;0;41298;388
52;80;2021-02-01;1209;236;42507;624
52;80;2021-02-02;1432;645;43939;1269
52;80;2021-02-03;1275;573;45214;1842
52;80;2021-02-04;1370;514;46584;2356
52;80;2021-02-05;1408;565;47992;2921
52;80;2021-02-06;476;61;48468;2982
52;80;2021-02-07;1;17;48469;2999
52;80;2021-02-08;837;459;49306;3458
52;80;2021-02-09;1283;1692;50589;5150
52;80;2021-02-10;1294;3006;51883;8156
52;80;2021-02-11;2172;6073;54055;14229
52;80;2021-02-12;1811;2117;55866;16346
52;80;2021-02-13;365;274;56231;16620
52;80;2021-02-14;9;78;56240;16698
52;80;2021-02-15;609;1127;56849;17825
52;80;2021-02-16;1149;3003;57998;20828
52;80;2021-02-17;1286;3579;59284;24407
52;80;2021-02-18;2023;5460;61307;29867
52;80;2021-02-19;1617;2752;62924;32619
52;80;2021-02-20;342;551;63266;33170
52;80;2021-02-21;2;20;63268;33190
52;80;2021-02-22;869;1416;64137;34606
52;80;2021-02-23;1046;1504;65183;36110
52;80;2021-02-24;865;1271;66048;37381
52;80;2021-02-25;1311;1432;67359;38813
52;80;2021-02-26;972;1271;68331;40084
52;80;2021-02-27;206;463;68537;40547
52;80;2021-02-28;7;22;68544;40569
52;80;2021-03-01;960;1085;69504;41654
52;80;2021-03-02;1239;1566;70743;43220
52;80;2021-03-03;1274;1504;72017;44724
52;80;2021-03-04;1643;2101;73660;46825
52;80;2021-03-05;1598;1705;75258;48530
52;80;2021-03-06;782;439;76040;48969
52;80;2021-03-07;702;0;76742;48969
52;80;2021-03-08;1609;987;78351;49956
52;80;2021-03-09;2536;1379;80887;51335
52;80;2021-03-10;2379;1333;83266;52668
52;80;2021-03-11;3289;2107;86555;54775
52;80;2021-03-12;2960;1533;89515;56308
52;80;2021-03-13;1328;316;90843;56624
52;80;2021-03-14;159;1;91002;56625
52;80;2021-03-15;2972;788;93974;57413
52;80;2021-03-16;3375;1011;97349;58424
52;80;2021-03-17;2696;901;100045;59325
52;80;2021-03-18;3390;1037;103435;60362
52;80;2021-03-19;3235;868;106670;61230
52;80;2021-03-20;1677;275;108347;61505
52;80;2021-03-21;510;2;108857;61507
52;80;2021-03-22;3161;851;112018;62358
52;80;2021-03-23;3792;1112;115810;63470
52;80;2021-03-24;3488;796;119298;64266
52;80;2021-03-25;4325;1375;123623;65641
52;80;2021-03-26;3962;842;127585;66483
52;80;2021-03-27;1624;243;129209;66726
52;80;2021-03-28;455;71;129664;66797
52;80;2021-03-29;2689;1155;132353;67952
52;80;2021-03-30;3376;1537;135729;69489
52;80;2021-03-31;2877;1389;138606;70878
52;80;2021-04-01;3767;1544;142373;72422
52;80;2021-04-02;2995;1462;145368;73884
52;80;2021-04-03;925;543;146293;74427
52;80;2021-04-04;225;6;146518;74433
52;80;2021-04-05;302;241;146820;74674
52;80;2021-04-06;2088;2469;148908;77143
52;80;2021-04-07;2537;2503;151445;79646
52;80;2021-04-08;2929;2954;154374;82600
52;80;2021-04-09;3760;2130;158134;84730
52;80;2021-04-10;1209;960;159343;85690
52;80;2021-04-11;330;143;159673;85833
52;80;2021-04-12;1981;2915;161654;88748
52;80;2021-04-13;2449;3532;164103;92280
52;80;2021-04-14;2000;2817;166103;95097
52;80;2021-04-15;2330;3018;168433;98115
52;80;2021-04-16;2062;2563;170495;100678
52;80;2021-04-17;752;1189;171247;101867
52;80;2021-04-18;133;488;171380;102355
52;80;2021-04-19;1370;3015;172750;105370
52;80;2021-04-20;1582;3516;174332;108886
52;80;2021-04-21;1500;3191;175832;112077
53;24;2020-12-27;0;0;0;0
53;24;2020-12-28;0;0;0;0
53;24;2020-12-29;0;0;0;0
53;24;2020-12-30;0;0;0;0
53;24;2020-12-31;0;0;0;0
53;24;2021-01-01;0;0;0;0
53;24;2021-01-02;0;0;0;0
53;24;2021-01-03;0;0;0;0
53;24;2021-01-04;0;0;0;0
53;24;2021-01-05;0;0;0;0
53;24;2021-01-06;0;0;0;0
53;24;2021-01-07;2;0;2;0
53;24;2021-01-08;2;0;4;0
53;24;2021-01-09;1;0;5;0
53;24;2021-01-10;0;0;5;0
53;24;2021-01-11;5;0;10;0
53;24;2021-01-12;4;0;14;0
53;24;2021-01-13;9;0;23;0
53;24;2021-01-14;25;0;48;0
53;24;2021-01-15;17;0;65;0
53;24;2021-01-16;1;0;66;0
53;24;2021-01-17;0;0;66;0
53;24;2021-01-18;8;0;74;0
53;24;2021-01-19;26;0;100;0
53;24;2021-01-20;24;0;124;0
53;24;2021-01-21;53;0;177;0
53;24;2021-01-22;44;0;221;0
53;24;2021-01-23;3;0;224;0
53;24;2021-01-24;0;0;224;0
53;24;2021-01-25;6;0;230;0
53;24;2021-01-26;11;0;241;0
53;24;2021-01-27;24;0;265;0
53;24;2021-01-28;32;0;297;0
53;24;2021-01-29;10;0;307;0
53;24;2021-01-30;2;0;309;0
53;24;2021-01-31;0;0;309;0
53;24;2021-02-01;6;7;315;7
53;24;2021-02-02;7;6;322;13
53;24;2021-02-03;5;0;327;13
53;24;2021-02-04;27;8;354;21
53;24;2021-02-05;33;7;387;28
53;24;2021-02-06;12;1;399;29
53;24;2021-02-07;0;0;399;29
53;24;2021-02-08;11;2;410;31
53;24;2021-02-09;60;27;470;58
53;24;2021-02-10;64;33;534;91
53;24;2021-02-11;113;58;647;149
53;24;2021-02-12;114;35;761;184
53;24;2021-02-13;7;6;768;190
53;24;2021-02-14;0;1;768;191
53;24;2021-02-15;58;3;826;194
53;24;2021-02-16;69;2;895;196
53;24;2021-02-17;78;18;973;214
53;24;2021-02-18;116;20;1089;234
53;24;2021-02-19;144;21;1233;255
53;24;2021-02-20;35;0;1268;255
53;24;2021-02-21;2;0;1270;255
53;24;2021-02-22;85;4;1355;259
53;24;2021-02-23;66;8;1421;267
53;24;2021-02-24;115;12;1536;279
53;24;2021-02-25;140;34;1676;313
53;24;2021-02-26;118;18;1794;331
53;24;2021-02-27;38;3;1832;334
53;24;2021-02-28;14;0;1846;334
53;24;2021-03-01;50;5;1896;339
53;24;2021-03-02;64;29;1960;368
53;24;2021-03-03;48;18;2008;386
53;24;2021-03-04;78;77;2086;463
53;24;2021-03-05;172;71;2258;534
53;24;2021-03-06;70;5;2328;539
53;24;2021-03-07;28;0;2356;539
53;24;2021-03-08;171;6;2527;545
53;24;2021-03-09;164;2;2691;547
53;24;2021-03-10;208;21;2899;568
53;24;2021-03-11;282;26;3181;594
53;24;2021-03-12;357;14;3538;608
53;24;2021-03-13;66;2;3604;610
53;24;2021-03-14;19;0;3623;610
53;24;2021-03-15;147;12;3770;622
53;24;2021-03-16;92;19;3862;641
53;24;2021-03-17;100;6;3962;647
53;24;2021-03-18;85;43;4047;690
53;24;2021-03-19;108;41;4155;731
53;24;2021-03-20;31;0;4186;731
53;24;2021-03-21;3;1;4189;732
53;24;2021-03-22;49;6;4238;738
53;24;2021-03-23;80;17;4318;755
53;24;2021-03-24;93;17;4411;772
53;24;2021-03-25;156;17;4567;789
53;24;2021-03-26;120;12;4687;801
53;24;2021-03-27;23;5;4710;806
53;24;2021-03-28;61;0;4771;806
53;24;2021-03-29;77;8;4848;814
53;24;2021-03-30;164;17;5012;831
53;24;2021-03-31;221;15;5233;846
53;24;2021-04-01;259;19;5492;865
53;24;2021-04-02;280;20;5772;885
53;24;2021-04-03;56;3;5828;888
53;24;2021-04-04;5;0;5833;888
53;24;2021-04-05;28;1;5861;889
53;24;2021-04-06;147;23;6008;912
53;24;2021-04-07;164;27;6172;939
53;24;2021-04-08;194;80;6366;1019
53;24;2021-04-09;242;36;6608;1055
53;24;2021-04-10;61;6;6669;1061
53;24;2021-04-11;74;0;6743;1061
53;24;2021-04-12;167;66;6910;1127
53;24;2021-04-13;478;37;7388;1164
53;24;2021-04-14;303;72;7691;1236
53;24;2021-04-15;381;77;8072;1313
53;24;2021-04-16;327;72;8399;1385
53;24;2021-04-17;79;15;8478;1400
53;24;2021-04-18;28;5;8506;1405
53;24;2021-04-19;213;37;8719;1442
53;24;2021-04-20;245;101;8964;1543
53;24;2021-04-21;334;132;9298;1675
53;29;2020-12-27;0;0;0;0
53;29;2020-12-28;0;0;0;0
53;29;2020-12-29;0;0;0;0
53;29;2020-12-30;0;0;0;0
53;29;2020-12-31;0;0;0;0
53;29;2021-01-01;0;0;0;0
53;29;2021-01-02;0;0;0;0
53;29;2021-01-03;0;0;0;0
53;29;2021-01-04;0;0;0;0
53;29;2021-01-05;0;0;0;0
53;29;2021-01-06;0;0;0;0
53;29;2021-01-07;1;0;1;0
53;29;2021-01-08;5;0;6;0
53;29;2021-01-09;0;0;6;0
53;29;2021-01-10;0;0;6;0
53;29;2021-01-11;9;0;15;0
53;29;2021-01-12;17;0;32;0
53;29;2021-01-13;24;0;56;0
53;29;2021-01-14;41;0;97;0
53;29;2021-01-15;29;0;126;0
53;29;2021-01-16;0;0;126;0
53;29;2021-01-17;1;0;127;0
53;29;2021-01-18;19;0;146;0
53;29;2021-01-19;38;0;184;0
53;29;2021-01-20;47;0;231;0
53;29;2021-01-21;97;0;328;0
53;29;2021-01-22;95;0;423;0
53;29;2021-01-23;7;0;430;0
53;29;2021-01-24;2;0;432;0
53;29;2021-01-25;7;0;439;0
53;29;2021-01-26;13;1;452;1
53;29;2021-01-27;39;0;491;1
53;29;2021-01-28;58;0;549;1
53;29;2021-01-29;19;1;568;2
53;29;2021-01-30;2;0;570;2
53;29;2021-01-31;1;0;571;2
53;29;2021-02-01;6;9;577;11
53;29;2021-02-02;12;7;589;18
53;29;2021-02-03;11;14;600;32
53;29;2021-02-04;41;11;641;43
53;29;2021-02-05;62;10;703;53
53;29;2021-02-06;18;0;721;53
53;29;2021-02-07;0;0;721;53
53;29;2021-02-08;26;13;747;66
53;29;2021-02-09;85;44;832;110
53;29;2021-02-10;114;47;946;157
53;29;2021-02-11;138;106;1084;263
53;29;2021-02-12;158;93;1242;356
53;29;2021-02-13;11;5;1253;361
53;29;2021-02-14;1;1;1254;362
53;29;2021-02-15;56;11;1310;373
53;29;2021-02-16;103;12;1413;385
53;29;2021-02-17;144;31;1557;416
53;29;2021-02-18;181;51;1738;467
53;29;2021-02-19;174;27;1912;494
53;29;2021-02-20;21;2;1933;496
53;29;2021-02-21;10;1;1943;497
53;29;2021-02-22;86;7;2029;504
53;29;2021-02-23;89;19;2118;523
53;29;2021-02-24;118;9;2236;532
53;29;2021-02-25;159;50;2395;582
53;29;2021-02-26;189;46;2584;628
53;29;2021-02-27;63;8;2647;636
53;29;2021-02-28;12;0;2659;636
53;29;2021-03-01;58;4;2717;640
53;29;2021-03-02;78;44;2795;684
53;29;2021-03-03;73;19;2868;703
53;29;2021-03-04;124;78;2992;781
53;29;2021-03-05;182;79;3174;860
53;29;2021-03-06;75;8;3249;868
53;29;2021-03-07;30;1;3279;869
53;29;2021-03-08;113;12;3392;881
53;29;2021-03-09;190;15;3582;896
53;29;2021-03-10;144;38;3726;934
53;29;2021-03-11;249;58;3975;992
53;29;2021-03-12;348;31;4323;1023
53;29;2021-03-13;77;0;4400;1023
53;29;2021-03-14;20;0;4420;1023
53;29;2021-03-15;115;10;4535;1033
53;29;2021-03-16;70;35;4605;1068
53;29;2021-03-17;100;15;4705;1083
53;29;2021-03-18;71;72;4776;1155
53;29;2021-03-19;132;41;4908;1196
53;29;2021-03-20;16;0;4924;1196
53;29;2021-03-21;0;2;4924;1198
53;29;2021-03-22;45;7;4969;1205
53;29;2021-03-23;94;22;5063;1227
53;29;2021-03-24;96;17;5159;1244
53;29;2021-03-25;191;26;5350;1270
53;29;2021-03-26;180;17;5530;1287
53;29;2021-03-27;17;10;5547;1297
53;29;2021-03-28;4;1;5551;1298
53;29;2021-03-29;97;12;5648;1310
53;29;2021-03-30;190;17;5838;1327
53;29;2021-03-31;202;18;6040;1345
53;29;2021-04-01;314;28;6354;1373
53;29;2021-04-02;293;22;6647;1395
53;29;2021-04-03;60;5;6707;1400
53;29;2021-04-04;7;0;6714;1400
53;29;2021-04-05;38;1;6752;1401
53;29;2021-04-06;173;28;6925;1429
53;29;2021-04-07;204;16;7129;1445
53;29;2021-04-08;250;52;7379;1497
53;29;2021-04-09;299;40;7678;1537
53;29;2021-04-10;101;7;7779;1544
53;29;2021-04-11;46;0;7825;1544
53;29;2021-04-12;196;32;8021;1576
53;29;2021-04-13;487;55;8508;1631
53;29;2021-04-14;306;66;8814;1697
53;29;2021-04-15;410;62;9224;1759
53;29;2021-04-16;329;81;9553;1840
53;29;2021-04-17;100;20;9653;1860
53;29;2021-04-18;21;0;9674;1860
53;29;2021-04-19;167;39;9841;1899
53;29;2021-04-20;241;122;10082;2021
53;29;2021-04-21;191;145;10273;2166
53;39;2020-12-27;0;0;0;0
53;39;2020-12-28;0;0;0;0
53;39;2020-12-29;0;0;0;0
53;39;2020-12-30;0;0;0;0
53;39;2020-12-31;0;0;0;0
53;39;2021-01-01;0;0;0;0
53;39;2021-01-02;0;0;0;0
53;39;2021-01-03;0;0;0;0
53;39;2021-01-04;0;0;0;0
53;39;2021-01-05;1;0;1;0
53;39;2021-01-06;1;0;2;0
53;39;2021-01-07;8;0;10;0
53;39;2021-01-08;27;0;37;0
53;39;2021-01-09;0;0;37;0
53;39;2021-01-10;0;0;37;0
53;39;2021-01-11;38;0;75;0
53;39;2021-01-12;89;0;164;0
53;39;2021-01-13;62;0;226;0
53;39;2021-01-14;156;0;382;0
53;39;2021-01-15;140;0;522;0
53;39;2021-01-16;18;4;540;4
53;39;2021-01-17;1;0;541;4
53;39;2021-01-18;66;0;607;4
53;39;2021-01-19;159;0;766;4
53;39;2021-01-20;172;0;938;4
53;39;2021-01-21;320;0;1258;4
53;39;2021-01-22;349;0;1607;4
53;39;2021-01-23;26;0;1633;4
53;39;2021-01-24;3;0;1636;4
53;39;2021-01-25;49;0;1685;4
53;39;2021-01-26;58;4;1743;8
53;39;2021-01-27;119;1;1862;9
53;39;2021-01-28;187;10;2049;19
53;39;2021-01-29;104;13;2153;32
53;39;2021-01-30;8;1;2161;33
53;39;2021-01-31;0;0;2161;33
53;39;2021-02-01;27;36;2188;69
53;39;2021-02-02;47;42;2235;111
53;39;2021-02-03;30;32;2265;143
53;39;2021-02-04;147;62;2412;205
53;39;2021-02-05;211;50;2623;255
53;39;2021-02-06;22;5;2645;260
53;39;2021-02-07;1;1;2646;261
53;39;2021-02-08;67;47;2713;308
53;39;2021-02-09;222;139;2935;447
53;39;2021-02-10;237;165;3172;612
53;39;2021-02-11;447;439;3619;1051
53;39;2021-02-12;485;298;4104;1349
53;39;2021-02-13;44;20;4148;1369
53;39;2021-02-14;3;0;4151;1369
53;39;2021-02-15;189;43;4340;1412
53;39;2021-02-16;320;53;4660;1465
53;39;2021-02-17;323;118;4983;1583
53;39;2021-02-18;558;183;5541;1766
53;39;2021-02-19;556;126;6097;1892
53;39;2021-02-20;89;11;6186;1903
53;39;2021-02-21;12;0;6198;1903
53;39;2021-02-22;231;39;6429;1942
53;39;2021-02-23;190;42;6619;1984
53;39;2021-02-24;267;41;6886;2025
53;39;2021-02-25;448;180;7334;2205
53;39;2021-02-26;475;142;7809;2347
53;39;2021-02-27;166;18;7975;2365
53;39;2021-02-28;6;1;7981;2366
53;39;2021-03-01;145;25;8126;2391
53;39;2021-03-02;202;162;8328;2553
53;39;2021-03-03;139;61;8467;2614
53;39;2021-03-04;346;281;8813;2895
53;39;2021-03-05;581;270;9394;3165
53;39;2021-03-06;159;7;9553;3172
53;39;2021-03-07;66;0;9619;3172
53;39;2021-03-08;306;35;9925;3207
53;39;2021-03-09;532;59;10457;3266
53;39;2021-03-10;359;112;10816;3378
53;39;2021-03-11;647;178;11463;3556
53;39;2021-03-12;978;131;12441;3687
53;39;2021-03-13;225;5;12666;3692
53;39;2021-03-14;42;0;12708;3692
53;39;2021-03-15;284;46;12992;3738
53;39;2021-03-16;197;80;13189;3818
53;39;2021-03-17;183;60;13372;3878
53;39;2021-03-18;216;238;13588;4116
53;39;2021-03-19;398;155;13986;4271
53;39;2021-03-20;57;11;14043;4282
53;39;2021-03-21;10;2;14053;4284
53;39;2021-03-22;124;34;14177;4318
53;39;2021-03-23;245;109;14422;4427
53;39;2021-03-24;228;75;14650;4502
53;39;2021-03-25;448;76;15098;4578
53;39;2021-03-26;537;52;15635;4630
53;39;2021-03-27;58;21;15693;4651
53;39;2021-03-28;8;0;15701;4651
53;39;2021-03-29;275;36;15976;4687
53;39;2021-03-30;521;62;16497;4749
53;39;2021-03-31;463;42;16960;4791
53;39;2021-04-01;841;81;17801;4872
53;39;2021-04-02;823;108;18624;4980
53;39;2021-04-03;191;13;18815;4993
53;39;2021-04-04;9;1;18824;4994
53;39;2021-04-05;88;3;18912;4997
53;39;2021-04-06;445;101;19357;5098
53;39;2021-04-07;528;70;19885;5168
53;39;2021-04-08;724;116;20609;5284
53;39;2021-04-09;794;98;21403;5382
53;39;2021-04-10;210;21;21613;5403
53;39;2021-04-11;140;0;21753;5403
53;39;2021-04-12;573;79;22326;5482
53;39;2021-04-13;1160;130;23486;5612
53;39;2021-04-14;860;172;24346;5784
53;39;2021-04-15;1119;197;25465;5981
53;39;2021-04-16;948;229;26413;6210
53;39;2021-04-17;262;55;26675;6265
53;39;2021-04-18;86;2;26761;6267
53;39;2021-04-19;491;128;27252;6395
53;39;2021-04-20;643;337;27895;6732
53;39;2021-04-21;610;285;28505;7017
53;49;2020-12-27;0;0;0;0
53;49;2020-12-28;0;0;0;0
53;49;2020-12-29;0;0;0;0
53;49;2020-12-30;0;0;0;0
53;49;2020-12-31;0;0;0;0
53;49;2021-01-01;0;0;0;0
53;49;2021-01-02;0;0;0;0
53;49;2021-01-03;0;0;0;0
53;49;2021-01-04;0;0;0;0
53;49;2021-01-05;5;0;5;0
53;49;2021-01-06;7;0;12;0
53;49;2021-01-07;29;0;41;0
53;49;2021-01-08;93;0;134;0
53;49;2021-01-09;0;0;134;0
53;49;2021-01-10;0;0;134;0
53;49;2021-01-11;102;0;236;0
53;49;2021-01-12;174;0;410;0
53;49;2021-01-13;198;0;608;0
53;49;2021-01-14;415;0;1023;0
53;49;2021-01-15;296;0;1319;0
53;49;2021-01-16;62;2;1381;2
53;49;2021-01-17;5;0;1386;2
53;49;2021-01-18;143;1;1529;3
53;49;2021-01-19;297;0;1826;3
53;49;2021-01-20;297;0;2123;3
53;49;2021-01-21;617;0;2740;3
53;49;2021-01-22;566;0;3306;3
53;49;2021-01-23;42;1;3348;4
53;49;2021-01-24;11;0;3359;4
53;49;2021-01-25;106;1;3465;5
53;49;2021-01-26;115;12;3580;17
53;49;2021-01-27;243;11;3823;28
53;49;2021-01-28;385;29;4208;57
53;49;2021-01-29;202;45;4410;102
53;49;2021-01-30;9;1;4419;103
53;49;2021-01-31;1;0;4420;103
53;49;2021-02-01;44;74;4464;177
53;49;2021-02-02;122;114;4586;291
53;49;2021-02-03;59;106;4645;397
53;49;2021-02-04;284;132;4929;529
53;49;2021-02-05;329;180;5258;709
53;49;2021-02-06;67;18;5325;727
53;49;2021-02-07;8;4;5333;731
53;49;2021-02-08;67;104;5400;835
53;49;2021-02-09;288;316;5688;1151
53;49;2021-02-10;323;365;6011;1516
53;49;2021-02-11;630;796;6641;2312
53;49;2021-02-12;597;479;7238;2791
53;49;2021-02-13;47;27;7285;2818
53;49;2021-02-14;1;7;7286;2825
53;49;2021-02-15;278;103;7564;2928
53;49;2021-02-16;464;112;8028;3040
53;49;2021-02-17;505;242;8533;3282
53;49;2021-02-18;809;353;9342;3635
53;49;2021-02-19;796;247;10138;3882
53;49;2021-02-20;141;11;10279;3893
53;49;2021-02-21;15;4;10294;3897
53;49;2021-02-22;273;65;10567;3962
53;49;2021-02-23;303;102;10870;4064
53;49;2021-02-24;367;90;11237;4154
53;49;2021-02-25;662;371;11899;4525
53;49;2021-02-26;652;230;12551;4755
53;49;2021-02-27;269;42;12820;4797
53;49;2021-02-28;9;7;12829;4804
53;49;2021-03-01;199;42;13028;4846
53;49;2021-03-02;357;229;13385;5075
53;49;2021-03-03;243;130;13628;5205
53;49;2021-03-04;473;404;14101;5609
53;49;2021-03-05;825;415;14926;6024
53;49;2021-03-06;261;17;15187;6041
53;49;2021-03-07;71;4;15258;6045
53;49;2021-03-08;353;54;15611;6099
53;49;2021-03-09;619;86;16230;6185
53;49;2021-03-10;481;173;16711;6358
53;49;2021-03-11;991;279;17702;6637
53;49;2021-03-12;1419;167;19121;6804
53;49;2021-03-13;360;10;19481;6814
53;49;2021-03-14;43;2;19524;6816
53;49;2021-03-15;374;77;19898;6893
53;49;2021-03-16;234;123;20132;7016
53;49;2021-03-17;266;83;20398;7099
53;49;2021-03-18;322;387;20720;7486
53;49;2021-03-19;555;214;21275;7700
53;49;2021-03-20;131;24;21406;7724
53;49;2021-03-21;13;2;21419;7726
53;49;2021-03-22;193;42;21612;7768
53;49;2021-03-23;331;148;21943;7916
53;49;2021-03-24;413;107;22356;8023
53;49;2021-03-25;573;153;22929;8176
53;49;2021-03-26;801;117;23730;8293
53;49;2021-03-27;143;27;23873;8320
53;49;2021-03-28;10;0;23883;8320
53;49;2021-03-29;366;65;24249;8385
53;49;2021-03-30;667;103;24916;8488
53;49;2021-03-31;732;71;25648;8559
53;49;2021-04-01;1106;108;26754;8667
53;49;2021-04-02;1067;119;27821;8786
53;49;2021-04-03;324;16;28145;8802
53;49;2021-04-04;15;0;28160;8802
53;49;2021-04-05;138;4;28298;8806
53;49;2021-04-06;581;130;28879;8936
53;49;2021-04-07;699;111;29578;9047
53;49;2021-04-08;967;211;30545;9258
53;49;2021-04-09;1102;175;31647;9433
53;49;2021-04-10;349;35;31996;9468
53;49;2021-04-11;136;3;32132;9471
53;49;2021-04-12;748;94;32880;9565
53;49;2021-04-13;1432;206;34312;9771
53;49;2021-04-14;1098;229;35410;10000
53;49;2021-04-15;1397;288;36807;10288
53;49;2021-04-16;1171;294;37978;10582
53;49;2021-04-17;447;88;38425;10670
53;49;2021-04-18;121;4;38546;10674
53;49;2021-04-19;645;236;39191;10910
53;49;2021-04-20;789;384;39980;11294
53;49;2021-04-21;816;469;40796;11763
53;59;2020-12-27;0;0;0;0
53;59;2020-12-28;0;0;0;0
53;59;2020-12-29;0;0;0;0
53;59;2020-12-30;0;0;0;0
53;59;2020-12-31;0;0;0;0
53;59;2021-01-01;0;0;0;0
53;59;2021-01-02;2;0;2;0
53;59;2021-01-03;0;0;2;0
53;59;2021-01-04;9;0;11;0
53;59;2021-01-05;51;0;62;0
53;59;2021-01-06;143;0;205;0
53;59;2021-01-07;449;0;654;0
53;59;2021-01-08;683;0;1337;0
53;59;2021-01-09;19;0;1356;0
53;59;2021-01-10;2;0;1358;0
53;59;2021-01-11;790;0;2148;0
53;59;2021-01-12;1187;0;3335;0
53;59;2021-01-13;1167;0;4502;0
53;59;2021-01-14;1477;0;5979;0
53;59;2021-01-15;1400;0;7379;0
53;59;2021-01-16;386;8;7765;8
53;59;2021-01-17;55;0;7820;8
53;59;2021-01-18;711;0;8531;8
53;59;2021-01-19;1053;1;9584;9
53;59;2021-01-20;973;1;10557;10
53;59;2021-01-21;1546;1;12103;11
53;59;2021-01-22;1053;0;13156;11
53;59;2021-01-23;166;1;13322;12
53;59;2021-01-24;54;0;13376;12
53;59;2021-01-25;463;17;13839;29
53;59;2021-01-26;499;103;14338;132
53;59;2021-01-27;705;139;15043;271
53;59;2021-01-28;734;367;15777;638
53;59;2021-01-29;386;419;16163;1057
53;59;2021-01-30;34;21;16197;1078
53;59;2021-01-31;8;1;16205;1079
53;59;2021-02-01;157;486;16362;1565
53;59;2021-02-02;321;716;16683;2281
53;59;2021-02-03;204;675;16887;2956
53;59;2021-02-04;606;710;17493;3666
53;59;2021-02-05;549;947;18042;4613
53;59;2021-02-06;91;152;18133;4765
53;59;2021-02-07;36;50;18169;4815
53;59;2021-02-08;105;617;18274;5432
53;59;2021-02-09;343;1136;18617;6568
53;59;2021-02-10;346;1167;18963;7735
53;59;2021-02-11;622;1858;19585;9593
53;59;2021-02-12;559;1269;20144;10862
53;59;2021-02-13;42;164;20186;11026
53;59;2021-02-14;6;35;20192;11061
53;59;2021-02-15;175;515;20367;11576
53;59;2021-02-16;305;575;20672;12151
53;59;2021-02-17;370;780;21042;12931
53;59;2021-02-18;671;893;21713;13824
53;59;2021-02-19;598;581;22311;14405
53;59;2021-02-20;95;41;22406;14446
53;59;2021-02-21;13;19;22419;14465
53;59;2021-02-22;212;364;22631;14829
53;59;2021-02-23;317;342;22948;15171
53;59;2021-02-24;530;350;23478;15521
53;59;2021-02-25;1864;741;25342;16262
53;59;2021-02-26;2175;452;27517;16714
53;59;2021-02-27;1130;72;28647;16786
53;59;2021-02-28;25;31;28672;16817
53;59;2021-03-01;452;122;29124;16939
53;59;2021-03-02;820;427;29944;17366
53;59;2021-03-03;1074;266;31018;17632
53;59;2021-03-04;1770;501;32788;18133
53;59;2021-03-05;2426;535;35214;18668
53;59;2021-03-06;1251;34;36465;18702
53;59;2021-03-07;104;12;36569;18714
53;59;2021-03-08;501;106;37070;18820
53;59;2021-03-09;1198;188;38268;19008
53;59;2021-03-10;1035;289;39303;19297
53;59;2021-03-11;1898;356;41201;19653
53;59;2021-03-12;2841;244;44042;19897
53;59;2021-03-13;1512;15;45554;19912
53;59;2021-03-14;69;0;45623;19912
53;59;2021-03-15;496;96;46119;20008
53;59;2021-03-16;282;185;46401;20193
53;59;2021-03-17;393;125;46794;20318
53;59;2021-03-18;418;440;47212;20758
53;59;2021-03-19;1287;270;48499;21028
53;59;2021-03-20;710;33;49209;21061
53;59;2021-03-21;21;1;49230;21062
53;59;2021-03-22;526;92;49756;21154
53;59;2021-03-23;995;231;50751;21385
53;59;2021-03-24;1168;176;51919;21561
53;59;2021-03-25;1403;226;53322;21787
53;59;2021-03-26;1945;167;55267;21954
53;59;2021-03-27;808;45;56075;21999
53;59;2021-03-28;36;0;56111;21999
53;59;2021-03-29;767;100;56878;22099
53;59;2021-03-30;1218;119;58096;22218
53;59;2021-03-31;1240;149;59336;22367
53;59;2021-04-01;1676;162;61012;22529
53;59;2021-04-02;1757;223;62769;22752
53;59;2021-04-03;812;37;63581;22789
53;59;2021-04-04;46;1;63627;22790
53;59;2021-04-05;124;11;63751;22801
53;59;2021-04-06;835;185;64586;22986
53;59;2021-04-07;1134;193;65720;23179
53;59;2021-04-08;1803;344;67523;23523
53;59;2021-04-09;2772;256;70295;23779
53;59;2021-04-10;1205;56;71500;23835
53;59;2021-04-11;82;5;71582;23840
53;59;2021-04-12;1571;178;73153;24018
53;59;2021-04-13;2668;260;75821;24278
53;59;2021-04-14;2403;349;78224;24627
53;59;2021-04-15;3201;345;81425;24972
53;59;2021-04-16;3798;449;85223;25421
53;59;2021-04-17;2016;213;87239;25634
53;59;2021-04-18;135;5;87374;25639
53;59;2021-04-19;1678;313;89052;25952
53;59;2021-04-20;2133;552;91185;26504
53;59;2021-04-21;2400;562;93585;27066
53;64;2020-12-27;0;0;0;0
53;64;2020-12-28;0;0;0;0
53;64;2020-12-29;0;0;0;0
53;64;2020-12-30;0;0;0;0
53;64;2020-12-31;0;0;0;0
53;64;2021-01-01;1;0;1;0
53;64;2021-01-02;1;0;2;0
53;64;2021-01-03;0;0;2;0
53;64;2021-01-04;2;0;4;0
53;64;2021-01-05;20;0;24;0
53;64;2021-01-06;37;0;61;0
53;64;2021-01-07;125;0;186;0
53;64;2021-01-08;177;0;363;0
53;64;2021-01-09;7;0;370;0
53;64;2021-01-10;1;0;371;0
53;64;2021-01-11;208;0;579;0
53;64;2021-01-12;320;0;899;0
53;64;2021-01-13;309;0;1208;0
53;64;2021-01-14;402;0;1610;0
53;64;2021-01-15;340;0;1950;0
53;64;2021-01-16;88;4;2038;4
53;64;2021-01-17;28;1;2066;5
53;64;2021-01-18;178;0;2244;5
53;64;2021-01-19;331;0;2575;5
53;64;2021-01-20;250;0;2825;5
53;64;2021-01-21;470;0;3295;5
53;64;2021-01-22;324;0;3619;5
53;64;2021-01-23;51;0;3670;5
53;64;2021-01-24;7;0;3677;5
53;64;2021-01-25;123;6;3800;11
53;64;2021-01-26;167;27;3967;38
53;64;2021-01-27;227;33;4194;71
53;64;2021-01-28;267;95;4461;166
53;64;2021-01-29;158;127;4619;293
53;64;2021-01-30;20;8;4639;301
53;64;2021-01-31;2;1;4641;302
53;64;2021-02-01;59;134;4700;436
53;64;2021-02-02;101;197;4801;633
53;64;2021-02-03;91;197;4892;830
53;64;2021-02-04;207;195;5099;1025
53;64;2021-02-05;159;246;5258;1271
53;64;2021-02-06;38;36;5296;1307
53;64;2021-02-07;16;21;5312;1328
53;64;2021-02-08;41;157;5353;1485
53;64;2021-02-09;157;341;5510;1826
53;64;2021-02-10;110;300;5620;2126
53;64;2021-02-11;203;537;5823;2663
53;64;2021-02-12;226;331;6049;2994
53;64;2021-02-13;24;46;6073;3040
53;64;2021-02-14;1;12;6074;3052
53;64;2021-02-15;124;149;6198;3201
53;64;2021-02-16;115;131;6313;3332
53;64;2021-02-17;125;219;6438;3551
53;64;2021-02-18;215;267;6653;3818
53;64;2021-02-19;223;194;6876;4012
53;64;2021-02-20;28;17;6904;4029
53;64;2021-02-21;8;1;6912;4030
53;64;2021-02-22;81;116;6993;4146
53;64;2021-02-23;138;114;7131;4260
53;64;2021-02-24;346;117;7477;4377
53;64;2021-02-25;1446;248;8923;4625
53;64;2021-02-26;1891;146;10814;4771
53;64;2021-02-27;835;30;11649;4801
53;64;2021-02-28;20;15;11669;4816
53;64;2021-03-01;342;47;12011;4863
53;64;2021-03-02;601;168;12612;5031
53;64;2021-03-03;890;92;13502;5123
53;64;2021-03-04;1511;226;15013;5349
53;64;2021-03-05;1993;184;17006;5533
53;64;2021-03-06;969;18;17975;5551
53;64;2021-03-07;84;2;18059;5553
53;64;2021-03-08;426;52;18485;5605
53;64;2021-03-09;888;81;19373;5686
53;64;2021-03-10;914;104;20287;5790
53;64;2021-03-11;1563;143;21850;5933
53;64;2021-03-12;2150;109;24000;6042
53;64;2021-03-13;1150;12;25150;6054
53;64;2021-03-14;66;0;25216;6054
53;64;2021-03-15;396;76;25612;6130
53;64;2021-03-16;201;97;25813;6227
53;64;2021-03-17;278;65;26091;6292
53;64;2021-03-18;317;180;26408;6472
53;64;2021-03-19;1068;132;27476;6604
53;64;2021-03-20;757;23;28233;6627
53;64;2021-03-21;19;0;28252;6627
53;64;2021-03-22;588;72;28840;6699
53;64;2021-03-23;1030;105;29870;6804
53;64;2021-03-24;1309;114;31179;6918
53;64;2021-03-25;1624;119;32803;7037
53;64;2021-03-26;2116;82;34919;7119
53;64;2021-03-27;805;38;35724;7157
53;64;2021-03-28;33;0;35757;7157
53;64;2021-03-29;783;60;36540;7217
53;64;2021-03-30;1190;96;37730;7313
53;64;2021-03-31;1126;101;38856;7414
53;64;2021-04-01;1393;97;40249;7511
53;64;2021-04-02;1598;123;41847;7634
53;64;2021-04-03;626;26;42473;7660
53;64;2021-04-04;32;0;42505;7660
53;64;2021-04-05;57;8;42562;7668
53;64;2021-04-06;677;139;43239;7807
53;64;2021-04-07;954;119;44193;7926
53;64;2021-04-08;1727;181;45920;8107
53;64;2021-04-09;3034;117;48954;8224
53;64;2021-04-10;1217;55;50171;8279
53;64;2021-04-11;64;7;50235;8286
53;64;2021-04-12;1376;117;51611;8403
53;64;2021-04-13;2335;164;53946;8567
53;64;2021-04-14;2209;272;56155;8839
53;64;2021-04-15;3092;279;59247;9118
53;64;2021-04-16;4350;298;63597;9416
53;64;2021-04-17;1731;166;65328;9582
53;64;2021-04-18;131;3;65459;9585
53;64;2021-04-19;2602;300;68061;9885
53;64;2021-04-20;3002;346;71063;10231
53;64;2021-04-21;3049;364;74112;10595
53;69;2020-12-27;0;0;0;0
53;69;2020-12-28;0;0;0;0
53;69;2020-12-29;0;0;0;0
53;69;2020-12-30;0;0;0;0
53;69;2020-12-31;0;0;0;0
53;69;2021-01-01;1;0;1;0
53;69;2021-01-02;0;0;1;0
53;69;2021-01-03;0;0;1;0
53;69;2021-01-04;0;0;1;0
53;69;2021-01-05;14;0;15;0
53;69;2021-01-06;23;0;38;0
53;69;2021-01-07;43;0;81;0
53;69;2021-01-08;64;0;145;0
53;69;2021-01-09;3;0;148;0
53;69;2021-01-10;0;0;148;0
53;69;2021-01-11;76;0;224;0
53;69;2021-01-12;149;0;373;0
53;69;2021-01-13;161;0;534;0
53;69;2021-01-14;164;0;698;0
53;69;2021-01-15;119;0;817;0
53;69;2021-01-16;37;1;854;1
53;69;2021-01-17;13;0;867;1
53;69;2021-01-18;93;0;960;1
53;69;2021-01-19;230;0;1190;1
53;69;2021-01-20;205;0;1395;1
53;69;2021-01-21;314;0;1709;1
53;69;2021-01-22;223;0;1932;1
53;69;2021-01-23;30;0;1962;1
53;69;2021-01-24;8;0;1970;1
53;69;2021-01-25;98;4;2068;5
53;69;2021-01-26;124;11;2192;16
53;69;2021-01-27;237;23;2429;39
53;69;2021-01-28;171;29;2600;68
53;69;2021-01-29;127;52;2727;120
53;69;2021-01-30;16;4;2743;124
53;69;2021-01-31;0;1;2743;125
53;69;2021-02-01;64;53;2807;178
53;69;2021-02-02;85;104;2892;282
53;69;2021-02-03;86;135;2978;417
53;69;2021-02-04;194;119;3172;536
53;69;2021-02-05;141;84;3313;620
53;69;2021-02-06;39;19;3352;639
53;69;2021-02-07;14;10;3366;649
53;69;2021-02-08;60;65;3426;714
53;69;2021-02-09;114;205;3540;919
53;69;2021-02-10;118;186;3658;1105
53;69;2021-02-11;201;300;3859;1405
53;69;2021-02-12;222;190;4081;1595
53;69;2021-02-13;41;7;4122;1602
53;69;2021-02-14;0;8;4122;1610
53;69;2021-02-15;88;86;4210;1696
53;69;2021-02-16;154;69;4364;1765
53;69;2021-02-17;120;178;4484;1943
53;69;2021-02-18;199;146;4683;2089
53;69;2021-02-19;200;129;4883;2218
53;69;2021-02-20;32;23;4915;2241
53;69;2021-02-21;7;1;4922;2242
53;69;2021-02-22;78;91;5000;2333
53;69;2021-02-23;158;91;5158;2424
53;69;2021-02-24;176;97;5334;2521
53;69;2021-02-25;243;193;5577;2714
53;69;2021-02-26;277;121;5854;2835
53;69;2021-02-27;113;30;5967;2865
53;69;2021-02-28;5;8;5972;2873
53;69;2021-03-01;112;55;6084;2928
53;69;2021-03-02;252;139;6336;3067
53;69;2021-03-03;332;97;6668;3164
53;69;2021-03-04;582;239;7250;3403
53;69;2021-03-05;899;159;8149;3562
53;69;2021-03-06;648;20;8797;3582
53;69;2021-03-07;155;3;8952;3585
53;69;2021-03-08;362;64;9314;3649
53;69;2021-03-09;858;83;10172;3732
53;69;2021-03-10;889;97;11061;3829
53;69;2021-03-11;1661;139;12722;3968
53;69;2021-03-12;2349;115;15071;4083
53;69;2021-03-13;1504;29;16575;4112
53;69;2021-03-14;94;0;16669;4112
53;69;2021-03-15;623;79;17292;4191
53;69;2021-03-16;369;136;17661;4327
53;69;2021-03-17;568;101;18229;4428
53;69;2021-03-18;615;179;18844;4607
53;69;2021-03-19;1772;175;20616;4782
53;69;2021-03-20;1230;38;21846;4820
53;69;2021-03-21;48;2;21894;4822
53;69;2021-03-22;967;99;22861;4921
53;69;2021-03-23;1866;181;24727;5102
53;69;2021-03-24;2069;167;26796;5269
53;69;2021-03-25;2851;173;29647;5442
53;69;2021-03-26;3420;134;33067;5576
53;69;2021-03-27;1317;44;34384;5620
53;69;2021-03-28;52;0;34436;5620
53;69;2021-03-29;1342;124;35778;5744
53;69;2021-03-30;2061;206;37839;5950
53;69;2021-03-31;1819;167;39658;6117
53;69;2021-04-01;2259;167;41917;6284
53;69;2021-04-02;2577;176;44494;6460
53;69;2021-04-03;994;53;45488;6513
53;69;2021-04-04;81;1;45569;6514
53;69;2021-04-05;84;14;45653;6528
53;69;2021-04-06;1245;258;46898;6786
53;69;2021-04-07;1683;203;48581;6989
53;69;2021-04-08;2863;281;51444;7270
53;69;2021-04-09;4706;262;56150;7532
53;69;2021-04-10;1754;79;57904;7611
53;69;2021-04-11;72;12;57976;7623
53;69;2021-04-12;2253;237;60229;7860
53;69;2021-04-13;3391;320;63620;8180
53;69;2021-04-14;3084;514;66704;8694
53;69;2021-04-15;4167;546;70871;9240
53;69;2021-04-16;5426;560;76297;9800
53;69;2021-04-17;2021;357;78318;10157
53;69;2021-04-18;129;5;78447;10162
53;69;2021-04-19;3439;575;81886;10737
53;69;2021-04-20;3776;662;85662;11399
53;69;2021-04-21;3514;650;89176;12049
53;74;2020-12-27;0;0;0;0
53;74;2020-12-28;0;0;0;0
53;74;2020-12-29;0;0;0;0
53;74;2020-12-30;0;0;0;0
53;74;2020-12-31;0;0;0;0
53;74;2021-01-01;0;0;0;0
53;74;2021-01-02;0;0;0;0
53;74;2021-01-03;0;0;0;0
53;74;2021-01-04;0;0;0;0
53;74;2021-01-05;8;0;8;0
53;74;2021-01-06;21;0;29;0
53;74;2021-01-07;39;0;68;0
53;74;2021-01-08;31;0;99;0
53;74;2021-01-09;0;0;99;0
53;74;2021-01-10;0;0;99;0
53;74;2021-01-11;57;0;156;0
53;74;2021-01-12;149;0;305;0
53;74;2021-01-13;146;0;451;0
53;74;2021-01-14;144;0;595;0
53;74;2021-01-15;112;0;707;0
53;74;2021-01-16;17;0;724;0
53;74;2021-01-17;15;0;739;0
53;74;2021-01-18;98;0;837;0
53;74;2021-01-19;372;0;1209;0
53;74;2021-01-20;280;0;1489;0
53;74;2021-01-21;513;0;2002;0
53;74;2021-01-22;290;0;2292;0
53;74;2021-01-23;74;0;2366;0
53;74;2021-01-24;12;0;2378;0
53;74;2021-01-25;161;0;2539;0
53;74;2021-01-26;237;7;2776;7
53;74;2021-01-27;339;19;3115;26
53;74;2021-01-28;318;29;3433;55
53;74;2021-01-29;212;25;3645;80
53;74;2021-01-30;35;0;3680;80
53;74;2021-01-31;1;0;3681;80
53;74;2021-02-01;111;62;3792;142
53;74;2021-02-02;158;125;3950;267
53;74;2021-02-03;166;122;4116;389
53;74;2021-02-04;344;112;4460;501
53;74;2021-02-05;290;80;4750;581
53;74;2021-02-06;68;9;4818;590
53;74;2021-02-07;14;5;4832;595
53;74;2021-02-08;82;54;4914;649
53;74;2021-02-09;226;294;5140;943
53;74;2021-02-10;221;219;5361;1162
53;74;2021-02-11;365;394;5726;1556
53;74;2021-02-12;344;202;6070;1758
53;74;2021-02-13;95;13;6165;1771
53;74;2021-02-14;0;8;6165;1779
53;74;2021-02-15;161;114;6326;1893
53;74;2021-02-16;260;122;6586;2015
53;74;2021-02-17;247;249;6833;2264
53;74;2021-02-18;372;255;7205;2519
53;74;2021-02-19;368;212;7573;2731
53;74;2021-02-20;63;47;7636;2778
53;74;2021-02-21;13;6;7649;2784
53;74;2021-02-22;124;140;7773;2924
53;74;2021-02-23;271;163;8044;3087
53;74;2021-02-24;289;172;8333;3259
53;74;2021-02-25;380;318;8713;3577
53;74;2021-02-26;387;209;9100;3786
53;74;2021-02-27;91;61;9191;3847
53;74;2021-02-28;30;7;9221;3854
53;74;2021-03-01;275;106;9496;3960
53;74;2021-03-02;404;244;9900;4204
53;74;2021-03-03;559;195;10459;4399
53;74;2021-03-04;798;353;11257;4752
53;74;2021-03-05;1148;318;12405;5070
53;74;2021-03-06;861;42;13266;5112
53;74;2021-03-07;151;3;13417;5115
53;74;2021-03-08;611;100;14028;5215
53;74;2021-03-09;1220;168;15248;5383
53;74;2021-03-10;1298;229;16546;5612
53;74;2021-03-11;2077;285;18623;5897
53;74;2021-03-12;3113;191;21736;6088
53;74;2021-03-13;1907;49;23643;6137
53;74;2021-03-14;147;0;23790;6137
53;74;2021-03-15;962;152;24752;6289
53;74;2021-03-16;784;259;25536;6548
53;74;2021-03-17;1024;227;26560;6775
53;74;2021-03-18;1084;346;27644;7121
53;74;2021-03-19;2328;354;29972;7475
53;74;2021-03-20;1727;66;31699;7541
53;74;2021-03-21;49;2;31748;7543
53;74;2021-03-22;1417;173;33165;7716
53;74;2021-03-23;2533;299;35698;8015
53;74;2021-03-24;2790;277;38488;8292
53;74;2021-03-25;4038;333;42526;8625
53;74;2021-03-26;4546;283;47072;8908
53;74;2021-03-27;1982;75;49054;8983
53;74;2021-03-28;106;7;49160;8990
53;74;2021-03-29;2668;321;51828;9311
53;74;2021-03-30;3960;447;55788;9758
53;74;2021-03-31;3497;418;59285;10176
53;74;2021-04-01;4509;400;63794;10576
53;74;2021-04-02;4536;413;68330;10989
53;74;2021-04-03;1878;151;70208;11140
53;74;2021-04-04;201;3;70409;11143
53;74;2021-04-05;319;36;70728;11179
53;74;2021-04-06;4574;625;75302;11804
53;74;2021-04-07;5578;530;80880;12334
53;74;2021-04-08;6977;535;87857;12869
53;74;2021-04-09;7979;532;95836;13401
53;74;2021-04-10;3266;190;99102;13591
53;74;2021-04-11;126;28;99228;13619
53;74;2021-04-12;5543;537;104771;14156
53;74;2021-04-13;6001;777;110772;14933
53;74;2021-04-14;5025;962;115797;15895
53;74;2021-04-15;5830;950;121627;16845
53;74;2021-04-16;5130;953;126757;17798
53;74;2021-04-17;2030;586;128787;18384
53;74;2021-04-18;213;7;129000;18391
53;74;2021-04-19;3567;975;132567;19366
53;74;2021-04-20;3406;1190;135973;20556
53;74;2021-04-21;3096;1142;139069;21698
53;79;2020-12-27;0;0;0;0
53;79;2020-12-28;0;0;0;0
53;79;2020-12-29;0;0;0;0
53;79;2020-12-30;0;0;0;0
53;79;2020-12-31;0;0;0;0
53;79;2021-01-01;0;0;0;0
53;79;2021-01-02;0;0;0;0
53;79;2021-01-03;0;0;0;0
53;79;2021-01-04;4;0;4;0
53;79;2021-01-05;7;0;11;0
53;79;2021-01-06;10;0;21;0
53;79;2021-01-07;19;0;40;0
53;79;2021-01-08;22;0;62;0
53;79;2021-01-09;0;0;62;0
53;79;2021-01-10;0;0;62;0
53;79;2021-01-11;48;0;110;0
53;79;2021-01-12;123;0;233;0
53;79;2021-01-13;133;0;366;0
53;79;2021-01-14;152;0;518;0
53;79;2021-01-15;204;0;722;0
53;79;2021-01-16;27;2;749;2
53;79;2021-01-17;29;0;778;2
53;79;2021-01-18;866;1;1644;3
53;79;2021-01-19;1176;0;2820;3
53;79;2021-01-20;1171;0;3991;3
53;79;2021-01-21;1443;0;5434;3
53;79;2021-01-22;1435;1;6869;4
53;79;2021-01-23;452;0;7321;4
53;79;2021-01-24;73;0;7394;4
53;79;2021-01-25;870;4;8264;8
53;79;2021-01-26;1186;9;9450;17
53;79;2021-01-27;1422;9;10872;26
53;79;2021-01-28;1222;13;12094;39
53;79;2021-01-29;1089;14;13183;53
53;79;2021-01-30;295;1;13478;54
53;79;2021-01-31;29;0;13507;54
53;79;2021-02-01;768;37;14275;91
53;79;2021-02-02;1052;90;15327;181
53;79;2021-02-03;999;120;16326;301
53;79;2021-02-04;1203;139;17529;440
53;79;2021-02-05;1032;106;18561;546
53;79;2021-02-06;302;17;18863;563
53;79;2021-02-07;31;9;18894;572
53;79;2021-02-08;484;182;19378;754
53;79;2021-02-09;813;479;20191;1233
53;79;2021-02-10;821;425;21012;1658
53;79;2021-02-11;1006;614;22018;2272
53;79;2021-02-12;986;465;23004;2737
53;79;2021-02-13;343;94;23347;2831
53;79;2021-02-14;2;28;23349;2859
53;79;2021-02-15;453;889;23802;3748
53;79;2021-02-16;821;823;24623;4571
53;79;2021-02-17;713;1061;25336;5632
53;79;2021-02-18;865;1025;26201;6657
53;79;2021-02-19;793;1116;26994;7773
53;79;2021-02-20;264;284;27258;8057
53;79;2021-02-21;31;38;27289;8095
53;79;2021-02-22;441;828;27730;8923
53;79;2021-02-23;724;1167;28454;10090
53;79;2021-02-24;667;1110;29121;11200
53;79;2021-02-25;798;1297;29919;12497
53;79;2021-02-26;857;1008;30776;13505
53;79;2021-02-27;249;280;31025;13785
53;79;2021-02-28;35;32;31060;13817
53;79;2021-03-01;709;741;31769;14558
53;79;2021-03-02;1035;1146;32804;15704
53;79;2021-03-03;1169;1050;33973;16754
53;79;2021-03-04;1284;1136;35257;17890
53;79;2021-03-05;1289;1026;36546;18916
53;79;2021-03-06;471;270;37017;19186
53;79;2021-03-07;100;24;37117;19210
53;79;2021-03-08;787;553;37904;19763
53;79;2021-03-09;1413;773;39317;20536
53;79;2021-03-10;1528;892;40845;21428
53;79;2021-03-11;1840;857;42685;22285
53;79;2021-03-12;1915;711;44600;22996
53;79;2021-03-13;767;262;45367;23258
53;79;2021-03-14;115;0;45482;23258
53;79;2021-03-15;1268;515;46750;23773
53;79;2021-03-16;1781;790;48531;24563
53;79;2021-03-17;1981;706;50512;25269
53;79;2021-03-18;2133;799;52645;26068
53;79;2021-03-19;1918;751;54563;26819
53;79;2021-03-20;1004;212;55567;27031
53;79;2021-03-21;76;4;55643;27035
53;79;2021-03-22;1385;521;57028;27556
53;79;2021-03-23;2310;784;59338;28340
53;79;2021-03-24;2319;686;61657;29026
53;79;2021-03-25;2533;774;64190;29800
53;79;2021-03-26;2404;694;66594;30494
53;79;2021-03-27;883;222;67477;30716
53;79;2021-03-28;87;7;67564;30723
53;79;2021-03-29;1308;882;68872;31605
53;79;2021-03-30;2003;1233;70875;32838
53;79;2021-03-31;1725;1172;72600;34010
53;79;2021-04-01;1959;1090;74559;35100
53;79;2021-04-02;1807;1045;76366;36145
53;79;2021-04-03;561;393;76927;36538
53;79;2021-04-04;49;6;76976;36544
53;79;2021-04-05;147;93;77123;36637
53;79;2021-04-06;1305;1544;78428;38181
53;79;2021-04-07;1560;1567;79988;39748
53;79;2021-04-08;1885;1546;81873;41294
53;79;2021-04-09;2090;1395;83963;42689
53;79;2021-04-10;776;509;84739;43198
53;79;2021-04-11;26;47;84765;43245
53;79;2021-04-12;1359;1225;86124;44470
53;79;2021-04-13;1647;1879;87771;46349
53;79;2021-04-14;1482;1932;89253;48281
53;79;2021-04-15;1936;1936;91189;50217
53;79;2021-04-16;1688;1538;92877;51755
53;79;2021-04-17;681;788;93558;52543
53;79;2021-04-18;81;27;93639;52570
53;79;2021-04-19;937;1457;94576;54027
53;79;2021-04-20;956;2183;95532;56210
53;79;2021-04-21;936;1991;96468;58201
53;80;2020-12-27;0;0;0;0
53;80;2020-12-28;0;0;0;0
53;80;2020-12-29;0;0;0;0
53;80;2020-12-30;0;0;0;0
53;80;2020-12-31;0;0;0;0
53;80;2021-01-01;1;0;1;0
53;80;2021-01-02;0;0;1;0
53;80;2021-01-03;0;0;1;0
53;80;2021-01-04;28;0;29;0
53;80;2021-01-05;94;0;123;0
53;80;2021-01-06;86;0;209;0
53;80;2021-01-07;119;0;328;0
53;80;2021-01-08;104;0;432;0
53;80;2021-01-09;4;0;436;0
53;80;2021-01-10;1;0;437;0
53;80;2021-01-11;326;0;763;0
53;80;2021-01-12;1136;0;1899;0
53;80;2021-01-13;1067;0;2966;0
53;80;2021-01-14;825;0;3791;0
53;80;2021-01-15;617;0;4408;0
53;80;2021-01-16;46;9;4454;9
53;80;2021-01-17;33;0;4487;9
53;80;2021-01-18;1159;2;5646;11
53;80;2021-01-19;4437;3;10083;14
53;80;2021-01-20;3525;1;13608;15
53;80;2021-01-21;5938;2;19546;17
53;80;2021-01-22;3333;0;22879;17
53;80;2021-01-23;639;0;23518;17
53;80;2021-01-24;83;0;23601;17
53;80;2021-01-25;1166;24;24767;41
53;80;2021-01-26;1676;96;26443;137
53;80;2021-01-27;3871;89;30314;226
53;80;2021-01-28;3660;73;33974;299
53;80;2021-01-29;1916;35;35890;334
53;80;2021-01-30;422;2;36312;336
53;80;2021-01-31;37;0;36349;336
53;80;2021-02-01;963;258;37312;594
53;80;2021-02-02;1527;1022;38839;1616
53;80;2021-02-03;1515;906;40354;2522
53;80;2021-02-04;3943;938;44297;3460
53;80;2021-02-05;2700;458;46997;3918
53;80;2021-02-06;541;18;47538;3936
53;80;2021-02-07;93;20;47631;3956
53;80;2021-02-08;704;340;48335;4296
53;80;2021-02-09;1648;3168;49983;7464
53;80;2021-02-10;1429;2593;51412;10057
53;80;2021-02-11;1963;4733;53375;14790
53;80;2021-02-12;1943;1949;55318;16739
53;80;2021-02-13;573;171;55891;16910
53;80;2021-02-14;11;20;55902;16930
53;80;2021-02-15;746;1095;56648;18025
53;80;2021-02-16;1388;1176;58036;19201
53;80;2021-02-17;1420;2918;59456;22119
53;80;2021-02-18;1889;3051;61345;25170
53;80;2021-02-19;1430;1927;62775;27097
53;80;2021-02-20;418;376;63193;27473
53;80;2021-02-21;51;33;63244;27506
53;80;2021-02-22;705;971;63949;28477
53;80;2021-02-23;1639;1406;65588;29883
53;80;2021-02-24;1545;1689;67133;31572
53;80;2021-02-25;1714;3989;68847;35561
53;80;2021-02-26;1614;2029;70461;37590
53;80;2021-02-27;450;553;70911;38143
53;80;2021-02-28;71;75;70982;38218
53;80;2021-03-01;1116;965;72098;39183
53;80;2021-03-02;1773;2062;73871;41245
53;80;2021-03-03;1869;1602;75740;42847
53;80;2021-03-04;2195;2057;77935;44904
53;80;2021-03-05;2285;2227;80220;47131
53;80;2021-03-06;805;402;81025;47533
53;80;2021-03-07;119;30;81144;47563
53;80;2021-03-08;1515;769;82659;48332
53;80;2021-03-09;2431;1145;85090;49477
53;80;2021-03-10;2364;1337;87454;50814
53;80;2021-03-11;2927;1634;90381;52448
53;80;2021-03-12;2936;1313;93317;53761
53;80;2021-03-13;1121;413;94438;54174
53;80;2021-03-14;193;1;94631;54175
53;80;2021-03-15;2171;770;96802;54945
53;80;2021-03-16;2951;1389;99753;56334
53;80;2021-03-17;3321;1237;103074;57571
53;80;2021-03-18;3418;1725;106492;59296
53;80;2021-03-19;3361;1463;109853;60759
53;80;2021-03-20;1432;366;111285;61125
53;80;2021-03-21;141;6;111426;61131
53;80;2021-03-22;1999;826;113425;61957
53;80;2021-03-23;3403;1670;116828;63627
53;80;2021-03-24;3801;1551;120629;65178
53;80;2021-03-25;4242;1447;124871;66625
53;80;2021-03-26;4032;1400;128903;68025
53;80;2021-03-27;1332;395;130235;68420
53;80;2021-03-28;123;9;130358;68429
53;80;2021-03-29;2031;1380;132389;69809
53;80;2021-03-30;3206;2044;135595;71853
53;80;2021-03-31;2867;2027;138462;73880
53;80;2021-04-01;3476;1932;141938;75812
53;80;2021-04-02;2973;1852;144911;77664
53;80;2021-04-03;884;708;145795;78372
53;80;2021-04-04;55;18;145850;78390
53;80;2021-04-05;182;153;146032;78543
53;80;2021-04-06;2078;2629;148110;81172
53;80;2021-04-07;2365;2447;150475;83619
53;80;2021-04-08;2924;2585;153399;86204
53;80;2021-04-09;3366;2253;156765;88457
53;80;2021-04-10;1303;699;158068;89156
53;80;2021-04-11;36;83;158104;89239
53;80;2021-04-12;1928;2163;160032;91402
53;80;2021-04-13;2813;2988;162845;94390
53;80;2021-04-14;2344;3182;165189;97572
53;80;2021-04-15;3276;3118;168465;100690
53;80;2021-04-16;2768;2730;171233;103420
53;80;2021-04-17;1035;1155;172268;104575
53;80;2021-04-18;86;78;172354;104653
53;80;2021-04-19;1388;2131;173742;106784
53;80;2021-04-20;1489;3279;175231;110063
53;80;2021-04-21;1520;3327;176751;113390
75;24;2020-12-27;0;0;0;0
75;24;2020-12-28;0;0;0;0
75;24;2020-12-29;0;0;0;0
75;24;2020-12-30;0;0;0;0
75;24;2020-12-31;0;0;0;0
75;24;2021-01-01;0;0;0;0
75;24;2021-01-02;0;0;0;0
75;24;2021-01-03;0;0;0;0
75;24;2021-01-04;0;0;0;0
75;24;2021-01-05;0;0;0;0
75;24;2021-01-06;2;0;2;0
75;24;2021-01-07;11;0;13;0
75;24;2021-01-08;24;0;37;0
75;24;2021-01-09;2;0;39;0
75;24;2021-01-10;6;0;45;0
75;24;2021-01-11;16;0;61;0
75;24;2021-01-12;22;0;83;0
75;24;2021-01-13;23;0;106;0
75;24;2021-01-14;47;0;153;0
75;24;2021-01-15;51;0;204;0
75;24;2021-01-16;4;0;208;0
75;24;2021-01-17;1;0;209;0
75;24;2021-01-18;17;0;226;0
75;24;2021-01-19;57;0;283;0
75;24;2021-01-20;65;0;348;0
75;24;2021-01-21;75;0;423;0
75;24;2021-01-22;47;0;470;0
75;24;2021-01-23;14;0;484;0
75;24;2021-01-24;2;0;486;0
75;24;2021-01-25;18;3;504;3
75;24;2021-01-26;34;0;538;3
75;24;2021-01-27;41;2;579;5
75;24;2021-01-28;59;9;638;14
75;24;2021-01-29;37;9;675;23
75;24;2021-01-30;7;0;682;23
75;24;2021-01-31;6;5;688;28
75;24;2021-02-01;8;8;696;36
75;24;2021-02-02;37;16;733;52
75;24;2021-02-03;40;12;773;64
75;24;2021-02-04;68;41;841;105
75;24;2021-02-05;40;33;881;138
75;24;2021-02-06;6;4;887;142
75;24;2021-02-07;36;0;923;142
75;24;2021-02-08;25;15;948;157
75;24;2021-02-09;60;51;1008;208
75;24;2021-02-10;90;56;1098;264
75;24;2021-02-11;120;72;1218;336
75;24;2021-02-12;115;50;1333;386
75;24;2021-02-13;9;9;1342;395
75;24;2021-02-14;1;0;1343;395
75;24;2021-02-15;55;15;1398;410
75;24;2021-02-16;107;33;1505;443
75;24;2021-02-17;108;44;1613;487
75;24;2021-02-18;141;62;1754;549
75;24;2021-02-19;181;37;1935;586
75;24;2021-02-20;19;1;1954;587
75;24;2021-02-21;5;1;1959;588
75;24;2021-02-22;107;13;2066;601
75;24;2021-02-23;119;38;2185;639
75;24;2021-02-24;178;39;2363;678
75;24;2021-02-25;261;72;2624;750
75;24;2021-02-26;221;38;2845;788
75;24;2021-02-27;57;4;2902;792
75;24;2021-02-28;26;3;2928;795
75;24;2021-03-01;97;9;3025;804
75;24;2021-03-02;128;31;3153;835
75;24;2021-03-03;141;43;3294;878
75;24;2021-03-04;156;49;3450;927
75;24;2021-03-05;215;31;3665;958
75;24;2021-03-06;153;5;3818;963
75;24;2021-03-07;181;0;3999;963
75;24;2021-03-08;135;6;4134;969
75;24;2021-03-09;135;19;4269;988
75;24;2021-03-10;146;18;4415;1006
75;24;2021-03-11;180;36;4595;1042
75;24;2021-03-12;262;34;4857;1076
75;24;2021-03-13;167;6;5024;1082
75;24;2021-03-14;50;0;5074;1082
75;24;2021-03-15;95;8;5169;1090
75;24;2021-03-16;38;25;5207;1115
75;24;2021-03-17;71;15;5278;1130
75;24;2021-03-18;97;48;5375;1178
75;24;2021-03-19;146;39;5521;1217
75;24;2021-03-20;40;0;5561;1217
75;24;2021-03-21;22;1;5583;1218
75;24;2021-03-22;129;11;5712;1229
75;24;2021-03-23;171;15;5883;1244
75;24;2021-03-24;217;20;6100;1264
75;24;2021-03-25;215;18;6315;1282
75;24;2021-03-26;217;21;6532;1303
75;24;2021-03-27;151;4;6683;1307
75;24;2021-03-28;57;1;6740;1308
75;24;2021-03-29;209;18;6949;1326
75;24;2021-03-30;335;22;7284;1348
75;24;2021-03-31;343;24;7627;1372
75;24;2021-04-01;496;15;8123;1387
75;24;2021-04-02;345;18;8468;1405
75;24;2021-04-03;129;7;8597;1412
75;24;2021-04-04;42;1;8639;1413
75;24;2021-04-05;44;2;8683;1415
75;24;2021-04-06;330;23;9013;1438
75;24;2021-04-07;447;35;9460;1473
75;24;2021-04-08;654;41;10114;1514
75;24;2021-04-09;540;49;10654;1563
75;24;2021-04-10;272;12;10926;1575
75;24;2021-04-11;122;3;11048;1578
75;24;2021-04-12;309;56;11357;1634
75;24;2021-04-13;401;75;11758;1709
75;24;2021-04-14;403;124;12161;1833
75;24;2021-04-15;437;141;12598;1974
75;24;2021-04-16;394;113;12992;2087
75;24;2021-04-17;195;37;13187;2124
75;24;2021-04-18;33;25;13220;2149
75;24;2021-04-19;240;107;13460;2256
75;24;2021-04-20;258;194;13718;2450
75;24;2021-04-21;250;231;13968;2681
75;29;2020-12-27;0;0;0;0
75;29;2020-12-28;0;0;0;0
75;29;2020-12-29;0;0;0;0
75;29;2020-12-30;0;0;0;0
75;29;2020-12-31;0;0;0;0
75;29;2021-01-01;0;0;0;0
75;29;2021-01-02;0;0;0;0
75;29;2021-01-03;0;0;0;0
75;29;2021-01-04;1;0;1;0
75;29;2021-01-05;3;0;4;0
75;29;2021-01-06;10;0;14;0
75;29;2021-01-07;20;0;34;0
75;29;2021-01-08;49;0;83;0
75;29;2021-01-09;4;0;87;0
75;29;2021-01-10;1;0;88;0
75;29;2021-01-11;45;0;133;0
75;29;2021-01-12;46;0;179;0
75;29;2021-01-13;63;0;242;0
75;29;2021-01-14;110;0;352;0
75;29;2021-01-15;114;0;466;0
75;29;2021-01-16;10;1;476;1
75;29;2021-01-17;1;0;477;1
75;29;2021-01-18;60;0;537;1
75;29;2021-01-19;107;0;644;1
75;29;2021-01-20;148;0;792;1
75;29;2021-01-21;123;0;915;1
75;29;2021-01-22;88;0;1003;1
75;29;2021-01-23;17;0;1020;1
75;29;2021-01-24;2;0;1022;1
75;29;2021-01-25;38;1;1060;2
75;29;2021-01-26;71;2;1131;4
75;29;2021-01-27;59;5;1190;9
75;29;2021-01-28;95;21;1285;30
75;29;2021-01-29;81;13;1366;43
75;29;2021-01-30;15;4;1381;47
75;29;2021-01-31;6;1;1387;48
75;29;2021-02-01;18;18;1405;66
75;29;2021-02-02;63;44;1468;110
75;29;2021-02-03;67;45;1535;155
75;29;2021-02-04;96;78;1631;233
75;29;2021-02-05;56;72;1687;305
75;29;2021-02-06;17;2;1704;307
75;29;2021-02-07;85;2;1789;309
75;29;2021-02-08;63;46;1852;355
75;29;2021-02-09;79;98;1931;453
75;29;2021-02-10;148;113;2079;566
75;29;2021-02-11;195;136;2274;702
75;29;2021-02-12;143;87;2417;789
75;29;2021-02-13;14;18;2431;807
75;29;2021-02-14;0;1;2431;808
75;29;2021-02-15;94;33;2525;841
75;29;2021-02-16;127;85;2652;926
75;29;2021-02-17;156;90;2808;1016
75;29;2021-02-18;149;104;2957;1120
75;29;2021-02-19;198;83;3155;1203
75;29;2021-02-20;20;9;3175;1212
75;29;2021-02-21;4;3;3179;1215
75;29;2021-02-22;137;28;3316;1243
75;29;2021-02-23;154;71;3470;1314
75;29;2021-02-24;184;58;3654;1372
75;29;2021-02-25;253;109;3907;1481
75;29;2021-02-26;258;53;4165;1534
75;29;2021-02-27;52;5;4217;1539
75;29;2021-02-28;19;2;4236;1541
75;29;2021-03-01;115;18;4351;1559
75;29;2021-03-02;158;57;4509;1616
75;29;2021-03-03;175;64;4684;1680
75;29;2021-03-04;208;82;4892;1762
75;29;2021-03-05;357;58;5249;1820
75;29;2021-03-06;149;4;5398;1824
75;29;2021-03-07;96;0;5494;1824
75;29;2021-03-08;191;18;5685;1842
75;29;2021-03-09;190;29;5875;1871
75;29;2021-03-10;225;39;6100;1910
75;29;2021-03-11;288;59;6388;1969
75;29;2021-03-12;380;56;6768;2025
75;29;2021-03-13;170;2;6938;2027
75;29;2021-03-14;38;1;6976;2028
75;29;2021-03-15;131;23;7107;2051
75;29;2021-03-16;91;44;7198;2095
75;29;2021-03-17;97;58;7295;2153
75;29;2021-03-18;142;68;7437;2221
75;29;2021-03-19;211;60;7648;2281
75;29;2021-03-20;74;4;7722;2285
75;29;2021-03-21;56;0;7778;2285
75;29;2021-03-22;141;22;7919;2307
75;29;2021-03-23;191;17;8110;2324
75;29;2021-03-24;262;29;8372;2353
75;29;2021-03-25;237;28;8609;2381
75;29;2021-03-26;294;29;8903;2410
75;29;2021-03-27;159;1;9062;2411
75;29;2021-03-28;53;0;9115;2411
75;29;2021-03-29;246;26;9361;2437
75;29;2021-03-30;381;31;9742;2468
75;29;2021-03-31;368;28;10110;2496
75;29;2021-04-01;465;36;10575;2532
75;29;2021-04-02;383;34;10958;2566
75;29;2021-04-03;125;8;11083;2574
75;29;2021-04-04;24;1;11107;2575
75;29;2021-04-05;59;1;11166;2576
75;29;2021-04-06;331;38;11497;2614
75;29;2021-04-07;465;61;11962;2675
75;29;2021-04-08;598;59;12560;2734
75;29;2021-04-09;547;81;13107;2815
75;29;2021-04-10;262;13;13369;2828
75;29;2021-04-11;101;8;13470;2836
75;29;2021-04-12;345;82;13815;2918
75;29;2021-04-13;422;123;14237;3041
75;29;2021-04-14;438;143;14675;3184
75;29;2021-04-15;512;134;15187;3318
75;29;2021-04-16;413;160;15600;3478
75;29;2021-04-17;183;40;15783;3518
75;29;2021-04-18;48;17;15831;3535
75;29;2021-04-19;215;130;16046;3665
75;29;2021-04-20;271;231;16317;3896
75;29;2021-04-21;212;240;16529;4136
75;39;2020-12-27;0;0;0;0
75;39;2020-12-28;0;0;0;0
75;39;2020-12-29;0;0;0;0
75;39;2020-12-30;0;0;0;0
75;39;2020-12-31;0;0;0;0
75;39;2021-01-01;0;0;0;0
75;39;2021-01-02;0;0;0;0
75;39;2021-01-03;0;0;0;0
75;39;2021-01-04;2;0;2;0
75;39;2021-01-05;2;0;4;0
75;39;2021-01-06;25;0;29;0
75;39;2021-01-07;127;0;156;0
75;39;2021-01-08;190;0;346;0
75;39;2021-01-09;31;0;377;0
75;39;2021-01-10;15;0;392;0
75;39;2021-01-11;168;0;560;0
75;39;2021-01-12;246;0;806;0
75;39;2021-01-13;222;0;1028;0
75;39;2021-01-14;362;0;1390;0
75;39;2021-01-15;401;0;1791;0
75;39;2021-01-16;48;2;1839;2
75;39;2021-01-17;4;0;1843;2
75;39;2021-01-18;206;1;2049;3
75;39;2021-01-19;468;1;2517;4
75;39;2021-01-20;445;0;2962;4
75;39;2021-01-21;530;1;3492;5
75;39;2021-01-22;326;0;3818;5
75;39;2021-01-23;67;0;3885;5
75;39;2021-01-24;8;0;3893;5
75;39;2021-01-25;121;3;4014;8
75;39;2021-01-26;207;11;4221;19
75;39;2021-01-27;241;23;4462;42
75;39;2021-01-28;332;81;4794;123
75;39;2021-01-29;264;77;5058;200
75;39;2021-01-30;50;17;5108;217
75;39;2021-01-31;13;8;5121;225
75;39;2021-02-01;73;116;5194;341
75;39;2021-02-02;197;218;5391;559
75;39;2021-02-03;196;158;5587;717
75;39;2021-02-04;285;287;5872;1004
75;39;2021-02-05;192;294;6064;1298
75;39;2021-02-06;50;29;6114;1327
75;39;2021-02-07;129;3;6243;1330
75;39;2021-02-08;139;147;6382;1477
75;39;2021-02-09;272;420;6654;1897
75;39;2021-02-10;350;327;7004;2224
75;39;2021-02-11;542;535;7546;2759
75;39;2021-02-12;385;353;7931;3112
75;39;2021-02-13;36;50;7967;3162
75;39;2021-02-14;11;5;7978;3167
75;39;2021-02-15;241;157;8219;3324
75;39;2021-02-16;301;256;8520;3580
75;39;2021-02-17;331;296;8851;3876
75;39;2021-02-18;386;333;9237;4209
75;39;2021-02-19;458;277;9695;4486
75;39;2021-02-20;68;33;9763;4519
75;39;2021-02-21;13;4;9776;4523
75;39;2021-02-22;324;118;10100;4641
75;39;2021-02-23;418;237;10518;4878
75;39;2021-02-24;410;201;10928;5079
75;39;2021-02-25;635;308;11563;5387
75;39;2021-02-26;761;229;12324;5616
75;39;2021-02-27;206;29;12530;5645
75;39;2021-02-28;18;4;12548;5649
75;39;2021-03-01;303;68;12851;5717
75;39;2021-03-02;466;168;13317;5885
75;39;2021-03-03;458;144;13775;6029
75;39;2021-03-04;665;271;14440;6300
75;39;2021-03-05;1071;171;15511;6471
75;39;2021-03-06;459;27;15970;6498
75;39;2021-03-07;219;2;16189;6500
75;39;2021-03-08;487;65;16676;6565
75;39;2021-03-09;505;120;17181;6685
75;39;2021-03-10;582;136;17763;6821
75;39;2021-03-11;740;179;18503;7000
75;39;2021-03-12;1156;170;19659;7170
75;39;2021-03-13;459;11;20118;7181
75;39;2021-03-14;81;1;20199;7182
75;39;2021-03-15;416;63;20615;7245
75;39;2021-03-16;237;122;20852;7367
75;39;2021-03-17;242;138;21094;7505
75;39;2021-03-18;350;210;21444;7715
75;39;2021-03-19;519;194;21963;7909
75;39;2021-03-20;178;23;22141;7932
75;39;2021-03-21;86;0;22227;7932
75;39;2021-03-22;343;66;22570;7998
75;39;2021-03-23;475;69;23045;8067
75;39;2021-03-24;566;88;23611;8155
75;39;2021-03-25;683;106;24294;8261
75;39;2021-03-26;818;95;25112;8356
75;39;2021-03-27;446;14;25558;8370
75;39;2021-03-28;131;1;25689;8371
75;39;2021-03-29;687;98;26376;8469
75;39;2021-03-30;1086;120;27462;8589
75;39;2021-03-31;992;94;28454;8683
75;39;2021-04-01;1305;127;29759;8810
75;39;2021-04-02;1185;95;30944;8905
75;39;2021-04-03;354;22;31298;8927
75;39;2021-04-04;62;5;31360;8932
75;39;2021-04-05;186;6;31546;8938
75;39;2021-04-06;920;134;32466;9072
75;39;2021-04-07;1258;168;33724;9240
75;39;2021-04-08;1720;203;35444;9443
75;39;2021-04-09;1605;237;37049;9680
75;39;2021-04-10;679;46;37728;9726
75;39;2021-04-11;228;12;37956;9738
75;39;2021-04-12;999;173;38955;9911
75;39;2021-04-13;1195;292;40150;10203
75;39;2021-04-14;1255;289;41405;10492
75;39;2021-04-15;1398;303;42803;10795
75;39;2021-04-16;1050;395;43853;11190
75;39;2021-04-17;479;106;44332;11296
75;39;2021-04-18;107;38;44439;11334
75;39;2021-04-19;652;354;45091;11688
75;39;2021-04-20;794;566;45885;12254
75;39;2021-04-21;696;574;46581;12828
75;49;2020-12-27;0;0;0;0
75;49;2020-12-28;0;0;0;0
75;49;2020-12-29;0;0;0;0
75;49;2020-12-30;0;0;0;0
75;49;2020-12-31;0;0;0;0
75;49;2021-01-01;0;0;0;0
75;49;2021-01-02;1;0;1;0
75;49;2021-01-03;0;0;1;0
75;49;2021-01-04;13;0;14;0
75;49;2021-01-05;17;0;31;0
75;49;2021-01-06;66;0;97;0
75;49;2021-01-07;300;0;397;0
75;49;2021-01-08;494;0;891;0
75;49;2021-01-09;72;0;963;0
75;49;2021-01-10;39;0;1002;0
75;49;2021-01-11;347;0;1349;0
75;49;2021-01-12;422;0;1771;0
75;49;2021-01-13;515;0;2286;0
75;49;2021-01-14;786;0;3072;0
75;49;2021-01-15;830;0;3902;0
75;49;2021-01-16;110;6;4012;6
75;49;2021-01-17;11;0;4023;6
75;49;2021-01-18;362;1;4385;7
75;49;2021-01-19;738;0;5123;7
75;49;2021-01-20;726;1;5849;8
75;49;2021-01-21;854;0;6703;8
75;49;2021-01-22;600;2;7303;10
75;49;2021-01-23;136;0;7439;10
75;49;2021-01-24;6;0;7445;10
75;49;2021-01-25;190;13;7635;23
75;49;2021-01-26;374;27;8009;50
75;49;2021-01-27;403;44;8412;94
75;49;2021-01-28;629;192;9041;286
75;49;2021-01-29;475;274;9516;560
75;49;2021-01-30;86;42;9602;602
75;49;2021-01-31;15;25;9617;627
75;49;2021-02-01;153;252;9770;879
75;49;2021-02-02;347;402;10117;1281
75;49;2021-02-03;347;364;10464;1645
75;49;2021-02-04;478;627;10942;2272
75;49;2021-02-05;308;601;11250;2873
75;49;2021-02-06;61;61;11311;2934
75;49;2021-02-07;101;8;11412;2942
75;49;2021-02-08;213;313;11625;3255
75;49;2021-02-09;394;627;12019;3882
75;49;2021-02-10;552;633;12571;4515
75;49;2021-02-11;769;902;13340;5417
75;49;2021-02-12;533;662;13873;6079
75;49;2021-02-13;87;81;13960;6160
75;49;2021-02-14;12;12;13972;6172
75;49;2021-02-15;286;277;14258;6449
75;49;2021-02-16;448;494;14706;6943
75;49;2021-02-17;418;449;15124;7392
75;49;2021-02-18;560;612;15684;8004
75;49;2021-02-19;523;497;16207;8501
75;49;2021-02-20;94;64;16301;8565
75;49;2021-02-21;16;8;16317;8573
75;49;2021-02-22;410;197;16727;8770
75;49;2021-02-23;599;360;17326;9130
75;49;2021-02-24;603;361;17929;9491
75;49;2021-02-25;883;546;18812;10037
75;49;2021-02-26;1106;364;19918;10401
75;49;2021-02-27;348;47;20266;10448
75;49;2021-02-28;21;7;20287;10455
75;49;2021-03-01;418;126;20705;10581
75;49;2021-03-02;678;288;21383;10869
75;49;2021-03-03;689;291;22072;11160
75;49;2021-03-04;1002;339;23074;11499
75;49;2021-03-05;1489;305;24563;11804
75;49;2021-03-06;821;35;25384;11839
75;49;2021-03-07;301;6;25685;11845
75;49;2021-03-08;701;87;26386;11932
75;49;2021-03-09;787;202;27173;12134
75;49;2021-03-10;882;206;28055;12340
75;49;2021-03-11;1130;256;29185;12596
75;49;2021-03-12;1692;225;30877;12821
75;49;2021-03-13;717;17;31594;12838
75;49;2021-03-14;102;2;31696;12840
75;49;2021-03-15;515;97;32211;12937
75;49;2021-03-16;297;155;32508;13092
75;49;2021-03-17;395;178;32903;13270
75;49;2021-03-18;473;301;33376;13571
75;49;2021-03-19;746;238;34122;13809
75;49;2021-03-20;291;32;34413;13841
75;49;2021-03-21;112;1;34525;13842
75;49;2021-03-22;519;108;35044;13950
75;49;2021-03-23;695;122;35739;14072
75;49;2021-03-24;851;148;36590;14220
75;49;2021-03-25;948;160;37538;14380
75;49;2021-03-26;1179;121;38717;14501
75;49;2021-03-27;650;21;39367;14522
75;49;2021-03-28;144;7;39511;14529
75;49;2021-03-29;1045;124;40556;14653
75;49;2021-03-30;1528;172;42084;14825
75;49;2021-03-31;1395;163;43479;14988
75;49;2021-04-01;1771;188;45250;15176
75;49;2021-04-02;1484;159;46734;15335
75;49;2021-04-03;571;45;47305;15380
75;49;2021-04-04;105;3;47410;15383
75;49;2021-04-05;296;6;47706;15389
75;49;2021-04-06;1333;215;49039;15604
75;49;2021-04-07;1851;294;50890;15898
75;49;2021-04-08;2382;321;53272;16219
75;49;2021-04-09;2270;346;55542;16565
75;49;2021-04-10;1157;105;56699;16670
75;49;2021-04-11;282;13;56981;16683
75;49;2021-04-12;1475;235;58456;16918
75;49;2021-04-13;1802;340;60258;17258
75;49;2021-04-14;1918;405;62176;17663
75;49;2021-04-15;1955;436;64131;18099
75;49;2021-04-16;1518;540;65649;18639
75;49;2021-04-17;846;201;66495;18840
75;49;2021-04-18;175;53;66670;18893
75;49;2021-04-19;1142;541;67812;19434
75;49;2021-04-20;1373;761;69185;20195
75;49;2021-04-21;1243;735;70428;20930
75;59;2020-12-27;0;0;0;0
75;59;2020-12-28;0;0;0;0
75;59;2020-12-29;0;0;0;0
75;59;2020-12-30;0;0;0;0
75;59;2020-12-31;0;0;0;0
75;59;2021-01-01;0;0;0;0
75;59;2021-01-02;0;0;0;0
75;59;2021-01-03;0;0;0;0
75;59;2021-01-04;46;0;46;0
75;59;2021-01-05;43;0;89;0
75;59;2021-01-06;317;0;406;0
75;59;2021-01-07;1901;0;2307;0
75;59;2021-01-08;2210;0;4517;0
75;59;2021-01-09;301;0;4818;0
75;59;2021-01-10;142;0;4960;0
75;59;2021-01-11;1593;0;6553;0
75;59;2021-01-12;2116;0;8669;0
75;59;2021-01-13;2389;0;11058;0
75;59;2021-01-14;2750;0;13808;0
75;59;2021-01-15;2555;0;16363;0
75;59;2021-01-16;407;21;16770;21
75;59;2021-01-17;70;0;16840;21
75;59;2021-01-18;1482;5;18322;26
75;59;2021-01-19;1917;3;20239;29
75;59;2021-01-20;1794;2;22033;31
75;59;2021-01-21;1792;3;23825;34
75;59;2021-01-22;1298;1;25123;35
75;59;2021-01-23;327;0;25450;35
75;59;2021-01-24;25;1;25475;36
75;59;2021-01-25;599;138;26074;174
75;59;2021-01-26;785;260;26859;434
75;59;2021-01-27;866;385;27725;819
75;59;2021-01-28;1049;984;28774;1803
75;59;2021-01-29;791;1216;29565;3019
75;59;2021-01-30;233;196;29798;3215
75;59;2021-01-31;45;92;29843;3307
75;59;2021-02-01;387;1405;30230;4712
75;59;2021-02-02;670;1645;30900;6357
75;59;2021-02-03;640;1699;31540;8056
75;59;2021-02-04;812;2030;32352;10086
75;59;2021-02-05;506;1896;32858;11982
75;59;2021-02-06;123;299;32981;12281
75;59;2021-02-07;39;60;33020;12341
75;59;2021-02-08;271;1091;33291;13432
75;59;2021-02-09;461;1693;33752;15125
75;59;2021-02-10;590;1682;34342;16807
75;59;2021-02-11;779;2182;35121;18989
75;59;2021-02-12;644;1730;35765;20719
75;59;2021-02-13;127;282;35892;21001
75;59;2021-02-14;5;48;35897;21049
75;59;2021-02-15;290;954;36187;22003
75;59;2021-02-16;397;1183;36584;23186
75;59;2021-02-17;509;1243;37093;24429
75;59;2021-02-18;493;1384;37586;25813
75;59;2021-02-19;500;1050;38086;26863
75;59;2021-02-20;68;176;38154;27039
75;59;2021-02-21;15;39;38169;27078
75;59;2021-02-22;307;560;38476;27638
75;59;2021-02-23;448;861;38924;28499
75;59;2021-02-24;577;694;39501;29193
75;59;2021-02-25;2025;888;41526;30081
75;59;2021-02-26;3154;652;44680;30733
75;59;2021-02-27;2023;149;46703;30882
75;59;2021-02-28;69;43;46772;30925
75;59;2021-03-01;915;292;47687;31217
75;59;2021-03-02;1964;560;49651;31777
75;59;2021-03-03;2341;473;51992;32250
75;59;2021-03-04;3682;640;55674;32890
75;59;2021-03-05;4669;529;60343;33419
75;59;2021-03-06;3212;89;63555;33508
75;59;2021-03-07;485;9;64040;33517
75;59;2021-03-08;1226;200;65266;33717
75;59;2021-03-09;2203;383;67469;34100
75;59;2021-03-10;2300;349;69769;34449
75;59;2021-03-11;3559;413;73328;34862
75;59;2021-03-12;4473;318;77801;35180
75;59;2021-03-13;2783;49;80584;35229
75;59;2021-03-14;165;0;80749;35229
75;59;2021-03-15;1003;154;81752;35383
75;59;2021-03-16;557;205;82309;35588
75;59;2021-03-17;612;294;82921;35882
75;59;2021-03-18;655;313;83576;36195
75;59;2021-03-19;1905;311;85481;36506
75;59;2021-03-20;1333;24;86814;36530
75;59;2021-03-21;227;5;87041;36535
75;59;2021-03-22;1145;155;88186;36690
75;59;2021-03-23;1856;190;90042;36880
75;59;2021-03-24;2232;199;92274;37079
75;59;2021-03-25;2850;254;95124;37333
75;59;2021-03-26;3498;201;98622;37534
75;59;2021-03-27;1680;48;100302;37582
75;59;2021-03-28;165;8;100467;37590
75;59;2021-03-29;1841;189;102308;37779
75;59;2021-03-30;2699;210;105007;37989
75;59;2021-03-31;2841;225;107848;38214
75;59;2021-04-01;3269;257;111117;38471
75;59;2021-04-02;3174;271;114291;38742
75;59;2021-04-03;1432;70;115723;38812
75;59;2021-04-04;214;13;115937;38825
75;59;2021-04-05;596;17;116533;38842
75;59;2021-04-06;2352;333;118885;39175
75;59;2021-04-07;3198;489;122083;39664
75;59;2021-04-08;4336;480;126419;40144
75;59;2021-04-09;5826;520;132245;40664
75;59;2021-04-10;3352;195;135597;40859
75;59;2021-04-11;753;15;136350;40874
75;59;2021-04-12;3473;437;139823;41311
75;59;2021-04-13;4898;535;144721;41846
75;59;2021-04-14;5150;592;149871;42438
75;59;2021-04-15;5698;648;155569;43086
75;59;2021-04-16;5986;725;161555;43811
75;59;2021-04-17;3679;436;165234;44247
75;59;2021-04-18;865;142;166099;44389
75;59;2021-04-19;3104;701;169203;45090
75;59;2021-04-20;4515;932;173718;46022
75;59;2021-04-21;4379;1011;178097;47033
75;64;2020-12-27;0;0;0;0
75;64;2020-12-28;0;0;0;0
75;64;2020-12-29;0;0;0;0
75;64;2020-12-30;0;0;0;0
75;64;2020-12-31;0;0;0;0
75;64;2021-01-01;0;0;0;0
75;64;2021-01-02;0;0;0;0
75;64;2021-01-03;0;0;0;0
75;64;2021-01-04;15;0;15;0
75;64;2021-01-05;18;0;33;0
75;64;2021-01-06;105;0;138;0
75;64;2021-01-07;588;0;726;0
75;64;2021-01-08;666;0;1392;0
75;64;2021-01-09;128;0;1520;0
75;64;2021-01-10;62;0;1582;0
75;64;2021-01-11;498;0;2080;0
75;64;2021-01-12;667;0;2747;0
75;64;2021-01-13;747;0;3494;0
75;64;2021-01-14;848;0;4342;0
75;64;2021-01-15;810;0;5152;0
75;64;2021-01-16;144;4;5296;4
75;64;2021-01-17;28;0;5324;4
75;64;2021-01-18;441;1;5765;5
75;64;2021-01-19;643;0;6408;5
75;64;2021-01-20;623;0;7031;5
75;64;2021-01-21;654;1;7685;6
75;64;2021-01-22;509;1;8194;7
75;64;2021-01-23;134;1;8328;8
75;64;2021-01-24;11;0;8339;8
75;64;2021-01-25;263;41;8602;49
75;64;2021-01-26;327;86;8929;135
75;64;2021-01-27;402;154;9331;289
75;64;2021-01-28;463;309;9794;598
75;64;2021-01-29;373;400;10167;998
75;64;2021-01-30;115;69;10282;1067
75;64;2021-01-31;18;55;10300;1122
75;64;2021-02-01;162;411;10462;1533
75;64;2021-02-02;249;485;10711;2018
75;64;2021-02-03;304;531;11015;2549
75;64;2021-02-04;357;643;11372;3192
75;64;2021-02-05;234;542;11606;3734
75;64;2021-02-06;89;101;11695;3835
75;64;2021-02-07;6;19;11701;3854
75;64;2021-02-08;152;368;11853;4222
75;64;2021-02-09;208;551;12061;4773
75;64;2021-02-10;255;593;12316;5366
75;64;2021-02-11;350;742;12666;6108
75;64;2021-02-12;277;541;12943;6649
75;64;2021-02-13;76;104;13019;6753
75;64;2021-02-14;6;27;13025;6780
75;64;2021-02-15;109;352;13134;7132
75;64;2021-02-16;180;445;13314;7577
75;64;2021-02-17;220;498;13534;8075
75;64;2021-02-18;214;551;13748;8626
75;64;2021-02-19;216;400;13964;9026
75;64;2021-02-20;46;71;14010;9097
75;64;2021-02-21;3;9;14013;9106
75;64;2021-02-22;124;231;14137;9337
75;64;2021-02-23;210;285;14347;9622
75;64;2021-02-24;273;332;14620;9954
75;64;2021-02-25;1495;384;16115;10338
75;64;2021-02-26;2427;252;18542;10590
75;64;2021-02-27;1504;77;20046;10667
75;64;2021-02-28;31;23;20077;10690
75;64;2021-03-01;694;151;20771;10841
75;64;2021-03-02;1662;239;22433;11080
75;64;2021-03-03;1944;270;24377;11350
75;64;2021-03-04;3078;296;27455;11646
75;64;2021-03-05;3550;261;31005;11907
75;64;2021-03-06;2456;39;33461;11946
75;64;2021-03-07;317;6;33778;11952
75;64;2021-03-08;837;143;34615;12095
75;64;2021-03-09;1780;172;36395;12267
75;64;2021-03-10;1757;187;38152;12454
75;64;2021-03-11;2923;259;41075;12713
75;64;2021-03-12;3566;188;44641;12901
75;64;2021-03-13;2176;23;46817;12924
75;64;2021-03-14;95;2;46912;12926
75;64;2021-03-15;769;87;47681;13013
75;64;2021-03-16;418;128;48099;13141
75;64;2021-03-17;474;137;48573;13278
75;64;2021-03-18;536;189;49109;13467
75;64;2021-03-19;1537;172;50646;13639
75;64;2021-03-20;1448;25;52094;13664
75;64;2021-03-21;192;3;52286;13667
75;64;2021-03-22;1020;96;53306;13763
75;64;2021-03-23;2028;128;55334;13891
75;64;2021-03-24;2172;134;57506;14025
75;64;2021-03-25;3195;160;60701;14185
75;64;2021-03-26;3747;125;64448;14310
75;64;2021-03-27;1593;27;66041;14337
75;64;2021-03-28;168;9;66209;14346
75;64;2021-03-29;1528;141;67737;14487
75;64;2021-03-30;2468;166;70205;14653
75;64;2021-03-31;2365;171;72570;14824
75;64;2021-04-01;2852;200;75422;15024
75;64;2021-04-02;2815;212;78237;15236
75;64;2021-04-03;1263;68;79500;15304
75;64;2021-04-04;172;6;79672;15310
75;64;2021-04-05;470;14;80142;15324
75;64;2021-04-06;1817;292;81959;15616
75;64;2021-04-07;2396;318;84355;15934
75;64;2021-04-08;3663;373;88018;16307
75;64;2021-04-09;5809;347;93827;16654
75;64;2021-04-10;3085;134;96912;16788
75;64;2021-04-11;521;7;97433;16795
75;64;2021-04-12;2882;313;100315;17108
75;64;2021-04-13;4614;455;104929;17563
75;64;2021-04-14;4811;465;109740;18028
75;64;2021-04-15;5849;502;115589;18530
75;64;2021-04-16;6756;507;122345;19037
75;64;2021-04-17;3905;371;126250;19408
75;64;2021-04-18;1001;124;127251;19532
75;64;2021-04-19;4122;524;131373;20056
75;64;2021-04-20;5937;694;137310;20750
75;64;2021-04-21;5358;729;142668;21479
75;69;2020-12-27;0;0;0;0
75;69;2020-12-28;0;0;0;0
75;69;2020-12-29;0;0;0;0
75;69;2020-12-30;1;0;1;0
75;69;2020-12-31;0;0;1;0
75;69;2021-01-01;0;0;1;0
75;69;2021-01-02;0;0;1;0
75;69;2021-01-03;0;0;1;0
75;69;2021-01-04;2;0;3;0
75;69;2021-01-05;5;0;8;0
75;69;2021-01-06;39;0;47;0
75;69;2021-01-07;298;0;345;0
75;69;2021-01-08;333;0;678;0
75;69;2021-01-09;65;0;743;0
75;69;2021-01-10;43;0;786;0
75;69;2021-01-11;241;0;1027;0
75;69;2021-01-12;334;0;1361;0
75;69;2021-01-13;386;0;1747;0
75;69;2021-01-14;448;0;2195;0
75;69;2021-01-15;385;0;2580;0
75;69;2021-01-16;79;7;2659;7
75;69;2021-01-17;22;1;2681;8
75;69;2021-01-18;275;2;2956;10
75;69;2021-01-19;477;0;3433;10
75;69;2021-01-20;514;0;3947;10
75;69;2021-01-21;567;0;4514;10
75;69;2021-01-22;464;0;4978;10
75;69;2021-01-23;128;0;5106;10
75;69;2021-01-24;15;0;5121;10
75;69;2021-01-25;261;15;5382;25
75;69;2021-01-26;313;44;5695;69
75;69;2021-01-27;398;50;6093;119
75;69;2021-01-28;441;191;6534;310
75;69;2021-01-29;382;212;6916;522
75;69;2021-01-30;119;40;7035;562
75;69;2021-01-31;14;28;7049;590
75;69;2021-02-01;217;204;7266;794
75;69;2021-02-02;316;261;7582;1055
75;69;2021-02-03;307;262;7889;1317
75;69;2021-02-04;363;334;8252;1651
75;69;2021-02-05;250;266;8502;1917
75;69;2021-02-06;66;67;8568;1984
75;69;2021-02-07;8;12;8576;1996
75;69;2021-02-08;155;189;8731;2185
75;69;2021-02-09;227;367;8958;2552
75;69;2021-02-10;242;380;9200;2932
75;69;2021-02-11;353;501;9553;3433
75;69;2021-02-12;284;341;9837;3774
75;69;2021-02-13;69;68;9906;3842
75;69;2021-02-14;8;19;9914;3861
75;69;2021-02-15;120;249;10034;4110
75;69;2021-02-16;173;333;10207;4443
75;69;2021-02-17;226;412;10433;4855
75;69;2021-02-18;236;463;10669;5318
75;69;2021-02-19;227;344;10896;5662
75;69;2021-02-20;38;69;10934;5731
75;69;2021-02-21;4;6;10938;5737
75;69;2021-02-22;154;231;11092;5968
75;69;2021-02-23;209;320;11301;6288
75;69;2021-02-24;269;330;11570;6618
75;69;2021-02-25;384;395;11954;7013
75;69;2021-02-26;452;264;12406;7277
75;69;2021-02-27;201;76;12607;7353
75;69;2021-02-28;17;10;12624;7363
75;69;2021-03-01;199;205;12823;7568
75;69;2021-03-02;383;284;13206;7852
75;69;2021-03-03;609;268;13815;8120
75;69;2021-03-04;1236;324;15051;8444
75;69;2021-03-05;1915;294;16966;8738
75;69;2021-03-06;1608;54;18574;8792
75;69;2021-03-07;536;6;19110;8798
75;69;2021-03-08;1038;160;20148;8958
75;69;2021-03-09;1880;235;22028;9193
75;69;2021-03-10;2129;243;24157;9436
75;69;2021-03-11;3491;291;27648;9727
75;69;2021-03-12;4465;233;32113;9960
75;69;2021-03-13;2917;47;35030;10007
75;69;2021-03-14;171;8;35201;10015
75;69;2021-03-15;1328;149;36529;10164
75;69;2021-03-16;801;180;37330;10344
75;69;2021-03-17;881;206;38211;10550
75;69;2021-03-18;1012;274;39223;10824
75;69;2021-03-19;2601;209;41824;11033
75;69;2021-03-20;2299;32;44123;11065
75;69;2021-03-21;349;2;44472;11067
75;69;2021-03-22;1906;144;46378;11211
75;69;2021-03-23;3434;166;49812;11377
75;69;2021-03-24;3661;217;53473;11594
75;69;2021-03-25;5493;209;58966;11803
75;69;2021-03-26;6266;197;65232;12000
75;69;2021-03-27;2446;49;67678;12049
75;69;2021-03-28;244;16;67922;12065
75;69;2021-03-29;2918;220;70840;12285
75;69;2021-03-30;4435;271;75275;12556
75;69;2021-03-31;3756;315;79031;12871
75;69;2021-04-01;4740;367;83771;13238
75;69;2021-04-02;4623;322;88394;13560
75;69;2021-04-03;1957;140;90351;13700
75;69;2021-04-04;306;15;90657;13715
75;69;2021-04-05;875;16;91532;13731
75;69;2021-04-06;3290;579;94822;14310
75;69;2021-04-07;3842;577;98664;14887
75;69;2021-04-08;5679;687;104343;15574
75;69;2021-04-09;8894;586;113237;16160
75;69;2021-04-10;4498;258;117735;16418
75;69;2021-04-11;778;24;118513;16442
75;69;2021-04-12;4559;649;123072;17091
75;69;2021-04-13;6682;773;129754;17864
75;69;2021-04-14;6507;874;136261;18738
75;69;2021-04-15;7345;949;143606;19687
75;69;2021-04-16;8789;972;152395;20659
75;69;2021-04-17;4563;716;156958;21375
75;69;2021-04-18;958;227;157916;21602
75;69;2021-04-19;5035;1170;162951;22772
75;69;2021-04-20;6927;1360;169878;24132
75;69;2021-04-21;6222;1329;176100;25461
75;74;2020-12-27;0;0;0;0
75;74;2020-12-28;0;0;0;0
75;74;2020-12-29;0;0;0;0
75;74;2020-12-30;0;0;0;0
75;74;2020-12-31;0;0;0;0
75;74;2021-01-01;0;0;0;0
75;74;2021-01-02;0;0;0;0
75;74;2021-01-03;0;0;0;0
75;74;2021-01-04;2;0;2;0
75;74;2021-01-05;7;0;9;0
75;74;2021-01-06;22;0;31;0
75;74;2021-01-07;232;0;263;0
75;74;2021-01-08;227;0;490;0
75;74;2021-01-09;46;0;536;0
75;74;2021-01-10;24;0;560;0
75;74;2021-01-11;177;0;737;0
75;74;2021-01-12;315;0;1052;0
75;74;2021-01-13;345;0;1397;0
75;74;2021-01-14;381;0;1778;0
75;74;2021-01-15;397;0;2175;0
75;74;2021-01-16;73;9;2248;9
75;74;2021-01-17;11;0;2259;9
75;74;2021-01-18;353;2;2612;11
75;74;2021-01-19;663;0;3275;11
75;74;2021-01-20;765;0;4040;11
75;74;2021-01-21;851;3;4891;14
75;74;2021-01-22;718;2;5609;16
75;74;2021-01-23;230;0;5839;16
75;74;2021-01-24;23;1;5862;17
75;74;2021-01-25;477;6;6339;23
75;74;2021-01-26;620;36;6959;59
75;74;2021-01-27;634;31;7593;90
75;74;2021-01-28;732;179;8325;269
75;74;2021-01-29;576;141;8901;410
75;74;2021-01-30;189;27;9090;437
75;74;2021-01-31;29;24;9119;461
75;74;2021-02-01;355;132;9474;593
75;74;2021-02-02;489;262;9963;855
75;74;2021-02-03;526;241;10489;1096
75;74;2021-02-04;622;291;11111;1387
75;74;2021-02-05;463;247;11574;1634
75;74;2021-02-06;158;76;11732;1710
75;74;2021-02-07;10;19;11742;1729
75;74;2021-02-08;302;221;12044;1950
75;74;2021-02-09;470;455;12514;2405
75;74;2021-02-10;457;466;12971;2871
75;74;2021-02-11;548;568;13519;3439
75;74;2021-02-12;479;457;13998;3896
75;74;2021-02-13;165;68;14163;3964
75;74;2021-02-14;15;10;14178;3974
75;74;2021-02-15;199;382;14377;4356
75;74;2021-02-16;307;511;14684;4867
75;74;2021-02-17;336;634;15020;5501
75;74;2021-02-18;363;727;15383;6228
75;74;2021-02-19;411;494;15794;6722
75;74;2021-02-20;69;135;15863;6857
75;74;2021-02-21;7;29;15870;6886
75;74;2021-02-22;253;431;16123;7317
75;74;2021-02-23;399;532;16522;7849
75;74;2021-02-24;436;513;16958;8362
75;74;2021-02-25;529;661;17487;9023
75;74;2021-02-26;520;491;18007;9514
75;74;2021-02-27;197;160;18204;9674
75;74;2021-02-28;26;25;18230;9699
75;74;2021-03-01;318;338;18548;10037
75;74;2021-03-02;574;487;19122;10524
75;74;2021-03-03;769;470;19891;10994
75;74;2021-03-04;1440;510;21331;11504
75;74;2021-03-05;2204;468;23535;11972
75;74;2021-03-06;1975;122;25510;12094
75;74;2021-03-07;661;8;26171;12102
75;74;2021-03-08;1371;357;27542;12459
75;74;2021-03-09;2614;453;30156;12912
75;74;2021-03-10;2918;408;33074;13320
75;74;2021-03-11;4573;512;37647;13832
75;74;2021-03-12;5727;391;43374;14223
75;74;2021-03-13;3668;114;47042;14337
75;74;2021-03-14;290;13;47332;14350
75;74;2021-03-15;2220;298;49552;14648
75;74;2021-03-16;1738;319;51290;14967
75;74;2021-03-17;1878;336;53168;15303
75;74;2021-03-18;2102;432;55270;15735
75;74;2021-03-19;3903;298;59173;16033
75;74;2021-03-20;3168;53;62341;16086
75;74;2021-03-21;503;1;62844;16087
75;74;2021-03-22;3031;288;65875;16375
75;74;2021-03-23;5008;329;70883;16704
75;74;2021-03-24;5577;410;76460;17114
75;74;2021-03-25;7881;416;84341;17530
75;74;2021-03-26;9108;403;93449;17933
75;74;2021-03-27;4142;103;97591;18036
75;74;2021-03-28;668;52;98259;18088
75;74;2021-03-29;6263;428;104522;18516
75;74;2021-03-30;8247;598;112769;19114
75;74;2021-03-31;8125;615;120894;19729
75;74;2021-04-01;9306;753;130200;20482
75;74;2021-04-02;9027;756;139227;21238
75;74;2021-04-03;3879;276;143106;21514
75;74;2021-04-04;758;38;143864;21552
75;74;2021-04-05;2481;47;146345;21599
75;74;2021-04-06;8621;1336;154966;22935
75;74;2021-04-07;10262;1304;165228;24239
75;74;2021-04-08;11329;1330;176557;25569
75;74;2021-04-09;13374;1289;189931;26858
75;74;2021-04-10;6486;580;196417;27438
75;74;2021-04-11;1288;88;197705;27526
75;74;2021-04-12;7728;1490;205433;29016
75;74;2021-04-13;9047;1703;214480;30719
75;74;2021-04-14;8065;1796;222545;32515
75;74;2021-04-15;7641;1831;230186;34346
75;74;2021-04-16;6500;2011;236686;36357
75;74;2021-04-17;3072;1338;239758;37695
75;74;2021-04-18;454;394;240212;38089
75;74;2021-04-19;3584;2314;243796;40403
75;74;2021-04-20;4459;2783;248255;43186
75;74;2021-04-21;4269;2809;252524;45995
75;79;2020-12-27;0;0;0;0
75;79;2020-12-28;0;0;0;0
75;79;2020-12-29;1;0;1;0
75;79;2020-12-30;0;0;1;0
75;79;2020-12-31;0;0;1;0
75;79;2021-01-01;0;0;1;0
75;79;2021-01-02;0;0;1;0
75;79;2021-01-03;0;0;1;0
75;79;2021-01-04;1;0;2;0
75;79;2021-01-05;7;0;9;0
75;79;2021-01-06;10;0;19;0
75;79;2021-01-07;151;0;170;0
75;79;2021-01-08;151;0;321;0
75;79;2021-01-09;25;0;346;0
75;79;2021-01-10;20;0;366;0
75;79;2021-01-11;63;0;429;0
75;79;2021-01-12;199;0;628;0
75;79;2021-01-13;235;0;863;0
75;79;2021-01-14;344;0;1207;0
75;79;2021-01-15;468;0;1675;0
75;79;2021-01-16;274;3;1949;3
75;79;2021-01-17;120;3;2069;6
75;79;2021-01-18;1498;7;3567;13
75;79;2021-01-19;2709;6;6276;19
75;79;2021-01-20;3148;2;9424;21
75;79;2021-01-21;3486;4;12910;25
75;79;2021-01-22;3224;5;16134;30
75;79;2021-01-23;1410;0;17544;30
75;79;2021-01-24;284;0;17828;30
75;79;2021-01-25;2912;9;20740;39
75;79;2021-01-26;3210;27;23950;66
75;79;2021-01-27;3064;13;27014;79
75;79;2021-01-28;2836;143;29850;222
75;79;2021-01-29;2689;83;32539;305
75;79;2021-01-30;1041;17;33580;322
75;79;2021-01-31;219;15;33799;337
75;79;2021-02-01;1887;50;35686;387
75;79;2021-02-02;2363;189;38049;576
75;79;2021-02-03;2261;154;40310;730
75;79;2021-02-04;2230;265;42540;995
75;79;2021-02-05;1979;341;44519;1336
75;79;2021-02-06;742;111;45261;1447
75;79;2021-02-07;121;47;45382;1494
75;79;2021-02-08;1591;547;46973;2041
75;79;2021-02-09;2002;1018;48975;3059
75;79;2021-02-10;1931;1060;50906;4119
75;79;2021-02-11;1829;1139;52735;5258
75;79;2021-02-12;1659;1019;54394;6277
75;79;2021-02-13;534;392;54928;6669
75;79;2021-02-14;96;93;55024;6762
75;79;2021-02-15;725;2158;55749;8920
75;79;2021-02-16;862;2549;56611;11469
75;79;2021-02-17;803;2682;57414;14151
75;79;2021-02-18;937;2905;58351;17056
75;79;2021-02-19;1018;2384;59369;19440
75;79;2021-02-20;233;895;59602;20335
75;79;2021-02-21;43;233;59645;20568
75;79;2021-02-22;692;2580;60337;23148
75;79;2021-02-23;909;2888;61246;26036
75;79;2021-02-24;1095;2790;62341;28826
75;79;2021-02-25;1126;2680;63467;31506
75;79;2021-02-26;1135;2225;64602;33731
75;79;2021-02-27;418;770;65020;34501
75;79;2021-02-28;26;214;65046;34715
75;79;2021-03-01;719;2206;65765;36921
75;79;2021-03-02;1141;2335;66906;39256
75;79;2021-03-03;1333;2240;68239;41496
75;79;2021-03-04;1767;2174;70006;43670
75;79;2021-03-05;1921;1834;71927;45504
75;79;2021-03-06;968;670;72895;46174
75;79;2021-03-07;396;104;73291;46278
75;79;2021-03-08;1532;1781;74823;48059
75;79;2021-03-09;2568;1932;77391;49991
75;79;2021-03-10;2614;1776;80005;51767
75;79;2021-03-11;3587;1666;83592;53433
75;79;2021-03-12;3635;1252;87227;54685
75;79;2021-03-13;1781;293;89008;54978
75;79;2021-03-14;287;75;89295;55053
75;79;2021-03-15;2976;900;92271;55953
75;79;2021-03-16;3421;783;95692;56736
75;79;2021-03-17;3795;819;99487;57555
75;79;2021-03-18;4105;832;103592;58387
75;79;2021-03-19;4044;821;107636;59208
75;79;2021-03-20;1997;202;109633;59410
75;79;2021-03-21;361;30;109994;59440
75;79;2021-03-22;3364;878;113358;60318
75;79;2021-03-23;4274;908;117632;61226
75;79;2021-03-24;4572;931;122204;62157
75;79;2021-03-25;5352;983;127556;63140
75;79;2021-03-26;5034;823;132590;63963
75;79;2021-03-27;1688;302;134278;64265
75;79;2021-03-28;306;87;134584;64352
75;79;2021-03-29;3197;956;137781;65308
75;79;2021-03-30;3995;1546;141776;66854
75;79;2021-03-31;3554;1477;145330;68331
75;79;2021-04-01;3832;1662;149162;69993
75;79;2021-04-02;3458;1620;152620;71613
75;79;2021-04-03;1081;705;153701;72318
75;79;2021-04-04;176;74;153877;72392
75;79;2021-04-05;549;118;154426;72510
75;79;2021-04-06;2657;2973;157083;75483
75;79;2021-04-07;3091;2571;160174;78054
75;79;2021-04-08;3338;2969;163512;81023
75;79;2021-04-09;3770;2499;167282;83522
75;79;2021-04-10;1741;1241;169023;84763
75;79;2021-04-11;363;177;169386;84940
75;79;2021-04-12;2179;3138;171565;88078
75;79;2021-04-13;2435;3464;174000;91542
75;79;2021-04-14;2414;3469;176414;95011
75;79;2021-04-15;2257;3546;178671;98557
75;79;2021-04-16;1940;3457;180611;102014
75;79;2021-04-17;929;1568;181540;103582
75;79;2021-04-18;140;348;181680;103930
75;79;2021-04-19;1100;3488;182780;107418
75;79;2021-04-20;1420;4075;184200;111493
75;79;2021-04-21;1422;3804;185622;115297
75;80;2020-12-27;0;0;0;0
75;80;2020-12-28;1;0;1;0
75;80;2020-12-29;2;0;3;0
75;80;2020-12-30;1;0;4;0
75;80;2020-12-31;0;0;4;0
75;80;2021-01-01;0;0;4;0
75;80;2021-01-02;0;0;4;0
75;80;2021-01-03;0;0;4;0
75;80;2021-01-04;7;0;11;0
75;80;2021-01-05;22;0;33;0
75;80;2021-01-06;140;0;173;0
75;80;2021-01-07;1277;0;1450;0
75;80;2021-01-08;1038;0;2488;0
75;80;2021-01-09;170;0;2658;0
75;80;2021-01-10;127;0;2785;0
75;80;2021-01-11;422;0;3207;0
75;80;2021-01-12;1571;0;4778;0
75;80;2021-01-13;1622;0;6400;0
75;80;2021-01-14;2030;0;8430;0
75;80;2021-01-15;1556;0;9986;0
75;80;2021-01-16;364;13;10350;13
75;80;2021-01-17;153;0;10503;13
75;80;2021-01-18;2185;5;12688;18
75;80;2021-01-19;6241;1;18929;19
75;80;2021-01-20;7294;1;26223;20
75;80;2021-01-21;7972;4;34195;24
75;80;2021-01-22;5659;5;39854;29
75;80;2021-01-23;1955;1;41809;30
75;80;2021-01-24;322;0;42131;30
75;80;2021-01-25;3980;13;46111;43
75;80;2021-01-26;5703;117;51814;160
75;80;2021-01-27;6116;161;57930;321
75;80;2021-01-28;6279;1033;64209;1354
75;80;2021-01-29;4314;720;68523;2074
75;80;2021-01-30;1518;87;70041;2161
75;80;2021-01-31;280;147;70321;2308
75;80;2021-02-01;2499;305;72820;2613
75;80;2021-02-02;4834;1413;77654;4026
75;80;2021-02-03;4885;1081;82539;5107
75;80;2021-02-04;5398;1788;87937;6895
75;80;2021-02-05;3448;1330;91385;8225
75;80;2021-02-06;1053;147;92438;8372
75;80;2021-02-07;137;58;92575;8430
75;80;2021-02-08;2216;1000;94791;9430
75;80;2021-02-09;3114;4209;97905;13639
75;80;2021-02-10;2934;4301;100839;17940
75;80;2021-02-11;3282;5115;104121;23055
75;80;2021-02-12;2864;3022;106985;26077
75;80;2021-02-13;830;612;107815;26689
75;80;2021-02-14;120;97;107935;26786
75;80;2021-02-15;1097;2727;109032;29513
75;80;2021-02-16;1699;4524;110731;34037
75;80;2021-02-17;1627;5177;112358;39214
75;80;2021-02-18;1866;6026;114224;45240
75;80;2021-02-19;1664;3764;115888;49004
75;80;2021-02-20;331;1163;116219;50167
75;80;2021-02-21;73;229;116292;50396
75;80;2021-02-22;1087;3380;117379;53776
75;80;2021-02-23;1853;5248;119232;59024
75;80;2021-02-24;2040;5059;121272;64083
75;80;2021-02-25;2302;5614;123574;69697
75;80;2021-02-26;2034;3595;125608;73292
75;80;2021-02-27;726;1090;126334;74382
75;80;2021-02-28;56;236;126390;74618
75;80;2021-03-01;1267;3135;127657;77753
75;80;2021-03-02;2143;3455;129800;81208
75;80;2021-03-03;2271;3432;132071;84640
75;80;2021-03-04;3231;3650;135302;88290
75;80;2021-03-05;3208;2942;138510;91232
75;80;2021-03-06;1467;907;139977;92139
75;80;2021-03-07;488;119;140465;92258
75;80;2021-03-08;2393;2344;142858;94602
75;80;2021-03-09;4085;2900;146943;97502
75;80;2021-03-10;4579;2812;151522;100314
75;80;2021-03-11;5748;2767;157270;103081
75;80;2021-03-12;5707;2130;162977;105211
75;80;2021-03-13;2728;512;165705;105723
75;80;2021-03-14;408;84;166113;105807
75;80;2021-03-15;4537;1413;170650;107220
75;80;2021-03-16;6054;1495;176704;108715
75;80;2021-03-17;6260;1443;182964;110158
75;80;2021-03-18;6800;1745;189764;111903
75;80;2021-03-19;6655;1520;196419;113423
75;80;2021-03-20;3091;336;199510;113759
75;80;2021-03-21;540;17;200050;113776
75;80;2021-03-22;5101;1376;205151;115152
75;80;2021-03-23;6933;1548;212084;116700
75;80;2021-03-24;6887;1751;218971;118451
75;80;2021-03-25;8296;1898;227267;120349
75;80;2021-03-26;7904;1520;235171;121869
75;80;2021-03-27;2458;532;237629;122401
75;80;2021-03-28;510;137;238139;122538
75;80;2021-03-29;4679;1553;242818;124091
75;80;2021-03-30;6184;2569;249002;126660
75;80;2021-03-31;5743;2544;254745;129204
75;80;2021-04-01;6338;2972;261083;132176
75;80;2021-04-02;5439;2829;266522;135005
75;80;2021-04-03;1687;1091;268209;136096
75;80;2021-04-04;261;159;268470;136255
75;80;2021-04-05;749;208;269219;136463
75;80;2021-04-06;3984;4842;273203;141305
75;80;2021-04-07;5073;4759;278276;146064
75;80;2021-04-08;5369;5141;283645;151205
75;80;2021-04-09;5954;4281;289599;155486
75;80;2021-04-10;2570;1898;292169;157384
75;80;2021-04-11;504;220;292673;157604
75;80;2021-04-12;3053;4695;295726;162299
75;80;2021-04-13;3769;6033;299495;168332
75;80;2021-04-14;3941;5696;303436;174028
75;80;2021-04-15;3777;5920;307213;179948
75;80;2021-04-16;3297;5563;310510;185511
75;80;2021-04-17;1505;2370;312015;187881
75;80;2021-04-18;195;583;312210;188464
75;80;2021-04-19;1502;5215;313712;193679
75;80;2021-04-20;2163;6837;315875;200516
75;80;2021-04-21;2189;5858;318064;206374
76;24;2020-12-27;0;0;0;0
76;24;2020-12-28;0;0;0;0
76;24;2020-12-29;0;0;0;0
76;24;2020-12-30;0;0;0;0
76;24;2020-12-31;0;0;0;0
76;24;2021-01-01;0;0;0;0
76;24;2021-01-02;0;0;0;0
76;24;2021-01-03;0;0;0;0
76;24;2021-01-04;0;0;0;0
76;24;2021-01-05;0;0;0;0
76;24;2021-01-06;6;0;6;0
76;24;2021-01-07;11;0;17;0
76;24;2021-01-08;17;0;34;0
76;24;2021-01-09;10;0;44;0
76;24;2021-01-10;7;0;51;0
76;24;2021-01-11;20;0;71;0
76;24;2021-01-12;55;0;126;0
76;24;2021-01-13;53;0;179;0
76;24;2021-01-14;48;0;227;0
76;24;2021-01-15;53;0;280;0
76;24;2021-01-16;9;1;289;1
76;24;2021-01-17;11;0;300;1
76;24;2021-01-18;40;0;340;1
76;24;2021-01-19;50;0;390;1
76;24;2021-01-20;94;0;484;1
76;24;2021-01-21;65;0;549;1
76;24;2021-01-22;68;0;617;1
76;24;2021-01-23;35;0;652;1
76;24;2021-01-24;2;0;654;1
76;24;2021-01-25;59;0;713;1
76;24;2021-01-26;56;1;769;2
76;24;2021-01-27;53;2;822;4
76;24;2021-01-28;53;10;875;14
76;24;2021-01-29;34;10;909;24
76;24;2021-01-30;10;6;919;30
76;24;2021-01-31;1;2;920;32
76;24;2021-02-01;30;18;950;50
76;24;2021-02-02;38;43;988;93
76;24;2021-02-03;31;35;1019;128
76;24;2021-02-04;50;36;1069;164
76;24;2021-02-05;45;43;1114;207
76;24;2021-02-06;2;6;1116;213
76;24;2021-02-07;8;1;1124;214
76;24;2021-02-08;30;29;1154;243
76;24;2021-02-09;40;47;1194;290
76;24;2021-02-10;85;86;1279;376
76;24;2021-02-11;82;52;1361;428
76;24;2021-02-12;99;56;1460;484
76;24;2021-02-13;6;21;1466;505
76;24;2021-02-14;3;9;1469;514
76;24;2021-02-15;52;30;1521;544
76;24;2021-02-16;73;39;1594;583
76;24;2021-02-17;56;58;1650;641
76;24;2021-02-18;98;49;1748;690
76;24;2021-02-19;81;47;1829;737
76;24;2021-02-20;10;19;1839;756
76;24;2021-02-21;4;0;1843;756
76;24;2021-02-22;90;44;1933;800
76;24;2021-02-23;113;39;2046;839
76;24;2021-02-24;118;43;2164;882
76;24;2021-02-25;185;45;2349;927
76;24;2021-02-26;199;40;2548;967
76;24;2021-02-27;27;12;2575;979
76;24;2021-02-28;13;1;2588;980
76;24;2021-03-01;115;43;2703;1023
76;24;2021-03-02;129;23;2832;1046
76;24;2021-03-03;143;35;2975;1081
76;24;2021-03-04;139;43;3114;1124
76;24;2021-03-05;187;40;3301;1164
76;24;2021-03-06;151;5;3452;1169
76;24;2021-03-07;58;0;3510;1169
76;24;2021-03-08;180;14;3690;1183
76;24;2021-03-09;229;25;3919;1208
76;24;2021-03-10;195;23;4114;1231
76;24;2021-03-11;205;23;4319;1254
76;24;2021-03-12;210;18;4529;1272
76;24;2021-03-13;54;2;4583;1274
76;24;2021-03-14;21;1;4604;1275
76;24;2021-03-15;153;8;4757;1283
76;24;2021-03-16;82;25;4839;1308
76;24;2021-03-17;74;15;4913;1323
76;24;2021-03-18;94;20;5007;1343
76;24;2021-03-19;184;21;5191;1364
76;24;2021-03-20;72;9;5263;1373
76;24;2021-03-21;36;0;5299;1373
76;24;2021-03-22;137;17;5436;1390
76;24;2021-03-23;124;15;5560;1405
76;24;2021-03-24;151;20;5711;1425
76;24;2021-03-25;203;20;5914;1445
76;24;2021-03-26;210;11;6124;1456
76;24;2021-03-27;153;10;6277;1466
76;24;2021-03-28;99;1;6376;1467
76;24;2021-03-29;161;22;6537;1489
76;24;2021-03-30;251;19;6788;1508
76;24;2021-03-31;287;23;7075;1531
76;24;2021-04-01;404;22;7479;1553
76;24;2021-04-02;305;19;7784;1572
76;24;2021-04-03;97;12;7881;1584
76;24;2021-04-04;68;1;7949;1585
76;24;2021-04-05;32;1;7981;1586
76;24;2021-04-06;193;40;8174;1626
76;24;2021-04-07;355;35;8529;1661
76;24;2021-04-08;398;42;8927;1703
76;24;2021-04-09;360;64;9287;1767
76;24;2021-04-10;272;18;9559;1785
76;24;2021-04-11;123;4;9682;1789
76;24;2021-04-12;235;63;9917;1852
76;24;2021-04-13;375;67;10292;1919
76;24;2021-04-14;411;55;10703;1974
76;24;2021-04-15;382;119;11085;2093
76;24;2021-04-16;386;164;11471;2257
76;24;2021-04-17;188;49;11659;2306
76;24;2021-04-18;73;32;11732;2338
76;24;2021-04-19;213;86;11945;2424
76;24;2021-04-20;238;130;12183;2554
76;24;2021-04-21;254;167;12437;2721
76;29;2020-12-27;0;0;0;0
76;29;2020-12-28;0;0;0;0
76;29;2020-12-29;0;0;0;0
76;29;2020-12-30;0;0;0;0
76;29;2020-12-31;0;0;0;0
76;29;2021-01-01;0;0;0;0
76;29;2021-01-02;0;0;0;0
76;29;2021-01-03;0;0;0;0
76;29;2021-01-04;0;0;0;0
76;29;2021-01-05;2;0;2;0
76;29;2021-01-06;16;0;18;0
76;29;2021-01-07;21;0;39;0
76;29;2021-01-08;54;0;93;0
76;29;2021-01-09;26;0;119;0
76;29;2021-01-10;28;0;147;0
76;29;2021-01-11;60;0;207;0
76;29;2021-01-12;93;0;300;0
76;29;2021-01-13;126;0;426;0
76;29;2021-01-14;161;0;587;0
76;29;2021-01-15;133;0;720;0
76;29;2021-01-16;15;0;735;0
76;29;2021-01-17;32;0;767;0
76;29;2021-01-18;95;0;862;0
76;29;2021-01-19;97;0;959;0
76;29;2021-01-20;156;0;1115;0
76;29;2021-01-21;177;0;1292;0
76;29;2021-01-22;140;0;1432;0
76;29;2021-01-23;31;0;1463;0
76;29;2021-01-24;4;0;1467;0
76;29;2021-01-25;59;1;1526;1
76;29;2021-01-26;73;6;1599;7
76;29;2021-01-27;89;8;1688;15
76;29;2021-01-28;84;16;1772;31
76;29;2021-01-29;56;32;1828;63
76;29;2021-01-30;14;8;1842;71
76;29;2021-01-31;2;16;1844;87
76;29;2021-02-01;39;37;1883;124
76;29;2021-02-02;76;64;1959;188
76;29;2021-02-03;88;69;2047;257
76;29;2021-02-04;78;94;2125;351
76;29;2021-02-05;51;92;2176;443
76;29;2021-02-06;9;9;2185;452
76;29;2021-02-07;15;3;2200;455
76;29;2021-02-08;47;97;2247;552
76;29;2021-02-09;76;112;2323;664
76;29;2021-02-10;125;167;2448;831
76;29;2021-02-11;147;195;2595;1026
76;29;2021-02-12;153;132;2748;1158
76;29;2021-02-13;16;17;2764;1175
76;29;2021-02-14;4;18;2768;1193
76;29;2021-02-15;92;56;2860;1249
76;29;2021-02-16;82;72;2942;1321
76;29;2021-02-17;88;97;3030;1418
76;29;2021-02-18;151;83;3181;1501
76;29;2021-02-19;127;92;3308;1593
76;29;2021-02-20;31;12;3339;1605
76;29;2021-02-21;8;1;3347;1606
76;29;2021-02-22;112;53;3459;1659
76;29;2021-02-23;151;85;3610;1744
76;29;2021-02-24;124;75;3734;1819
76;29;2021-02-25;183;86;3917;1905
76;29;2021-02-26;226;52;4143;1957
76;29;2021-02-27;47;15;4190;1972
76;29;2021-02-28;15;2;4205;1974
76;29;2021-03-01;136;47;4341;2021
76;29;2021-03-02;162;54;4503;2075
76;29;2021-03-03;163;70;4666;2145
76;29;2021-03-04;189;61;4855;2206
76;29;2021-03-05;283;55;5138;2261
76;29;2021-03-06;125;4;5263;2265
76;29;2021-03-07;43;0;5306;2265
76;29;2021-03-08;184;21;5490;2286
76;29;2021-03-09;251;29;5741;2315
76;29;2021-03-10;236;35;5977;2350
76;29;2021-03-11;247;37;6224;2387
76;29;2021-03-12;297;34;6521;2421
76;29;2021-03-13;83;5;6604;2426
76;29;2021-03-14;17;1;6621;2427
76;29;2021-03-15;166;17;6787;2444
76;29;2021-03-16;72;34;6859;2478
76;29;2021-03-17;102;24;6961;2502
76;29;2021-03-18;110;36;7071;2538
76;29;2021-03-19;194;29;7265;2567
76;29;2021-03-20;87;5;7352;2572
76;29;2021-03-21;62;1;7414;2573
76;29;2021-03-22;146;25;7560;2598
76;29;2021-03-23;185;24;7745;2622
76;29;2021-03-24;186;15;7931;2637
76;29;2021-03-25;228;27;8159;2664
76;29;2021-03-26;239;14;8398;2678
76;29;2021-03-27;155;4;8553;2682
76;29;2021-03-28;87;1;8640;2683
76;29;2021-03-29;195;31;8835;2714
76;29;2021-03-30;289;28;9124;2742
76;29;2021-03-31;320;37;9444;2779
76;29;2021-04-01;535;26;9979;2805
76;29;2021-04-02;369;22;10348;2827
76;29;2021-04-03;93;7;10441;2834
76;29;2021-04-04;42;0;10483;2834
76;29;2021-04-05;35;1;10518;2835
76;29;2021-04-06;246;40;10764;2875
76;29;2021-04-07;323;58;11087;2933
76;29;2021-04-08;420;54;11507;2987
76;29;2021-04-09;416;74;11923;3061
76;29;2021-04-10;202;13;12125;3074
76;29;2021-04-11;117;4;12242;3078
76;29;2021-04-12;283;57;12525;3135
76;29;2021-04-13;408;92;12933;3227
76;29;2021-04-14;395;69;13328;3296
76;29;2021-04-15;472;139;13800;3435
76;29;2021-04-16;402;152;14202;3587
76;29;2021-04-17;197;57;14399;3644
76;29;2021-04-18;81;41;14480;3685
76;29;2021-04-19;230;113;14710;3798
76;29;2021-04-20;295;192;15005;3990
76;29;2021-04-21;300;243;15305;4233
76;39;2020-12-27;0;0;0;0
76;39;2020-12-28;0;0;0;0
76;39;2020-12-29;0;0;0;0
76;39;2020-12-30;0;0;0;0
76;39;2020-12-31;0;0;0;0
76;39;2021-01-01;0;0;0;0
76;39;2021-01-02;0;0;0;0
76;39;2021-01-03;0;0;0;0
76;39;2021-01-04;1;0;1;0
76;39;2021-01-05;11;0;12;0
76;39;2021-01-06;35;0;47;0
76;39;2021-01-07;98;0;145;0
76;39;2021-01-08;158;0;303;0
76;39;2021-01-09;81;0;384;0
76;39;2021-01-10;51;0;435;0
76;39;2021-01-11;185;0;620;0
76;39;2021-01-12;327;0;947;0
76;39;2021-01-13;333;0;1280;0
76;39;2021-01-14;504;0;1784;0
76;39;2021-01-15;450;0;2234;0
76;39;2021-01-16;89;7;2323;7
76;39;2021-01-17;55;0;2378;7
76;39;2021-01-18;309;1;2687;8
76;39;2021-01-19;370;0;3057;8
76;39;2021-01-20;449;0;3506;8
76;39;2021-01-21;548;1;4054;9
76;39;2021-01-22;453;0;4507;9
76;39;2021-01-23;79;0;4586;9
76;39;2021-01-24;15;0;4601;9
76;39;2021-01-25;177;3;4778;12
76;39;2021-01-26;233;14;5011;26
76;39;2021-01-27;264;38;5275;64
76;39;2021-01-28;321;63;5596;127
76;39;2021-01-29;224;92;5820;219
76;39;2021-01-30;25;39;5845;258
76;39;2021-01-31;10;23;5855;281
76;39;2021-02-01;93;121;5948;402
76;39;2021-02-02;218;241;6166;643
76;39;2021-02-03;189;215;6355;858
76;39;2021-02-04;248;327;6603;1185
76;39;2021-02-05;144;297;6747;1482
76;39;2021-02-06;38;45;6785;1527
76;39;2021-02-07;41;23;6826;1550
76;39;2021-02-08;113;251;6939;1801
76;39;2021-02-09;257;360;7196;2161
76;39;2021-02-10;309;504;7505;2665
76;39;2021-02-11;440;577;7945;3242
76;39;2021-02-12;403;485;8348;3727
76;39;2021-02-13;41;78;8389;3805
76;39;2021-02-14;7;56;8396;3861
76;39;2021-02-15;200;130;8596;3991
76;39;2021-02-16;183;215;8779;4206
76;39;2021-02-17;291;283;9070;4489
76;39;2021-02-18;374;305;9444;4794
76;39;2021-02-19;317;271;9761;5065
76;39;2021-02-20;92;37;9853;5102
76;39;2021-02-21;20;11;9873;5113
76;39;2021-02-22;226;164;10099;5277
76;39;2021-02-23;311;233;10410;5510
76;39;2021-02-24;250;227;10660;5737
76;39;2021-02-25;399;280;11059;6017
76;39;2021-02-26;469;193;11528;6210
76;39;2021-02-27;117;31;11645;6241
76;39;2021-02-28;36;10;11681;6251
76;39;2021-03-01;296;87;11977;6338
76;39;2021-03-02;334;164;12311;6502
76;39;2021-03-03;381;175;12692;6677
76;39;2021-03-04;616;222;13308;6899
76;39;2021-03-05;815;167;14123;7066
76;39;2021-03-06;343;24;14466;7090
76;39;2021-03-07;176;4;14642;7094
76;39;2021-03-08;452;47;15094;7141
76;39;2021-03-09;573;111;15667;7252
76;39;2021-03-10;490;119;16157;7371
76;39;2021-03-11;625;118;16782;7489
76;39;2021-03-12;880;102;17662;7591
76;39;2021-03-13;308;20;17970;7611
76;39;2021-03-14;48;4;18018;7615
76;39;2021-03-15;392;44;18410;7659
76;39;2021-03-16;227;100;18637;7759
76;39;2021-03-17;209;79;18846;7838
76;39;2021-03-18;315;129;19161;7967
76;39;2021-03-19;492;95;19653;8062
76;39;2021-03-20;226;19;19879;8081
76;39;2021-03-21;174;2;20053;8083
76;39;2021-03-22;366;54;20419;8137
76;39;2021-03-23;522;65;20941;8202
76;39;2021-03-24;431;62;21372;8264
76;39;2021-03-25;734;110;22106;8374
76;39;2021-03-26;705;84;22811;8458
76;39;2021-03-27;438;11;23249;8469
76;39;2021-03-28;206;3;23455;8472
76;39;2021-03-29;505;65;23960;8537
76;39;2021-03-30;780;61;24740;8598
76;39;2021-03-31;926;81;25666;8679
76;39;2021-04-01;1290;76;26956;8755
76;39;2021-04-02;1077;130;28033;8885
76;39;2021-04-03;274;29;28307;8914
76;39;2021-04-04;149;3;28456;8917
76;39;2021-04-05;106;5;28562;8922
76;39;2021-04-06;666;118;29228;9040
76;39;2021-04-07;1003;143;30231;9183
76;39;2021-04-08;1231;177;31462;9360
76;39;2021-04-09;1128;200;32590;9560
76;39;2021-04-10;701;49;33291;9609
76;39;2021-04-11;318;12;33609;9621
76;39;2021-04-12;778;188;34387;9809
76;39;2021-04-13;1179;269;35566;10078
76;39;2021-04-14;1102;208;36668;10286
76;39;2021-04-15;1384;366;38052;10652
76;39;2021-04-16;1026;385;39078;11037
76;39;2021-04-17;561;158;39639;11195
76;39;2021-04-18;259;120;39898;11315
76;39;2021-04-19;646;314;40544;11629
76;39;2021-04-20;802;500;41346;12129
76;39;2021-04-21;882;559;42228;12688
76;49;2020-12-27;0;0;0;0
76;49;2020-12-28;0;0;0;0
76;49;2020-12-29;0;0;0;0
76;49;2020-12-30;0;0;0;0
76;49;2020-12-31;0;0;0;0
76;49;2021-01-01;0;0;0;0
76;49;2021-01-02;1;0;1;0
76;49;2021-01-03;1;0;2;0
76;49;2021-01-04;0;0;2;0
76;49;2021-01-05;22;0;24;0
76;49;2021-01-06;55;0;79;0
76;49;2021-01-07;158;0;237;0
76;49;2021-01-08;283;0;520;0
76;49;2021-01-09;171;0;691;0
76;49;2021-01-10;71;0;762;0
76;49;2021-01-11;347;0;1109;0
76;49;2021-01-12;635;0;1744;0
76;49;2021-01-13;632;0;2376;0
76;49;2021-01-14;860;0;3236;0
76;49;2021-01-15;838;0;4074;0
76;49;2021-01-16;177;4;4251;4
76;49;2021-01-17;83;1;4334;5
76;49;2021-01-18;496;0;4830;5
76;49;2021-01-19;634;0;5464;5
76;49;2021-01-20;807;0;6271;5
76;49;2021-01-21;920;0;7191;5
76;49;2021-01-22;717;0;7908;5
76;49;2021-01-23;134;0;8042;5
76;49;2021-01-24;30;0;8072;5
76;49;2021-01-25;344;7;8416;12
76;49;2021-01-26;467;29;8883;41
76;49;2021-01-27;470;43;9353;84
76;49;2021-01-28;503;96;9856;180
76;49;2021-01-29;395;175;10251;355
76;49;2021-01-30;76;65;10327;420
76;49;2021-01-31;13;33;10340;453
76;49;2021-02-01;186;274;10526;727
76;49;2021-02-02;364;450;10890;1177
76;49;2021-02-03;320;398;11210;1575
76;49;2021-02-04;449;586;11659;2161
76;49;2021-02-05;338;569;11997;2730
76;49;2021-02-06;55;100;12052;2830
76;49;2021-02-07;31;47;12083;2877
76;49;2021-02-08;185;466;12268;3343
76;49;2021-02-09;392;647;12660;3990
76;49;2021-02-10;455;839;13115;4829
76;49;2021-02-11;604;1028;13719;5857
76;49;2021-02-12;603;728;14322;6585
76;49;2021-02-13;64;144;14386;6729
76;49;2021-02-14;13;73;14399;6802
76;49;2021-02-15;274;221;14673;7023
76;49;2021-02-16;319;380;14992;7403
76;49;2021-02-17;340;481;15332;7884
76;49;2021-02-18;463;515;15795;8399
76;49;2021-02-19;397;486;16192;8885
76;49;2021-02-20;113;98;16305;8983
76;49;2021-02-21;39;22;16344;9005
76;49;2021-02-22;264;307;16608;9312
76;49;2021-02-23;365;430;16973;9742
76;49;2021-02-24;350;418;17323;10160
76;49;2021-02-25;606;468;17929;10628
76;49;2021-02-26;649;386;18578;11014
76;49;2021-02-27;177;58;18755;11072
76;49;2021-02-28;61;4;18816;11076
76;49;2021-03-01;369;178;19185;11254
76;49;2021-03-02;515;258;19700;11512
76;49;2021-03-03;617;304;20317;11816
76;49;2021-03-04;883;389;21200;12205
76;49;2021-03-05;1173;327;22373;12532
76;49;2021-03-06;700;35;23073;12567
76;49;2021-03-07;435;7;23508;12574
76;49;2021-03-08;584;86;24092;12660
76;49;2021-03-09;851;183;24943;12843
76;49;2021-03-10;786;172;25729;13015
76;49;2021-03-11;956;185;26685;13200
76;49;2021-03-12;1320;177;28005;13377
76;49;2021-03-13;568;34;28573;13411
76;49;2021-03-14;92;4;28665;13415
76;49;2021-03-15;497;78;29162;13493
76;49;2021-03-16;320;162;29482;13655
76;49;2021-03-17;357;127;29839;13782
76;49;2021-03-18;493;165;30332;13947
76;49;2021-03-19;764;125;31096;14072
76;49;2021-03-20;366;21;31462;14093
76;49;2021-03-21;225;3;31687;14096
76;49;2021-03-22;494;80;32181;14176
76;49;2021-03-23;703;95;32884;14271
76;49;2021-03-24;780;89;33664;14360
76;49;2021-03-25;1087;117;34751;14477
76;49;2021-03-26;1060;94;35811;14571
76;49;2021-03-27;709;19;36520;14590
76;49;2021-03-28;275;4;36795;14594
76;49;2021-03-29;806;127;37601;14721
76;49;2021-03-30;1155;114;38756;14835
76;49;2021-03-31;1237;131;39993;14966
76;49;2021-04-01;1943;141;41936;15107
76;49;2021-04-02;1573;141;43509;15248
76;49;2021-04-03;572;51;44081;15299
76;49;2021-04-04;240;1;44321;15300
76;49;2021-04-05;215;9;44536;15309
76;49;2021-04-06;1148;199;45684;15508
76;49;2021-04-07;1614;214;47298;15722
76;49;2021-04-08;1751;226;49049;15948
76;49;2021-04-09;1762;270;50811;16218
76;49;2021-04-10;1297;111;52108;16329
76;49;2021-04-11;647;17;52755;16346
76;49;2021-04-12;1330;231;54085;16577
76;49;2021-04-13;1850;383;55935;16960
76;49;2021-04-14;1943;371;57878;17331
76;49;2021-04-15;2076;604;59954;17935
76;49;2021-04-16;1626;562;61580;18497
76;49;2021-04-17;1050;280;62630;18777
76;49;2021-04-18;371;152;63001;18929
76;49;2021-04-19;1074;415;64075;19344
76;49;2021-04-20;1264;693;65339;20037
76;49;2021-04-21;1531;783;66870;20820
76;59;2020-12-27;0;0;0;0
76;59;2020-12-28;0;0;0;0
76;59;2020-12-29;0;0;0;0
76;59;2020-12-30;0;0;0;0
76;59;2020-12-31;0;0;0;0
76;59;2021-01-01;0;0;0;0
76;59;2021-01-02;0;0;0;0
76;59;2021-01-03;0;0;0;0
76;59;2021-01-04;17;0;17;0
76;59;2021-01-05;158;0;175;0
76;59;2021-01-06;373;0;548;0
76;59;2021-01-07;669;0;1217;0
76;59;2021-01-08;1211;0;2428;0
76;59;2021-01-09;572;0;3000;0
76;59;2021-01-10;152;0;3152;0
76;59;2021-01-11;1434;0;4586;0
76;59;2021-01-12;1839;0;6425;0
76;59;2021-01-13;2119;0;8544;0
76;59;2021-01-14;2443;0;10987;0
76;59;2021-01-15;2217;0;13204;0
76;59;2021-01-16;535;24;13739;24
76;59;2021-01-17;168;1;13907;25
76;59;2021-01-18;1243;0;15150;25
76;59;2021-01-19;1673;0;16823;25
76;59;2021-01-20;1823;2;18646;27
76;59;2021-01-21;1949;1;20595;28
76;59;2021-01-22;1506;2;22101;30
76;59;2021-01-23;403;2;22504;32
76;59;2021-01-24;89;6;22593;38
76;59;2021-01-25;661;35;23254;73
76;59;2021-01-26;889;87;24143;160
76;59;2021-01-27;1027;217;25170;377
76;59;2021-01-28;916;567;26086;944
76;59;2021-01-29;717;744;26803;1688
76;59;2021-01-30;157;267;26960;1955
76;59;2021-01-31;45;84;27005;2039
76;59;2021-02-01;343;1075;27348;3114
76;59;2021-02-02;751;1477;28099;4591
76;59;2021-02-03;766;1517;28865;6108
76;59;2021-02-04;818;1615;29683;7723
76;59;2021-02-05;607;1493;30290;9216
76;59;2021-02-06;175;252;30465;9468
76;59;2021-02-07;52;96;30517;9564
76;59;2021-02-08;271;1137;30788;10701
76;59;2021-02-09;461;1623;31249;12324
76;59;2021-02-10;461;1794;31710;14118
76;59;2021-02-11;758;2201;32468;16319
76;59;2021-02-12;682;1613;33150;17932
76;59;2021-02-13;154;390;33304;18322
76;59;2021-02-14;38;171;33342;18493
76;59;2021-02-15;213;782;33555;19275
76;59;2021-02-16;334;1114;33889;20389
76;59;2021-02-17;417;1226;34306;21615
76;59;2021-02-18;462;1208;34768;22823
76;59;2021-02-19;434;1127;35202;23950
76;59;2021-02-20;125;275;35327;24225
76;59;2021-02-21;19;59;35346;24284
76;59;2021-02-22;256;611;35602;24895
76;59;2021-02-23;394;856;35996;25751
76;59;2021-02-24;359;840;36355;26591
76;59;2021-02-25;1384;799;37739;27390
76;59;2021-02-26;2270;660;40009;28050
76;59;2021-02-27;1167;173;41176;28223
76;59;2021-02-28;117;37;41293;28260
76;59;2021-03-01;839;356;42132;28616
76;59;2021-03-02;1624;486;43756;29102
76;59;2021-03-03;1734;530;45490;29632
76;59;2021-03-04;2958;692;48448;30324
76;59;2021-03-05;3507;555;51955;30879
76;59;2021-03-06;2974;111;54929;30990
76;59;2021-03-07;1889;18;56818;31008
76;59;2021-03-08;1246;214;58064;31222
76;59;2021-03-09;2140;352;60204;31574
76;59;2021-03-10;2106;344;62310;31918
76;59;2021-03-11;3003;348;65313;32266
76;59;2021-03-12;3676;280;68989;32546
76;59;2021-03-13;2159;80;71148;32626
76;59;2021-03-14;263;7;71411;32633
76;59;2021-03-15;1062;135;72473;32768
76;59;2021-03-16;527;246;73000;33014
76;59;2021-03-17;545;247;73545;33261
76;59;2021-03-18;710;259;74255;33520
76;59;2021-03-19;1692;250;75947;33770
76;59;2021-03-20;1156;50;77103;33820
76;59;2021-03-21;267;1;77370;33821
76;59;2021-03-22;1052;167;78422;33988
76;59;2021-03-23;1932;130;80354;34118
76;59;2021-03-24;2167;166;82521;34284
76;59;2021-03-25;3074;161;85595;34445
76;59;2021-03-26;3198;178;88793;34623
76;59;2021-03-27;1845;45;90638;34668
76;59;2021-03-28;533;10;91171;34678
76;59;2021-03-29;1965;222;93136;34900
76;59;2021-03-30;2772;212;95908;35112
76;59;2021-03-31;2731;233;98639;35345
76;59;2021-04-01;3628;214;102267;35559
76;59;2021-04-02;3395;241;105662;35800
76;59;2021-04-03;1613;72;107275;35872
76;59;2021-04-04;532;11;107807;35883
76;59;2021-04-05;406;13;108213;35896
76;59;2021-04-06;2267;316;110480;36212
76;59;2021-04-07;2927;381;113407;36593
76;59;2021-04-08;4072;394;117479;36987
76;59;2021-04-09;5172;473;122651;37460
76;59;2021-04-10;3538;239;126189;37699
76;59;2021-04-11;1435;47;127624;37746
76;59;2021-04-12;3497;392;131121;38138
76;59;2021-04-13;5288;563;136409;38701
76;59;2021-04-14;5286;607;141695;39308
76;59;2021-04-15;6228;772;147923;40080
76;59;2021-04-16;5897;770;153820;40850
76;59;2021-04-17;4088;453;157908;41303
76;59;2021-04-18;1645;179;159553;41482
76;59;2021-04-19;3738;657;163291;42139
76;59;2021-04-20;4745;969;168036;43108
76;59;2021-04-21;4832;1171;172868;44279
76;64;2020-12-27;0;0;0;0
76;64;2020-12-28;0;0;0;0
76;64;2020-12-29;0;0;0;0
76;64;2020-12-30;0;0;0;0
76;64;2020-12-31;0;0;0;0
76;64;2021-01-01;0;0;0;0
76;64;2021-01-02;0;0;0;0
76;64;2021-01-03;0;0;0;0
76;64;2021-01-04;8;0;8;0
76;64;2021-01-05;69;0;77;0
76;64;2021-01-06;127;0;204;0
76;64;2021-01-07;219;0;423;0
76;64;2021-01-08;435;0;858;0
76;64;2021-01-09;259;0;1117;0
76;64;2021-01-10;87;0;1204;0
76;64;2021-01-11;446;0;1650;0
76;64;2021-01-12;623;0;2273;0
76;64;2021-01-13;788;0;3061;0
76;64;2021-01-14;901;0;3962;0
76;64;2021-01-15;801;0;4763;0
76;64;2021-01-16;227;13;4990;13
76;64;2021-01-17;70;0;5060;13
76;64;2021-01-18;436;0;5496;13
76;64;2021-01-19;610;3;6106;16
76;64;2021-01-20;689;0;6795;16
76;64;2021-01-21;808;0;7603;16
76;64;2021-01-22;620;3;8223;19
76;64;2021-01-23;166;2;8389;21
76;64;2021-01-24;54;3;8443;24
76;64;2021-01-25;288;14;8731;38
76;64;2021-01-26;427;28;9158;66
76;64;2021-01-27;416;80;9574;146
76;64;2021-01-28;419;167;9993;313
76;64;2021-01-29;315;280;10308;593
76;64;2021-01-30;80;108;10388;701
76;64;2021-01-31;19;37;10407;738
76;64;2021-02-01;183;358;10590;1096
76;64;2021-02-02;320;499;10910;1595
76;64;2021-02-03;329;535;11239;2130
76;64;2021-02-04;347;610;11586;2740
76;64;2021-02-05;253;599;11839;3339
76;64;2021-02-06;91;131;11930;3470
76;64;2021-02-07;16;49;11946;3519
76;64;2021-02-08;142;369;12088;3888
76;64;2021-02-09;199;577;12287;4465
76;64;2021-02-10;250;686;12537;5151
76;64;2021-02-11;332;765;12869;5916
76;64;2021-02-12;299;556;13168;6472
76;64;2021-02-13;89;165;13257;6637
76;64;2021-02-14;22;69;13279;6706
76;64;2021-02-15;119;307;13398;7013
76;64;2021-02-16;176;424;13574;7437
76;64;2021-02-17;172;516;13746;7953
76;64;2021-02-18;210;544;13956;8497
76;64;2021-02-19;185;421;14141;8918
76;64;2021-02-20;59;123;14200;9041
76;64;2021-02-21;9;33;14209;9074
76;64;2021-02-22;112;269;14321;9343
76;64;2021-02-23;174;400;14495;9743
76;64;2021-02-24;195;348;14690;10091
76;64;2021-02-25;970;386;15660;10477
76;64;2021-02-26;1575;313;17235;10790
76;64;2021-02-27;931;87;18166;10877
76;64;2021-02-28;64;13;18230;10890
76;64;2021-03-01;697;187;18927;11077
76;64;2021-03-02;1216;222;20143;11299
76;64;2021-03-03;1342;242;21485;11541
76;64;2021-03-04;2377;342;23862;11883
76;64;2021-03-05;2679;257;26541;12140
76;64;2021-03-06;2321;50;28862;12190
76;64;2021-03-07;1382;8;30244;12198
76;64;2021-03-08;861;161;31105;12359
76;64;2021-03-09;1577;179;32682;12538
76;64;2021-03-10;1541;190;34223;12728
76;64;2021-03-11;2317;183;36540;12911
76;64;2021-03-12;3035;160;39575;13071
76;64;2021-03-13;1731;57;41306;13128
76;64;2021-03-14;186;5;41492;13133
76;64;2021-03-15;814;89;42306;13222
76;64;2021-03-16;394;165;42700;13387
76;64;2021-03-17;426;115;43126;13502
76;64;2021-03-18;471;138;43597;13640
76;64;2021-03-19;1378;147;44975;13787
76;64;2021-03-20;988;32;45963;13819
76;64;2021-03-21;251;3;46214;13822
76;64;2021-03-22;937;105;47151;13927
76;64;2021-03-23;1845;102;48996;14029
76;64;2021-03-24;2064;119;51060;14148
76;64;2021-03-25;3181;118;54241;14266
76;64;2021-03-26;3212;102;57453;14368
76;64;2021-03-27;1469;26;58922;14394
76;64;2021-03-28;327;1;59249;14395
76;64;2021-03-29;1762;124;61011;14519
76;64;2021-03-30;2572;127;63583;14646
76;64;2021-03-31;2129;149;65712;14795
76;64;2021-04-01;3007;168;68719;14963
76;64;2021-04-02;2735;168;71454;15131
76;64;2021-04-03;1271;60;72725;15191
76;64;2021-04-04;310;7;73035;15198
76;64;2021-04-05;294;22;73329;15220
76;64;2021-04-06;1831;270;75160;15490
76;64;2021-04-07;2097;274;77257;15764
76;64;2021-04-08;3051;286;80308;16050
76;64;2021-04-09;4674;328;84982;16378
76;64;2021-04-10;2622;147;87604;16525
76;64;2021-04-11;996;48;88600;16573
76;64;2021-04-12;3112;272;91712;16845
76;64;2021-04-13;4796;414;96508;17259
76;64;2021-04-14;4616;435;101124;17694
76;64;2021-04-15;5637;499;106761;18193
76;64;2021-04-16;6648;522;113409;18715
76;64;2021-04-17;4246;339;117655;19054
76;64;2021-04-18;1783;158;119438;19212
76;64;2021-04-19;4750;512;124188;19724
76;64;2021-04-20;6204;661;130392;20385
76;64;2021-04-21;6066;755;136458;21140
76;69;2020-12-27;0;0;0;0
76;69;2020-12-28;0;0;0;0
76;69;2020-12-29;0;0;0;0
76;69;2020-12-30;0;0;0;0
76;69;2020-12-31;0;0;0;0
76;69;2021-01-01;1;0;1;0
76;69;2021-01-02;0;0;1;0
76;69;2021-01-03;0;0;1;0
76;69;2021-01-04;4;0;5;0
76;69;2021-01-05;30;0;35;0
76;69;2021-01-06;53;0;88;0
76;69;2021-01-07;120;0;208;0
76;69;2021-01-08;199;0;407;0
76;69;2021-01-09;159;0;566;0
76;69;2021-01-10;54;0;620;0
76;69;2021-01-11;243;0;863;0
76;69;2021-01-12;383;0;1246;0
76;69;2021-01-13;383;0;1629;0
76;69;2021-01-14;515;0;2144;0
76;69;2021-01-15;428;0;2572;0
76;69;2021-01-16;146;3;2718;3
76;69;2021-01-17;45;0;2763;3
76;69;2021-01-18;305;1;3068;4
76;69;2021-01-19;422;0;3490;4
76;69;2021-01-20;504;1;3994;5
76;69;2021-01-21;651;0;4645;5
76;69;2021-01-22;455;1;5100;6
76;69;2021-01-23;168;0;5268;6
76;69;2021-01-24;37;0;5305;6
76;69;2021-01-25;287;5;5592;11
76;69;2021-01-26;405;23;5997;34
76;69;2021-01-27;422;31;6419;65
76;69;2021-01-28;369;102;6788;167
76;69;2021-01-29;306;149;7094;316
76;69;2021-01-30;95;64;7189;380
76;69;2021-01-31;32;25;7221;405
76;69;2021-02-01;180;198;7401;603
76;69;2021-02-02;366;291;7767;894
76;69;2021-02-03;357;292;8124;1186
76;69;2021-02-04;386;347;8510;1533
76;69;2021-02-05;299;284;8809;1817
76;69;2021-02-06;98;83;8907;1900
76;69;2021-02-07;12;40;8919;1940
76;69;2021-02-08;171;224;9090;2164
76;69;2021-02-09;249;341;9339;2505
76;69;2021-02-10;276;414;9615;2919
76;69;2021-02-11;415;477;10030;3396
76;69;2021-02-12;352;363;10382;3759
76;69;2021-02-13;90;110;10472;3869
76;69;2021-02-14;25;49;10497;3918
76;69;2021-02-15;113;272;10610;4190
76;69;2021-02-16;173;352;10783;4542
76;69;2021-02-17;152;397;10935;4939
76;69;2021-02-18;255;393;11190;5332
76;69;2021-02-19;167;330;11357;5662
76;69;2021-02-20;53;100;11410;5762
76;69;2021-02-21;16;30;11426;5792
76;69;2021-02-22;151;272;11577;6064
76;69;2021-02-23;213;397;11790;6461
76;69;2021-02-24;204;416;11994;6877
76;69;2021-02-25;368;444;12362;7321
76;69;2021-02-26;399;332;12761;7653
76;69;2021-02-27;149;96;12910;7749
76;69;2021-02-28;8;16;12918;7765
76;69;2021-03-01;198;216;13116;7981
76;69;2021-03-02;409;269;13525;8250
76;69;2021-03-03;529;279;14054;8529
76;69;2021-03-04;1097;374;15151;8903
76;69;2021-03-05;1639;326;16790;9229
76;69;2021-03-06;2270;73;19060;9302
76;69;2021-03-07;2115;10;21175;9312
76;69;2021-03-08;976;213;22151;9525
76;69;2021-03-09;1732;236;23883;9761
76;69;2021-03-10;1865;252;25748;10013
76;69;2021-03-11;2906;269;28654;10282
76;69;2021-03-12;3803;214;32457;10496
76;69;2021-03-13;2381;72;34838;10568
76;69;2021-03-14;316;9;35154;10577
76;69;2021-03-15;1304;129;36458;10706
76;69;2021-03-16;722;230;37180;10936
76;69;2021-03-17;783;204;37963;11140
76;69;2021-03-18;925;244;38888;11384
76;69;2021-03-19;2053;195;40941;11579
76;69;2021-03-20;1400;39;42341;11618
76;69;2021-03-21;369;3;42710;11621
76;69;2021-03-22;1722;164;44432;11785
76;69;2021-03-23;3064;194;47496;11979
76;69;2021-03-24;3341;168;50837;12147
76;69;2021-03-25;5108;240;55945;12387
76;69;2021-03-26;4840;155;60785;12542
76;69;2021-03-27;2277;61;63062;12603
76;69;2021-03-28;570;7;63632;12610
76;69;2021-03-29;3063;217;66695;12827
76;69;2021-03-30;4364;263;71059;13090
76;69;2021-03-31;3487;264;74546;13354
76;69;2021-04-01;4763;281;79309;13635
76;69;2021-04-02;4316;297;83625;13932
76;69;2021-04-03;1862;131;85487;14063
76;69;2021-04-04;550;20;86037;14083
76;69;2021-04-05;563;36;86600;14119
76;69;2021-04-06;2945;495;89545;14614
76;69;2021-04-07;3041;526;92586;15140
76;69;2021-04-08;4686;533;97272;15673
76;69;2021-04-09;6630;539;103902;16212
76;69;2021-04-10;3668;285;107570;16497
76;69;2021-04-11;1334;107;108904;16604
76;69;2021-04-12;4533;579;113437;17183
76;69;2021-04-13;6428;760;119865;17943
76;69;2021-04-14;5610;748;125475;18691
76;69;2021-04-15;7121;884;132596;19575
76;69;2021-04-16;7875;862;140471;20437
76;69;2021-04-17;4682;503;145153;20940
76;69;2021-04-18;1723;255;146876;21195
76;69;2021-04-19;5165;964;152041;22159
76;69;2021-04-20;6866;1258;158907;23417
76;69;2021-04-21;6279;1303;165186;24720
76;74;2020-12-27;0;0;0;0
76;74;2020-12-28;0;0;0;0
76;74;2020-12-29;0;0;0;0
76;74;2020-12-30;0;0;0;0
76;74;2020-12-31;0;0;0;0
76;74;2021-01-01;0;0;0;0
76;74;2021-01-02;0;0;0;0
76;74;2021-01-03;0;0;0;0
76;74;2021-01-04;1;0;1;0
76;74;2021-01-05;36;0;37;0
76;74;2021-01-06;31;0;68;0
76;74;2021-01-07;119;0;187;0
76;74;2021-01-08;170;0;357;0
76;74;2021-01-09;125;0;482;0
76;74;2021-01-10;38;0;520;0
76;74;2021-01-11;210;0;730;0
76;74;2021-01-12;317;0;1047;0
76;74;2021-01-13;402;0;1449;0
76;74;2021-01-14;452;0;1901;0
76;74;2021-01-15;381;0;2282;0
76;74;2021-01-16;144;5;2426;5
76;74;2021-01-17;48;0;2474;5
76;74;2021-01-18;462;1;2936;6
76;74;2021-01-19;614;1;3550;7
76;74;2021-01-20;762;1;4312;8
76;74;2021-01-21;925;1;5237;9
76;74;2021-01-22;728;2;5965;11
76;74;2021-01-23;227;0;6192;11
76;74;2021-01-24;58;0;6250;11
76;74;2021-01-25;520;4;6770;15
76;74;2021-01-26;683;20;7453;35
76;74;2021-01-27;626;27;8079;62
76;74;2021-01-28;571;110;8650;172
76;74;2021-01-29;493;125;9143;297
76;74;2021-01-30;209;52;9352;349
76;74;2021-01-31;42;15;9394;364
76;74;2021-02-01;389;148;9783;512
76;74;2021-02-02;663;261;10446;773
76;74;2021-02-03;588;256;11034;1029
76;74;2021-02-04;691;332;11725;1361
76;74;2021-02-05;520;295;12245;1656
76;74;2021-02-06;186;67;12431;1723
76;74;2021-02-07;31;26;12462;1749
76;74;2021-02-08;342;278;12804;2027
76;74;2021-02-09;434;390;13238;2417
76;74;2021-02-10;488;523;13726;2940
76;74;2021-02-11;680;555;14406;3495
76;74;2021-02-12;621;436;15027;3931
76;74;2021-02-13;213;124;15240;4055
76;74;2021-02-14;37;56;15277;4111
76;74;2021-02-15;261;385;15538;4496
76;74;2021-02-16;320;543;15858;5039
76;74;2021-02-17;342;535;16200;5574
76;74;2021-02-18;483;621;16683;6195
76;74;2021-02-19;384;496;17067;6691
76;74;2021-02-20;124;157;17191;6848
76;74;2021-02-21;24;43;17215;6891
76;74;2021-02-22;287;511;17502;7402
76;74;2021-02-23;449;709;17951;8111
76;74;2021-02-24;354;705;18305;8816
76;74;2021-02-25;612;588;18917;9404
76;74;2021-02-26;552;575;19469;9979
76;74;2021-02-27;147;197;19616;10176
76;74;2021-02-28;20;28;19636;10204
76;74;2021-03-01;389;453;20025;10657
76;74;2021-03-02;647;514;20672;11171
76;74;2021-03-03;786;445;21458;11616
76;74;2021-03-04;1403;599;22861;12215
76;74;2021-03-05;1994;529;24855;12744
76;74;2021-03-06;2900;154;27755;12898
76;74;2021-03-07;2783;17;30538;12915
76;74;2021-03-08;1477;401;32015;13316
76;74;2021-03-09;2428;478;34443;13794
76;74;2021-03-10;2726;463;37169;14257
76;74;2021-03-11;4054;537;41223;14794
76;74;2021-03-12;4895;427;46118;15221
76;74;2021-03-13;3080;162;49198;15383
76;74;2021-03-14;462;27;49660;15410
76;74;2021-03-15;2114;311;51774;15721
76;74;2021-03-16;1696;421;53470;16142
76;74;2021-03-17;1804;394;55274;16536
76;74;2021-03-18;2004;482;57278;17018
76;74;2021-03-19;3134;348;60412;17366
76;74;2021-03-20;2049;105;62461;17471
76;74;2021-03-21;608;14;63069;17485
76;74;2021-03-22;2565;349;65634;17834
76;74;2021-03-23;4406;413;70040;18247
76;74;2021-03-24;4637;370;74677;18617
76;74;2021-03-25;7062;543;81739;19160
76;74;2021-03-26;6969;412;88708;19572
76;74;2021-03-27;3987;114;92695;19686
76;74;2021-03-28;1334;17;94029;19703
76;74;2021-03-29;6218;558;100247;20261
76;74;2021-03-30;8403;599;108650;20860
76;74;2021-03-31;7283;587;115933;21447
76;74;2021-04-01;8951;666;124884;22113
76;74;2021-04-02;7314;645;132198;22758
76;74;2021-04-03;3521;341;135719;23099
76;74;2021-04-04;1336;53;137055;23152
76;74;2021-04-05;1703;83;138758;23235
76;74;2021-04-06;6992;1222;145750;24457
76;74;2021-04-07;7255;1273;153005;25730
76;74;2021-04-08;9370;1275;162375;27005
76;74;2021-04-09;10197;1200;172572;28205
76;74;2021-04-10;5867;703;178439;28908
76;74;2021-04-11;2252;211;180691;29119
76;74;2021-04-12;6732;1354;187423;30473
76;74;2021-04-13;8352;1675;195775;32148
76;74;2021-04-14;7129;1735;202904;33883
76;74;2021-04-15;7062;1859;209966;35742
76;74;2021-04-16;5272;1755;215238;37497
76;74;2021-04-17;3104;960;218342;38457
76;74;2021-04-18;910;456;219252;38913
76;74;2021-04-19;3261;1915;222513;40828
76;74;2021-04-20;3931;2431;226444;43259
76;74;2021-04-21;3490;2560;229934;45819
76;79;2020-12-27;0;0;0;0
76;79;2020-12-28;0;0;0;0
76;79;2020-12-29;0;0;0;0
76;79;2020-12-30;0;0;0;0
76;79;2020-12-31;0;0;0;0
76;79;2021-01-01;2;0;2;0
76;79;2021-01-02;1;0;3;0
76;79;2021-01-03;0;0;3;0
76;79;2021-01-04;3;0;6;0
76;79;2021-01-05;22;0;28;0
76;79;2021-01-06;14;0;42;0
76;79;2021-01-07;105;0;147;0
76;79;2021-01-08;100;0;247;0
76;79;2021-01-09;61;0;308;0
76;79;2021-01-10;12;0;320;0
76;79;2021-01-11;152;0;472;0
76;79;2021-01-12;258;0;730;0
76;79;2021-01-13;325;0;1055;0
76;79;2021-01-14;471;0;1526;0
76;79;2021-01-15;521;0;2047;0
76;79;2021-01-16;271;4;2318;4
76;79;2021-01-17;99;0;2417;4
76;79;2021-01-18;1928;2;4345;6
76;79;2021-01-19;2348;2;6693;8
76;79;2021-01-20;2578;0;9271;8
76;79;2021-01-21;2958;1;12229;9
76;79;2021-01-22;2627;3;14856;12
76;79;2021-01-23;1192;0;16048;12
76;79;2021-01-24;192;0;16240;12
76;79;2021-01-25;2377;3;18617;15
76;79;2021-01-26;2738;17;21355;32
76;79;2021-01-27;2685;7;24040;39
76;79;2021-01-28;2569;85;26609;124
76;79;2021-01-29;2127;95;28736;219
76;79;2021-01-30;1041;28;29777;247
76;79;2021-01-31;153;10;29930;257
76;79;2021-02-01;1803;104;31733;361
76;79;2021-02-02;2213;177;33946;538
76;79;2021-02-03;2225;213;36171;751
76;79;2021-02-04;2207;369;38378;1120
76;79;2021-02-05;2074;305;40452;1425
76;79;2021-02-06;834;119;41286;1544
76;79;2021-02-07;143;42;41429;1586
76;79;2021-02-08;1464;662;42893;2248
76;79;2021-02-09;1586;908;44479;3156
76;79;2021-02-10;1696;1033;46175;4189
76;79;2021-02-11;2008;1122;48183;5311
76;79;2021-02-12;1809;923;49992;6234
76;79;2021-02-13;769;575;50761;6809
76;79;2021-02-14;83;126;50844;6935
76;79;2021-02-15;830;1832;51674;8767
76;79;2021-02-16;895;2258;52569;11025
76;79;2021-02-17;879;2357;53448;13382
76;79;2021-02-18;1145;2336;54593;15718
76;79;2021-02-19;1043;1820;55636;17538
76;79;2021-02-20;378;932;56014;18470
76;79;2021-02-21;53;144;56067;18614
76;79;2021-02-22;709;2259;56776;20873
76;79;2021-02-23;985;2542;57761;23415
76;79;2021-02-24;907;2670;58668;26085
76;79;2021-02-25;1227;2360;59895;28445
76;79;2021-02-26;1196;2082;61091;30527
76;79;2021-02-27;328;945;61419;31472
76;79;2021-02-28;44;93;61463;31565
76;79;2021-03-01;883;1954;62346;33519
76;79;2021-03-02;1290;2163;63636;35682
76;79;2021-03-03;1368;1957;65004;37639
76;79;2021-03-04;1818;2108;66822;39747
76;79;2021-03-05;1853;1746;68675;41493
76;79;2021-03-06;1697;593;70372;42086
76;79;2021-03-07;1211;58;71583;42144
76;79;2021-03-08;1537;1744;73120;43888
76;79;2021-03-09;2503;1758;75623;45646
76;79;2021-03-10;2561;1747;78184;47393
76;79;2021-03-11;3074;1712;81258;49105
76;79;2021-03-12;3308;1332;84566;50437
76;79;2021-03-13;1839;604;86405;51041
76;79;2021-03-14;399;49;86804;51090
76;79;2021-03-15;2657;959;89461;52049
76;79;2021-03-16;2971;1091;92432;53140
76;79;2021-03-17;3347;958;95779;54098
76;79;2021-03-18;3383;1070;99162;55168
76;79;2021-03-19;3341;876;102503;56044
76;79;2021-03-20;1689;256;104192;56300
76;79;2021-03-21;515;41;104707;56341
76;79;2021-03-22;2929;935;107636;57276
76;79;2021-03-23;3870;1048;111506;58324
76;79;2021-03-24;3938;1003;115444;59327
76;79;2021-03-25;4475;1131;119919;60458
76;79;2021-03-26;4051;917;123970;61375
76;79;2021-03-27;2050;297;126020;61672
76;79;2021-03-28;562;30;126582;61702
76;79;2021-03-29;2974;1262;129556;62964
76;79;2021-03-30;3341;1517;132897;64481
76;79;2021-03-31;3187;1392;136084;65873
76;79;2021-04-01;3465;1519;139549;67392
76;79;2021-04-02;3056;1441;142605;68833
76;79;2021-04-03;1183;782;143788;69615
76;79;2021-04-04;447;140;144235;69755
76;79;2021-04-05;378;196;144613;69951
76;79;2021-04-06;2361;2755;146974;72706
76;79;2021-04-07;2394;2578;149368;75284
76;79;2021-04-08;3041;2513;152409;77797
76;79;2021-04-09;3218;2197;155627;79994
76;79;2021-04-10;1801;1233;157428;81227
76;79;2021-04-11;686;301;158114;81528
76;79;2021-04-12;2235;2637;160349;84165
76;79;2021-04-13;2528;3242;162877;87407
76;79;2021-04-14;2332;3192;165209;90599
76;79;2021-04-15;2379;2964;167588;93563
76;79;2021-04-16;1800;2651;169388;96214
76;79;2021-04-17;1098;1340;170486;97554
76;79;2021-04-18;265;475;170751;98029
76;79;2021-04-19;1144;2946;171895;100975
76;79;2021-04-20;1327;3630;173222;104605
76;79;2021-04-21;1166;3356;174388;107961
76;80;2020-12-27;0;0;0;0
76;80;2020-12-28;1;0;1;0
76;80;2020-12-29;0;0;1;0
76;80;2020-12-30;0;0;1;0
76;80;2020-12-31;1;0;2;0
76;80;2021-01-01;0;0;2;0
76;80;2021-01-02;0;0;2;0
76;80;2021-01-03;1;0;3;0
76;80;2021-01-04;25;0;28;0
76;80;2021-01-05;122;0;150;0
76;80;2021-01-06;70;0;220;0
76;80;2021-01-07;1003;0;1223;0
76;80;2021-01-08;539;0;1762;0
76;80;2021-01-09;70;0;1832;0
76;80;2021-01-10;17;0;1849;0
76;80;2021-01-11;401;0;2250;0
76;80;2021-01-12;1114;0;3364;0
76;80;2021-01-13;1257;0;4621;0
76;80;2021-01-14;2603;0;7224;0
76;80;2021-01-15;1395;0;8619;0
76;80;2021-01-16;335;24;8954;24
76;80;2021-01-17;95;0;9049;24
76;80;2021-01-18;2340;7;11389;31
76;80;2021-01-19;4344;7;15733;38
76;80;2021-01-20;5783;5;21516;43
76;80;2021-01-21;7581;3;29097;46
76;80;2021-01-22;4448;3;33545;49
76;80;2021-01-23;1428;0;34973;49
76;80;2021-01-24;282;0;35255;49
76;80;2021-01-25;3030;13;38285;62
76;80;2021-01-26;4342;64;42627;126
76;80;2021-01-27;4749;112;47376;238
76;80;2021-01-28;4289;774;51665;1012
76;80;2021-01-29;3395;548;55060;1560
76;80;2021-01-30;1473;72;56533;1632
76;80;2021-01-31;199;10;56732;1642
76;80;2021-02-01;2583;349;59315;1991
76;80;2021-02-02;4975;901;64290;2892
76;80;2021-02-03;4593;951;68883;3843
76;80;2021-02-04;4776;2202;73659;6045
76;80;2021-02-05;3407;1160;77066;7205
76;80;2021-02-06;1189;147;78255;7352
76;80;2021-02-07;192;41;78447;7393
76;80;2021-02-08;2056;945;80503;8338
76;80;2021-02-09;2591;2390;83094;10728
76;80;2021-02-10;2982;3883;86076;14611
76;80;2021-02-11;3563;5119;89639;19730
76;80;2021-02-12;2939;2465;92578;22195
76;80;2021-02-13;1191;571;93769;22766
76;80;2021-02-14;119;156;93888;22922
76;80;2021-02-15;1200;2056;95088;24978
76;80;2021-02-16;1601;3335;96689;28313
76;80;2021-02-17;1610;4009;98299;32322
76;80;2021-02-18;2161;3753;100460;36075
76;80;2021-02-19;1653;2967;102113;39042
76;80;2021-02-20;542;1123;102655;40165
76;80;2021-02-21;65;186;102720;40351
76;80;2021-02-22;1045;2858;103765;43209
76;80;2021-02-23;1696;4944;105461;48153
76;80;2021-02-24;1757;4862;107218;53015
76;80;2021-02-25;2250;4534;109468;57549
76;80;2021-02-26;1954;3482;111422;61031
76;80;2021-02-27;546;1343;111968;62374
76;80;2021-02-28;43;130;112011;62504
76;80;2021-03-01;1272;2555;113283;65059
76;80;2021-03-02;1798;3148;115081;68207
76;80;2021-03-03;2127;3266;117208;71473
76;80;2021-03-04;2683;3467;119891;74940
76;80;2021-03-05;2626;2789;122517;77729
76;80;2021-03-06;2193;896;124710;78625
76;80;2021-03-07;1173;110;125883;78735
76;80;2021-03-08;2311;2296;128194;81031
76;80;2021-03-09;3718;2670;131912;83701
76;80;2021-03-10;3913;2766;135825;86467
76;80;2021-03-11;4990;2714;140815;89181
76;80;2021-03-12;4794;2142;145609;91323
76;80;2021-03-13;2515;921;148124;92244
76;80;2021-03-14;492;108;148616;92352
76;80;2021-03-15;4212;1308;152828;93660
76;80;2021-03-16;4686;1924;157514;95584
76;80;2021-03-17;5180;1665;162694;97249
76;80;2021-03-18;5187;2123;167881;99372
76;80;2021-03-19;5365;1526;173246;100898
76;80;2021-03-20;2544;417;175790;101315
76;80;2021-03-21;670;46;176460;101361
76;80;2021-03-22;4202;1311;180662;102672
76;80;2021-03-23;5458;1673;186120;104345
76;80;2021-03-24;5741;1586;191861;105931
76;80;2021-03-25;6551;1873;198412;107804
76;80;2021-03-26;6064;1514;204476;109318
76;80;2021-03-27;3027;503;207503;109821
76;80;2021-03-28;852;44;208355;109865
76;80;2021-03-29;4431;1775;212786;111640
76;80;2021-03-30;5134;2185;217920;113825
76;80;2021-03-31;4984;2205;222904;116030
76;80;2021-04-01;5674;2278;228578;118308
76;80;2021-04-02;4859;2172;233437;120480
76;80;2021-04-03;1552;1178;234989;121658
76;80;2021-04-04;634;208;235623;121866
76;80;2021-04-05;570;238;236193;122104
76;80;2021-04-06;3297;4077;239490;126181
76;80;2021-04-07;3779;3932;243269;130113
76;80;2021-04-08;4294;4047;247563;134160
76;80;2021-04-09;4814;3433;252377;137593
76;80;2021-04-10;2595;1783;254972;139376
76;80;2021-04-11;934;398;255906;139774
76;80;2021-04-12;3001;4164;258907;143938
76;80;2021-04-13;3984;4855;262891;148793
76;80;2021-04-14;3643;4925;266534;153718
76;80;2021-04-15;3979;4710;270513;158428
76;80;2021-04-16;2911;4274;273424;162702
76;80;2021-04-17;1623;2091;275047;164793
76;80;2021-04-18;354;628;275401;165421
76;80;2021-04-19;1600;4222;277001;169643
76;80;2021-04-20;2054;5222;279055;174865
76;80;2021-04-21;1897;5169;280952;180034
84;24;2020-12-27;0;0;0;0
84;24;2020-12-28;0;0;0;0
84;24;2020-12-29;0;0;0;0
84;24;2020-12-30;0;0;0;0
84;24;2020-12-31;0;0;0;0
84;24;2021-01-01;1;0;1;0
84;24;2021-01-02;0;0;1;0
84;24;2021-01-03;0;0;1;0
84;24;2021-01-04;0;0;1;0
84;24;2021-01-05;2;0;3;0
84;24;2021-01-06;4;0;7;0
84;24;2021-01-07;10;0;17;0
84;24;2021-01-08;10;0;27;0
84;24;2021-01-09;2;0;29;0
84;24;2021-01-10;3;0;32;0
84;24;2021-01-11;35;0;67;0
84;24;2021-01-12;45;0;112;0
84;24;2021-01-13;62;0;174;0
84;24;2021-01-14;57;0;231;0
84;24;2021-01-15;72;0;303;0
84;24;2021-01-16;19;0;322;0
84;24;2021-01-17;9;0;331;0
84;24;2021-01-18;58;0;389;0
84;24;2021-01-19;75;0;464;0
84;24;2021-01-20;82;0;546;0
84;24;2021-01-21;60;0;606;0
84;24;2021-01-22;50;0;656;0
84;24;2021-01-23;8;0;664;0
84;24;2021-01-24;2;0;666;0
84;24;2021-01-25;26;0;692;0
84;24;2021-01-26;35;2;727;2
84;24;2021-01-27;46;0;773;2
84;24;2021-01-28;64;2;837;4
84;24;2021-01-29;44;8;881;12
84;24;2021-01-30;6;0;887;12
84;24;2021-01-31;3;0;890;12
84;24;2021-02-01;14;27;904;39
84;24;2021-02-02;20;18;924;57
84;24;2021-02-03;34;15;958;72
84;24;2021-02-04;56;24;1014;96
84;24;2021-02-05;59;37;1073;133
84;24;2021-02-06;11;3;1084;136
84;24;2021-02-07;37;1;1121;137
84;24;2021-02-08;100;36;1221;173
84;24;2021-02-09;113;50;1334;223
84;24;2021-02-10;174;66;1508;289
84;24;2021-02-11;243;84;1751;373
84;24;2021-02-12;238;53;1989;426
84;24;2021-02-13;128;7;2117;433
84;24;2021-02-14;8;1;2125;434
84;24;2021-02-15;173;56;2298;490
84;24;2021-02-16;209;51;2507;541
84;24;2021-02-17;190;51;2697;592
84;24;2021-02-18;234;67;2931;659
84;24;2021-02-19;222;45;3153;704
84;24;2021-02-20;68;7;3221;711
84;24;2021-02-21;1;2;3222;713
84;24;2021-02-22;155;24;3377;737
84;24;2021-02-23;202;33;3579;770
84;24;2021-02-24;226;47;3805;817
84;24;2021-02-25;350;61;4155;878
84;24;2021-02-26;356;60;4511;938
84;24;2021-02-27;83;6;4594;944
84;24;2021-02-28;8;1;4602;945
84;24;2021-03-01;167;23;4769;968
84;24;2021-03-02;251;22;5020;990
84;24;2021-03-03;228;30;5248;1020
84;24;2021-03-04;236;34;5484;1054
84;24;2021-03-05;513;32;5997;1086
84;24;2021-03-06;218;2;6215;1088
84;24;2021-03-07;142;0;6357;1088
84;24;2021-03-08;157;15;6514;1103
84;24;2021-03-09;299;22;6813;1125
84;24;2021-03-10;215;23;7028;1148
84;24;2021-03-11;252;31;7280;1179
84;24;2021-03-12;391;18;7671;1197
84;24;2021-03-13;157;6;7828;1203
84;24;2021-03-14;27;0;7855;1203
84;24;2021-03-15;211;10;8066;1213
84;24;2021-03-16;66;23;8132;1236
84;24;2021-03-17;102;45;8234;1281
84;24;2021-03-18;100;63;8334;1344
84;24;2021-03-19;194;25;8528;1369
84;24;2021-03-20;75;2;8603;1371
84;24;2021-03-21;23;2;8626;1373
84;24;2021-03-22;135;26;8761;1399
84;24;2021-03-23;188;26;8949;1425
84;24;2021-03-24;258;28;9207;1453
84;24;2021-03-25;289;21;9496;1474
84;24;2021-03-26;422;20;9918;1494
84;24;2021-03-27;250;6;10168;1500
84;24;2021-03-28;128;1;10296;1501
84;24;2021-03-29;279;13;10575;1514
84;24;2021-03-30;414;20;10989;1534
84;24;2021-03-31;449;17;11438;1551
84;24;2021-04-01;605;34;12043;1585
84;24;2021-04-02;554;26;12597;1611
84;24;2021-04-03;207;11;12804;1622
84;24;2021-04-04;271;2;13075;1624
84;24;2021-04-05;326;0;13401;1624
84;24;2021-04-06;353;31;13754;1655
84;24;2021-04-07;446;40;14200;1695
84;24;2021-04-08;553;59;14753;1754
84;24;2021-04-09;534;40;15287;1794
84;24;2021-04-10;332;14;15619;1808
84;24;2021-04-11;145;8;15764;1816
84;24;2021-04-12;361;47;16125;1863
84;24;2021-04-13;517;61;16642;1924
84;24;2021-04-14;593;78;17235;2002
84;24;2021-04-15;584;77;17819;2079
84;24;2021-04-16;476;96;18295;2175
84;24;2021-04-17;252;43;18547;2218
84;24;2021-04-18;72;22;18619;2240
84;24;2021-04-19;330;156;18949;2396
84;24;2021-04-20;350;223;19299;2619
84;24;2021-04-21;336;244;19635;2863
84;29;2020-12-27;0;0;0;0
84;29;2020-12-28;0;0;0;0
84;29;2020-12-29;0;0;0;0
84;29;2020-12-30;0;0;0;0
84;29;2020-12-31;0;0;0;0
84;29;2021-01-01;1;0;1;0
84;29;2021-01-02;0;0;1;0
84;29;2021-01-03;0;0;1;0
84;29;2021-01-04;0;0;1;0
84;29;2021-01-05;3;0;4;0
84;29;2021-01-06;7;0;11;0
84;29;2021-01-07;21;0;32;0
84;29;2021-01-08;20;0;52;0
84;29;2021-01-09;1;0;53;0
84;29;2021-01-10;0;0;53;0
84;29;2021-01-11;74;0;127;0
84;29;2021-01-12;77;0;204;0
84;29;2021-01-13;158;0;362;0
84;29;2021-01-14;192;0;554;0
84;29;2021-01-15;148;0;702;0
84;29;2021-01-16;27;1;729;1
84;29;2021-01-17;17;0;746;1
84;29;2021-01-18;137;1;883;2
84;29;2021-01-19;103;0;986;2
84;29;2021-01-20;154;0;1140;2
84;29;2021-01-21;135;0;1275;2
84;29;2021-01-22;107;0;1382;2
84;29;2021-01-23;12;0;1394;2
84;29;2021-01-24;1;0;1395;2
84;29;2021-01-25;37;0;1432;2
84;29;2021-01-26;54;1;1486;3
84;29;2021-01-27;60;2;1546;5
84;29;2021-01-28;86;15;1632;20
84;29;2021-01-29;81;11;1713;31
84;29;2021-01-30;11;1;1724;32
84;29;2021-01-31;3;0;1727;32
84;29;2021-02-01;24;35;1751;67
84;29;2021-02-02;44;48;1795;115
84;29;2021-02-03;64;39;1859;154
84;29;2021-02-04;124;74;1983;228
84;29;2021-02-05;86;78;2069;306
84;29;2021-02-06;24;3;2093;309
84;29;2021-02-07;25;2;2118;311
84;29;2021-02-08;131;84;2249;395
84;29;2021-02-09;265;100;2514;495
84;29;2021-02-10;282;145;2796;640
84;29;2021-02-11;377;187;3173;827
84;29;2021-02-12;310;141;3483;968
84;29;2021-02-13;119;7;3602;975
84;29;2021-02-14;28;0;3630;975
84;29;2021-02-15;213;89;3843;1064
84;29;2021-02-16;220;91;4063;1155
84;29;2021-02-17;229;99;4292;1254
84;29;2021-02-18;231;118;4523;1372
84;29;2021-02-19;245;69;4768;1441
84;29;2021-02-20;55;3;4823;1444
84;29;2021-02-21;3;2;4826;1446
84;29;2021-02-22;146;39;4972;1485
84;29;2021-02-23;225;76;5197;1561
84;29;2021-02-24;216;66;5413;1627
84;29;2021-02-25;331;121;5744;1748
84;29;2021-02-26;372;89;6116;1837
84;29;2021-02-27;99;6;6215;1843
84;29;2021-02-28;8;0;6223;1843
84;29;2021-03-01;136;26;6359;1869
84;29;2021-03-02;251;49;6610;1918
84;29;2021-03-03;264;55;6874;1973
84;29;2021-03-04;278;55;7152;2028
84;29;2021-03-05;409;55;7561;2083
84;29;2021-03-06;154;4;7715;2087
84;29;2021-03-07;50;0;7765;2087
84;29;2021-03-08;201;27;7966;2114
84;29;2021-03-09;307;25;8273;2139
84;29;2021-03-10;241;22;8514;2161
84;29;2021-03-11;314;43;8828;2204
84;29;2021-03-12;403;36;9231;2240
84;29;2021-03-13;159;6;9390;2246
84;29;2021-03-14;26;0;9416;2246
84;29;2021-03-15;214;21;9630;2267
84;29;2021-03-16;101;46;9731;2313
84;29;2021-03-17;128;50;9859;2363
84;29;2021-03-18;150;61;10009;2424
84;29;2021-03-19;217;46;10226;2470
84;29;2021-03-20;70;9;10296;2479
84;29;2021-03-21;23;0;10319;2479
84;29;2021-03-22;159;30;10478;2509
84;29;2021-03-23;274;37;10752;2546
84;29;2021-03-24;313;31;11065;2577
84;29;2021-03-25;416;32;11481;2609
84;29;2021-03-26;437;36;11918;2645
84;29;2021-03-27;281;8;12199;2653
84;29;2021-03-28;140;1;12339;2654
84;29;2021-03-29;314;31;12653;2685
84;29;2021-03-30;434;37;13087;2722
84;29;2021-03-31;522;35;13609;2757
84;29;2021-04-01;600;39;14209;2796
84;29;2021-04-02;601;33;14810;2829
84;29;2021-04-03;205;14;15015;2843
84;29;2021-04-04;247;5;15262;2848
84;29;2021-04-05;280;2;15542;2850
84;29;2021-04-06;329;47;15871;2897
84;29;2021-04-07;406;45;16277;2942
84;29;2021-04-08;564;71;16841;3013
84;29;2021-04-09;597;60;17438;3073
84;29;2021-04-10;302;21;17740;3094
84;29;2021-04-11;186;8;17926;3102
84;29;2021-04-12;345;77;18271;3179
84;29;2021-04-13;478;93;18749;3272
84;29;2021-04-14;483;103;19232;3375
84;29;2021-04-15;585;114;19817;3489
84;29;2021-04-16;487;112;20304;3601
84;29;2021-04-17;254;38;20558;3639
84;29;2021-04-18;75;15;20633;3654
84;29;2021-04-19;310;204;20943;3858
84;29;2021-04-20;385;254;21328;4112
84;29;2021-04-21;316;281;21644;4393
84;39;2020-12-27;0;0;0;0
84;39;2020-12-28;0;0;0;0
84;39;2020-12-29;0;0;0;0
84;39;2020-12-30;0;0;0;0
84;39;2020-12-31;0;0;0;0
84;39;2021-01-01;1;0;1;0
84;39;2021-01-02;0;0;1;0
84;39;2021-01-03;0;0;1;0
84;39;2021-01-04;5;0;6;0
84;39;2021-01-05;8;0;14;0
84;39;2021-01-06;21;0;35;0
84;39;2021-01-07;93;0;128;0
84;39;2021-01-08;97;0;225;0
84;39;2021-01-09;8;0;233;0
84;39;2021-01-10;9;0;242;0
84;39;2021-01-11;288;0;530;0
84;39;2021-01-12;388;0;918;0
84;39;2021-01-13;411;0;1329;0
84;39;2021-01-14;558;0;1887;0
84;39;2021-01-15;487;0;2374;0
84;39;2021-01-16;84;2;2458;2
84;39;2021-01-17;30;0;2488;2
84;39;2021-01-18;301;1;2789;3
84;39;2021-01-19;414;0;3203;3
84;39;2021-01-20;446;0;3649;3
84;39;2021-01-21;460;0;4109;3
84;39;2021-01-22;352;0;4461;3
84;39;2021-01-23;57;0;4518;3
84;39;2021-01-24;6;0;4524;3
84;39;2021-01-25;128;5;4652;8
84;39;2021-01-26;220;3;4872;11
84;39;2021-01-27;189;14;5061;25
84;39;2021-01-28;285;58;5346;83
84;39;2021-01-29;245;46;5591;129
84;39;2021-01-30;35;3;5626;132
84;39;2021-01-31;5;0;5631;132
84;39;2021-02-01;83;121;5714;253
84;39;2021-02-02;170;187;5884;440
84;39;2021-02-03;231;178;6115;618
84;39;2021-02-04;371;301;6486;919
84;39;2021-02-05;256;336;6742;1255
84;39;2021-02-06;60;25;6802;1280
84;39;2021-02-07;51;15;6853;1295
84;39;2021-02-08;278;212;7131;1507
84;39;2021-02-09;588;364;7719;1871
84;39;2021-02-10;608;410;8327;2281
84;39;2021-02-11;796;472;9123;2753
84;39;2021-02-12;714;365;9837;3118
84;39;2021-02-13;369;36;10206;3154
84;39;2021-02-14;119;7;10325;3161
84;39;2021-02-15;443;270;10768;3431
84;39;2021-02-16;486;298;11254;3729
84;39;2021-02-17;461;321;11715;4050
84;39;2021-02-18;612;379;12327;4429
84;39;2021-02-19;588;253;12915;4682
84;39;2021-02-20;157;38;13072;4720
84;39;2021-02-21;11;5;13083;4725
84;39;2021-02-22;389;149;13472;4874
84;39;2021-02-23;627;283;14099;5157
84;39;2021-02-24;529;271;14628;5428
84;39;2021-02-25;848;390;15476;5818
84;39;2021-02-26;1056;282;16532;6100
84;39;2021-02-27;250;26;16782;6126
84;39;2021-02-28;35;2;16817;6128
84;39;2021-03-01;409;93;17226;6221
84;39;2021-03-02;722;170;17948;6391
84;39;2021-03-03;542;147;18490;6538
84;39;2021-03-04;724;226;19214;6764
84;39;2021-03-05;1203;149;20417;6913
84;39;2021-03-06;454;20;20871;6933
84;39;2021-03-07;183;2;21054;6935
84;39;2021-03-08;484;63;21538;6998
84;39;2021-03-09;767;110;22305;7108
84;39;2021-03-10;612;105;22917;7213
84;39;2021-03-11;839;174;23756;7387
84;39;2021-03-12;1191;159;24947;7546
84;39;2021-03-13;419;27;25366;7573
84;39;2021-03-14;81;3;25447;7576
84;39;2021-03-15;455;41;25902;7617
84;39;2021-03-16;322;150;26224;7767
84;39;2021-03-17;338;155;26562;7922
84;39;2021-03-18;498;230;27060;8152
84;39;2021-03-19;573;125;27633;8277
84;39;2021-03-20;175;13;27808;8290
84;39;2021-03-21;68;2;27876;8292
84;39;2021-03-22;401;103;28277;8395
84;39;2021-03-23;704;109;28981;8504
84;39;2021-03-24;717;113;29698;8617
84;39;2021-03-25;1147;105;30845;8722
84;39;2021-03-26;1187;98;32032;8820
84;39;2021-03-27;617;24;32649;8844
84;39;2021-03-28;357;6;33006;8850
84;39;2021-03-29;772;81;33778;8931
84;39;2021-03-30;1143;129;34921;9060
84;39;2021-03-31;1148;96;36069;9156
84;39;2021-04-01;1629;167;37698;9323
84;39;2021-04-02;1625;144;39323;9467
84;39;2021-04-03;604;45;39927;9512
84;39;2021-04-04;663;9;40590;9521
84;39;2021-04-05;684;8;41274;9529
84;39;2021-04-06;932;125;42206;9654
84;39;2021-04-07;1176;149;43382;9803
84;39;2021-04-08;1512;276;44894;10079
84;39;2021-04-09;1738;163;46632;10242
84;39;2021-04-10;814;63;47446;10305
84;39;2021-04-11;390;19;47836;10324
84;39;2021-04-12;1023;162;48859;10486
84;39;2021-04-13;1407;284;50266;10770
84;39;2021-04-14;1546;226;51812;10996
84;39;2021-04-15;1535;282;53347;11278
84;39;2021-04-16;1186;374;54533;11652
84;39;2021-04-17;708;135;55241;11787
84;39;2021-04-18;239;49;55480;11836
84;39;2021-04-19;958;536;56438;12372
84;39;2021-04-20;986;569;57424;12941
84;39;2021-04-21;948;631;58372;13572
84;49;2020-12-27;0;0;0;0
84;49;2020-12-28;0;0;0;0
84;49;2020-12-29;0;0;0;0
84;49;2020-12-30;0;0;0;0
84;49;2020-12-31;0;0;0;0
84;49;2021-01-01;1;0;1;0
84;49;2021-01-02;0;0;1;0
84;49;2021-01-03;0;0;1;0
84;49;2021-01-04;15;0;16;0
84;49;2021-01-05;29;0;45;0
84;49;2021-01-06;72;0;117;0
84;49;2021-01-07;174;0;291;0
84;49;2021-01-08;198;0;489;0
84;49;2021-01-09;26;0;515;0
84;49;2021-01-10;7;0;522;0
84;49;2021-01-11;444;0;966;0
84;49;2021-01-12;663;0;1629;0
84;49;2021-01-13;671;0;2300;0
84;49;2021-01-14;971;0;3271;0
84;49;2021-01-15;864;0;4135;0
84;49;2021-01-16;146;4;4281;4
84;49;2021-01-17;50;0;4331;4
84;49;2021-01-18;541;0;4872;4
84;49;2021-01-19;730;0;5602;4
84;49;2021-01-20;796;0;6398;4
84;49;2021-01-21;781;0;7179;4
84;49;2021-01-22;548;0;7727;4
84;49;2021-01-23;96;0;7823;4
84;49;2021-01-24;9;0;7832;4
84;49;2021-01-25;264;15;8096;19
84;49;2021-01-26;403;17;8499;36
84;49;2021-01-27;376;40;8875;76
84;49;2021-01-28;533;103;9408;179
84;49;2021-01-29;443;107;9851;286
84;49;2021-01-30;83;8;9934;294
84;49;2021-01-31;4;0;9938;294
84;49;2021-02-01;151;199;10089;493
84;49;2021-02-02;324;382;10413;875
84;49;2021-02-03;426;392;10839;1267
84;49;2021-02-04;652;632;11491;1899
84;49;2021-02-05;373;604;11864;2503
84;49;2021-02-06;85;36;11949;2539
84;49;2021-02-07;58;20;12007;2559
84;49;2021-02-08;325;346;12332;2905
84;49;2021-02-09;751;574;13083;3479
84;49;2021-02-10;749;633;13832;4112
84;49;2021-02-11;986;800;14818;4912
84;49;2021-02-12;856;671;15674;5583
84;49;2021-02-13;470;67;16144;5650
84;49;2021-02-14;111;13;16255;5663
84;49;2021-02-15;501;470;16756;6133
84;49;2021-02-16;558;543;17314;6676
84;49;2021-02-17;575;554;17889;7230
84;49;2021-02-18;777;610;18666;7840
84;49;2021-02-19;714;402;19380;8242
84;49;2021-02-20;160;68;19540;8310
84;49;2021-02-21;14;7;19554;8317
84;49;2021-02-22;477;277;20031;8594
84;49;2021-02-23;745;499;20776;9093
84;49;2021-02-24;739;474;21515;9567
84;49;2021-02-25;1225;709;22740;10276
84;49;2021-02-26;1365;435;24105;10711
84;49;2021-02-27;384;73;24489;10784
84;49;2021-02-28;34;2;24523;10786
84;49;2021-03-01;537;133;25060;10919
84;49;2021-03-02;889;271;25949;11190
84;49;2021-03-03;823;267;26772;11457
84;49;2021-03-04;1088;319;27860;11776
84;49;2021-03-05;1641;235;29501;12011
84;49;2021-03-06;779;27;30280;12038
84;49;2021-03-07;328;1;30608;12039
84;49;2021-03-08;654;126;31262;12165
84;49;2021-03-09;1099;146;32361;12311
84;49;2021-03-10;883;171;33244;12482
84;49;2021-03-11;1214;239;34458;12721
84;49;2021-03-12;1727;206;36185;12927
84;49;2021-03-13;840;37;37025;12964
84;49;2021-03-14;167;4;37192;12968
84;49;2021-03-15;629;79;37821;13047
84;49;2021-03-16;411;198;38232;13245
84;49;2021-03-17;530;236;38762;13481
84;49;2021-03-18;713;345;39475;13826
84;49;2021-03-19;925;208;40400;14034
84;49;2021-03-20;359;32;40759;14066
84;49;2021-03-21;95;1;40854;14067
84;49;2021-03-22;579;131;41433;14198
84;49;2021-03-23;904;168;42337;14366
84;49;2021-03-24;969;163;43306;14529
84;49;2021-03-25;1472;173;44778;14702
84;49;2021-03-26;1600;177;46378;14879
84;49;2021-03-27;857;37;47235;14916
84;49;2021-03-28;441;5;47676;14921
84;49;2021-03-29;1010;128;48686;15049
84;49;2021-03-30;1507;179;50193;15228
84;49;2021-03-31;1676;195;51869;15423
84;49;2021-04-01;2019;251;53888;15674
84;49;2021-04-02;1987;237;55875;15911
84;49;2021-04-03;1037;77;56912;15988
84;49;2021-04-04;1148;22;58060;16010
84;49;2021-04-05;1120;16;59180;16026
84;49;2021-04-06;1373;217;60553;16243
84;49;2021-04-07;1727;266;62280;16509
84;49;2021-04-08;2087;385;64367;16894
84;49;2021-04-09;2377;316;66744;17210
84;49;2021-04-10;1291;118;68035;17328
84;49;2021-04-11;584;34;68619;17362
84;49;2021-04-12;1566;251;70185;17613
84;49;2021-04-13;1947;385;72132;17998
84;49;2021-04-14;2233;408;74365;18406
84;49;2021-04-15;2085;470;76450;18876
84;49;2021-04-16;1732;598;78182;19474
84;49;2021-04-17;1106;196;79288;19670
84;49;2021-04-18;422;63;79710;19733
84;49;2021-04-19;1419;579;81129;20312
84;49;2021-04-20;1591;739;82720;21051
84;49;2021-04-21;1561;830;84281;21881
84;59;2020-12-27;0;0;0;0
84;59;2020-12-28;0;0;0;0
84;59;2020-12-29;0;0;0;0
84;59;2020-12-30;0;0;0;0
84;59;2020-12-31;0;0;0;0
84;59;2021-01-01;1;0;1;0
84;59;2021-01-02;1;0;2;0
84;59;2021-01-03;0;0;2;0
84;59;2021-01-04;64;0;66;0
84;59;2021-01-05;189;0;255;0
84;59;2021-01-06;492;0;747;0
84;59;2021-01-07;1109;0;1856;0
84;59;2021-01-08;1345;0;3201;0
84;59;2021-01-09;181;0;3382;0
84;59;2021-01-10;56;0;3438;0
84;59;2021-01-11;1817;0;5255;0
84;59;2021-01-12;2496;0;7751;0
84;59;2021-01-13;2864;0;10615;0
84;59;2021-01-14;2908;0;13523;0
84;59;2021-01-15;2441;0;15964;0
84;59;2021-01-16;785;10;16749;10
84;59;2021-01-17;273;0;17022;10
84;59;2021-01-18;1446;2;18468;12
84;59;2021-01-19;2068;4;20536;16
84;59;2021-01-20;1973;2;22509;18
84;59;2021-01-21;1685;1;24194;19
84;59;2021-01-22;1354;8;25548;27
84;59;2021-01-23;292;0;25840;27
84;59;2021-01-24;58;0;25898;27
84;59;2021-01-25;693;63;26591;90
84;59;2021-01-26;990;130;27581;220
84;59;2021-01-27;898;289;28479;509
84;59;2021-01-28;1024;673;29503;1182
84;59;2021-01-29;746;668;30249;1850
84;59;2021-01-30;245;73;30494;1923
84;59;2021-01-31;19;1;30513;1924
84;59;2021-02-01;370;900;30883;2824
84;59;2021-02-02;648;1400;31531;4224
84;59;2021-02-03;824;1877;32355;6101
84;59;2021-02-04;976;2189;33331;8290
84;59;2021-02-05;587;1671;33918;9961
84;59;2021-02-06;111;276;34029;10237
84;59;2021-02-07;29;163;34058;10400
84;59;2021-02-08;301;1422;34359;11822
84;59;2021-02-09;751;1919;35110;13741
84;59;2021-02-10;700;2014;35810;15755
84;59;2021-02-11;936;2247;36746;18002
84;59;2021-02-12;773;1946;37519;19948
84;59;2021-02-13;387;345;37906;20293
84;59;2021-02-14;53;45;37959;20338
84;59;2021-02-15;484;1179;38443;21517
84;59;2021-02-16;524;1273;38967;22790
84;59;2021-02-17;503;1401;39470;24191
84;59;2021-02-18;685;1362;40155;25553
84;59;2021-02-19;661;975;40816;26528
84;59;2021-02-20;148;201;40964;26729
84;59;2021-02-21;5;19;40969;26748
84;59;2021-02-22;387;614;41356;27362
84;59;2021-02-23;768;986;42124;28348
84;59;2021-02-24;904;1058;43028;29406
84;59;2021-02-25;2286;1173;45314;30579
84;59;2021-02-26;3538;698;48852;31277
84;59;2021-02-27;1718;219;50570;31496
84;59;2021-02-28;110;11;50680;31507
84;59;2021-03-01;1245;333;51925;31840
84;59;2021-03-02;2616;481;54541;32321
84;59;2021-03-03;2548;488;57089;32809
84;59;2021-03-04;4176;517;61265;33326
84;59;2021-03-05;5478;388;66743;33714
84;59;2021-03-06;3390;60;70133;33774
84;59;2021-03-07;934;5;71067;33779
84;59;2021-03-08;1286;257;72353;34036
84;59;2021-03-09;2749;311;75102;34347
84;59;2021-03-10;2567;317;77669;34664
84;59;2021-03-11;4071;416;81740;35080
84;59;2021-03-12;5825;371;87565;35451
84;59;2021-03-13;3213;49;90778;35500
84;59;2021-03-14;521;7;91299;35507
84;59;2021-03-15;1490;186;92789;35693
84;59;2021-03-16;723;261;93512;35954
84;59;2021-03-17;863;352;94375;36306
84;59;2021-03-18;1164;401;95539;36707
84;59;2021-03-19;2654;276;98193;36983
84;59;2021-03-20;1400;41;99593;37024
84;59;2021-03-21;223;5;99816;37029
84;59;2021-03-22;1377;218;101193;37247
84;59;2021-03-23;2708;270;103901;37517
84;59;2021-03-24;2809;307;106710;37824
84;59;2021-03-25;3911;259;110621;38083
84;59;2021-03-26;4801;285;115422;38368
84;59;2021-03-27;2024;86;117446;38454
84;59;2021-03-28;623;13;118069;38467
84;59;2021-03-29;2320;238;120389;38705
84;59;2021-03-30;3656;354;124045;39059
84;59;2021-03-31;3308;333;127353;39392
84;59;2021-04-01;4317;366;131670;39758
84;59;2021-04-02;4405;376;136075;40134
84;59;2021-04-03;2141;153;138216;40287
84;59;2021-04-04;1587;40;139803;40327
84;59;2021-04-05;1848;37;141651;40364
84;59;2021-04-06;2745;443;144396;40807
84;59;2021-04-07;3570;464;147966;41271
84;59;2021-04-08;4741;619;152707;41890
84;59;2021-04-09;7270;563;159977;42453
84;59;2021-04-10;3489;337;163466;42790
84;59;2021-04-11;1376;124;164842;42914
84;59;2021-04-12;4035;536;168877;43450
84;59;2021-04-13;5894;725;174771;44175
84;59;2021-04-14;6075;747;180846;44922
84;59;2021-04-15;7122;784;187968;45706
84;59;2021-04-16;7319;929;195287;46635
84;59;2021-04-17;4493;458;199780;47093
84;59;2021-04-18;1243;156;201023;47249
84;59;2021-04-19;4032;925;205055;48174
84;59;2021-04-20;5581;1152;210636;49326
84;59;2021-04-21;5169;1192;215805;50518
84;64;2020-12-27;0;0;0;0
84;64;2020-12-28;0;0;0;0
84;64;2020-12-29;0;0;0;0
84;64;2020-12-30;0;0;0;0
84;64;2020-12-31;1;0;1;0
84;64;2021-01-01;1;0;2;0
84;64;2021-01-02;0;0;2;0
84;64;2021-01-03;0;0;2;0
84;64;2021-01-04;22;0;24;0
84;64;2021-01-05;91;0;115;0
84;64;2021-01-06;178;0;293;0
84;64;2021-01-07;383;0;676;0
84;64;2021-01-08;469;0;1145;0
84;64;2021-01-09;83;0;1228;0
84;64;2021-01-10;35;0;1263;0
84;64;2021-01-11;581;0;1844;0
84;64;2021-01-12;817;0;2661;0
84;64;2021-01-13;816;0;3477;0
84;64;2021-01-14;1025;0;4502;0
84;64;2021-01-15;767;0;5269;0
84;64;2021-01-16;284;6;5553;6
84;64;2021-01-17;104;0;5657;6
84;64;2021-01-18;488;1;6145;7
84;64;2021-01-19;729;0;6874;7
84;64;2021-01-20;664;2;7538;9
84;64;2021-01-21;608;0;8146;9
84;64;2021-01-22;515;2;8661;11
84;64;2021-01-23;139;0;8800;11
84;64;2021-01-24;21;0;8821;11
84;64;2021-01-25;278;27;9099;38
84;64;2021-01-26;418;68;9517;106
84;64;2021-01-27;354;109;9871;215
84;64;2021-01-28;427;233;10298;448
84;64;2021-01-29;370;217;10668;665
84;64;2021-01-30;105;50;10773;715
84;64;2021-01-31;6;0;10779;715
84;64;2021-02-01;158;285;10937;1000
84;64;2021-02-02;274;490;11211;1490
84;64;2021-02-03;366;526;11577;2016
84;64;2021-02-04;467;683;12044;2699
84;64;2021-02-05;240;508;12284;3207
84;64;2021-02-06;58;124;12342;3331
84;64;2021-02-07;16;75;12358;3406
84;64;2021-02-08;171;456;12529;3862
84;64;2021-02-09;342;694;12871;4556
84;64;2021-02-10;323;708;13194;5264
84;64;2021-02-11;412;815;13606;6079
84;64;2021-02-12;359;610;13965;6689
84;64;2021-02-13;157;152;14122;6841
84;64;2021-02-14;19;30;14141;6871
84;64;2021-02-15;196;400;14337;7271
84;64;2021-02-16;206;460;14543;7731
84;64;2021-02-17;244;498;14787;8229
84;64;2021-02-18;351;497;15138;8726
84;64;2021-02-19;291;383;15429;9109
84;64;2021-02-20;106;86;15535;9195
84;64;2021-02-21;4;11;15539;9206
84;64;2021-02-22;175;264;15714;9470
84;64;2021-02-23;344;382;16058;9852
84;64;2021-02-24;433;394;16491;10246
84;64;2021-02-25;1528;502;18019;10748
84;64;2021-02-26;2555;318;20574;11066
84;64;2021-02-27;1316;87;21890;11153
84;64;2021-02-28;72;3;21962;11156
84;64;2021-03-01;871;190;22833;11346
84;64;2021-03-02;1967;255;24800;11601
84;64;2021-03-03;1883;235;26683;11836
84;64;2021-03-04;3376;270;30059;12106
84;64;2021-03-05;3945;201;34004;12307
84;64;2021-03-06;2626;41;36630;12348
84;64;2021-03-07;725;3;37355;12351
84;64;2021-03-08;910;170;38265;12521
84;64;2021-03-09;2064;181;40329;12702
84;64;2021-03-10;1935;198;42264;12900
84;64;2021-03-11;3255;250;45519;13150
84;64;2021-03-12;4175;219;49694;13369
84;64;2021-03-13;2453;35;52147;13404
84;64;2021-03-14;383;7;52530;13411
84;64;2021-03-15;1180;109;53710;13520
84;64;2021-03-16;544;166;54254;13686
84;64;2021-03-17;583;202;54837;13888
84;64;2021-03-18;794;253;55631;14141
84;64;2021-03-19;2180;154;57811;14295
84;64;2021-03-20;1346;34;59157;14329
84;64;2021-03-21;222;2;59379;14331
84;64;2021-03-22;1258;123;60637;14454
84;64;2021-03-23;2628;121;63265;14575
84;64;2021-03-24;2584;184;65849;14759
84;64;2021-03-25;3979;176;69828;14935
84;64;2021-03-26;4364;187;74192;15122
84;64;2021-03-27;1673;37;75865;15159
84;64;2021-03-28;429;12;76294;15171
84;64;2021-03-29;1856;150;78150;15321
84;64;2021-03-30;3481;229;81631;15550
84;64;2021-03-31;2709;247;84340;15797
84;64;2021-04-01;3667;273;88007;16070
84;64;2021-04-02;3624;229;91631;16299
84;64;2021-04-03;1549;106;93180;16405
84;64;2021-04-04;733;32;93913;16437
84;64;2021-04-05;921;30;94834;16467
84;64;2021-04-06;2340;367;97174;16834
84;64;2021-04-07;2507;359;99681;17193
84;64;2021-04-08;4136;460;103817;17653
84;64;2021-04-09;6422;359;110239;18012
84;64;2021-04-10;2802;224;113041;18236
84;64;2021-04-11;809;72;113850;18308
84;64;2021-04-12;3249;458;117099;18766
84;64;2021-04-13;5052;627;122151;19393
84;64;2021-04-14;4541;541;126692;19934
84;64;2021-04-15;6168;635;132860;20569
84;64;2021-04-16;7589;735;140449;21304
84;64;2021-04-17;4633;326;145082;21630
84;64;2021-04-18;1875;126;146957;21756
84;64;2021-04-19;5751;662;152708;22418
84;64;2021-04-20;6437;857;159145;23275
84;64;2021-04-21;5975;835;165120;24110
84;69;2020-12-27;0;0;0;0
84;69;2020-12-28;0;0;0;0
84;69;2020-12-29;0;0;0;0
84;69;2020-12-30;0;0;0;0
84;69;2020-12-31;1;0;1;0
84;69;2021-01-01;1;0;2;0
84;69;2021-01-02;0;0;2;0
84;69;2021-01-03;0;0;2;0
84;69;2021-01-04;9;0;11;0
84;69;2021-01-05;40;0;51;0
84;69;2021-01-06;74;0;125;0
84;69;2021-01-07;186;0;311;0
84;69;2021-01-08;218;0;529;0
84;69;2021-01-09;59;0;588;0
84;69;2021-01-10;25;0;613;0
84;69;2021-01-11;286;0;899;0
84;69;2021-01-12;400;0;1299;0
84;69;2021-01-13;376;0;1675;0
84;69;2021-01-14;520;0;2195;0
84;69;2021-01-15;384;0;2579;0
84;69;2021-01-16;191;2;2770;2
84;69;2021-01-17;79;0;2849;2
84;69;2021-01-18;294;3;3143;5
84;69;2021-01-19;540;1;3683;6
84;69;2021-01-20;429;0;4112;6
84;69;2021-01-21;438;0;4550;6
84;69;2021-01-22;391;1;4941;7
84;69;2021-01-23;116;0;5057;7
84;69;2021-01-24;16;0;5073;7
84;69;2021-01-25;291;8;5364;15
84;69;2021-01-26;384;35;5748;50
84;69;2021-01-27;346;47;6094;97
84;69;2021-01-28;420;120;6514;217
84;69;2021-01-29;346;95;6860;312
84;69;2021-01-30;109;37;6969;349
84;69;2021-01-31;7;0;6976;349
84;69;2021-02-01;208;144;7184;493
84;69;2021-02-02;305;266;7489;759
84;69;2021-02-03;379;286;7868;1045
84;69;2021-02-04;421;361;8289;1406
84;69;2021-02-05;298;242;8587;1648
84;69;2021-02-06;78;80;8665;1728
84;69;2021-02-07;12;60;8677;1788
84;69;2021-02-08;153;230;8830;2018
84;69;2021-02-09;297;391;9127;2409
84;69;2021-02-10;273;387;9400;2796
84;69;2021-02-11;339;428;9739;3224
84;69;2021-02-12;357;314;10096;3538
84;69;2021-02-13;71;116;10167;3654
84;69;2021-02-14;16;37;10183;3691
84;69;2021-02-15;126;269;10309;3960
84;69;2021-02-16;182;355;10491;4315
84;69;2021-02-17;207;369;10698;4684
84;69;2021-02-18;259;404;10957;5088
84;69;2021-02-19;252;312;11209;5400
84;69;2021-02-20;48;97;11257;5497
84;69;2021-02-21;8;9;11265;5506
84;69;2021-02-22;158;287;11423;5793
84;69;2021-02-23;281;392;11704;6185
84;69;2021-02-24;371;414;12075;6599
84;69;2021-02-25;505;464;12580;7063
84;69;2021-02-26;564;337;13144;7400
84;69;2021-02-27;169;73;13313;7473
84;69;2021-02-28;20;2;13333;7475
84;69;2021-03-01;315;197;13648;7672
84;69;2021-03-02;593;278;14241;7950
84;69;2021-03-03;774;253;15015;8203
84;69;2021-03-04;1335;300;16350;8503
84;69;2021-03-05;2143;220;18493;8723
84;69;2021-03-06;2406;61;20899;8784
84;69;2021-03-07;1339;3;22238;8787
84;69;2021-03-08;908;207;23146;8994
84;69;2021-03-09;2104;251;25250;9245
84;69;2021-03-10;2021;234;27271;9479
84;69;2021-03-11;3775;314;31046;9793
84;69;2021-03-12;5136;325;36182;10118
84;69;2021-03-13;3225;39;39407;10157
84;69;2021-03-14;598;13;40005;10170
84;69;2021-03-15;1834;132;41839;10302
84;69;2021-03-16;1063;206;42902;10508
84;69;2021-03-17;1145;255;44047;10763
84;69;2021-03-18;1422;319;45469;11082
84;69;2021-03-19;3496;246;48965;11328
84;69;2021-03-20;2135;35;51100;11363
84;69;2021-03-21;386;4;51486;11367
84;69;2021-03-22;2169;177;53655;11544
84;69;2021-03-23;4333;225;57988;11769
84;69;2021-03-24;4257;242;62245;12011
84;69;2021-03-25;6457;270;68702;12281
84;69;2021-03-26;7010;239;75712;12520
84;69;2021-03-27;2698;105;78410;12625
84;69;2021-03-28;691;11;79101;12636
84;69;2021-03-29;3305;312;82406;12948
84;69;2021-03-30;5514;416;87920;13364
84;69;2021-03-31;4183;415;92103;13779
84;69;2021-04-01;5524;435;97627;14214
84;69;2021-04-02;5420;499;103047;14713
84;69;2021-04-03;2136;196;105183;14909
84;69;2021-04-04;1102;73;106285;14982
84;69;2021-04-05;1504;63;107789;15045
84;69;2021-04-06;3627;583;111416;15628
84;69;2021-04-07;3838;647;115254;16275
84;69;2021-04-08;6260;751;121514;17026
84;69;2021-04-09;8667;654;130181;17680
84;69;2021-04-10;3450;398;133631;18078
84;69;2021-04-11;1034;135;134665;18213
84;69;2021-04-12;4547;833;139212;19046
84;69;2021-04-13;6407;1168;145619;20214
84;69;2021-04-14;5529;1007;151148;21221
84;69;2021-04-15;7443;1204;158591;22425
84;69;2021-04-16;8375;1380;166966;23805
84;69;2021-04-17;4566;627;171532;24432
84;69;2021-04-18;1663;214;173195;24646
84;69;2021-04-19;6278;1332;179473;25978
84;69;2021-04-20;7119;1666;186592;27644
84;69;2021-04-21;6123;1527;192715;29171
84;74;2020-12-27;0;0;0;0
84;74;2020-12-28;0;0;0;0
84;74;2020-12-29;1;0;1;0
84;74;2020-12-30;0;0;1;0
84;74;2020-12-31;5;0;6;0
84;74;2021-01-01;0;0;6;0
84;74;2021-01-02;0;0;6;0
84;74;2021-01-03;0;0;6;0
84;74;2021-01-04;11;0;17;0
84;74;2021-01-05;19;0;36;0
84;74;2021-01-06;39;0;75;0
84;74;2021-01-07;124;0;199;0
84;74;2021-01-08;132;0;331;0
84;74;2021-01-09;30;0;361;0
84;74;2021-01-10;15;0;376;0
84;74;2021-01-11;204;0;580;0
84;74;2021-01-12;253;0;833;0
84;74;2021-01-13;276;0;1109;0
84;74;2021-01-14;424;0;1533;0
84;74;2021-01-15;352;0;1885;0
84;74;2021-01-16;163;2;2048;2
84;74;2021-01-17;87;0;2135;2
84;74;2021-01-18;403;1;2538;3
84;74;2021-01-19;690;2;3228;5
84;74;2021-01-20;710;1;3938;6
84;74;2021-01-21;724;3;4662;9
84;74;2021-01-22;672;2;5334;11
84;74;2021-01-23;247;0;5581;11
84;74;2021-01-24;34;0;5615;11
84;74;2021-01-25;482;12;6097;23
84;74;2021-01-26;605;28;6702;51
84;74;2021-01-27;658;25;7360;76
84;74;2021-01-28;722;78;8082;154
84;74;2021-01-29;674;72;8756;226
84;74;2021-01-30;222;22;8978;248
84;74;2021-01-31;15;0;8993;248
84;74;2021-02-01;391;98;9384;346
84;74;2021-02-02;583;198;9967;544
84;74;2021-02-03;627;211;10594;755
84;74;2021-02-04;775;292;11369;1047
84;74;2021-02-05;543;217;11912;1264
84;74;2021-02-06;114;78;12026;1342
84;74;2021-02-07;16;42;12042;1384
84;74;2021-02-08;354;240;12396;1624
84;74;2021-02-09;506;401;12902;2025
84;74;2021-02-10;527;377;13429;2402
84;74;2021-02-11;639;465;14068;2867
84;74;2021-02-12;620;367;14688;3234
84;74;2021-02-13;156;120;14844;3354
84;74;2021-02-14;25;30;14869;3384
84;74;2021-02-15;261;437;15130;3821
84;74;2021-02-16;371;473;15501;4294
84;74;2021-02-17;382;586;15883;4880
84;74;2021-02-18;480;703;16363;5583
84;74;2021-02-19;456;549;16819;6132
84;74;2021-02-20;131;178;16950;6310
84;74;2021-02-21;14;17;16964;6327
84;74;2021-02-22;313;499;17277;6826
84;74;2021-02-23;491;658;17768;7484
84;74;2021-02-24;585;718;18353;8202
84;74;2021-02-25;703;817;19056;9019
84;74;2021-02-26;759;569;19815;9588
84;74;2021-02-27;185;150;20000;9738
84;74;2021-02-28;36;15;20036;9753
84;74;2021-03-01;671;394;20707;10147
84;74;2021-03-02;1007;514;21714;10661
84;74;2021-03-03;1199;521;22913;11182
84;74;2021-03-04;1761;546;24674;11728
84;74;2021-03-05;2590;442;27264;12170
84;74;2021-03-06;3204;111;30468;12281
84;74;2021-03-07;1637;6;32105;12287
84;74;2021-03-08;1565;403;33670;12690
84;74;2021-03-09;2915;444;36585;13134
84;74;2021-03-10;2949;478;39534;13612
84;74;2021-03-11;4983;571;44517;14183
84;74;2021-03-12;6564;526;51081;14709
84;74;2021-03-13;4405;110;55486;14819
84;74;2021-03-14;811;19;56297;14838
84;74;2021-03-15;3016;301;59313;15139
84;74;2021-03-16;2379;471;61692;15610
84;74;2021-03-17;2473;481;64165;16091
84;74;2021-03-18;3083;531;67248;16622
84;74;2021-03-19;5401;381;72649;17003
84;74;2021-03-20;3035;98;75684;17101
84;74;2021-03-21;620;12;76304;17113
84;74;2021-03-22;3554;364;79858;17477
84;74;2021-03-23;6238;435;86096;17912
84;74;2021-03-24;6095;510;92191;18422
84;74;2021-03-25;9083;507;101274;18929
84;74;2021-03-26;9693;501;110967;19430
84;74;2021-03-27;4663;293;115630;19723
84;74;2021-03-28;2014;41;117644;19764
84;74;2021-03-29;6534;754;124178;20518
84;74;2021-03-30;9498;951;133676;21469
84;74;2021-03-31;7764;1039;141440;22508
84;74;2021-04-01;9574;1115;151014;23623
84;74;2021-04-02;8824;1025;159838;24648
84;74;2021-04-03;4104;631;163942;25279
84;74;2021-04-04;2890;187;166832;25466
84;74;2021-04-05;4711;125;171543;25591
84;74;2021-04-06;8168;1483;179711;27074
84;74;2021-04-07;8947;1485;188658;28559
84;74;2021-04-08;11354;1645;200012;30204
84;74;2021-04-09;12222;1712;212234;31916
84;74;2021-04-10;4481;931;216715;32847
84;74;2021-04-11;1651;322;218366;33169
84;74;2021-04-12;7036;1947;225402;35116
84;74;2021-04-13;7993;2451;233395;37567
84;74;2021-04-14;7062;2424;240457;39991
84;74;2021-04-15;7426;2651;247883;42642
84;74;2021-04-16;5600;2802;253483;45444
84;74;2021-04-17;2344;1374;255827;46818
84;74;2021-04-18;727;407;256554;47225
84;74;2021-04-19;3812;2683;260366;49908
84;74;2021-04-20;4365;3355;264731;53263
84;74;2021-04-21;3574;3352;268305;56615
84;79;2020-12-27;0;0;0;0
84;79;2020-12-28;1;0;1;0
84;79;2020-12-29;0;0;1;0
84;79;2020-12-30;0;0;1;0
84;79;2020-12-31;0;0;1;0
84;79;2021-01-01;1;0;2;0
84;79;2021-01-02;0;0;2;0
84;79;2021-01-03;0;0;2;0
84;79;2021-01-04;4;0;6;0
84;79;2021-01-05;10;0;16;0
84;79;2021-01-06;54;0;70;0
84;79;2021-01-07;79;0;149;0
84;79;2021-01-08;98;0;247;0
84;79;2021-01-09;28;0;275;0
84;79;2021-01-10;9;0;284;0
84;79;2021-01-11;118;0;402;0
84;79;2021-01-12;205;0;607;0
84;79;2021-01-13;249;0;856;0
84;79;2021-01-14;574;0;1430;0
84;79;2021-01-15;807;0;2237;0
84;79;2021-01-16;573;7;2810;7
84;79;2021-01-17;123;0;2933;7
84;79;2021-01-18;2279;3;5212;10
84;79;2021-01-19;3121;0;8333;10
84;79;2021-01-20;3375;1;11708;11
84;79;2021-01-21;3366;3;15074;14
84;79;2021-01-22;3288;2;18362;16
84;79;2021-01-23;1668;2;20030;18
84;79;2021-01-24;310;0;20340;18
84;79;2021-01-25;2841;3;23181;21
84;79;2021-01-26;3386;18;26567;39
84;79;2021-01-27;3317;37;29884;76
84;79;2021-01-28;3456;75;33340;151
84;79;2021-01-29;3028;50;36368;201
84;79;2021-01-30;1416;16;37784;217
84;79;2021-01-31;194;0;37978;217
84;79;2021-02-01;2204;86;40182;303
84;79;2021-02-02;2600;158;42782;461
84;79;2021-02-03;2384;174;45166;635
84;79;2021-02-04;2506;322;47672;957
84;79;2021-02-05;2212;323;49884;1280
84;79;2021-02-06;886;195;50770;1475
84;79;2021-02-07;93;26;50863;1501
84;79;2021-02-08;1868;810;52731;2311
84;79;2021-02-09;2129;1152;54860;3463
84;79;2021-02-10;2122;1085;56982;4548
84;79;2021-02-11;2045;1360;59027;5908
84;79;2021-02-12;2029;1237;61056;7145
84;79;2021-02-13;659;643;61715;7788
84;79;2021-02-14;106;103;61821;7891
84;79;2021-02-15;969;2520;62790;10411
84;79;2021-02-16;1181;2977;63971;13388
84;79;2021-02-17;1125;3083;65096;16471
84;79;2021-02-18;1209;3092;66305;19563
84;79;2021-02-19;1111;2485;67416;22048
84;79;2021-02-20;336;1213;67752;23261
84;79;2021-02-21;51;190;67803;23451
84;79;2021-02-22;809;3169;68612;26620
84;79;2021-02-23;1195;3170;69807;29790
84;79;2021-02-24;1264;3031;71071;32821
84;79;2021-02-25;1456;3253;72527;36074
84;79;2021-02-26;1492;2428;74019;38502
84;79;2021-02-27;502;1030;74521;39532
84;79;2021-02-28;74;85;74595;39617
84;79;2021-03-01;2021;2262;76616;41879
84;79;2021-03-02;2481;2596;79097;44475
84;79;2021-03-03;2517;2214;81614;46689
84;79;2021-03-04;2923;2089;84537;48778
84;79;2021-03-05;3030;1864;87567;50642
84;79;2021-03-06;2585;731;90152;51373
84;79;2021-03-07;1304;43;91456;51416
84;79;2021-03-08;2433;2040;93889;53456
84;79;2021-03-09;3231;2034;97120;55490
84;79;2021-03-10;3358;1945;100478;57435
84;79;2021-03-11;4027;1801;104505;59236
84;79;2021-03-12;4132;1591;108637;60827
84;79;2021-03-13;2593;454;111230;61281
84;79;2021-03-14;844;90;112074;61371
84;79;2021-03-15;3857;1143;115931;62514
84;79;2021-03-16;4598;1312;120529;63826
84;79;2021-03-17;4395;1209;124924;65035
84;79;2021-03-18;5098;1129;130022;66164
84;79;2021-03-19;5293;867;135315;67031
84;79;2021-03-20;2372;211;137687;67242
84;79;2021-03-21;640;31;138327;67273
84;79;2021-03-22;4032;1025;142359;68298
84;79;2021-03-23;5049;1205;147408;69503
84;79;2021-03-24;4629;1309;152037;70812
84;79;2021-03-25;5767;1298;157804;72110
84;79;2021-03-26;5385;1218;163189;73328
84;79;2021-03-27;1989;696;165178;74024
84;79;2021-03-28;681;99;165859;74123
84;79;2021-03-29;2569;2190;168428;76313
84;79;2021-03-30;3426;2587;171854;78900
84;79;2021-03-31;2666;2821;174520;81721
84;79;2021-04-01;2982;2761;177502;84482
84;79;2021-04-02;2707;2703;180209;87185
84;79;2021-04-03;1113;1673;181322;88858
84;79;2021-04-04;477;468;181799;89326
84;79;2021-04-05;861;224;182660;89550
84;79;2021-04-06;2340;3767;185000;93317
84;79;2021-04-07;2385;3694;187385;97011
84;79;2021-04-08;2951;3384;190336;100395
84;79;2021-04-09;3425;3292;193761;103687
84;79;2021-04-10;1387;1993;195148;105680
84;79;2021-04-11;405;633;195553;106313
84;79;2021-04-12;2007;4047;197560;110360
84;79;2021-04-13;2194;4655;199754;115015
84;79;2021-04-14;2127;4428;201881;119443
84;79;2021-04-15;2279;4426;204160;123869
84;79;2021-04-16;1826;4252;205986;128121
84;79;2021-04-17;738;1929;206724;130050
84;79;2021-04-18;202;502;206926;130552
84;79;2021-04-19;1161;4003;208087;134555
84;79;2021-04-20;1485;4623;209572;139178
84;79;2021-04-21;1233;4013;210805;143191
84;80;2020-12-27;0;0;0;0
84;80;2020-12-28;5;0;5;0
84;80;2020-12-29;4;0;9;0
84;80;2020-12-30;5;0;14;0
84;80;2020-12-31;5;0;19;0
84;80;2021-01-01;0;0;19;0
84;80;2021-01-02;0;0;19;0
84;80;2021-01-03;0;0;19;0
84;80;2021-01-04;44;0;63;0
84;80;2021-01-05;64;0;127;0
84;80;2021-01-06;189;0;316;0
84;80;2021-01-07;658;0;974;0
84;80;2021-01-08;464;0;1438;0
84;80;2021-01-09;94;0;1532;0
84;80;2021-01-10;0;0;1532;0
84;80;2021-01-11;403;0;1935;0
84;80;2021-01-12;965;0;2900;0
84;80;2021-01-13;899;0;3799;0
84;80;2021-01-14;1720;0;5519;0
84;80;2021-01-15;1345;0;6864;0
84;80;2021-01-16;667;7;7531;7
84;80;2021-01-17;145;1;7676;8
84;80;2021-01-18;2956;9;10632;17
84;80;2021-01-19;6500;9;17132;26
84;80;2021-01-20;6770;10;23902;36
84;80;2021-01-21;6184;12;30086;48
84;80;2021-01-22;5063;6;35149;54
84;80;2021-01-23;2103;0;37252;54
84;80;2021-01-24;351;0;37603;54
84;80;2021-01-25;3679;31;41282;85
84;80;2021-01-26;5338;70;46620;155
84;80;2021-01-27;5728;133;52348;288
84;80;2021-01-28;6678;553;59026;841
84;80;2021-01-29;4776;224;63802;1065
84;80;2021-01-30;1896;93;65698;1158
84;80;2021-01-31;242;0;65940;1158
84;80;2021-02-01;2909;292;68849;1450
84;80;2021-02-02;5527;736;74376;2186
84;80;2021-02-03;6090;651;80466;2837
84;80;2021-02-04;6095;1387;86561;4224
84;80;2021-02-05;3864;951;90425;5175
84;80;2021-02-06;1204;229;91629;5404
84;80;2021-02-07;115;28;91744;5432
84;80;2021-02-08;2505;1158;94249;6590
84;80;2021-02-09;3573;3806;97822;10396
84;80;2021-02-10;3757;3840;101579;14236
84;80;2021-02-11;3803;3795;105382;18031
84;80;2021-02-12;3296;2559;108678;20590
84;80;2021-02-13;950;747;109628;21337
84;80;2021-02-14;119;98;109747;21435
84;80;2021-02-15;1449;2986;111196;24421
84;80;2021-02-16;2077;4407;113273;28828
84;80;2021-02-17;2028;4940;115301;33768
84;80;2021-02-18;2191;5589;117492;39357
84;80;2021-02-19;2053;4026;119545;43383
84;80;2021-02-20;607;1564;120152;44947
84;80;2021-02-21;66;241;120218;45188
84;80;2021-02-22;1232;3845;121450;49033
84;80;2021-02-23;2280;5715;123730;54748
84;80;2021-02-24;2418;6198;126148;60946
84;80;2021-02-25;3309;6768;129457;67714
84;80;2021-02-26;2675;4119;132132;71833
84;80;2021-02-27;797;1335;132929;73168
84;80;2021-02-28;101;137;133030;73305
84;80;2021-03-01;2769;2801;135799;76106
84;80;2021-03-02;4012;3676;139811;79782
84;80;2021-03-03;3767;3712;143578;83494
84;80;2021-03-04;4597;3581;148175;87075
84;80;2021-03-05;4481;3025;152656;90100
84;80;2021-03-06;3300;1029;155956;91129
84;80;2021-03-07;1635;59;157591;91188
84;80;2021-03-08;3502;2822;161093;94010
84;80;2021-03-09;4791;3229;165884;97239
84;80;2021-03-10;5004;2966;170888;100205
84;80;2021-03-11;6193;3003;177081;103208
84;80;2021-03-12;6194;2771;183275;105979
84;80;2021-03-13;3676;723;186951;106702
84;80;2021-03-14;1179;111;188130;106813
84;80;2021-03-15;5755;1730;193885;108543
84;80;2021-03-16;6786;2511;200671;111054
84;80;2021-03-17;6854;2507;207525;113561
84;80;2021-03-18;8206;2636;215731;116197
84;80;2021-03-19;7610;1612;223341;117809
84;80;2021-03-20;3454;346;226795;118155
84;80;2021-03-21;924;51;227719;118206
84;80;2021-03-22;5899;1600;233618;119806
84;80;2021-03-23;7460;2008;241078;121814
84;80;2021-03-24;7025;1912;248103;123726
84;80;2021-03-25;8361;2350;256464;126076
84;80;2021-03-26;7513;1995;263977;128071
84;80;2021-03-27;2862;981;266839;129052
84;80;2021-03-28;935;126;267774;129178
84;80;2021-03-29;3609;3057;271383;132235
84;80;2021-03-30;5282;3855;276665;136090
84;80;2021-03-31;4285;4198;280950;140288
84;80;2021-04-01;5144;4321;286094;144609
84;80;2021-04-02;4036;4082;290130;148691
84;80;2021-04-03;1492;2377;291622;151068
84;80;2021-04-04;638;672;292260;151740
84;80;2021-04-05;1168;334;293428;152074
84;80;2021-04-06;3102;5450;296530;157524
84;80;2021-04-07;3508;5643;300038;163167
84;80;2021-04-08;4658;5266;304696;168433
84;80;2021-04-09;5357;5323;310053;173756
84;80;2021-04-10;1853;2878;311906;176634
84;80;2021-04-11;589;854;312495;177488
84;80;2021-04-12;2712;5963;315207;183451
84;80;2021-04-13;3671;6993;318878;190444
84;80;2021-04-14;3510;6513;322388;196957
84;80;2021-04-15;3838;6903;326226;203860
84;80;2021-04-16;2891;6312;329117;210172
84;80;2021-04-17;1090;2756;330207;212928
84;80;2021-04-18;273;777;330480;213705
84;80;2021-04-19;1700;5831;332180;219536
84;80;2021-04-20;2148;6891;334328;226427
84;80;2021-04-21;1853;6196;336181;232623
93;24;2020-12-27;0;0;0;0
93;24;2020-12-28;0;0;0;0
93;24;2020-12-29;0;0;0;0
93;24;2020-12-30;0;0;0;0
93;24;2020-12-31;0;0;0;0
93;24;2021-01-01;0;0;0;0
93;24;2021-01-02;0;0;0;0
93;24;2021-01-03;0;0;0;0
93;24;2021-01-04;0;0;0;0
93;24;2021-01-05;0;0;0;0
93;24;2021-01-06;1;0;1;0
93;24;2021-01-07;2;0;3;0
93;24;2021-01-08;7;0;10;0
93;24;2021-01-09;1;0;11;0
93;24;2021-01-10;0;0;11;0
93;24;2021-01-11;5;0;16;0
93;24;2021-01-12;27;0;43;0
93;24;2021-01-13;23;0;66;0
93;24;2021-01-14;51;0;117;0
93;24;2021-01-15;43;0;160;0
93;24;2021-01-16;5;0;165;0
93;24;2021-01-17;0;0;165;0
93;24;2021-01-18;52;0;217;0
93;24;2021-01-19;59;0;276;0
93;24;2021-01-20;55;0;331;0
93;24;2021-01-21;84;0;415;0
93;24;2021-01-22;71;0;486;0
93;24;2021-01-23;5;0;491;0
93;24;2021-01-24;1;0;492;0
93;24;2021-01-25;39;0;531;0
93;24;2021-01-26;52;0;583;0
93;24;2021-01-27;64;1;647;1
93;24;2021-01-28;73;2;720;3
93;24;2021-01-29;75;7;795;10
93;24;2021-01-30;12;0;807;10
93;24;2021-01-31;9;0;816;10
93;24;2021-02-01;18;5;834;15
93;24;2021-02-02;18;12;852;27
93;24;2021-02-03;19;11;871;38
93;24;2021-02-04;14;26;885;64
93;24;2021-02-05;19;30;904;94
93;24;2021-02-06;2;2;906;96
93;24;2021-02-07;1;0;907;96
93;24;2021-02-08;20;34;927;130
93;24;2021-02-09;33;43;960;173
93;24;2021-02-10;21;44;981;217
93;24;2021-02-11;41;55;1022;272
93;24;2021-02-12;48;48;1070;320
93;24;2021-02-13;3;4;1073;324
93;24;2021-02-14;0;1;1073;325
93;24;2021-02-15;26;37;1099;362
93;24;2021-02-16;38;52;1137;414
93;24;2021-02-17;44;48;1181;462
93;24;2021-02-18;54;74;1235;536
93;24;2021-02-19;59;68;1294;604
93;24;2021-02-20;7;5;1301;609
93;24;2021-02-21;2;0;1303;609
93;24;2021-02-22;39;41;1342;650
93;24;2021-02-23;50;58;1392;708
93;24;2021-02-24;61;26;1453;734
93;24;2021-02-25;89;32;1542;766
93;24;2021-02-26;91;20;1633;786
93;24;2021-02-27;22;1;1655;787
93;24;2021-02-28;0;1;1655;788
93;24;2021-03-01;44;10;1699;798
93;24;2021-03-02;65;32;1764;830
93;24;2021-03-03;59;23;1823;853
93;24;2021-03-04;90;37;1913;890
93;24;2021-03-05;103;18;2016;908
93;24;2021-03-06;81;4;2097;912
93;24;2021-03-07;40;1;2137;913
93;24;2021-03-08;72;13;2209;926
93;24;2021-03-09;98;15;2307;941
93;24;2021-03-10;88;13;2395;954
93;24;2021-03-11;110;36;2505;990
93;24;2021-03-12;130;30;2635;1020
93;24;2021-03-13;84;1;2719;1021
93;24;2021-03-14;47;0;2766;1021
93;24;2021-03-15;101;14;2867;1035
93;24;2021-03-16;62;15;2929;1050
93;24;2021-03-17;82;19;3011;1069
93;24;2021-03-18;114;30;3125;1099
93;24;2021-03-19;106;6;3231;1105
93;24;2021-03-20;30;2;3261;1107
93;24;2021-03-21;19;1;3280;1108
93;24;2021-03-22;117;6;3397;1114
93;24;2021-03-23;135;9;3532;1123
93;24;2021-03-24;162;10;3694;1133
93;24;2021-03-25;173;18;3867;1151
93;24;2021-03-26;185;27;4052;1178
93;24;2021-03-27;42;4;4094;1182
93;24;2021-03-28;8;0;4102;1182
93;24;2021-03-29;151;10;4253;1192
93;24;2021-03-30;253;20;4506;1212
93;24;2021-03-31;256;17;4762;1229
93;24;2021-04-01;292;18;5054;1247
93;24;2021-04-02;264;24;5318;1271
93;24;2021-04-03;70;12;5388;1283
93;24;2021-04-04;17;0;5405;1283
93;24;2021-04-05;45;4;5450;1287
93;24;2021-04-06;236;30;5686;1317
93;24;2021-04-07;319;31;6005;1348
93;24;2021-04-08;330;62;6335;1410
93;24;2021-04-09;346;56;6681;1466
93;24;2021-04-10;162;17;6843;1483
93;24;2021-04-11;19;12;6862;1495
93;24;2021-04-12;236;46;7098;1541
93;24;2021-04-13;261;57;7359;1598
93;24;2021-04-14;345;51;7704;1649
93;24;2021-04-15;357;128;8061;1777
93;24;2021-04-16;320;81;8381;1858
93;24;2021-04-17;133;28;8514;1886
93;24;2021-04-18;57;6;8571;1892
93;24;2021-04-19;225;133;8796;2025
93;24;2021-04-20;228;149;9024;2174
93;24;2021-04-21;239;141;9263;2315
93;29;2020-12-27;0;0;0;0
93;29;2020-12-28;0;0;0;0
93;29;2020-12-29;0;0;0;0
93;29;2020-12-30;0;0;0;0
93;29;2020-12-31;0;0;0;0
93;29;2021-01-01;0;0;0;0
93;29;2021-01-02;0;0;0;0
93;29;2021-01-03;0;0;0;0
93;29;2021-01-04;0;0;0;0
93;29;2021-01-05;4;0;4;0
93;29;2021-01-06;5;0;9;0
93;29;2021-01-07;13;0;22;0
93;29;2021-01-08;21;0;43;0
93;29;2021-01-09;1;0;44;0
93;29;2021-01-10;0;0;44;0
93;29;2021-01-11;23;0;67;0
93;29;2021-01-12;64;0;131;0
93;29;2021-01-13;90;0;221;0
93;29;2021-01-14;107;0;328;0
93;29;2021-01-15;99;0;427;0
93;29;2021-01-16;2;1;429;1
93;29;2021-01-17;2;0;431;1
93;29;2021-01-18;93;0;524;1
93;29;2021-01-19;147;0;671;1
93;29;2021-01-20;132;0;803;1
93;29;2021-01-21;168;0;971;1
93;29;2021-01-22;119;0;1090;1
93;29;2021-01-23;16;0;1106;1
93;29;2021-01-24;2;0;1108;1
93;29;2021-01-25;103;1;1211;2
93;29;2021-01-26;110;2;1321;4
93;29;2021-01-27;118;4;1439;8
93;29;2021-01-28;126;17;1565;25
93;29;2021-01-29;96;16;1661;41
93;29;2021-01-30;28;1;1689;42
93;29;2021-01-31;8;0;1697;42
93;29;2021-02-01;40;20;1737;62
93;29;2021-02-02;39;22;1776;84
93;29;2021-02-03;39;33;1815;117
93;29;2021-02-04;31;71;1846;188
93;29;2021-02-05;56;89;1902;277
93;29;2021-02-06;4;8;1906;285
93;29;2021-02-07;1;0;1907;285
93;29;2021-02-08;29;93;1936;378
93;29;2021-02-09;63;112;1999;490
93;29;2021-02-10;51;116;2050;606
93;29;2021-02-11;73;121;2123;727
93;29;2021-02-12;90;87;2213;814
93;29;2021-02-13;2;3;2215;817
93;29;2021-02-14;0;0;2215;817
93;29;2021-02-15;44;91;2259;908
93;29;2021-02-16;69;105;2328;1013
93;29;2021-02-17;77;125;2405;1138
93;29;2021-02-18;99;135;2504;1273
93;29;2021-02-19;109;93;2613;1366
93;29;2021-02-20;8;2;2621;1368
93;29;2021-02-21;2;2;2623;1370
93;29;2021-02-22;58;81;2681;1451
93;29;2021-02-23;67;63;2748;1514
93;29;2021-02-24;82;50;2830;1564
93;29;2021-02-25;105;49;2935;1613
93;29;2021-02-26;98;53;3033;1666
93;29;2021-02-27;15;6;3048;1672
93;29;2021-02-28;4;1;3052;1673
93;29;2021-03-01;50;37;3102;1710
93;29;2021-03-02;89;57;3191;1767
93;29;2021-03-03;92;50;3283;1817
93;29;2021-03-04;131;67;3414;1884
93;29;2021-03-05;128;40;3542;1924
93;29;2021-03-06;76;3;3618;1927
93;29;2021-03-07;42;0;3660;1927
93;29;2021-03-08;107;23;3767;1950
93;29;2021-03-09;125;27;3892;1977
93;29;2021-03-10;132;37;4024;2014
93;29;2021-03-11;203;59;4227;2073
93;29;2021-03-12;231;49;4458;2122
93;29;2021-03-13;84;3;4542;2125
93;29;2021-03-14;34;0;4576;2125
93;29;2021-03-15;131;15;4707;2140
93;29;2021-03-16;60;29;4767;2169
93;29;2021-03-17;94;25;4861;2194
93;29;2021-03-18;138;39;4999;2233
93;29;2021-03-19;130;31;5129;2264
93;29;2021-03-20;41;0;5170;2264
93;29;2021-03-21;14;0;5184;2264
93;29;2021-03-22;118;14;5302;2278
93;29;2021-03-23;130;26;5432;2304
93;29;2021-03-24;174;20;5606;2324
93;29;2021-03-25;247;35;5853;2359
93;29;2021-03-26;209;45;6062;2404
93;29;2021-03-27;59;4;6121;2408
93;29;2021-03-28;10;3;6131;2411
93;29;2021-03-29;191;16;6322;2427
93;29;2021-03-30;311;33;6633;2460
93;29;2021-03-31;285;23;6918;2483
93;29;2021-04-01;385;54;7303;2537
93;29;2021-04-02;325;47;7628;2584
93;29;2021-04-03;85;6;7713;2590
93;29;2021-04-04;24;0;7737;2590
93;29;2021-04-05;46;3;7783;2593
93;29;2021-04-06;257;37;8040;2630
93;29;2021-04-07;319;52;8359;2682
93;29;2021-04-08;364;84;8723;2766
93;29;2021-04-09;443;85;9166;2851
93;29;2021-04-10;188;12;9354;2863
93;29;2021-04-11;25;7;9379;2870
93;29;2021-04-12;241;44;9620;2914
93;29;2021-04-13;372;81;9992;2995
93;29;2021-04-14;303;100;10295;3095
93;29;2021-04-15;357;118;10652;3213
93;29;2021-04-16;311;105;10963;3318
93;29;2021-04-17;137;18;11100;3336
93;29;2021-04-18;75;9;11175;3345
93;29;2021-04-19;195;115;11370;3460
93;29;2021-04-20;227;162;11597;3622
93;29;2021-04-21;251;157;11848;3779
93;39;2020-12-27;0;0;0;0
93;39;2020-12-28;0;0;0;0
93;39;2020-12-29;0;0;0;0
93;39;2020-12-30;0;0;0;0
93;39;2020-12-31;1;0;1;0
93;39;2021-01-01;0;0;1;0
93;39;2021-01-02;0;0;1;0
93;39;2021-01-03;0;0;1;0
93;39;2021-01-04;4;0;5;0
93;39;2021-01-05;3;0;8;0
93;39;2021-01-06;16;0;24;0
93;39;2021-01-07;31;0;55;0
93;39;2021-01-08;81;0;136;0
93;39;2021-01-09;16;0;152;0
93;39;2021-01-10;2;0;154;0
93;39;2021-01-11;91;0;245;0
93;39;2021-01-12;264;0;509;0
93;39;2021-01-13;241;0;750;0
93;39;2021-01-14;338;0;1088;0
93;39;2021-01-15;321;0;1409;0
93;39;2021-01-16;39;1;1448;1
93;39;2021-01-17;4;0;1452;1
93;39;2021-01-18;249;0;1701;1
93;39;2021-01-19;424;0;2125;1
93;39;2021-01-20;413;0;2538;1
93;39;2021-01-21;600;2;3138;3
93;39;2021-01-22;379;0;3517;3
93;39;2021-01-23;45;0;3562;3
93;39;2021-01-24;6;0;3568;3
93;39;2021-01-25;221;2;3789;5
93;39;2021-01-26;296;3;4085;8
93;39;2021-01-27;277;12;4362;20
93;39;2021-01-28;413;20;4775;40
93;39;2021-01-29;313;72;5088;112
93;39;2021-01-30;59;10;5147;122
93;39;2021-01-31;5;0;5152;122
93;39;2021-02-01;97;89;5249;211
93;39;2021-02-02;127;122;5376;333
93;39;2021-02-03;99;102;5475;435
93;39;2021-02-04;107;250;5582;685
93;39;2021-02-05;151;309;5733;994
93;39;2021-02-06;18;27;5751;1021
93;39;2021-02-07;3;0;5754;1021
93;39;2021-02-08;93;251;5847;1272
93;39;2021-02-09;164;385;6011;1657
93;39;2021-02-10;136;332;6147;1989
93;39;2021-02-11;238;452;6385;2441
93;39;2021-02-12;209;353;6594;2794
93;39;2021-02-13;18;29;6612;2823
93;39;2021-02-14;2;1;6614;2824
93;39;2021-02-15;131;226;6745;3050
93;39;2021-02-16;189;267;6934;3317
93;39;2021-02-17;145;320;7079;3637
93;39;2021-02-18;257;480;7336;4117
93;39;2021-02-19;319;290;7655;4407
93;39;2021-02-20;24;30;7679;4437
93;39;2021-02-21;6;5;7685;4442
93;39;2021-02-22;122;187;7807;4629
93;39;2021-02-23;166;143;7973;4772
93;39;2021-02-24;147;106;8120;4878
93;39;2021-02-25;273;125;8393;5003
93;39;2021-02-26;189;130;8582;5133
93;39;2021-02-27;48;10;8630;5143
93;39;2021-02-28;9;3;8639;5146
93;39;2021-03-01;128;81;8767;5227
93;39;2021-03-02;174;139;8941;5366
93;39;2021-03-03;207;128;9148;5494
93;39;2021-03-04;328;208;9476;5702
93;39;2021-03-05;327;143;9803;5845
93;39;2021-03-06;288;13;10091;5858
93;39;2021-03-07;204;2;10295;5860
93;39;2021-03-08;282;54;10577;5914
93;39;2021-03-09;382;159;10959;6073
93;39;2021-03-10;363;113;11322;6186
93;39;2021-03-11;576;216;11898;6402
93;39;2021-03-12;593;154;12491;6556
93;39;2021-03-13;345;14;12836;6570
93;39;2021-03-14;142;0;12978;6570
93;39;2021-03-15;345;52;13323;6622
93;39;2021-03-16;245;81;13568;6703
93;39;2021-03-17;269;83;13837;6786
93;39;2021-03-18;421;110;14258;6896
93;39;2021-03-19;446;81;14704;6977
93;39;2021-03-20;149;5;14853;6982
93;39;2021-03-21;50;2;14903;6984
93;39;2021-03-22;359;49;15262;7033
93;39;2021-03-23;445;47;15707;7080
93;39;2021-03-24;466;54;16173;7134
93;39;2021-03-25;685;89;16858;7223
93;39;2021-03-26;720;87;17578;7310
93;39;2021-03-27;202;11;17780;7321
93;39;2021-03-28;48;4;17828;7325
93;39;2021-03-29;543;55;18371;7380
93;39;2021-03-30;905;82;19276;7462
93;39;2021-03-31;986;76;20262;7538
93;39;2021-04-01;1051;150;21313;7688
93;39;2021-04-02;945;165;22258;7853
93;39;2021-04-03;365;27;22623;7880
93;39;2021-04-04;58;4;22681;7884
93;39;2021-04-05;177;6;22858;7890
93;39;2021-04-06;754;186;23612;8076
93;39;2021-04-07;910;183;24522;8259
93;39;2021-04-08;1154;238;25676;8497
93;39;2021-04-09;1572;270;27248;8767
93;39;2021-04-10;571;69;27819;8836
93;39;2021-04-11;100;28;27919;8864
93;39;2021-04-12;774;188;28693;9052
93;39;2021-04-13;1106;229;29799;9281
93;39;2021-04-14;995;289;30794;9570
93;39;2021-04-15;1049;432;31843;10002
93;39;2021-04-16;1073;407;32916;10409
93;39;2021-04-17;436;66;33352;10475
93;39;2021-04-18;230;36;33582;10511
93;39;2021-04-19;711;400;34293;10911
93;39;2021-04-20;713;457;35006;11368
93;39;2021-04-21;865;491;35871;11859
93;49;2020-12-27;0;0;0;0
93;49;2020-12-28;0;0;0;0
93;49;2020-12-29;0;0;0;0
93;49;2020-12-30;0;0;0;0
93;49;2020-12-31;0;0;0;0
93;49;2021-01-01;0;0;0;0
93;49;2021-01-02;0;0;0;0
93;49;2021-01-03;1;0;1;0
93;49;2021-01-04;6;0;7;0
93;49;2021-01-05;19;0;26;0
93;49;2021-01-06;28;0;54;0
93;49;2021-01-07;66;0;120;0
93;49;2021-01-08;154;0;274;0
93;49;2021-01-09;40;0;314;0
93;49;2021-01-10;13;0;327;0
93;49;2021-01-11;231;0;558;0
93;49;2021-01-12;478;0;1036;0
93;49;2021-01-13;473;0;1509;0
93;49;2021-01-14;604;0;2113;0
93;49;2021-01-15;518;0;2631;0
93;49;2021-01-16;69;1;2700;1
93;49;2021-01-17;7;0;2707;1
93;49;2021-01-18;440;0;3147;1
93;49;2021-01-19;726;0;3873;1
93;49;2021-01-20;693;0;4566;1
93;49;2021-01-21;863;1;5429;2
93;49;2021-01-22;593;1;6022;3
93;49;2021-01-23;74;0;6096;3
93;49;2021-01-24;18;0;6114;3
93;49;2021-01-25;331;2;6445;5
93;49;2021-01-26;471;15;6916;20
93;49;2021-01-27;415;30;7331;50
93;49;2021-01-28;673;70;8004;120
93;49;2021-01-29;503;133;8507;253
93;49;2021-01-30;65;16;8572;269
93;49;2021-01-31;20;0;8592;269
93;49;2021-02-01;178;189;8770;458
93;49;2021-02-02;207;272;8977;730
93;49;2021-02-03;154;264;9131;994
93;49;2021-02-04;189;420;9320;1414
93;49;2021-02-05;293;566;9613;1980
93;49;2021-02-06;18;60;9631;2040
93;49;2021-02-07;5;0;9636;2040
93;49;2021-02-08;99;386;9735;2426
93;49;2021-02-09;217;599;9952;3025
93;49;2021-02-10;255;617;10207;3642
93;49;2021-02-11;370;681;10577;4323
93;49;2021-02-12;299;562;10876;4885
93;49;2021-02-13;26;44;10902;4929
93;49;2021-02-14;4;9;10906;4938
93;49;2021-02-15;171;387;11077;5325
93;49;2021-02-16;245;464;11322;5789
93;49;2021-02-17;272;495;11594;6284
93;49;2021-02-18;407;702;12001;6986
93;49;2021-02-19;472;517;12473;7503
93;49;2021-02-20;39;45;12512;7548
93;49;2021-02-21;5;12;12517;7560
93;49;2021-02-22;205;248;12722;7808
93;49;2021-02-23;235;228;12957;8036
93;49;2021-02-24;235;208;13192;8244
93;49;2021-02-25;362;239;13554;8483
93;49;2021-02-26;309;225;13863;8708
93;49;2021-02-27;115;31;13978;8739
93;49;2021-02-28;10;9;13988;8748
93;49;2021-03-01;217;120;14205;8868
93;49;2021-03-02;305;228;14510;9096
93;49;2021-03-03;295;232;14805;9328
93;49;2021-03-04;542;313;15347;9641
93;49;2021-03-05;512;230;15859;9871
93;49;2021-03-06;631;23;16490;9894
93;49;2021-03-07;441;3;16931;9897
93;49;2021-03-08;530;99;17461;9996
93;49;2021-03-09;661;207;18122;10203
93;49;2021-03-10;609;167;18731;10370
93;49;2021-03-11;964;315;19695;10685
93;49;2021-03-12;1083;272;20778;10957
93;49;2021-03-13;762;19;21540;10976
93;49;2021-03-14;289;0;21829;10976
93;49;2021-03-15;588;89;22417;11065
93;49;2021-03-16;395;146;22812;11211
93;49;2021-03-17;457;136;23269;11347
93;49;2021-03-18;624;181;23893;11528
93;49;2021-03-19;875;121;24768;11649
93;49;2021-03-20;380;12;25148;11661
93;49;2021-03-21;137;2;25285;11663
93;49;2021-03-22;636;76;25921;11739
93;49;2021-03-23;826;104;26747;11843
93;49;2021-03-24;879;79;27626;11922
93;49;2021-03-25;1134;140;28760;12062
93;49;2021-03-26;1271;142;30031;12204
93;49;2021-03-27;506;19;30537;12223
93;49;2021-03-28;107;0;30644;12223
93;49;2021-03-29;863;101;31507;12324
93;49;2021-03-30;1528;137;33035;12461
93;49;2021-03-31;1692;146;34727;12607
93;49;2021-04-01;1816;228;36543;12835
93;49;2021-04-02;1622;223;38165;13058
93;49;2021-04-03;732;84;38897;13142
93;49;2021-04-04;113;12;39010;13154
93;49;2021-04-05;390;13;39400;13167
93;49;2021-04-06;1411;317;40811;13484
93;49;2021-04-07;1798;321;42609;13805
93;49;2021-04-08;2007;392;44616;14197
93;49;2021-04-09;2807;426;47423;14623
93;49;2021-04-10;1168;152;48591;14775
93;49;2021-04-11;189;91;48780;14866
93;49;2021-04-12;1484;303;50264;15169
93;49;2021-04-13;2080;409;52344;15578
93;49;2021-04-14;1989;520;54333;16098
93;49;2021-04-15;2009;669;56342;16767
93;49;2021-04-16;1936;625;58278;17392
93;49;2021-04-17;895;193;59173;17585
93;49;2021-04-18;475;98;59648;17683
93;49;2021-04-19;1279;617;60927;18300
93;49;2021-04-20;1396;832;62323;19132
93;49;2021-04-21;1677;898;64000;20030
93;59;2020-12-27;0;0;0;0
93;59;2020-12-28;0;0;0;0
93;59;2020-12-29;1;0;1;0
93;59;2020-12-30;0;0;1;0
93;59;2020-12-31;3;0;4;0
93;59;2021-01-01;6;0;10;0
93;59;2021-01-02;0;0;10;0
93;59;2021-01-03;1;0;11;0
93;59;2021-01-04;44;0;55;0
93;59;2021-01-05;109;0;164;0
93;59;2021-01-06;148;0;312;0
93;59;2021-01-07;462;0;774;0
93;59;2021-01-08;618;0;1392;0
93;59;2021-01-09;161;0;1553;0
93;59;2021-01-10;42;0;1595;0
93;59;2021-01-11;771;0;2366;0
93;59;2021-01-12;1396;0;3762;0
93;59;2021-01-13;1446;0;5208;0
93;59;2021-01-14;1672;0;6880;0
93;59;2021-01-15;1468;0;8348;0
93;59;2021-01-16;339;8;8687;8
93;59;2021-01-17;13;0;8700;8
93;59;2021-01-18;1099;1;9799;9
93;59;2021-01-19;1720;3;11519;12
93;59;2021-01-20;1644;1;13163;13
93;59;2021-01-21;1580;3;14743;16
93;59;2021-01-22;1201;1;15944;17
93;59;2021-01-23;263;0;16207;17
93;59;2021-01-24;37;0;16244;17
93;59;2021-01-25;701;27;16945;44
93;59;2021-01-26;905;82;17850;126
93;59;2021-01-27;891;144;18741;270
93;59;2021-01-28;1197;407;19938;677
93;59;2021-01-29;919;445;20857;1122
93;59;2021-01-30;134;34;20991;1156
93;59;2021-01-31;29;0;21020;1156
93;59;2021-02-01;349;590;21369;1746
93;59;2021-02-02;367;815;21736;2561
93;59;2021-02-03;334;819;22070;3380
93;59;2021-02-04;392;1322;22462;4702
93;59;2021-02-05;437;1608;22899;6310
93;59;2021-02-06;70;315;22969;6625
93;59;2021-02-07;23;7;22992;6632
93;59;2021-02-08;264;1049;23256;7681
93;59;2021-02-09;358;1474;23614;9155
93;59;2021-02-10;448;1344;24062;10499
93;59;2021-02-11;576;1343;24638;11842
93;59;2021-02-12;430;1274;25068;13116
93;59;2021-02-13;48;189;25116;13305
93;59;2021-02-14;11;18;25127;13323
93;59;2021-02-15;198;813;25325;14136
93;59;2021-02-16;335;908;25660;15044
93;59;2021-02-17;347;963;26007;16007
93;59;2021-02-18;531;1225;26538;17232
93;59;2021-02-19;478;964;27016;18196
93;59;2021-02-20;49;134;27065;18330
93;59;2021-02-21;8;15;27073;18345
93;59;2021-02-22;257;566;27330;18911
93;59;2021-02-23;274;468;27604;19379
93;59;2021-02-24;327;507;27931;19886
93;59;2021-02-25;1238;476;29169;20362
93;59;2021-02-26;1605;421;30774;20783
93;59;2021-02-27;862;102;31636;20885
93;59;2021-02-28;69;13;31705;20898
93;59;2021-03-01;635;280;32340;21178
93;59;2021-03-02;1163;393;33503;21571
93;59;2021-03-03;1383;440;34886;22011
93;59;2021-03-04;1995;548;36881;22559
93;59;2021-03-05;2073;342;38954;22901
93;59;2021-03-06;3654;67;42608;22968
93;59;2021-03-07;2692;7;45300;22975
93;59;2021-03-08;1050;224;46350;23199
93;59;2021-03-09;1756;337;48106;23536
93;59;2021-03-10;1752;322;49858;23858
93;59;2021-03-11;2660;461;52518;24319
93;59;2021-03-12;3015;359;55533;24678
93;59;2021-03-13;2642;52;58175;24730
93;59;2021-03-14;598;4;58773;24734
93;59;2021-03-15;1465;162;60238;24896
93;59;2021-03-16;840;236;61078;25132
93;59;2021-03-17;849;241;61927;25373
93;59;2021-03-18;1122;283;63049;25656
93;59;2021-03-19;1945;228;64994;25884
93;59;2021-03-20;1429;22;66423;25906
93;59;2021-03-21;388;3;66811;25909
93;59;2021-03-22;1764;152;68575;26061
93;59;2021-03-23;2318;187;70893;26248
93;59;2021-03-24;2466;197;73359;26445
93;59;2021-03-25;3288;267;76647;26712
93;59;2021-03-26;3578;251;80225;26963
93;59;2021-03-27;1835;51;82060;27014
93;59;2021-03-28;290;1;82350;27015
93;59;2021-03-29;2123;167;84473;27182
93;59;2021-03-30;3645;258;88118;27440
93;59;2021-03-31;3621;290;91739;27730
93;59;2021-04-01;3957;413;95696;28143
93;59;2021-04-02;3860;429;99556;28572
93;59;2021-04-03;1617;230;101173;28802
93;59;2021-04-04;344;21;101517;28823
93;59;2021-04-05;964;21;102481;28844
93;59;2021-04-06;3080;568;105561;29412
93;59;2021-04-07;4075;543;109636;29955
93;59;2021-04-08;4350;694;113986;30649
93;59;2021-04-09;5628;804;119614;31453
93;59;2021-04-10;2856;424;122470;31877
93;59;2021-04-11;561;198;123031;32075
93;59;2021-04-12;3735;621;126766;32696
93;59;2021-04-13;4717;779;131483;33475
93;59;2021-04-14;4610;952;136093;34427
93;59;2021-04-15;5142;1021;141235;35448
93;59;2021-04-16;5344;1113;146579;36561
93;59;2021-04-17;2846;406;149425;36967
93;59;2021-04-18;1253;253;150678;37220
93;59;2021-04-19;3383;1151;154061;38371
93;59;2021-04-20;3703;1373;157764;39744
93;59;2021-04-21;4121;1511;161885;41255
93;64;2020-12-27;0;0;0;0
93;64;2020-12-28;0;0;0;0
93;64;2020-12-29;0;0;0;0
93;64;2020-12-30;0;0;0;0
93;64;2020-12-31;0;0;0;0
93;64;2021-01-01;2;0;2;0
93;64;2021-01-02;0;0;2;0
93;64;2021-01-03;0;0;2;0
93;64;2021-01-04;28;0;30;0
93;64;2021-01-05;60;0;90;0
93;64;2021-01-06;66;0;156;0
93;64;2021-01-07;194;0;350;0
93;64;2021-01-08;218;0;568;0
93;64;2021-01-09;82;0;650;0
93;64;2021-01-10;7;0;657;0
93;64;2021-01-11;376;0;1033;0
93;64;2021-01-12;595;0;1628;0
93;64;2021-01-13;608;0;2236;0
93;64;2021-01-14;690;0;2926;0
93;64;2021-01-15;550;0;3476;0
93;64;2021-01-16;190;7;3666;7
93;64;2021-01-17;12;0;3678;7
93;64;2021-01-18;498;2;4176;9
93;64;2021-01-19;797;0;4973;9
93;64;2021-01-20;745;2;5718;11
93;64;2021-01-21;692;0;6410;11
93;64;2021-01-22;550;0;6960;11
93;64;2021-01-23;137;0;7097;11
93;64;2021-01-24;17;0;7114;11
93;64;2021-01-25;363;12;7477;23
93;64;2021-01-26;447;42;7924;65
93;64;2021-01-27;432;77;8356;142
93;64;2021-01-28;576;156;8932;298
93;64;2021-01-29;435;180;9367;478
93;64;2021-01-30;58;29;9425;507
93;64;2021-01-31;18;0;9443;507
93;64;2021-02-01;159;250;9602;757
93;64;2021-02-02;211;333;9813;1090
93;64;2021-02-03;194;303;10007;1393
93;64;2021-02-04;202;548;10209;1941
93;64;2021-02-05;241;645;10450;2586
93;64;2021-02-06;41;178;10491;2764
93;64;2021-02-07;8;0;10499;2764
93;64;2021-02-08;146;481;10645;3245
93;64;2021-02-09;284;681;10929;3926
93;64;2021-02-10;224;617;11153;4543
93;64;2021-02-11;361;597;11514;5140
93;64;2021-02-12;228;481;11742;5621
93;64;2021-02-13;33;97;11775;5718
93;64;2021-02-14;2;11;11777;5729
93;64;2021-02-15;110;356;11887;6085
93;64;2021-02-16;155;487;12042;6572
93;64;2021-02-17;161;489;12203;7061
93;64;2021-02-18;304;580;12507;7641
93;64;2021-02-19;292;444;12799;8085
93;64;2021-02-20;25;73;12824;8158
93;64;2021-02-21;10;10;12834;8168
93;64;2021-02-22;126;253;12960;8421
93;64;2021-02-23;197;238;13157;8659
93;64;2021-02-24;209;271;13366;8930
93;64;2021-02-25;907;229;14273;9159
93;64;2021-02-26;1262;214;15535;9373
93;64;2021-02-27;708;48;16243;9421
93;64;2021-02-28;72;8;16315;9429
93;64;2021-03-01;485;151;16800;9580
93;64;2021-03-02;885;247;17685;9827
93;64;2021-03-03;1087;275;18772;10102
93;64;2021-03-04;1473;347;20245;10449
93;64;2021-03-05;1593;230;21838;10679
93;64;2021-03-06;2546;35;24384;10714
93;64;2021-03-07;1745;4;26129;10718
93;64;2021-03-08;813;147;26942;10865
93;64;2021-03-09;1291;194;28233;11059
93;64;2021-03-10;1441;161;29674;11220
93;64;2021-03-11;2103;265;31777;11485
93;64;2021-03-12;2280;220;34057;11705
93;64;2021-03-13;2055;33;36112;11738
93;64;2021-03-14;449;1;36561;11739
93;64;2021-03-15;1225;90;37786;11829
93;64;2021-03-16;613;160;38399;11989
93;64;2021-03-17;660;141;39059;12130
93;64;2021-03-18;815;203;39874;12333
93;64;2021-03-19;1522;131;41396;12464
93;64;2021-03-20;1164;21;42560;12485
93;64;2021-03-21;308;2;42868;12487
93;64;2021-03-22;1574;98;44442;12585
93;64;2021-03-23;2255;117;46697;12702
93;64;2021-03-24;2333;158;49030;12860
93;64;2021-03-25;3063;178;52093;13038
93;64;2021-03-26;3346;157;55439;13195
93;64;2021-03-27;1484;26;56923;13221
93;64;2021-03-28;256;6;57179;13227
93;64;2021-03-29;1866;138;59045;13365
93;64;2021-03-30;2914;224;61959;13589
93;64;2021-03-31;2918;212;64877;13801
93;64;2021-04-01;3769;290;68646;14091
93;64;2021-04-02;3352;307;71998;14398
93;64;2021-04-03;1246;163;73244;14561
93;64;2021-04-04;216;17;73460;14578
93;64;2021-04-05;611;29;74071;14607
93;64;2021-04-06;2926;411;76997;15018
93;64;2021-04-07;3196;436;80193;15454
93;64;2021-04-08;3263;539;83456;15993
93;64;2021-04-09;4587;577;88043;16570
93;64;2021-04-10;1945;336;89988;16906
93;64;2021-04-11;393;140;90381;17046
93;64;2021-04-12;2553;517;92934;17563
93;64;2021-04-13;3507;658;96441;18221
93;64;2021-04-14;3473;704;99914;18925
93;64;2021-04-15;3902;674;103816;19599
93;64;2021-04-16;4535;783;108351;20382
93;64;2021-04-17;2402;341;110753;20723
93;64;2021-04-18;1040;183;111793;20906
93;64;2021-04-19;3155;953;114948;21859
93;64;2021-04-20;3437;1121;118385;22980
93;64;2021-04-21;3471;1087;121856;24067
93;69;2020-12-27;0;0;0;0
93;69;2020-12-28;0;0;0;0
93;69;2020-12-29;0;0;0;0
93;69;2020-12-30;0;0;0;0
93;69;2020-12-31;2;0;2;0
93;69;2021-01-01;0;0;2;0
93;69;2021-01-02;0;0;2;0
93;69;2021-01-03;0;0;2;0
93;69;2021-01-04;9;0;11;0
93;69;2021-01-05;20;0;31;0
93;69;2021-01-06;30;0;61;0
93;69;2021-01-07;89;0;150;0
93;69;2021-01-08;95;0;245;0
93;69;2021-01-09;68;0;313;0
93;69;2021-01-10;1;0;314;0
93;69;2021-01-11;229;0;543;0
93;69;2021-01-12;352;0;895;0
93;69;2021-01-13;338;0;1233;0
93;69;2021-01-14;346;0;1579;0
93;69;2021-01-15;291;0;1870;0
93;69;2021-01-16;110;5;1980;5
93;69;2021-01-17;12;1;1992;6
93;69;2021-01-18;341;2;2333;8
93;69;2021-01-19;578;2;2911;10
93;69;2021-01-20;573;2;3484;12
93;69;2021-01-21;587;3;4071;15
93;69;2021-01-22;470;1;4541;16
93;69;2021-01-23;138;0;4679;16
93;69;2021-01-24;19;0;4698;16
93;69;2021-01-25;301;5;4999;21
93;69;2021-01-26;373;8;5372;29
93;69;2021-01-27;375;33;5747;62
93;69;2021-01-28;542;69;6289;131
93;69;2021-01-29;449;53;6738;184
93;69;2021-01-30;79;14;6817;198
93;69;2021-01-31;16;0;6833;198
93;69;2021-02-01;203;148;7036;346
93;69;2021-02-02;239;175;7275;521
93;69;2021-02-03;172;149;7447;670
93;69;2021-02-04;215;281;7662;951
93;69;2021-02-05;271;359;7933;1310
93;69;2021-02-06;52;141;7985;1451
93;69;2021-02-07;20;1;8005;1452
93;69;2021-02-08;164;289;8169;1741
93;69;2021-02-09;264;448;8433;2189
93;69;2021-02-10;317;422;8750;2611
93;69;2021-02-11;424;454;9174;3065
93;69;2021-02-12;296;364;9470;3429
93;69;2021-02-13;75;82;9545;3511
93;69;2021-02-14;6;8;9551;3519
93;69;2021-02-15;136;257;9687;3776
93;69;2021-02-16;175;383;9862;4159
93;69;2021-02-17;204;431;10066;4590
93;69;2021-02-18;333;559;10399;5149
93;69;2021-02-19;347;427;10746;5576
93;69;2021-02-20;37;78;10783;5654
93;69;2021-02-21;6;10;10789;5664
93;69;2021-02-22;153;251;10942;5915
93;69;2021-02-23;210;248;11152;6163
93;69;2021-02-24;214;232;11366;6395
93;69;2021-02-25;360;241;11726;6636
93;69;2021-02-26;398;224;12124;6860
93;69;2021-02-27;141;65;12265;6925
93;69;2021-02-28;17;5;12282;6930
93;69;2021-03-01;276;174;12558;7104
93;69;2021-03-02;377;269;12935;7373
93;69;2021-03-03;534;334;13469;7707
93;69;2021-03-04;949;414;14418;8121
93;69;2021-03-05;1131;273;15549;8394
93;69;2021-03-06;2973;48;18522;8442
93;69;2021-03-07;2394;11;20916;8453
93;69;2021-03-08;1066;214;21982;8667
93;69;2021-03-09;1584;242;23566;8909
93;69;2021-03-10;1667;210;25233;9119
93;69;2021-03-11;2496;343;27729;9462
93;69;2021-03-12;2860;264;30589;9726
93;69;2021-03-13;3855;81;34444;9807
93;69;2021-03-14;726;2;35170;9809
93;69;2021-03-15;1828;120;36998;9929
93;69;2021-03-16;1574;182;38572;10111
93;69;2021-03-17;2106;200;40678;10311
93;69;2021-03-18;1712;227;42390;10538
93;69;2021-03-19;2791;192;45181;10730
93;69;2021-03-20;1837;32;47018;10762
93;69;2021-03-21;386;0;47404;10762
93;69;2021-03-22;2475;183;49879;10945
93;69;2021-03-23;3718;199;53597;11144
93;69;2021-03-24;3451;227;57048;11371
93;69;2021-03-25;4869;278;61917;11649
93;69;2021-03-26;4901;231;66818;11880
93;69;2021-03-27;1909;65;68727;11945
93;69;2021-03-28;375;5;69102;11950
93;69;2021-03-29;2708;244;71810;12194
93;69;2021-03-30;4212;294;76022;12488
93;69;2021-03-31;4526;332;80548;12820
93;69;2021-04-01;4536;460;85084;13280
93;69;2021-04-02;4081;533;89165;13813
93;69;2021-04-03;1572;293;90737;14106
93;69;2021-04-04;268;37;91005;14143
93;69;2021-04-05;842;53;91847;14196
93;69;2021-04-06;3065;747;94912;14943
93;69;2021-04-07;3555;702;98467;15645
93;69;2021-04-08;3970;1063;102437;16708
93;69;2021-04-09;4624;1572;107061;18280
93;69;2021-04-10;2112;605;109173;18885
93;69;2021-04-11;500;278;109673;19163
93;69;2021-04-12;3246;919;112919;20082
93;69;2021-04-13;3935;1584;116854;21666
93;69;2021-04-14;3920;1261;120774;22927
93;69;2021-04-15;4370;1280;125144;24207
93;69;2021-04-16;4745;1611;129889;25818
93;69;2021-04-17;2310;630;132199;26448
93;69;2021-04-18;973;281;133172;26729
93;69;2021-04-19;3155;1497;136327;28226
93;69;2021-04-20;3534;1743;139861;29969
93;69;2021-04-21;3403;1692;143264;31661
93;74;2020-12-27;0;0;0;0
93;74;2020-12-28;0;0;0;0
93;74;2020-12-29;0;0;0;0
93;74;2020-12-30;0;0;0;0
93;74;2020-12-31;1;0;1;0
93;74;2021-01-01;0;0;1;0
93;74;2021-01-02;0;0;1;0
93;74;2021-01-03;0;0;1;0
93;74;2021-01-04;2;0;3;0
93;74;2021-01-05;9;0;12;0
93;74;2021-01-06;14;0;26;0
93;74;2021-01-07;63;0;89;0
93;74;2021-01-08;66;0;155;0
93;74;2021-01-09;62;0;217;0
93;74;2021-01-10;1;0;218;0
93;74;2021-01-11;188;0;406;0
93;74;2021-01-12;257;0;663;0
93;74;2021-01-13;228;0;891;0
93;74;2021-01-14;254;0;1145;0
93;74;2021-01-15;309;0;1454;0
93;74;2021-01-16;143;0;1597;0
93;74;2021-01-17;32;0;1629;0
93;74;2021-01-18;482;1;2111;1
93;74;2021-01-19;812;1;2923;2
93;74;2021-01-20;820;0;3743;2
93;74;2021-01-21;806;2;4549;4
93;74;2021-01-22;753;0;5302;4
93;74;2021-01-23;277;0;5579;4
93;74;2021-01-24;41;0;5620;4
93;74;2021-01-25;540;1;6160;5
93;74;2021-01-26;640;3;6800;8
93;74;2021-01-27;676;15;7476;23
93;74;2021-01-28;920;36;8396;59
93;74;2021-01-29;720;31;9116;90
93;74;2021-01-30;185;4;9301;94
93;74;2021-01-31;19;0;9320;94
93;74;2021-02-01;374;102;9694;196
93;74;2021-02-02;475;132;10169;328
93;74;2021-02-03;343;97;10512;425
93;74;2021-02-04;385;200;10897;625
93;74;2021-02-05;470;286;11367;911
93;74;2021-02-06;86;107;11453;1018
93;74;2021-02-07;15;1;11468;1019
93;74;2021-02-08;284;248;11752;1267
93;74;2021-02-09;401;519;12153;1786
93;74;2021-02-10;499;463;12652;2249
93;74;2021-02-11;548;513;13200;2762
93;74;2021-02-12;513;451;13713;3213
93;74;2021-02-13;130;145;13843;3358
93;74;2021-02-14;12;17;13855;3375
93;74;2021-02-15;208;444;14063;3819
93;74;2021-02-16;280;511;14343;4330
93;74;2021-02-17;321;708;14664;5038
93;74;2021-02-18;536;890;15200;5928
93;74;2021-02-19;510;685;15710;6613
93;74;2021-02-20;91;209;15801;6822
93;74;2021-02-21;2;27;15803;6849
93;74;2021-02-22;310;469;16113;7318
93;74;2021-02-23;421;500;16534;7818
93;74;2021-02-24;443;517;16977;8335
93;74;2021-02-25;621;455;17598;8790
93;74;2021-02-26;538;510;18136;9300
93;74;2021-02-27;150;97;18286;9397
93;74;2021-02-28;24;9;18310;9406
93;74;2021-03-01;474;352;18784;9758
93;74;2021-03-02;573;489;19357;10247
93;74;2021-03-03;859;464;20216;10711
93;74;2021-03-04;1242;565;21458;11276
93;74;2021-03-05;1552;492;23010;11768
93;74;2021-03-06;3928;95;26938;11863
93;74;2021-03-07;3212;9;30150;11872
93;74;2021-03-08;1546;325;31696;12197
93;74;2021-03-09;2187;347;33883;12544
93;74;2021-03-10;2396;378;36279;12922
93;74;2021-03-11;3410;500;39689;13422
93;74;2021-03-12;3855;430;43544;13852
93;74;2021-03-13;6797;90;50341;13942
93;74;2021-03-14;1131;6;51472;13948
93;74;2021-03-15;2647;236;54119;14184
93;74;2021-03-16;2145;277;56264;14461
93;74;2021-03-17;2943;352;59207;14813
93;74;2021-03-18;2822;444;62029;15257
93;74;2021-03-19;3912;373;65941;15630
93;74;2021-03-20;2274;79;68215;15709
93;74;2021-03-21;611;2;68826;15711
93;74;2021-03-22;3486;330;72312;16041
93;74;2021-03-23;4733;393;77045;16434
93;74;2021-03-24;4553;585;81598;17019
93;74;2021-03-25;6102;541;87700;17560
93;74;2021-03-26;6572;457;94272;18017
93;74;2021-03-27;3067;133;97339;18150
93;74;2021-03-28;1166;16;98505;18166
93;74;2021-03-29;4694;493;103199;18659
93;74;2021-03-30;6949;585;110148;19244
93;74;2021-03-31;7071;765;117219;20009
93;74;2021-04-01;6962;1170;124181;21179
93;74;2021-04-02;6094;1375;130275;22554
93;74;2021-04-03;2015;749;132290;23303
93;74;2021-04-04;609;135;132899;23438
93;74;2021-04-05;1712;151;134611;23589
93;74;2021-04-06;5433;1490;140044;25079
93;74;2021-04-07;5839;1472;145883;26551
93;74;2021-04-08;6046;3973;151929;30524
93;74;2021-04-09;6016;2183;157945;32707
93;74;2021-04-10;2819;1252;160764;33959
93;74;2021-04-11;832;542;161596;34501
93;74;2021-04-12;4017;2037;165613;36538
93;74;2021-04-13;4331;2160;169944;38698
93;74;2021-04-14;3997;2127;173941;40825
93;74;2021-04-15;3960;2353;177901;43178
93;74;2021-04-16;3406;2515;181307;45693
93;74;2021-04-17;1584;1130;182891;46823
93;74;2021-04-18;555;565;183446;47388
93;74;2021-04-19;2080;2499;185526;49887
93;74;2021-04-20;2337;2809;187863;52696
93;74;2021-04-21;2242;3045;190105;55741
93;79;2020-12-27;0;0;0;0
93;79;2020-12-28;0;0;0;0
93;79;2020-12-29;0;0;0;0
93;79;2020-12-30;0;0;0;0
93;79;2020-12-31;1;0;1;0
93;79;2021-01-01;0;0;1;0
93;79;2021-01-02;2;0;3;0
93;79;2021-01-03;0;0;3;0
93;79;2021-01-04;5;0;8;0
93;79;2021-01-05;4;0;12;0
93;79;2021-01-06;14;0;26;0
93;79;2021-01-07;37;0;63;0
93;79;2021-01-08;37;0;100;0
93;79;2021-01-09;33;0;133;0
93;79;2021-01-10;2;0;135;0
93;79;2021-01-11;95;0;230;0
93;79;2021-01-12;219;0;449;0
93;79;2021-01-13;241;0;690;0
93;79;2021-01-14;326;0;1016;0
93;79;2021-01-15;586;0;1602;0
93;79;2021-01-16;325;2;1927;2
93;79;2021-01-17;102;0;2029;2
93;79;2021-01-18;1606;2;3635;4
93;79;2021-01-19;2316;4;5951;8
93;79;2021-01-20;2638;5;8589;13
93;79;2021-01-21;2719;2;11308;15
93;79;2021-01-22;2589;2;13897;17
93;79;2021-01-23;1052;0;14949;17
93;79;2021-01-24;148;0;15097;17
93;79;2021-01-25;2004;4;17101;21
93;79;2021-01-26;2561;2;19662;23
93;79;2021-01-27;2505;13;22167;36
93;79;2021-01-28;2763;30;24930;66
93;79;2021-01-29;2479;25;27409;91
93;79;2021-01-30;666;3;28075;94
93;79;2021-01-31;68;0;28143;94
93;79;2021-02-01;1649;69;29792;163
93;79;2021-02-02;2078;100;31870;263
93;79;2021-02-03;1613;69;33483;332
93;79;2021-02-04;1691;160;35174;492
93;79;2021-02-05;1773;228;36947;720
93;79;2021-02-06;349;74;37296;794
93;79;2021-02-07;80;1;37376;795
93;79;2021-02-08;1307;460;38683;1255
93;79;2021-02-09;1457;745;40140;2000
93;79;2021-02-10;1429;755;41569;2755
93;79;2021-02-11;1523;987;43092;3742
93;79;2021-02-12;1460;1314;44552;5056
93;79;2021-02-13;315;476;44867;5532
93;79;2021-02-14;8;77;44875;5609
93;79;2021-02-15;562;1609;45437;7218
93;79;2021-02-16;604;1966;46041;9184
93;79;2021-02-17;711;2508;46752;11692
93;79;2021-02-18;1122;2741;47874;14433
93;79;2021-02-19;1138;2204;49012;16637
93;79;2021-02-20;227;883;49239;17520
93;79;2021-02-21;11;95;49250;17615
93;79;2021-02-22;662;2047;49912;19662
93;79;2021-02-23;930;2180;50842;21842
93;79;2021-02-24;1180;2259;52022;24101
93;79;2021-02-25;1603;1980;53625;26081
93;79;2021-02-26;1524;2027;55149;28108
93;79;2021-02-27;493;422;55642;28530
93;79;2021-02-28;47;62;55689;28592
93;79;2021-03-01;1322;1590;57011;30182
93;79;2021-03-02;1355;1940;58366;32122
93;79;2021-03-03;1717;1837;60083;33959
93;79;2021-03-04;2010;1796;62093;35755
93;79;2021-03-05;1828;1563;63921;37318
93;79;2021-03-06;3225;296;67146;37614
93;79;2021-03-07;2758;40;69904;37654
93;79;2021-03-08;1816;1268;71720;38922
93;79;2021-03-09;2190;1371;73910;40293
93;79;2021-03-10;2290;1345;76200;41638
93;79;2021-03-11;2998;1355;79198;42993
93;79;2021-03-12;3080;1145;82278;44138
93;79;2021-03-13;3043;258;85321;44396
93;79;2021-03-14;1224;7;86545;44403
93;79;2021-03-15;2908;635;89453;45038
93;79;2021-03-16;2737;686;92190;45724
93;79;2021-03-17;3263;859;95453;46583
93;79;2021-03-18;3604;1002;99057;47585
93;79;2021-03-19;3588;1055;102645;48640
93;79;2021-03-20;1519;240;104164;48880
93;79;2021-03-21;566;22;104730;48902
93;79;2021-03-22;2558;825;107288;49727
93;79;2021-03-23;3229;958;110517;50685
93;79;2021-03-24;3002;1719;113519;52404
93;79;2021-03-25;3587;1467;117106;53871
93;79;2021-03-26;3394;1283;120500;55154
93;79;2021-03-27;1298;453;121798;55607
93;79;2021-03-28;548;78;122346;55685
93;79;2021-03-29;1966;1391;124312;57076
93;79;2021-03-30;2834;1406;127146;58482
93;79;2021-03-31;2566;1733;129712;60215
93;79;2021-04-01;2725;2765;132437;62980
93;79;2021-04-02;2315;3064;134752;66044
93;79;2021-04-03;790;1515;135542;67559
93;79;2021-04-04;170;394;135712;67953
93;79;2021-04-05;514;368;136226;68321
93;79;2021-04-06;2031;2576;138257;70897
93;79;2021-04-07;2175;2754;140432;73651
93;79;2021-04-08;2330;2858;142762;76509
93;79;2021-04-09;2162;2883;144924;79392
93;79;2021-04-10;1049;1764;145973;81156
93;79;2021-04-11;347;685;146320;81841
93;79;2021-04-12;1376;2903;147696;84744
93;79;2021-04-13;1578;3026;149274;87770
93;79;2021-04-14;1642;2685;150916;90455
93;79;2021-04-15;1562;2866;152478;93321
93;79;2021-04-16;1422;2699;153900;96020
93;79;2021-04-17;602;1080;154502;97100
93;79;2021-04-18;203;501;154705;97601
93;79;2021-04-19;837;2520;155542;100121
93;79;2021-04-20;903;2828;156445;102949
93;79;2021-04-21;1001;2625;157446;105574
93;80;2020-12-27;0;0;0;0
93;80;2020-12-28;1;0;1;0
93;80;2020-12-29;0;0;1;0
93;80;2020-12-30;3;0;4;0
93;80;2020-12-31;11;0;15;0
93;80;2021-01-01;3;0;18;0
93;80;2021-01-02;0;0;18;0
93;80;2021-01-03;0;0;18;0
93;80;2021-01-04;33;0;51;0
93;80;2021-01-05;15;0;66;0
93;80;2021-01-06;82;0;148;0
93;80;2021-01-07;281;0;429;0
93;80;2021-01-08;261;0;690;0
93;80;2021-01-09;72;0;762;0
93;80;2021-01-10;4;0;766;0
93;80;2021-01-11;370;0;1136;0
93;80;2021-01-12;1358;0;2494;0
93;80;2021-01-13;662;0;3156;0
93;80;2021-01-14;1066;0;4222;0
93;80;2021-01-15;693;0;4915;0
93;80;2021-01-16;443;8;5358;8
93;80;2021-01-17;114;0;5472;8
93;80;2021-01-18;2253;4;7725;12
93;80;2021-01-19;5767;6;13492;18
93;80;2021-01-20;4462;5;17954;23
93;80;2021-01-21;4097;4;22051;27
93;80;2021-01-22;3265;4;25316;31
93;80;2021-01-23;1293;1;26609;32
93;80;2021-01-24;224;0;26833;32
93;80;2021-01-25;2586;29;29419;61
93;80;2021-01-26;4095;16;33514;77
93;80;2021-01-27;3837;46;37351;123
93;80;2021-01-28;6258;171;43609;294
93;80;2021-01-29;3796;193;47405;487
93;80;2021-01-30;944;5;48349;492
93;80;2021-01-31;105;0;48454;492
93;80;2021-02-01;2052;233;50506;725
93;80;2021-02-02;2817;417;53323;1142
93;80;2021-02-03;2040;248;55363;1390
93;80;2021-02-04;2283;771;57646;2161
93;80;2021-02-05;2367;960;60013;3121
93;80;2021-02-06;596;232;60609;3353
93;80;2021-02-07;122;8;60731;3361
93;80;2021-02-08;1881;813;62612;4174
93;80;2021-02-09;2618;3302;65230;7476
93;80;2021-02-10;2499;2279;67729;9755
93;80;2021-02-11;2402;2118;70131;11873
93;80;2021-02-12;2090;1784;72221;13657
93;80;2021-02-13;474;586;72695;14243
93;80;2021-02-14;23;99;72718;14342
93;80;2021-02-15;788;1964;73506;16306
93;80;2021-02-16;1047;3173;74553;19479
93;80;2021-02-17;1302;3749;75855;23228
93;80;2021-02-18;2274;5854;78129;29082
93;80;2021-02-19;1849;3468;79978;32550
93;80;2021-02-20;365;1051;80343;33601
93;80;2021-02-21;15;145;80358;33746
93;80;2021-02-22;1044;2415;81402;36161
93;80;2021-02-23;1327;2689;82729;38850
93;80;2021-02-24;1813;2852;84542;41702
93;80;2021-02-25;2513;2633;87055;44335
93;80;2021-02-26;2162;2587;89217;46922
93;80;2021-02-27;658;611;89875;47533
93;80;2021-02-28;47;96;89922;47629
93;80;2021-03-01;1870;2015;91792;49644
93;80;2021-03-02;2008;2756;93800;52400
93;80;2021-03-03;2430;2597;96230;54997
93;80;2021-03-04;2849;2733;99079;57730
93;80;2021-03-05;2628;2355;101707;60085
93;80;2021-03-06;4400;440;106107;60525
93;80;2021-03-07;3785;54;109892;60579
93;80;2021-03-08;2673;1699;112565;62278
93;80;2021-03-09;3342;1900;115907;64178
93;80;2021-03-10;3370;2109;119277;66287
93;80;2021-03-11;4326;2287;123603;68574
93;80;2021-03-12;4361;1725;127964;70299
93;80;2021-03-13;4321;391;132285;70690
93;80;2021-03-14;1640;15;133925;70705
93;80;2021-03-15;4326;840;138251;71545
93;80;2021-03-16;3801;1035;142052;72580
93;80;2021-03-17;4927;1248;146979;73828
93;80;2021-03-18;5254;1793;152233;75621
93;80;2021-03-19;5200;1506;157433;77127
93;80;2021-03-20;2055;406;159488;77533
93;80;2021-03-21;704;25;160192;77558
93;80;2021-03-22;3662;1174;163854;78732
93;80;2021-03-23;4282;1324;168136;80056
93;80;2021-03-24;3927;2509;172063;82565
93;80;2021-03-25;4993;2273;177056;84838
93;80;2021-03-26;4966;1857;182022;86695
93;80;2021-03-27;1899;867;183921;87562
93;80;2021-03-28;708;89;184629;87651
93;80;2021-03-29;2807;2095;187436;89746
93;80;2021-03-30;4131;2302;191567;92048
93;80;2021-03-31;4145;2440;195712;94488
93;80;2021-04-01;4056;3960;199768;98448
93;80;2021-04-02;3387;4413;203155;102861
93;80;2021-04-03;1108;2101;204263;104962
93;80;2021-04-04;250;578;204513;105540
93;80;2021-04-05;633;587;205146;106127
93;80;2021-04-06;2692;3779;207838;109906
93;80;2021-04-07;3085;4073;210923;113979
93;80;2021-04-08;3533;4114;214456;118093
93;80;2021-04-09;3332;4272;217788;122365
93;80;2021-04-10;1463;2651;219251;125016
93;80;2021-04-11;505;779;219756;125795
93;80;2021-04-12;1855;4210;221611;130005
93;80;2021-04-13;2208;4196;223819;134201
93;80;2021-04-14;2261;3804;226080;138005
93;80;2021-04-15;2225;4219;228305;142224
93;80;2021-04-16;2036;4087;230341;146311
93;80;2021-04-17;819;1601;231160;147912
93;80;2021-04-18;283;693;231443;148605
93;80;2021-04-19;1188;3638;232631;152243
93;80;2021-04-20;1284;3944;233915;156187
93;80;2021-04-21;1514;3667;235429;159854
94;24;2020-12-27;0;0;0;0
94;24;2020-12-28;0;0;0;0
94;24;2020-12-29;0;0;0;0
94;24;2020-12-30;0;0;0;0
94;24;2020-12-31;0;0;0;0
94;24;2021-01-01;0;0;0;0
94;24;2021-01-02;0;0;0;0
94;24;2021-01-03;0;0;0;0
94;24;2021-01-04;0;0;0;0
94;24;2021-01-05;0;0;0;0
94;24;2021-01-06;0;0;0;0
94;24;2021-01-07;0;0;0;0
94;24;2021-01-08;0;0;0;0
94;24;2021-01-09;0;0;0;0
94;24;2021-01-10;0;0;0;0
94;24;2021-01-11;0;0;0;0
94;24;2021-01-12;0;0;0;0
94;24;2021-01-13;2;0;2;0
94;24;2021-01-14;0;0;2;0
94;24;2021-01-15;1;0;3;0
94;24;2021-01-16;2;0;5;0
94;24;2021-01-17;0;0;5;0
94;24;2021-01-18;3;0;8;0
94;24;2021-01-19;1;0;9;0
94;24;2021-01-20;1;0;10;0
94;24;2021-01-21;3;0;13;0
94;24;2021-01-22;0;0;13;0
94;24;2021-01-23;0;0;13;0
94;24;2021-01-24;0;0;13;0
94;24;2021-01-25;0;0;13;0
94;24;2021-01-26;4;0;17;0
94;24;2021-01-27;3;0;20;0
94;24;2021-01-28;2;0;22;0
94;24;2021-01-29;2;0;24;0
94;24;2021-01-30;1;0;25;0
94;24;2021-01-31;0;0;25;0
94;24;2021-02-01;1;0;26;0
94;24;2021-02-02;0;0;26;0
94;24;2021-02-03;0;2;26;2
94;24;2021-02-04;4;2;30;4
94;24;2021-02-05;2;3;32;7
94;24;2021-02-06;0;0;32;7
94;24;2021-02-07;0;0;32;7
94;24;2021-02-08;0;1;32;8
94;24;2021-02-09;2;2;34;10
94;24;2021-02-10;2;1;36;11
94;24;2021-02-11;4;1;40;12
94;24;2021-02-12;1;2;41;14
94;24;2021-02-13;0;0;41;14
94;24;2021-02-14;1;0;42;14
94;24;2021-02-15;1;0;43;14
94;24;2021-02-16;6;3;49;17
94;24;2021-02-17;0;1;49;18
94;24;2021-02-18;4;3;53;21
94;24;2021-02-19;3;3;56;24
94;24;2021-02-20;0;0;56;24
94;24;2021-02-21;0;0;56;24
94;24;2021-02-22;1;0;57;24
94;24;2021-02-23;2;1;59;25
94;24;2021-02-24;1;0;60;25
94;24;2021-02-25;0;2;60;27
94;24;2021-02-26;1;1;61;28
94;24;2021-02-27;4;1;65;29
94;24;2021-02-28;0;0;65;29
94;24;2021-03-01;4;0;69;29
94;24;2021-03-02;0;0;69;29
94;24;2021-03-03;2;0;71;29
94;24;2021-03-04;1;3;72;32
94;24;2021-03-05;11;1;83;33
94;24;2021-03-06;7;1;90;34
94;24;2021-03-07;3;0;93;34
94;24;2021-03-08;2;1;95;35
94;24;2021-03-09;9;2;104;37
94;24;2021-03-10;11;0;115;37
94;24;2021-03-11;2;3;117;40
94;24;2021-03-12;10;5;127;45
94;24;2021-03-13;5;0;132;45
94;24;2021-03-14;3;2;135;47
94;24;2021-03-15;3;0;138;47
94;24;2021-03-16;6;0;144;47
94;24;2021-03-17;12;0;156;47
94;24;2021-03-18;4;1;160;48
94;24;2021-03-19;10;1;170;49
94;24;2021-03-20;9;1;179;50
94;24;2021-03-21;6;0;185;50
94;24;2021-03-22;8;0;193;50
94;24;2021-03-23;8;1;201;51
94;24;2021-03-24;8;1;209;52
94;24;2021-03-25;6;0;215;52
94;24;2021-03-26;8;1;223;53
94;24;2021-03-27;15;1;238;54
94;24;2021-03-28;7;1;245;55
94;24;2021-03-29;10;2;255;57
94;24;2021-03-30;7;4;262;61
94;24;2021-03-31;11;1;273;62
94;24;2021-04-01;6;1;279;63
94;24;2021-04-02;16;2;295;65
94;24;2021-04-03;20;4;315;69
94;24;2021-04-04;3;1;318;70
94;24;2021-04-05;3;1;321;71
94;24;2021-04-06;16;1;337;72
94;24;2021-04-07;11;7;348;79
94;24;2021-04-08;10;3;358;82
94;24;2021-04-09;18;6;376;88
94;24;2021-04-10;29;2;405;90
94;24;2021-04-11;5;1;410;91
94;24;2021-04-12;9;8;419;99
94;24;2021-04-13;8;6;427;105
94;24;2021-04-14;26;6;453;111
94;24;2021-04-15;12;8;465;119
94;24;2021-04-16;25;8;490;127
94;24;2021-04-17;31;7;521;134
94;24;2021-04-18;19;7;540;141
94;24;2021-04-19;5;4;545;145
94;24;2021-04-20;12;5;557;150
94;24;2021-04-21;20;8;577;158
94;29;2020-12-27;0;0;0;0
94;29;2020-12-28;0;0;0;0
94;29;2020-12-29;0;0;0;0
94;29;2020-12-30;0;0;0;0
94;29;2020-12-31;0;0;0;0
94;29;2021-01-01;0;0;0;0
94;29;2021-01-02;0;0;0;0
94;29;2021-01-03;0;0;0;0
94;29;2021-01-04;0;0;0;0
94;29;2021-01-05;0;0;0;0
94;29;2021-01-06;0;0;0;0
94;29;2021-01-07;0;0;0;0
94;29;2021-01-08;1;0;1;0
94;29;2021-01-09;2;0;3;0
94;29;2021-01-10;0;0;3;0
94;29;2021-01-11;2;0;5;0
94;29;2021-01-12;1;0;6;0
94;29;2021-01-13;0;0;6;0
94;29;2021-01-14;1;0;7;0
94;29;2021-01-15;3;0;10;0
94;29;2021-01-16;2;0;12;0
94;29;2021-01-17;0;0;12;0
94;29;2021-01-18;2;0;14;0
94;29;2021-01-19;7;0;21;0
94;29;2021-01-20;1;0;22;0
94;29;2021-01-21;8;0;30;0
94;29;2021-01-22;5;0;35;0
94;29;2021-01-23;0;0;35;0
94;29;2021-01-24;0;0;35;0
94;29;2021-01-25;2;0;37;0
94;29;2021-01-26;10;0;47;0
94;29;2021-01-27;3;0;50;0
94;29;2021-01-28;1;0;51;0
94;29;2021-01-29;3;0;54;0
94;29;2021-01-30;0;1;54;1
94;29;2021-01-31;0;0;54;1
94;29;2021-02-01;1;0;55;1
94;29;2021-02-02;1;0;56;1
94;29;2021-02-03;1;0;57;1
94;29;2021-02-04;1;0;58;1
94;29;2021-02-05;2;4;60;5
94;29;2021-02-06;0;2;60;7
94;29;2021-02-07;0;0;60;7
94;29;2021-02-08;1;1;61;8
94;29;2021-02-09;3;8;64;16
94;29;2021-02-10;0;5;64;21
94;29;2021-02-11;5;5;69;26
94;29;2021-02-12;4;2;73;28
94;29;2021-02-13;0;0;73;28
94;29;2021-02-14;1;0;74;28
94;29;2021-02-15;4;0;78;28
94;29;2021-02-16;15;10;93;38
94;29;2021-02-17;4;3;97;41
94;29;2021-02-18;5;2;102;43
94;29;2021-02-19;0;6;102;49
94;29;2021-02-20;0;0;102;49
94;29;2021-02-21;0;0;102;49
94;29;2021-02-22;1;2;103;51
94;29;2021-02-23;5;1;108;52
94;29;2021-02-24;2;1;110;53
94;29;2021-02-25;5;2;115;55
94;29;2021-02-26;4;1;119;56
94;29;2021-02-27;3;0;122;56
94;29;2021-02-28;0;0;122;56
94;29;2021-03-01;9;1;131;57
94;29;2021-03-02;2;2;133;59
94;29;2021-03-03;8;0;141;59
94;29;2021-03-04;13;2;154;61
94;29;2021-03-05;17;5;171;66
94;29;2021-03-06;26;0;197;66
94;29;2021-03-07;13;0;210;66
94;29;2021-03-08;9;2;219;68
94;29;2021-03-09;11;4;230;72
94;29;2021-03-10;13;1;243;73
94;29;2021-03-11;15;1;258;74
94;29;2021-03-12;10;3;268;77
94;29;2021-03-13;4;0;272;77
94;29;2021-03-14;4;1;276;78
94;29;2021-03-15;7;1;283;79
94;29;2021-03-16;10;2;293;81
94;29;2021-03-17;10;0;303;81
94;29;2021-03-18;11;4;314;85
94;29;2021-03-19;16;1;330;86
94;29;2021-03-20;18;1;348;87
94;29;2021-03-21;10;0;358;87
94;29;2021-03-22;7;1;365;88
94;29;2021-03-23;23;0;388;88
94;29;2021-03-24;16;2;404;90
94;29;2021-03-25;19;2;423;92
94;29;2021-03-26;18;1;441;93
94;29;2021-03-27;30;0;471;93
94;29;2021-03-28;12;0;483;93
94;29;2021-03-29;13;4;496;97
94;29;2021-03-30;8;3;504;100
94;29;2021-03-31;11;3;515;103
94;29;2021-04-01;21;9;536;112
94;29;2021-04-02;36;7;572;119
94;29;2021-04-03;27;4;599;123
94;29;2021-04-04;6;18;605;141
94;29;2021-04-05;6;5;611;146
94;29;2021-04-06;20;10;631;156
94;29;2021-04-07;22;7;653;163
94;29;2021-04-08;21;6;674;169
94;29;2021-04-09;47;7;721;176
94;29;2021-04-10;28;2;749;178
94;29;2021-04-11;13;5;762;183
94;29;2021-04-12;18;0;780;183
94;29;2021-04-13;15;12;795;195
94;29;2021-04-14;30;10;825;205
94;29;2021-04-15;23;14;848;219
94;29;2021-04-16;30;11;878;230
94;29;2021-04-17;34;17;912;247
94;29;2021-04-18;28;9;940;256
94;29;2021-04-19;12;10;952;266
94;29;2021-04-20;15;14;967;280
94;29;2021-04-21;18;12;985;292
94;39;2020-12-27;0;0;0;0
94;39;2020-12-28;0;0;0;0
94;39;2020-12-29;0;0;0;0
94;39;2020-12-30;0;0;0;0
94;39;2020-12-31;0;0;0;0
94;39;2021-01-01;0;0;0;0
94;39;2021-01-02;0;0;0;0
94;39;2021-01-03;0;0;0;0
94;39;2021-01-04;0;0;0;0
94;39;2021-01-05;0;0;0;0
94;39;2021-01-06;0;0;0;0
94;39;2021-01-07;0;0;0;0
94;39;2021-01-08;10;0;10;0
94;39;2021-01-09;10;0;20;0
94;39;2021-01-10;6;0;26;0
94;39;2021-01-11;12;0;38;0
94;39;2021-01-12;7;0;45;0
94;39;2021-01-13;4;0;49;0
94;39;2021-01-14;6;0;55;0
94;39;2021-01-15;12;0;67;0
94;39;2021-01-16;6;0;73;0
94;39;2021-01-17;0;0;73;0
94;39;2021-01-18;13;0;86;0
94;39;2021-01-19;24;0;110;0
94;39;2021-01-20;15;0;125;0
94;39;2021-01-21;16;0;141;0
94;39;2021-01-22;9;0;150;0
94;39;2021-01-23;4;0;154;0
94;39;2021-01-24;2;0;156;0
94;39;2021-01-25;10;0;166;0
94;39;2021-01-26;19;0;185;0
94;39;2021-01-27;3;0;188;0
94;39;2021-01-28;8;2;196;2
94;39;2021-01-29;16;7;212;9
94;39;2021-01-30;1;10;213;19
94;39;2021-01-31;3;1;216;20
94;39;2021-02-01;7;7;223;27
94;39;2021-02-02;11;4;234;31
94;39;2021-02-03;6;2;240;33
94;39;2021-02-04;5;5;245;38
94;39;2021-02-05;7;13;252;51
94;39;2021-02-06;1;10;253;61
94;39;2021-02-07;2;0;255;61
94;39;2021-02-08;3;11;258;72
94;39;2021-02-09;7;23;265;95
94;39;2021-02-10;12;12;277;107
94;39;2021-02-11;7;10;284;117
94;39;2021-02-12;10;9;294;126
94;39;2021-02-13;6;2;300;128
94;39;2021-02-14;0;0;300;128
94;39;2021-02-15;10;6;310;134
94;39;2021-02-16;36;16;346;150
94;39;2021-02-17;10;7;356;157
94;39;2021-02-18;10;10;366;167
94;39;2021-02-19;14;13;380;180
94;39;2021-02-20;1;3;381;183
94;39;2021-02-21;0;1;381;184
94;39;2021-02-22;10;7;391;191
94;39;2021-02-23;13;9;404;200
94;39;2021-02-24;7;9;411;209
94;39;2021-02-25;14;3;425;212
94;39;2021-02-26;18;5;443;217
94;39;2021-02-27;13;0;456;217
94;39;2021-02-28;2;1;458;218
94;39;2021-03-01;18;11;476;229
94;39;2021-03-02;22;6;498;235
94;39;2021-03-03;23;6;521;241
94;39;2021-03-04;29;10;550;251
94;39;2021-03-05;64;4;614;255
94;39;2021-03-06;71;3;685;258
94;39;2021-03-07;39;1;724;259
94;39;2021-03-08;44;3;768;262
94;39;2021-03-09;59;9;827;271
94;39;2021-03-10;38;3;865;274
94;39;2021-03-11;47;9;912;283
94;39;2021-03-12;42;11;954;294
94;39;2021-03-13;36;5;990;299
94;39;2021-03-14;10;0;1000;299
94;39;2021-03-15;30;6;1030;305
94;39;2021-03-16;51;10;1081;315
94;39;2021-03-17;40;5;1121;320
94;39;2021-03-18;49;7;1170;327
94;39;2021-03-19;54;5;1224;332
94;39;2021-03-20;60;1;1284;333
94;39;2021-03-21;35;0;1319;333
94;39;2021-03-22;28;3;1347;336
94;39;2021-03-23;57;12;1404;348
94;39;2021-03-24;65;8;1469;356
94;39;2021-03-25;53;3;1522;359
94;39;2021-03-26;85;6;1607;365
94;39;2021-03-27;99;7;1706;372
94;39;2021-03-28;44;8;1750;380
94;39;2021-03-29;32;15;1782;395
94;39;2021-03-30;48;8;1830;403
94;39;2021-03-31;38;11;1868;414
94;39;2021-04-01;55;17;1923;431
94;39;2021-04-02;97;25;2020;456
94;39;2021-04-03;104;32;2124;488
94;39;2021-04-04;42;33;2166;521
94;39;2021-04-05;34;26;2200;547
94;39;2021-04-06;102;38;2302;585
94;39;2021-04-07;79;17;2381;602
94;39;2021-04-08;95;21;2476;623
94;39;2021-04-09;136;24;2612;647
94;39;2021-04-10;176;28;2788;675
94;39;2021-04-11;111;12;2899;687
94;39;2021-04-12;105;25;3004;712
94;39;2021-04-13;82;32;3086;744
94;39;2021-04-14;140;42;3226;786
94;39;2021-04-15;141;60;3367;846
94;39;2021-04-16;142;34;3509;880
94;39;2021-04-17;166;58;3675;938
94;39;2021-04-18;78;41;3753;979
94;39;2021-04-19;52;28;3805;1007
94;39;2021-04-20;61;34;3866;1041
94;39;2021-04-21;183;59;4049;1100
94;49;2020-12-27;0;0;0;0
94;49;2020-12-28;0;0;0;0
94;49;2020-12-29;0;0;0;0
94;49;2020-12-30;0;0;0;0
94;49;2020-12-31;0;0;0;0
94;49;2021-01-01;0;0;0;0
94;49;2021-01-02;0;0;0;0
94;49;2021-01-03;0;0;0;0
94;49;2021-01-04;0;0;0;0
94;49;2021-01-05;0;0;0;0
94;49;2021-01-06;0;0;0;0
94;49;2021-01-07;8;0;8;0
94;49;2021-01-08;16;0;24;0
94;49;2021-01-09;6;0;30;0
94;49;2021-01-10;5;0;35;0
94;49;2021-01-11;19;0;54;0
94;49;2021-01-12;21;0;75;0
94;49;2021-01-13;23;0;98;0
94;49;2021-01-14;28;0;126;0
94;49;2021-01-15;27;0;153;0
94;49;2021-01-16;14;0;167;0
94;49;2021-01-17;3;0;170;0
94;49;2021-01-18;32;1;202;1
94;49;2021-01-19;40;0;242;1
94;49;2021-01-20;34;0;276;1
94;49;2021-01-21;22;0;298;1
94;49;2021-01-22;29;0;327;1
94;49;2021-01-23;5;0;332;1
94;49;2021-01-24;5;0;337;1
94;49;2021-01-25;12;0;349;1
94;49;2021-01-26;27;0;376;1
94;49;2021-01-27;11;1;387;2
94;49;2021-01-28;17;7;404;9
94;49;2021-01-29;14;18;418;27
94;49;2021-01-30;3;7;421;34
94;49;2021-01-31;3;0;424;34
94;49;2021-02-01;19;23;443;57
94;49;2021-02-02;7;15;450;72
94;49;2021-02-03;21;24;471;96
94;49;2021-02-04;11;28;482;124
94;49;2021-02-05;18;23;500;147
94;49;2021-02-06;3;7;503;154
94;49;2021-02-07;0;2;503;156
94;49;2021-02-08;8;15;511;171
94;49;2021-02-09;11;35;522;206
94;49;2021-02-10;20;26;542;232
94;49;2021-02-11;18;25;560;257
94;49;2021-02-12;17;20;577;277
94;49;2021-02-13;8;3;585;280
94;49;2021-02-14;3;2;588;282
94;49;2021-02-15;17;7;605;289
94;49;2021-02-16;34;21;639;310
94;49;2021-02-17;11;12;650;322
94;49;2021-02-18;19;13;669;335
94;49;2021-02-19;14;21;683;356
94;49;2021-02-20;2;4;685;360
94;49;2021-02-21;1;1;686;361
94;49;2021-02-22;12;13;698;374
94;49;2021-02-23;16;15;714;389
94;49;2021-02-24;11;10;725;399
94;49;2021-02-25;13;12;738;411
94;49;2021-02-26;17;10;755;421
94;49;2021-02-27;14;0;769;421
94;49;2021-02-28;5;2;774;423
94;49;2021-03-01;19;21;793;444
94;49;2021-03-02;23;15;816;459
94;49;2021-03-03;36;9;852;468
94;49;2021-03-04;40;10;892;478
94;49;2021-03-05;104;18;996;496
94;49;2021-03-06;169;3;1165;499
94;49;2021-03-07;141;1;1306;500
94;49;2021-03-08;93;7;1399;507
94;49;2021-03-09;96;15;1495;522
94;49;2021-03-10;87;14;1582;536
94;49;2021-03-11;97;24;1679;560
94;49;2021-03-12;83;10;1762;570
94;49;2021-03-13;85;4;1847;574
94;49;2021-03-14;40;3;1887;577
94;49;2021-03-15;64;10;1951;587
94;49;2021-03-16;58;15;2009;602
94;49;2021-03-17;73;6;2082;608
94;49;2021-03-18;68;8;2150;616
94;49;2021-03-19;83;12;2233;628
94;49;2021-03-20;168;9;2401;637
94;49;2021-03-21;88;1;2489;638
94;49;2021-03-22;36;5;2525;643
94;49;2021-03-23;79;13;2604;656
94;49;2021-03-24;113;8;2717;664
94;49;2021-03-25;116;11;2833;675
94;49;2021-03-26;190;13;3023;688
94;49;2021-03-27;224;7;3247;695
94;49;2021-03-28;100;11;3347;706
94;49;2021-03-29;73;10;3420;716
94;49;2021-03-30;91;14;3511;730
94;49;2021-03-31;122;20;3633;750
94;49;2021-04-01;132;28;3765;778
94;49;2021-04-02;207;61;3972;839
94;49;2021-04-03;290;99;4262;938
94;49;2021-04-04;80;88;4342;1026
94;49;2021-04-05;80;89;4422;1115
94;49;2021-04-06;201;52;4623;1167
94;49;2021-04-07;165;41;4788;1208
94;49;2021-04-08;188;31;4976;1239
94;49;2021-04-09;288;49;5264;1288
94;49;2021-04-10;482;41;5746;1329
94;49;2021-04-11;276;21;6022;1350
94;49;2021-04-12;210;47;6232;1397
94;49;2021-04-13;208;63;6440;1460
94;49;2021-04-14;304;55;6744;1515
94;49;2021-04-15;305;81;7049;1596
94;49;2021-04-16;299;43;7348;1639
94;49;2021-04-17;270;166;7618;1805
94;49;2021-04-18;163;97;7781;1902
94;49;2021-04-19;165;36;7946;1938
94;49;2021-04-20;257;54;8203;1992
94;49;2021-04-21;319;96;8522;2088
94;59;2020-12-27;0;0;0;0
94;59;2020-12-28;0;0;0;0
94;59;2020-12-29;0;0;0;0
94;59;2020-12-30;0;0;0;0
94;59;2020-12-31;0;0;0;0
94;59;2021-01-01;0;0;0;0
94;59;2021-01-02;0;0;0;0
94;59;2021-01-03;0;0;0;0
94;59;2021-01-04;1;0;1;0
94;59;2021-01-05;0;0;1;0
94;59;2021-01-06;11;0;12;0
94;59;2021-01-07;67;0;79;0
94;59;2021-01-08;74;0;153;0
94;59;2021-01-09;24;0;177;0
94;59;2021-01-10;13;0;190;0
94;59;2021-01-11;61;0;251;0
94;59;2021-01-12;78;0;329;0
94;59;2021-01-13;100;0;429;0
94;59;2021-01-14;80;0;509;0
94;59;2021-01-15;115;0;624;0
94;59;2021-01-16;28;0;652;0
94;59;2021-01-17;3;0;655;0
94;59;2021-01-18;90;0;745;0
94;59;2021-01-19;95;0;840;0
94;59;2021-01-20;84;0;924;0
94;59;2021-01-21;58;0;982;0
94;59;2021-01-22;69;0;1051;0
94;59;2021-01-23;11;1;1062;1
94;59;2021-01-24;3;0;1065;1
94;59;2021-01-25;20;0;1085;1
94;59;2021-01-26;47;4;1132;5
94;59;2021-01-27;23;11;1155;16
94;59;2021-01-28;48;51;1203;67
94;59;2021-01-29;52;75;1255;142
94;59;2021-01-30;12;22;1267;164
94;59;2021-01-31;9;1;1276;165
94;59;2021-02-01;23;67;1299;232
94;59;2021-02-02;21;75;1320;307
94;59;2021-02-03;37;72;1357;379
94;59;2021-02-04;16;71;1373;450
94;59;2021-02-05;39;86;1412;536
94;59;2021-02-06;10;16;1422;552
94;59;2021-02-07;3;5;1425;557
94;59;2021-02-08;18;84;1443;641
94;59;2021-02-09;41;95;1484;736
94;59;2021-02-10;41;55;1525;791
94;59;2021-02-11;34;65;1559;856
94;59;2021-02-12;31;50;1590;906
94;59;2021-02-13;19;4;1609;910
94;59;2021-02-14;14;3;1623;913
94;59;2021-02-15;12;30;1635;943
94;59;2021-02-16;30;45;1665;988
94;59;2021-02-17;16;29;1681;1017
94;59;2021-02-18;26;42;1707;1059
94;59;2021-02-19;24;56;1731;1115
94;59;2021-02-20;11;7;1742;1122
94;59;2021-02-21;3;5;1745;1127
94;59;2021-02-22;21;22;1766;1149
94;59;2021-02-23;30;25;1796;1174
94;59;2021-02-24;18;34;1814;1208
94;59;2021-02-25;37;35;1851;1243
94;59;2021-02-26;62;17;1913;1260
94;59;2021-02-27;48;8;1961;1268
94;59;2021-02-28;9;3;1970;1271
94;59;2021-03-01;54;21;2024;1292
94;59;2021-03-02;87;23;2111;1315
94;59;2021-03-03;92;29;2203;1344
94;59;2021-03-04;159;27;2362;1371
94;59;2021-03-05;239;29;2601;1400
94;59;2021-03-06;316;9;2917;1409
94;59;2021-03-07;232;4;3149;1413
94;59;2021-03-08;190;19;3339;1432
94;59;2021-03-09;215;39;3554;1471
94;59;2021-03-10;169;32;3723;1503
94;59;2021-03-11;220;36;3943;1539
94;59;2021-03-12;243;19;4186;1558
94;59;2021-03-13;182;21;4368;1579
94;59;2021-03-14;89;10;4457;1589
94;59;2021-03-15;106;14;4563;1603
94;59;2021-03-16;135;16;4698;1619
94;59;2021-03-17;156;12;4854;1631
94;59;2021-03-18;125;20;4979;1651
94;59;2021-03-19;183;25;5162;1676
94;59;2021-03-20;357;11;5519;1687
94;59;2021-03-21;239;2;5758;1689
94;59;2021-03-22;153;8;5911;1697
94;59;2021-03-23;203;18;6114;1715
94;59;2021-03-24;272;18;6386;1733
94;59;2021-03-25;325;17;6711;1750
94;59;2021-03-26;368;30;7079;1780
94;59;2021-03-27;467;13;7546;1793
94;59;2021-03-28;218;20;7764;1813
94;59;2021-03-29;161;17;7925;1830
94;59;2021-03-30;230;28;8155;1858
94;59;2021-03-31;289;35;8444;1893
94;59;2021-04-01;361;60;8805;1953
94;59;2021-04-02;373;110;9178;2063
94;59;2021-04-03;511;184;9689;2247
94;59;2021-04-04;179;154;9868;2401
94;59;2021-04-05;140;122;10008;2523
94;59;2021-04-06;344;103;10352;2626
94;59;2021-04-07;496;76;10848;2702
94;59;2021-04-08;534;71;11382;2773
94;59;2021-04-09;543;98;11925;2871
94;59;2021-04-10;587;82;12512;2953
94;59;2021-04-11;272;72;12784;3025
94;59;2021-04-12;430;78;13214;3103
94;59;2021-04-13;369;114;13583;3217
94;59;2021-04-14;571;129;14154;3346
94;59;2021-04-15;517;123;14671;3469
94;59;2021-04-16;411;134;15082;3603
94;59;2021-04-17;381;299;15463;3902
94;59;2021-04-18;316;241;15779;4143
94;59;2021-04-19;290;121;16069;4264
94;59;2021-04-20;314;166;16383;4430
94;59;2021-04-21;443;195;16826;4625
94;64;2020-12-27;0;0;0;0
94;64;2020-12-28;0;0;0;0
94;64;2020-12-29;0;0;0;0
94;64;2020-12-30;0;0;0;0
94;64;2020-12-31;0;0;0;0
94;64;2021-01-01;0;0;0;0
94;64;2021-01-02;0;0;0;0
94;64;2021-01-03;0;0;0;0
94;64;2021-01-04;0;0;0;0
94;64;2021-01-05;0;0;0;0
94;64;2021-01-06;8;0;8;0
94;64;2021-01-07;42;0;50;0
94;64;2021-01-08;28;0;78;0
94;64;2021-01-09;17;0;95;0
94;64;2021-01-10;4;0;99;0
94;64;2021-01-11;20;0;119;0
94;64;2021-01-12;36;0;155;0
94;64;2021-01-13;29;0;184;0
94;64;2021-01-14;45;0;229;0
94;64;2021-01-15;38;0;267;0
94;64;2021-01-16;11;0;278;0
94;64;2021-01-17;1;0;279;0
94;64;2021-01-18;38;0;317;0
94;64;2021-01-19;59;0;376;0
94;64;2021-01-20;35;0;411;0
94;64;2021-01-21;28;0;439;0
94;64;2021-01-22;27;0;466;0
94;64;2021-01-23;7;0;473;0
94;64;2021-01-24;4;0;477;0
94;64;2021-01-25;12;1;489;1
94;64;2021-01-26;40;2;529;3
94;64;2021-01-27;19;9;548;12
94;64;2021-01-28;24;32;572;44
94;64;2021-01-29;23;41;595;85
94;64;2021-01-30;11;11;606;96
94;64;2021-01-31;2;0;608;96
94;64;2021-02-01;11;25;619;121
94;64;2021-02-02;23;28;642;149
94;64;2021-02-03;32;23;674;172
94;64;2021-02-04;28;36;702;208
94;64;2021-02-05;25;22;727;230
94;64;2021-02-06;15;12;742;242
94;64;2021-02-07;4;1;746;243
94;64;2021-02-08;13;35;759;278
94;64;2021-02-09;25;48;784;326
94;64;2021-02-10;30;26;814;352
94;64;2021-02-11;27;39;841;391
94;64;2021-02-12;20;24;861;415
94;64;2021-02-13;8;1;869;416
94;64;2021-02-14;10;2;879;418
94;64;2021-02-15;19;10;898;428
94;64;2021-02-16;26;34;924;462
94;64;2021-02-17;18;12;942;474
94;64;2021-02-18;31;16;973;490
94;64;2021-02-19;18;28;991;518
94;64;2021-02-20;9;8;1000;526
94;64;2021-02-21;4;4;1004;530
94;64;2021-02-22;11;9;1015;539
94;64;2021-02-23;23;19;1038;558
94;64;2021-02-24;15;19;1053;577
94;64;2021-02-25;33;24;1086;601
94;64;2021-02-26;55;11;1141;612
94;64;2021-02-27;38;10;1179;622
94;64;2021-02-28;5;1;1184;623
94;64;2021-03-01;40;15;1224;638
94;64;2021-03-02;64;17;1288;655
94;64;2021-03-03;83;26;1371;681
94;64;2021-03-04;135;25;1506;706
94;64;2021-03-05;190;28;1696;734
94;64;2021-03-06;250;10;1946;744
94;64;2021-03-07;152;2;2098;746
94;64;2021-03-08;167;14;2265;760
94;64;2021-03-09;174;21;2439;781
94;64;2021-03-10;139;29;2578;810
94;64;2021-03-11;173;23;2751;833
94;64;2021-03-12;160;14;2911;847
94;64;2021-03-13;152;9;3063;856
94;64;2021-03-14;57;12;3120;868
94;64;2021-03-15;106;16;3226;884
94;64;2021-03-16;94;25;3320;909
94;64;2021-03-17;114;18;3434;927
94;64;2021-03-18;124;21;3558;948
94;64;2021-03-19;146;23;3704;971
94;64;2021-03-20;260;19;3964;990
94;64;2021-03-21;164;3;4128;993
94;64;2021-03-22;119;13;4247;1006
94;64;2021-03-23;143;18;4390;1024
94;64;2021-03-24;230;9;4620;1033
94;64;2021-03-25;213;13;4833;1046
94;64;2021-03-26;240;20;5073;1066
94;64;2021-03-27;307;13;5380;1079
94;64;2021-03-28;161;10;5541;1089
94;64;2021-03-29;154;10;5695;1099
94;64;2021-03-30;194;26;5889;1125
94;64;2021-03-31;213;30;6102;1155
94;64;2021-04-01;234;45;6336;1200
94;64;2021-04-02;284;95;6620;1295
94;64;2021-04-03;274;145;6894;1440
94;64;2021-04-04;130;104;7024;1544
94;64;2021-04-05;88;112;7112;1656
94;64;2021-04-06;187;78;7299;1734
94;64;2021-04-07;300;63;7599;1797
94;64;2021-04-08;314;61;7913;1858
94;64;2021-04-09;289;70;8202;1928
94;64;2021-04-10;267;64;8469;1992
94;64;2021-04-11;135;34;8604;2026
94;64;2021-04-12;197;57;8801;2083
94;64;2021-04-13;207;80;9008;2163
94;64;2021-04-14;327;106;9335;2269
94;64;2021-04-15;267;110;9602;2379
94;64;2021-04-16;266;109;9868;2488
94;64;2021-04-17;241;203;10109;2691
94;64;2021-04-18;225;191;10334;2882
94;64;2021-04-19;185;92;10519;2974
94;64;2021-04-20;156;125;10675;3099
94;64;2021-04-21;244;134;10919;3233
94;69;2020-12-27;0;0;0;0
94;69;2020-12-28;0;0;0;0
94;69;2020-12-29;0;0;0;0
94;69;2020-12-30;0;0;0;0
94;69;2020-12-31;0;0;0;0
94;69;2021-01-01;0;0;0;0
94;69;2021-01-02;0;0;0;0
94;69;2021-01-03;0;0;0;0
94;69;2021-01-04;0;0;0;0
94;69;2021-01-05;0;0;0;0
94;69;2021-01-06;8;0;8;0
94;69;2021-01-07;18;0;26;0
94;69;2021-01-08;17;0;43;0
94;69;2021-01-09;8;0;51;0
94;69;2021-01-10;2;0;53;0
94;69;2021-01-11;12;0;65;0
94;69;2021-01-12;31;0;96;0
94;69;2021-01-13;15;0;111;0
94;69;2021-01-14;32;0;143;0
94;69;2021-01-15;38;0;181;0
94;69;2021-01-16;14;1;195;1
94;69;2021-01-17;1;0;196;1
94;69;2021-01-18;21;0;217;1
94;69;2021-01-19;38;0;255;1
94;69;2021-01-20;33;0;288;1
94;69;2021-01-21;32;0;320;1
94;69;2021-01-22;27;0;347;1
94;69;2021-01-23;13;0;360;1
94;69;2021-01-24;9;0;369;1
94;69;2021-01-25;15;1;384;2
94;69;2021-01-26;36;0;420;2
94;69;2021-01-27;29;7;449;9
94;69;2021-01-28;26;14;475;23
94;69;2021-01-29;30;16;505;39
94;69;2021-01-30;17;7;522;46
94;69;2021-01-31;8;0;530;46
94;69;2021-02-01;22;17;552;63
94;69;2021-02-02;23;26;575;89
94;69;2021-02-03;29;14;604;103
94;69;2021-02-04;33;26;637;129
94;69;2021-02-05;35;24;672;153
94;69;2021-02-06;14;6;686;159
94;69;2021-02-07;2;2;688;161
94;69;2021-02-08;14;32;702;193
94;69;2021-02-09;33;25;735;218
94;69;2021-02-10;36;22;771;240
94;69;2021-02-11;39;29;810;269
94;69;2021-02-12;37;18;847;287
94;69;2021-02-13;21;6;868;293
94;69;2021-02-14;10;4;878;297
94;69;2021-02-15;16;10;894;307
94;69;2021-02-16;35;28;929;335
94;69;2021-02-17;36;14;965;349
94;69;2021-02-18;30;19;995;368
94;69;2021-02-19;26;26;1021;394
94;69;2021-02-20;21;10;1042;404
94;69;2021-02-21;7;4;1049;408
94;69;2021-02-22;16;15;1065;423
94;69;2021-02-23;24;23;1089;446
94;69;2021-02-24;24;27;1113;473
94;69;2021-02-25;27;27;1140;500
94;69;2021-02-26;31;19;1171;519
94;69;2021-02-27;32;7;1203;526
94;69;2021-02-28;9;8;1212;534
94;69;2021-03-01;31;27;1243;561
94;69;2021-03-02;50;27;1293;588
94;69;2021-03-03;52;29;1345;617
94;69;2021-03-04;121;31;1466;648
94;69;2021-03-05;179;26;1645;674
94;69;2021-03-06;303;11;1948;685
94;69;2021-03-07;221;3;2169;688
94;69;2021-03-08;195;12;2364;700
94;69;2021-03-09;206;39;2570;739
94;69;2021-03-10;176;27;2746;766
94;69;2021-03-11;178;34;2924;800
94;69;2021-03-12;245;33;3169;833
94;69;2021-03-13;186;20;3355;853
94;69;2021-03-14;77;12;3432;865
94;69;2021-03-15;116;19;3548;884
94;69;2021-03-16;134;33;3682;917
94;69;2021-03-17;151;31;3833;948
94;69;2021-03-18;155;26;3988;974
94;69;2021-03-19;208;30;4196;1004
94;69;2021-03-20;279;24;4475;1028
94;69;2021-03-21;235;7;4710;1035
94;69;2021-03-22;163;18;4873;1053
94;69;2021-03-23;190;25;5063;1078
94;69;2021-03-24;307;21;5370;1099
94;69;2021-03-25;341;32;5711;1131
94;69;2021-03-26;368;29;6079;1160
94;69;2021-03-27;414;13;6493;1173
94;69;2021-03-28;200;32;6693;1205
94;69;2021-03-29;196;21;6889;1226
94;69;2021-03-30;230;51;7119;1277
94;69;2021-03-31;256;51;7375;1328
94;69;2021-04-01;295;82;7670;1410
94;69;2021-04-02;303;134;7973;1544
94;69;2021-04-03;282;205;8255;1749
94;69;2021-04-04;126;121;8381;1870
94;69;2021-04-05;101;140;8482;2010
94;69;2021-04-06;226;114;8708;2124
94;69;2021-04-07;295;87;9003;2211
94;69;2021-04-08;332;69;9335;2280
94;69;2021-04-09;276;96;9611;2376
94;69;2021-04-10;316;95;9927;2471
94;69;2021-04-11;143;44;10070;2515
94;69;2021-04-12;226;100;10296;2615
94;69;2021-04-13;186;125;10482;2740
94;69;2021-04-14;294;128;10776;2868
94;69;2021-04-15;295;145;11071;3013
94;69;2021-04-16;250;147;11321;3160
94;69;2021-04-17;273;223;11594;3383
94;69;2021-04-18;176;261;11770;3644
94;69;2021-04-19;195;122;11965;3766
94;69;2021-04-20;195;216;12160;3982
94;69;2021-04-21;243;191;12403;4173
94;74;2020-12-27;0;0;0;0
94;74;2020-12-28;0;0;0;0
94;74;2020-12-29;0;0;0;0
94;74;2020-12-30;0;0;0;0
94;74;2020-12-31;0;0;0;0
94;74;2021-01-01;0;0;0;0
94;74;2021-01-02;0;0;0;0
94;74;2021-01-03;0;0;0;0
94;74;2021-01-04;0;0;0;0
94;74;2021-01-05;0;0;0;0
94;74;2021-01-06;5;0;5;0
94;74;2021-01-07;20;0;25;0
94;74;2021-01-08;23;0;48;0
94;74;2021-01-09;5;0;53;0
94;74;2021-01-10;3;0;56;0
94;74;2021-01-11;3;0;59;0
94;74;2021-01-12;22;0;81;0
94;74;2021-01-13;12;0;93;0
94;74;2021-01-14;22;0;115;0
94;74;2021-01-15;22;0;137;0
94;74;2021-01-16;16;1;153;1
94;74;2021-01-17;5;0;158;1
94;74;2021-01-18;31;1;189;2
94;74;2021-01-19;73;0;262;2
94;74;2021-01-20;59;0;321;2
94;74;2021-01-21;55;0;376;2
94;74;2021-01-22;48;0;424;2
94;74;2021-01-23;29;0;453;2
94;74;2021-01-24;17;0;470;2
94;74;2021-01-25;29;0;499;2
94;74;2021-01-26;44;0;543;2
94;74;2021-01-27;40;5;583;7
94;74;2021-01-28;58;19;641;26
94;74;2021-01-29;55;13;696;39
94;74;2021-01-30;29;8;725;47
94;74;2021-01-31;17;0;742;47
94;74;2021-02-01;39;4;781;51
94;74;2021-02-02;57;22;838;73
94;74;2021-02-03;62;9;900;82
94;74;2021-02-04;86;19;986;101
94;74;2021-02-05;47;13;1033;114
94;74;2021-02-06;24;3;1057;117
94;74;2021-02-07;11;3;1068;120
94;74;2021-02-08;27;27;1095;147
94;74;2021-02-09;65;42;1160;189
94;74;2021-02-10;73;36;1233;225
94;74;2021-02-11;78;45;1311;270
94;74;2021-02-12;81;28;1392;298
94;74;2021-02-13;53;16;1445;314
94;74;2021-02-14;36;12;1481;326
94;74;2021-02-15;42;18;1523;344
94;74;2021-02-16;78;43;1601;387
94;74;2021-02-17;76;29;1677;416
94;74;2021-02-18;82;42;1759;458
94;74;2021-02-19;39;44;1798;502
94;74;2021-02-20;34;23;1832;525
94;74;2021-02-21;15;15;1847;540
94;74;2021-02-22;36;34;1883;574
94;74;2021-02-23;47;44;1930;618
94;74;2021-02-24;36;48;1966;666
94;74;2021-02-25;42;46;2008;712
94;74;2021-02-26;59;51;2067;763
94;74;2021-02-27;60;22;2127;785
94;74;2021-02-28;20;12;2147;797
94;74;2021-03-01;52;37;2199;834
94;74;2021-03-02;85;43;2284;877
94;74;2021-03-03;83;57;2367;934
94;74;2021-03-04;167;79;2534;1013
94;74;2021-03-05;269;61;2803;1074
94;74;2021-03-06;355;21;3158;1095
94;74;2021-03-07;270;8;3428;1103
94;74;2021-03-08;254;22;3682;1125
94;74;2021-03-09;228;64;3910;1189
94;74;2021-03-10;229;55;4139;1244
94;74;2021-03-11;225;65;4364;1309
94;74;2021-03-12;277;65;4641;1374
94;74;2021-03-13;213;46;4854;1420
94;74;2021-03-14;108;44;4962;1464
94;74;2021-03-15;188;47;5150;1511
94;74;2021-03-16;208;79;5358;1590
94;74;2021-03-17;211;63;5569;1653
94;74;2021-03-18;175;83;5744;1736
94;74;2021-03-19;238;40;5982;1776
94;74;2021-03-20;312;37;6294;1813
94;74;2021-03-21;173;13;6467;1826
94;74;2021-03-22;173;32;6640;1858
94;74;2021-03-23;259;56;6899;1914
94;74;2021-03-24;338;32;7237;1946
94;74;2021-03-25;359;48;7596;1994
94;74;2021-03-26;385;72;7981;2066
94;74;2021-03-27;432;30;8413;2096
94;74;2021-03-28;205;53;8618;2149
94;74;2021-03-29;235;51;8853;2200
94;74;2021-03-30;312;95;9165;2295
94;74;2021-03-31;262;85;9427;2380
94;74;2021-04-01;293;132;9720;2512
94;74;2021-04-02;284;234;10004;2746
94;74;2021-04-03;239;224;10243;2970
94;74;2021-04-04;126;144;10369;3114
94;74;2021-04-05;95;173;10464;3287
94;74;2021-04-06;269;173;10733;3460
94;74;2021-04-07;358;139;11091;3599
94;74;2021-04-08;372;164;11463;3763
94;74;2021-04-09;246;165;11709;3928
94;74;2021-04-10;273;137;11982;4065
94;74;2021-04-11;128;61;12110;4126
94;74;2021-04-12;172;145;12282;4271
94;74;2021-04-13;170;182;12452;4453
94;74;2021-04-14;202;189;12654;4642
94;74;2021-04-15;173;163;12827;4805
94;74;2021-04-16;177;184;13004;4989
94;74;2021-04-17;181;245;13185;5234
94;74;2021-04-18;107;235;13292;5469
94;74;2021-04-19;89;151;13381;5620
94;74;2021-04-20;106;223;13487;5843
94;74;2021-04-21;129;221;13616;6064
94;79;2020-12-27;0;0;0;0
94;79;2020-12-28;0;0;0;0
94;79;2020-12-29;0;0;0;0
94;79;2020-12-30;0;0;0;0
94;79;2020-12-31;0;0;0;0
94;79;2021-01-01;0;0;0;0
94;79;2021-01-02;0;0;0;0
94;79;2021-01-03;0;0;0;0
94;79;2021-01-04;0;0;0;0
94;79;2021-01-05;0;0;0;0
94;79;2021-01-06;3;0;3;0
94;79;2021-01-07;15;0;18;0
94;79;2021-01-08;25;0;43;0
94;79;2021-01-09;0;0;43;0
94;79;2021-01-10;0;0;43;0
94;79;2021-01-11;5;0;48;0
94;79;2021-01-12;8;0;56;0
94;79;2021-01-13;6;0;62;0
94;79;2021-01-14;17;0;79;0
94;79;2021-01-15;26;0;105;0
94;79;2021-01-16;42;1;147;1
94;79;2021-01-17;33;0;180;1
94;79;2021-01-18;102;0;282;1
94;79;2021-01-19;224;0;506;1
94;79;2021-01-20;214;0;720;1
94;79;2021-01-21;218;0;938;1
94;79;2021-01-22;195;0;1133;1
94;79;2021-01-23;81;0;1214;1
94;79;2021-01-24;43;0;1257;1
94;79;2021-01-25;139;0;1396;1
94;79;2021-01-26;241;0;1637;1
94;79;2021-01-27;231;2;1868;3
94;79;2021-01-28;207;12;2075;15
94;79;2021-01-29;169;15;2244;30
94;79;2021-01-30;50;1;2294;31
94;79;2021-01-31;30;0;2324;31
94;79;2021-02-01;132;5;2456;36
94;79;2021-02-02;208;10;2664;46
94;79;2021-02-03;236;8;2900;54
94;79;2021-02-04;223;20;3123;74
94;79;2021-02-05;196;18;3319;92
94;79;2021-02-06;51;7;3370;99
94;79;2021-02-07;41;22;3411;121
94;79;2021-02-08;102;75;3513;196
94;79;2021-02-09;216;87;3729;283
94;79;2021-02-10;163;70;3892;353
94;79;2021-02-11;201;87;4093;440
94;79;2021-02-12;163;111;4256;551
94;79;2021-02-13;68;33;4324;584
94;79;2021-02-14;47;25;4371;609
94;79;2021-02-15;89;96;4460;705
94;79;2021-02-16;159;165;4619;870
94;79;2021-02-17;163;161;4782;1031
94;79;2021-02-18;155;172;4937;1203
94;79;2021-02-19;58;175;4995;1378
94;79;2021-02-20;82;61;5077;1439
94;79;2021-02-21;21;29;5098;1468
94;79;2021-02-22;39;125;5137;1593
94;79;2021-02-23;77;199;5214;1792
94;79;2021-02-24;70;201;5284;1993
94;79;2021-02-25;68;193;5352;2186
94;79;2021-02-26;82;195;5434;2381
94;79;2021-02-27;61;43;5495;2424
94;79;2021-02-28;8;27;5503;2451
94;79;2021-03-01;55;110;5558;2561
94;79;2021-03-02;87;211;5645;2772
94;79;2021-03-03;55;203;5700;2975
94;79;2021-03-04;121;193;5821;3168
94;79;2021-03-05;194;202;6015;3370
94;79;2021-03-06;144;33;6159;3403
94;79;2021-03-07;140;30;6299;3433
94;79;2021-03-08;108;101;6407;3534
94;79;2021-03-09;123;198;6530;3732
94;79;2021-03-10;130;148;6660;3880
94;79;2021-03-11;133;172;6793;4052
94;79;2021-03-12;170;149;6963;4201
94;79;2021-03-13;72;70;7035;4271
94;79;2021-03-14;58;45;7093;4316
94;79;2021-03-15;109;100;7202;4416
94;79;2021-03-16;142;171;7344;4587
94;79;2021-03-17;170;146;7514;4733
94;79;2021-03-18;116;159;7630;4892
94;79;2021-03-19;141;64;7771;4956
94;79;2021-03-20;108;76;7879;5032
94;79;2021-03-21;77;17;7956;5049
94;79;2021-03-22;76;39;8032;5088
94;79;2021-03-23;115;75;8147;5163
94;79;2021-03-24;130;64;8277;5227
94;79;2021-03-25;128;57;8405;5284
94;79;2021-03-26;125;84;8530;5368
94;79;2021-03-27;114;43;8644;5411
94;79;2021-03-28;54;59;8698;5470
94;79;2021-03-29;56;45;8754;5515
94;79;2021-03-30;87;95;8841;5610
94;79;2021-03-31;83;67;8924;5677
94;79;2021-04-01;86;134;9010;5811
94;79;2021-04-02;83;207;9093;6018
94;79;2021-04-03;59;88;9152;6106
94;79;2021-04-04;32;77;9184;6183
94;79;2021-04-05;42;59;9226;6242
94;79;2021-04-06;63;142;9289;6384
94;79;2021-04-07;81;139;9370;6523
94;79;2021-04-08;122;109;9492;6632
94;79;2021-04-09;90;154;9582;6786
94;79;2021-04-10;102;67;9684;6853
94;79;2021-04-11;47;32;9731;6885
94;79;2021-04-12;67;112;9798;6997
94;79;2021-04-13;65;136;9863;7133
94;79;2021-04-14;83;157;9946;7290
94;79;2021-04-15;56;115;10002;7405
94;79;2021-04-16;53;125;10055;7530
94;79;2021-04-17;57;97;10112;7627
94;79;2021-04-18;45;98;10157;7725
94;79;2021-04-19;46;60;10203;7785
94;79;2021-04-20;51;110;10254;7895
94;79;2021-04-21;51;100;10305;7995
94;80;2020-12-27;0;0;0;0
94;80;2020-12-28;0;0;0;0
94;80;2020-12-29;0;0;0;0
94;80;2020-12-30;0;0;0;0
94;80;2020-12-31;0;0;0;0
94;80;2021-01-01;0;0;0;0
94;80;2021-01-02;0;0;0;0
94;80;2021-01-03;0;0;0;0
94;80;2021-01-04;1;0;1;0
94;80;2021-01-05;0;0;1;0
94;80;2021-01-06;18;0;19;0
94;80;2021-01-07;160;0;179;0
94;80;2021-01-08;115;0;294;0
94;80;2021-01-09;4;0;298;0
94;80;2021-01-10;1;0;299;0
94;80;2021-01-11;17;0;316;0
94;80;2021-01-12;2;0;318;0
94;80;2021-01-13;12;0;330;0
94;80;2021-01-14;32;0;362;0
94;80;2021-01-15;98;0;460;0
94;80;2021-01-16;62;0;522;0
94;80;2021-01-17;43;1;565;1
94;80;2021-01-18;138;0;703;1
94;80;2021-01-19;419;0;1122;1
94;80;2021-01-20;332;0;1454;1
94;80;2021-01-21;366;1;1820;2
94;80;2021-01-22;296;0;2116;2
94;80;2021-01-23;93;0;2209;2
94;80;2021-01-24;63;0;2272;2
94;80;2021-01-25;183;0;2455;2
94;80;2021-01-26;321;1;2776;3
94;80;2021-01-27;301;21;3077;24
94;80;2021-01-28;311;106;3388;130
94;80;2021-01-29;249;65;3637;195
94;80;2021-01-30;80;8;3717;203
94;80;2021-01-31;78;5;3795;208
94;80;2021-02-01;201;22;3996;230
94;80;2021-02-02;292;13;4288;243
94;80;2021-02-03;358;14;4646;257
94;80;2021-02-04;307;101;4953;358
94;80;2021-02-05;287;54;5240;412
94;80;2021-02-06;89;19;5329;431
94;80;2021-02-07;63;23;5392;454
94;80;2021-02-08;135;102;5527;556
94;80;2021-02-09;310;281;5837;837
94;80;2021-02-10;266;153;6103;990
94;80;2021-02-11;266;151;6369;1141
94;80;2021-02-12;278;153;6647;1294
94;80;2021-02-13;118;42;6765;1336
94;80;2021-02-14;71;31;6836;1367
94;80;2021-02-15;166;107;7002;1474
94;80;2021-02-16;216;242;7218;1716
94;80;2021-02-17;258;216;7476;1932
94;80;2021-02-18;188;228;7664;2160
94;80;2021-02-19;111;228;7775;2388
94;80;2021-02-20;115;78;7890;2466
94;80;2021-02-21;33;36;7923;2502
94;80;2021-02-22;64;177;7987;2679
94;80;2021-02-23;114;313;8101;2992
94;80;2021-02-24;113;254;8214;3246
94;80;2021-02-25;108;265;8322;3511
94;80;2021-02-26;86;248;8408;3759
94;80;2021-02-27;94;61;8502;3820
94;80;2021-02-28;11;70;8513;3890
94;80;2021-03-01;72;185;8585;4075
94;80;2021-03-02;125;307;8710;4382
94;80;2021-03-03;87;328;8797;4710
94;80;2021-03-04;159;265;8956;4975
94;80;2021-03-05;299;277;9255;5252
94;80;2021-03-06;195;60;9450;5312
94;80;2021-03-07;162;48;9612;5360
94;80;2021-03-08;157;136;9769;5496
94;80;2021-03-09;162;256;9931;5752
94;80;2021-03-10;261;261;10192;6013
94;80;2021-03-11;206;253;10398;6266
94;80;2021-03-12;260;238;10658;6504
94;80;2021-03-13;171;122;10829;6626
94;80;2021-03-14;88;54;10917;6680
94;80;2021-03-15;146;175;11063;6855
94;80;2021-03-16;221;231;11284;7086
94;80;2021-03-17;284;230;11568;7316
94;80;2021-03-18;164;202;11732;7518
94;80;2021-03-19;203;115;11935;7633
94;80;2021-03-20;150;103;12085;7736
94;80;2021-03-21;95;30;12180;7766
94;80;2021-03-22;121;55;12301;7821
94;80;2021-03-23;216;113;12517;7934
94;80;2021-03-24;199;93;12716;8027
94;80;2021-03-25;161;72;12877;8099
94;80;2021-03-26;201;78;13078;8177
94;80;2021-03-27;153;80;13231;8257
94;80;2021-03-28;63;80;13294;8337
94;80;2021-03-29;81;51;13375;8388
94;80;2021-03-30;133;216;13508;8604
94;80;2021-03-31;124;126;13632;8730
94;80;2021-04-01;126;148;13758;8878
94;80;2021-04-02;145;295;13903;9173
94;80;2021-04-03;73;125;13976;9298
94;80;2021-04-04;37;95;14013;9393
94;80;2021-04-05;31;68;14044;9461
94;80;2021-04-06;84;202;14128;9663
94;80;2021-04-07;134;229;14262;9892
94;80;2021-04-08;163;189;14425;10081
94;80;2021-04-09;119;203;14544;10284
94;80;2021-04-10;117;164;14661;10448
94;80;2021-04-11;40;54;14701;10502
94;80;2021-04-12;84;169;14785;10671
94;80;2021-04-13;57;211;14842;10882
94;80;2021-04-14;100;232;14942;11114
94;80;2021-04-15;81;183;15023;11297
94;80;2021-04-16;94;190;15117;11487
94;80;2021-04-17;97;135;15214;11622
94;80;2021-04-18;66;129;15280;11751
94;80;2021-04-19;43;107;15323;11858
94;80;2021-04-20;46;154;15369;12012
94;80;2021-04-21;68;145;15437;12157
01;0;2020-12-27;0;0;0;0
01;0;2020-12-28;0;0;0;0
01;0;2020-12-29;0;0;0;0
01;0;2020-12-30;0;0;0;0
01;0;2020-12-31;0;0;0;0
01;0;2021-01-01;0;0;0;0
01;0;2021-01-02;0;0;0;0
01;0;2021-01-03;0;0;0;0
01;0;2021-01-04;0;0;0;0
01;0;2021-01-05;0;0;0;0
01;0;2021-01-06;0;0;0;0
01;0;2021-01-07;0;0;0;0
01;0;2021-01-08;1;0;1;0
01;0;2021-01-09;2;0;3;0
01;0;2021-01-10;0;0;3;0
01;0;2021-01-11;0;0;3;0
01;0;2021-01-12;21;0;24;0
01;0;2021-01-13;52;0;76;0
01;0;2021-01-14;69;0;145;0
01;0;2021-01-15;78;0;223;0
01;0;2021-01-16;0;0;223;0
01;0;2021-01-17;0;0;223;0
01;0;2021-01-18;66;0;289;0
01;0;2021-01-19;108;0;397;0
01;0;2021-01-20;68;0;465;0
01;0;2021-01-21;107;0;572;0
01;0;2021-01-22;96;0;668;0
01;0;2021-01-23;1;0;669;0
01;0;2021-01-24;0;0;669;0
01;0;2021-01-25;160;0;829;0
01;0;2021-01-26;125;1;954;1
01;0;2021-01-27;203;0;1157;1
01;0;2021-01-28;112;2;1269;3
01;0;2021-01-29;125;2;1394;5
01;0;2021-01-30;2;0;1396;5
01;0;2021-01-31;0;0;1396;5
01;0;2021-02-01;95;5;1491;10
01;0;2021-02-02;159;24;1650;34
01;0;2021-02-03;135;9;1785;43
01;0;2021-02-04;145;25;1930;68
01;0;2021-02-05;149;28;2079;96
01;0;2021-02-06;1;0;2080;96
01;0;2021-02-07;0;0;2080;96
01;0;2021-02-08;106;20;2186;116
01;0;2021-02-09;207;38;2393;154
01;0;2021-02-10;135;42;2528;196
01;0;2021-02-11;219;113;2747;309
01;0;2021-02-12;270;42;3017;351
01;0;2021-02-13;0;9;3017;360
01;0;2021-02-14;12;33;3029;393
01;0;2021-02-15;92;32;3121;425
01;0;2021-02-16;13;1;3134;426
01;0;2021-02-17;0;0;3134;426
01;0;2021-02-18;169;39;3303;465
01;0;2021-02-19;223;60;3526;525
01;0;2021-02-20;0;0;3526;525
01;0;2021-02-21;0;0;3526;525
01;0;2021-02-22;107;62;3633;587
01;0;2021-02-23;172;92;3805;679
01;0;2021-02-24;208;112;4013;791
01;0;2021-02-25;243;77;4256;868
01;0;2021-02-26;117;99;4373;967
01;0;2021-02-27;0;0;4373;967
01;0;2021-02-28;1;0;4374;967
01;0;2021-03-01;57;83;4431;1050
01;0;2021-03-02;193;157;4624;1207
01;0;2021-03-03;96;134;4720;1341
01;0;2021-03-04;194;100;4914;1441
01;0;2021-03-05;234;130;5148;1571
01;0;2021-03-06;74;0;5222;1571
01;0;2021-03-07;0;0;5222;1571
01;0;2021-03-08;155;122;5377;1693
01;0;2021-03-09;239;170;5616;1863
01;0;2021-03-10;246;159;5862;2022
01;0;2021-03-11;97;43;5959;2065
01;0;2021-03-12;234;191;6193;2256
01;0;2021-03-13;51;16;6244;2272
01;0;2021-03-14;2;0;6246;2272
01;0;2021-03-15;173;34;6419;2306
01;0;2021-03-16;287;73;6706;2379
01;0;2021-03-17;277;141;6983;2520
01;0;2021-03-18;349;190;7332;2710
01;0;2021-03-19;360;92;7692;2802
01;0;2021-03-20;25;0;7717;2802
01;0;2021-03-21;0;0;7717;2802
01;0;2021-03-22;168;82;7885;2884
01;0;2021-03-23;328;149;8213;3033
01;0;2021-03-24;271;97;8484;3130
01;0;2021-03-25;524;138;9008;3268
01;0;2021-03-26;463;129;9471;3397
01;0;2021-03-27;229;1;9700;3398
01;0;2021-03-28;4;0;9704;3398
01;0;2021-03-29;201;76;9905;3474
01;0;2021-03-30;498;197;10403;3671
01;0;2021-03-31;402;148;10805;3819
01;0;2021-04-01;438;166;11243;3985
01;0;2021-04-02;35;24;11278;4009
01;0;2021-04-03;40;1;11318;4010
01;0;2021-04-04;4;2;11322;4012
01;0;2021-04-05;0;0;11322;4012
01;0;2021-04-06;265;188;11587;4200
01;0;2021-04-07;407;169;11994;4369
01;0;2021-04-08;295;205;12289;4574
01;0;2021-04-09;321;230;12610;4804
01;0;2021-04-10;88;25;12698;4829
01;0;2021-04-11;0;0;12698;4829
01;0;2021-04-12;129;196;12827;5025
01;0;2021-04-13;335;344;13162;5369
01;0;2021-04-14;220;230;13382;5599
01;0;2021-04-15;301;243;13683;5842
01;0;2021-04-16;291;304;13974;6146
01;0;2021-04-17;227;3;14201;6149
01;0;2021-04-18;0;0;14201;6149
01;0;2021-04-19;162;193;14363;6342
01;0;2021-04-20;453;326;14816;6668
01;0;2021-04-21;322;215;15138;6883
02;0;2020-12-27;0;0;0;0
02;0;2020-12-28;0;0;0;0
02;0;2020-12-29;0;0;0;0
02;0;2020-12-30;0;0;0;0
02;0;2020-12-31;0;0;0;0
02;0;2021-01-01;0;0;0;0
02;0;2021-01-02;0;0;0;0
02;0;2021-01-03;0;0;0;0
02;0;2021-01-04;0;0;0;0
02;0;2021-01-05;0;0;0;0
02;0;2021-01-06;5;0;5;0
02;0;2021-01-07;31;0;36;0
02;0;2021-01-08;79;0;115;0
02;0;2021-01-09;20;0;135;0
02;0;2021-01-10;0;0;135;0
02;0;2021-01-11;117;0;252;0
02;0;2021-01-12;78;0;330;0
02;0;2021-01-13;64;0;394;0
02;0;2021-01-14;82;0;476;0
02;0;2021-01-15;131;0;607;0
02;0;2021-01-16;51;1;658;1
02;0;2021-01-17;0;0;658;1
02;0;2021-01-18;158;0;816;1
02;0;2021-01-19;140;0;956;1
02;0;2021-01-20;163;0;1119;1
02;0;2021-01-21;181;0;1300;1
02;0;2021-01-22;156;0;1456;1
02;0;2021-01-23;58;0;1514;1
02;0;2021-01-24;0;0;1514;1
02;0;2021-01-25;159;0;1673;1
02;0;2021-01-26;132;0;1805;1
02;0;2021-01-27;160;6;1965;7
02;0;2021-01-28;143;24;2108;31
02;0;2021-01-29;143;57;2251;88
02;0;2021-01-30;95;16;2346;104
02;0;2021-01-31;0;0;2346;104
02;0;2021-02-01;119;105;2465;209
02;0;2021-02-02;184;82;2649;291
02;0;2021-02-03;127;71;2776;362
02;0;2021-02-04;158;64;2934;426
02;0;2021-02-05;120;87;3054;513
02;0;2021-02-06;62;25;3116;538
02;0;2021-02-07;1;0;3117;538
02;0;2021-02-08;136;95;3253;633
02;0;2021-02-09;174;71;3427;704
02;0;2021-02-10;138;89;3565;793
02;0;2021-02-11;142;110;3707;903
02;0;2021-02-12;123;124;3830;1027
02;0;2021-02-13;38;39;3868;1066
02;0;2021-02-14;0;0;3868;1066
02;0;2021-02-15;51;63;3919;1129
02;0;2021-02-16;0;0;3919;1129
02;0;2021-02-17;0;2;3919;1131
02;0;2021-02-18;68;130;3987;1261
02;0;2021-02-19;69;129;4056;1390
02;0;2021-02-20;48;69;4104;1459
02;0;2021-02-21;0;0;4104;1459
02;0;2021-02-22;99;135;4203;1594
02;0;2021-02-23;113;221;4316;1815
02;0;2021-02-24;105;173;4421;1988
02;0;2021-02-25;89;157;4510;2145
02;0;2021-02-26;113;166;4623;2311
02;0;2021-02-27;69;52;4692;2363
02;0;2021-02-28;0;0;4692;2363
02;0;2021-03-01;138;138;4830;2501
02;0;2021-03-02;156;116;4986;2617
02;0;2021-03-03;178;104;5164;2721
02;0;2021-03-04;144;131;5308;2852
02;0;2021-03-05;239;119;5547;2971
02;0;2021-03-06;117;59;5664;3030
02;0;2021-03-07;98;0;5762;3030
02;0;2021-03-08;194;125;5956;3155
02;0;2021-03-09;266;124;6222;3279
02;0;2021-03-10;321;118;6543;3397
02;0;2021-03-11;322;71;6865;3468
02;0;2021-03-12;385;49;7250;3517
02;0;2021-03-13;153;22;7403;3539
02;0;2021-03-14;4;0;7407;3539
02;0;2021-03-15;276;93;7683;3632
02;0;2021-03-16;305;48;7988;3680
02;0;2021-03-17;384;42;8372;3722
02;0;2021-03-18;426;33;8798;3755
02;0;2021-03-19;389;65;9187;3820
02;0;2021-03-20;148;38;9335;3858
02;0;2021-03-21;25;1;9360;3859
02;0;2021-03-22;361;109;9721;3968
02;0;2021-03-23;395;123;10116;4091
02;0;2021-03-24;420;90;10536;4181
02;0;2021-03-25;432;87;10968;4268
02;0;2021-03-26;607;94;11575;4362
02;0;2021-03-27;149;69;11724;4431
02;0;2021-03-28;81;4;11805;4435
02;0;2021-03-29;413;152;12218;4587
02;0;2021-03-30;461;243;12679;4830
02;0;2021-03-31;1124;173;13803;5003
02;0;2021-04-01;911;168;14714;5171
02;0;2021-04-02;885;1;15599;5172
02;0;2021-04-03;782;37;16381;5209
02;0;2021-04-04;749;2;17130;5211
02;0;2021-04-05;820;5;17950;5216
02;0;2021-04-06;870;122;18820;5338
02;0;2021-04-07;1391;285;20211;5623
02;0;2021-04-08;1266;258;21477;5881
02;0;2021-04-09;1216;280;22693;6161
02;0;2021-04-10;834;147;23527;6308
02;0;2021-04-11;618;7;24145;6315
02;0;2021-04-12;850;276;24995;6591
02;0;2021-04-13;850;300;25845;6891
02;0;2021-04-14;914;313;26759;7204
02;0;2021-04-15;914;289;27673;7493
02;0;2021-04-16;947;274;28620;7767
02;0;2021-04-17;516;144;29136;7911
02;0;2021-04-18;339;47;29475;7958
02;0;2021-04-19;664;337;30139;8295
02;0;2021-04-20;829;300;30968;8595
02;0;2021-04-21;887;297;31855;8892
03;0;2020-12-27;0;0;0;0
03;0;2020-12-28;0;0;0;0
03;0;2020-12-29;0;0;0;0
03;0;2020-12-30;0;0;0;0
03;0;2020-12-31;0;0;0;0
03;0;2021-01-01;0;0;0;0
03;0;2021-01-02;0;0;0;0
03;0;2021-01-03;0;0;0;0
03;0;2021-01-04;0;0;0;0
03;0;2021-01-05;0;0;0;0
03;0;2021-01-06;0;0;0;0
03;0;2021-01-07;0;0;0;0
03;0;2021-01-08;0;0;0;0
03;0;2021-01-09;0;0;0;0
03;0;2021-01-10;0;0;0;0
03;0;2021-01-11;0;0;0;0
03;0;2021-01-12;0;0;0;0
03;0;2021-01-13;30;0;30;0
03;0;2021-01-14;46;0;76;0
03;0;2021-01-15;34;0;110;0
03;0;2021-01-16;18;0;128;0
03;0;2021-01-17;0;0;128;0
03;0;2021-01-18;62;0;190;0
03;0;2021-01-19;146;0;336;0
03;0;2021-01-20;132;0;468;0
03;0;2021-01-21;118;0;586;0
03;0;2021-01-22;75;0;661;0
03;0;2021-01-23;0;0;661;0
03;0;2021-01-24;0;0;661;0
03;0;2021-01-25;56;0;717;0
03;0;2021-01-26;100;0;817;0
03;0;2021-01-27;109;0;926;0
03;0;2021-01-28;96;2;1022;2
03;0;2021-01-29;103;2;1125;4
03;0;2021-01-30;0;0;1125;4
03;0;2021-01-31;0;0;1125;4
03;0;2021-02-01;54;0;1179;4
03;0;2021-02-02;122;4;1301;8
03;0;2021-02-03;115;18;1416;26
03;0;2021-02-04;79;37;1495;63
03;0;2021-02-05;65;7;1560;70
03;0;2021-02-06;0;0;1560;70
03;0;2021-02-07;0;0;1560;70
03;0;2021-02-08;50;12;1610;82
03;0;2021-02-09;92;38;1702;120
03;0;2021-02-10;100;80;1802;200
03;0;2021-02-11;100;72;1902;272
03;0;2021-02-12;86;43;1988;315
03;0;2021-02-13;0;0;1988;315
03;0;2021-02-14;0;0;1988;315
03;0;2021-02-15;27;64;2015;379
03;0;2021-02-16;123;51;2138;430
03;0;2021-02-17;145;125;2283;555
03;0;2021-02-18;102;140;2385;695
03;0;2021-02-19;121;72;2506;767
03;0;2021-02-20;0;0;2506;767
03;0;2021-02-21;0;0;2506;767
03;0;2021-02-22;78;48;2584;815
03;0;2021-02-23;156;95;2740;910
03;0;2021-02-24;188;119;2928;1029
03;0;2021-02-25;257;91;3185;1120
03;0;2021-02-26;264;67;3449;1187
03;0;2021-02-27;118;1;3567;1188
03;0;2021-02-28;0;0;3567;1188
03;0;2021-03-01;173;87;3740;1275
03;0;2021-03-02;252;105;3992;1380
03;0;2021-03-03;254;126;4246;1506
03;0;2021-03-04;277;74;4523;1580
03;0;2021-03-05;263;62;4786;1642
03;0;2021-03-06;116;1;4902;1643
03;0;2021-03-07;0;0;4902;1643
03;0;2021-03-08;186;33;5088;1676
03;0;2021-03-09;334;77;5422;1753
03;0;2021-03-10;352;113;5774;1866
03;0;2021-03-11;259;115;6033;1981
03;0;2021-03-12;284;89;6317;2070
03;0;2021-03-13;110;2;6427;2072
03;0;2021-03-14;0;0;6427;2072
03;0;2021-03-15;180;23;6607;2095
03;0;2021-03-16;238;136;6845;2231
03;0;2021-03-17;269;137;7114;2368
03;0;2021-03-18;250;129;7364;2497
03;0;2021-03-19;279;114;7643;2611
03;0;2021-03-20;252;12;7895;2623
03;0;2021-03-21;119;1;8014;2624
03;0;2021-03-22;215;98;8229;2722
03;0;2021-03-23;246;183;8475;2905
03;0;2021-03-24;224;196;8699;3101
03;0;2021-03-25;164;172;8863;3273
03;0;2021-03-26;185;287;9048;3560
03;0;2021-03-27;51;89;9099;3649
03;0;2021-03-28;0;0;9099;3649
03;0;2021-03-29;174;221;9273;3870
03;0;2021-03-30;332;216;9605;4086
03;0;2021-03-31;298;253;9903;4339
03;0;2021-04-01;374;273;10277;4612
03;0;2021-04-02;240;230;10517;4842
03;0;2021-04-03;102;114;10619;4956
03;0;2021-04-04;0;0;10619;4956
03;0;2021-04-05;117;7;10736;4963
03;0;2021-04-06;345;332;11081;5295
03;0;2021-04-07;407;308;11488;5603
03;0;2021-04-08;406;211;11894;5814
03;0;2021-04-09;434;207;12328;6021
03;0;2021-04-10;143;86;12471;6107
03;0;2021-04-11;0;0;12471;6107
03;0;2021-04-12;484;237;12955;6344
03;0;2021-04-13;559;201;13514;6545
03;0;2021-04-14;593;226;14107;6771
03;0;2021-04-15;595;200;14702;6971
03;0;2021-04-16;620;240;15322;7211
03;0;2021-04-17;427;97;15749;7308
03;0;2021-04-18;451;8;16200;7316
03;0;2021-04-19;610;203;16810;7519
03;0;2021-04-20;523;225;17333;7744
03;0;2021-04-21;611;165;17944;7909
04;0;2020-12-27;0;0;0;0
04;0;2020-12-28;0;0;0;0
04;0;2020-12-29;0;0;0;0
04;0;2020-12-30;0;0;0;0
04;0;2020-12-31;0;0;0;0
04;0;2021-01-01;1;0;1;0
04;0;2021-01-02;0;0;1;0
04;0;2021-01-03;0;0;1;0
04;0;2021-01-04;0;0;1;0
04;0;2021-01-05;2;0;3;0
04;0;2021-01-06;0;0;3;0
04;0;2021-01-07;0;0;3;0
04;0;2021-01-08;0;0;3;0
04;0;2021-01-09;1;0;4;0
04;0;2021-01-10;0;0;4;0
04;0;2021-01-11;0;0;4;0
04;0;2021-01-12;0;0;4;0
04;0;2021-01-13;0;0;4;0
04;0;2021-01-14;0;0;4;0
04;0;2021-01-15;332;0;336;0
04;0;2021-01-16;27;0;363;0
04;0;2021-01-17;0;0;363;0
04;0;2021-01-18;49;0;412;0
04;0;2021-01-19;394;0;806;0
04;0;2021-01-20;450;0;1256;0
04;0;2021-01-21;609;1;1865;1
04;0;2021-01-22;409;0;2274;1
04;0;2021-01-23;75;0;2349;1
04;0;2021-01-24;0;0;2349;1
04;0;2021-01-25;271;0;2620;1
04;0;2021-01-26;429;0;3049;1
04;0;2021-01-27;317;0;3366;1
04;0;2021-01-28;406;0;3772;1
04;0;2021-01-29;421;3;4193;4
04;0;2021-01-30;419;1;4612;5
04;0;2021-01-31;0;0;4612;5
04;0;2021-02-01;372;5;4984;10
04;0;2021-02-02;496;3;5480;13
04;0;2021-02-03;590;13;6070;26
04;0;2021-02-04;626;21;6696;47
04;0;2021-02-05;564;241;7260;288
04;0;2021-02-06;500;4;7760;292
04;0;2021-02-07;0;0;7760;292
04;0;2021-02-08;464;34;8224;326
04;0;2021-02-09;770;117;8994;443
04;0;2021-02-10;749;93;9743;536
04;0;2021-02-11;779;109;10522;645
04;0;2021-02-12;635;80;11157;725
04;0;2021-02-13;544;28;11701;753
04;0;2021-02-14;1;0;11702;753
04;0;2021-02-15;524;154;12226;907
04;0;2021-02-16;648;515;12874;1422
04;0;2021-02-17;526;370;13400;1792
04;0;2021-02-18;493;474;13893;2266
04;0;2021-02-19;496;285;14389;2551
04;0;2021-02-20;576;108;14965;2659
04;0;2021-02-21;0;0;14965;2659
04;0;2021-02-22;400;232;15365;2891
04;0;2021-02-23;607;236;15972;3127
04;0;2021-02-24;580;271;16552;3398
04;0;2021-02-25;641;310;17193;3708
04;0;2021-02-26;483;461;17676;4169
04;0;2021-02-27;344;430;18020;4599
04;0;2021-02-28;0;0;18020;4599
04;0;2021-03-01;288;410;18308;5009
04;0;2021-03-02;484;611;18792;5620
04;0;2021-03-03;755;685;19547;6305
04;0;2021-03-04;759;639;20306;6944
04;0;2021-03-05;726;502;21032;7446
04;0;2021-03-06;812;483;21844;7929
04;0;2021-03-07;0;0;21844;7929
04;0;2021-03-08;434;490;22278;8419
04;0;2021-03-09;666;683;22944;9102
04;0;2021-03-10;644;752;23588;9854
04;0;2021-03-11;690;703;24278;10557
04;0;2021-03-12;727;620;25005;11177
04;0;2021-03-13;667;597;25672;11774
04;0;2021-03-14;2;0;25674;11774
04;0;2021-03-15;503;491;26177;12265
04;0;2021-03-16;679;715;26856;12980
04;0;2021-03-17;844;575;27700;13555
04;0;2021-03-18;1046;535;28746;14090
04;0;2021-03-19;784;464;29530;14554
04;0;2021-03-20;575;591;30105;15145
04;0;2021-03-21;0;0;30105;15145
04;0;2021-03-22;565;468;30670;15613
04;0;2021-03-23;780;605;31450;16218
04;0;2021-03-24;792;636;32242;16854
04;0;2021-03-25;936;549;33178;17403
04;0;2021-03-26;916;438;34094;17841
04;0;2021-03-27;781;335;34875;18176
04;0;2021-03-28;1;0;34876;18176
04;0;2021-03-29;956;269;35832;18445
04;0;2021-03-30;879;494;36711;18939
04;0;2021-03-31;725;674;37436;19613
04;0;2021-04-01;676;701;38112;20314
04;0;2021-04-02;681;724;38793;21038
04;0;2021-04-03;677;684;39470;21722
04;0;2021-04-04;0;0;39470;21722
04;0;2021-04-05;0;0;39470;21722
04;0;2021-04-06;775;759;40245;22481
04;0;2021-04-07;1312;677;41557;23158
04;0;2021-04-08;1713;756;43270;23914
04;0;2021-04-09;1447;762;44717;24676
04;0;2021-04-10;1127;643;45844;25319
04;0;2021-04-11;2;0;45846;25319
04;0;2021-04-12;1209;522;47055;25841
04;0;2021-04-13;1424;749;48479;26590
04;0;2021-04-14;1947;764;50426;27354
04;0;2021-04-15;2321;952;52747;28306
04;0;2021-04-16;1830;765;54577;29071
04;0;2021-04-17;1272;593;55849;29664
04;0;2021-04-18;0;0;55849;29664
04;0;2021-04-19;1370;541;57219;30205
04;0;2021-04-20;1632;792;58851;30997
04;0;2021-04-21;1985;593;60836;31590
06;0;2020-12-27;0;0;0;0
06;0;2020-12-28;0;0;0;0
06;0;2020-12-29;0;0;0;0
06;0;2020-12-30;0;0;0;0
06;0;2020-12-31;0;0;0;0
06;0;2021-01-01;0;0;0;0
06;0;2021-01-02;0;0;0;0
06;0;2021-01-03;0;0;0;0
06;0;2021-01-04;0;0;0;0
06;0;2021-01-05;0;0;0;0
06;0;2021-01-06;0;0;0;0
06;0;2021-01-07;0;0;0;0
06;0;2021-01-08;0;0;0;0
06;0;2021-01-09;0;0;0;0
06;0;2021-01-10;0;0;0;0
06;0;2021-01-11;9;0;9;0
06;0;2021-01-12;0;0;9;0
06;0;2021-01-13;0;0;9;0
06;0;2021-01-14;0;0;9;0
06;0;2021-01-15;0;0;9;0
06;0;2021-01-16;0;0;9;0
06;0;2021-01-17;0;0;9;0
06;0;2021-01-18;0;0;9;0
06;0;2021-01-19;0;0;9;0
06;0;2021-01-20;0;0;9;0
06;0;2021-01-21;0;0;9;0
06;0;2021-01-22;0;0;9;0
06;0;2021-01-23;1;0;10;0
06;0;2021-01-24;0;0;10;0
06;0;2021-01-25;139;0;149;0
06;0;2021-01-26;162;2;311;2
06;0;2021-01-27;249;0;560;2
06;0;2021-01-28;101;4;661;6
06;0;2021-01-29;230;1;891;7
06;0;2021-01-30;284;2;1175;9
06;0;2021-01-31;1;0;1176;9
06;0;2021-02-01;102;3;1278;12
06;0;2021-02-02;328;0;1606;12
06;0;2021-02-03;213;1;1819;13
06;0;2021-02-04;213;2;2032;15
06;0;2021-02-05;211;0;2243;15
06;0;2021-02-06;82;1;2325;16
06;0;2021-02-07;0;0;2325;16
06;0;2021-02-08;81;2;2406;18
06;0;2021-02-09;160;2;2566;20
06;0;2021-02-10;152;0;2718;20
06;0;2021-02-11;224;0;2942;20
06;0;2021-02-12;268;1;3210;21
06;0;2021-02-13;56;0;3266;21
06;0;2021-02-14;1;0;3267;21
06;0;2021-02-15;272;1;3539;22
06;0;2021-02-16;252;7;3791;29
06;0;2021-02-17;166;1;3957;30
06;0;2021-02-18;213;3;4170;33
06;0;2021-02-19;235;7;4405;40
06;0;2021-02-20;138;4;4543;44
06;0;2021-02-21;0;0;4543;44
06;0;2021-02-22;131;159;4674;203
06;0;2021-02-23;186;179;4860;382
06;0;2021-02-24;175;132;5035;514
06;0;2021-02-25;202;237;5237;751
06;0;2021-02-26;238;273;5475;1024
06;0;2021-02-27;0;1;5475;1025
06;0;2021-02-28;0;1;5475;1026
06;0;2021-03-01;137;264;5612;1290
06;0;2021-03-02;206;263;5818;1553
06;0;2021-03-03;163;118;5981;1671
06;0;2021-03-04;177;85;6158;1756
06;0;2021-03-05;105;62;6263;1818
06;0;2021-03-06;0;0;6263;1818
06;0;2021-03-07;0;0;6263;1818
06;0;2021-03-08;125;25;6388;1843
06;0;2021-03-09;328;34;6716;1877
06;0;2021-03-10;109;131;6825;2008
06;0;2021-03-11;107;62;6932;2070
06;0;2021-03-12;169;94;7101;2164
06;0;2021-03-13;1;0;7102;2164
06;0;2021-03-14;0;0;7102;2164
06;0;2021-03-15;142;270;7244;2434
06;0;2021-03-16;209;162;7453;2596
06;0;2021-03-17;234;80;7687;2676
06;0;2021-03-18;165;203;7852;2879
06;0;2021-03-19;147;198;7999;3077
06;0;2021-03-20;0;0;7999;3077
06;0;2021-03-21;0;0;7999;3077
06;0;2021-03-22;95;142;8094;3219
06;0;2021-03-23;136;215;8230;3434
06;0;2021-03-24;159;122;8389;3556
06;0;2021-03-25;180;199;8569;3755
06;0;2021-03-26;127;147;8696;3902
06;0;2021-03-27;6;0;8702;3902
06;0;2021-03-28;0;0;8702;3902
06;0;2021-03-29;0;0;8702;3902
06;0;2021-03-30;247;302;8949;4204
06;0;2021-03-31;201;110;9150;4314
06;0;2021-04-01;191;107;9341;4421
06;0;2021-04-02;210;132;9551;4553
06;0;2021-04-03;661;171;10212;4724
06;0;2021-04-04;0;1;10212;4725
06;0;2021-04-05;0;0;10212;4725
06;0;2021-04-06;125;186;10337;4911
06;0;2021-04-07;175;192;10512;5103
06;0;2021-04-08;231;122;10743;5225
06;0;2021-04-09;239;146;10982;5371
06;0;2021-04-10;107;45;11089;5416
06;0;2021-04-11;7;0;11096;5416
06;0;2021-04-12;0;0;11096;5416
06;0;2021-04-13;222;207;11318;5623
06;0;2021-04-14;126;119;11444;5742
06;0;2021-04-15;102;46;11546;5788
06;0;2021-04-16;92;55;11638;5843
06;0;2021-04-17;53;41;11691;5884
06;0;2021-04-18;0;0;11691;5884
06;0;2021-04-19;0;0;11691;5884
06;0;2021-04-20;256;122;11947;6006
06;0;2021-04-21;280;70;12227;6076
07;0;2020-12-27;0;0;0;0
07;0;2020-12-28;0;0;0;0
07;0;2020-12-29;0;0;0;0
07;0;2020-12-30;0;0;0;0
07;0;2020-12-31;0;0;0;0
07;0;2021-01-01;0;0;0;0
07;0;2021-01-02;0;0;0;0
07;0;2021-01-03;0;0;0;0
07;0;2021-01-04;0;0;0;0
07;0;2021-01-05;0;0;0;0
07;0;2021-01-06;0;0;0;0
07;0;2021-01-07;0;0;0;0
07;0;2021-01-08;0;0;0;0
07;0;2021-01-09;0;0;0;0
07;0;2021-01-10;0;0;0;0
07;0;2021-01-11;0;0;0;0
07;0;2021-01-12;0;0;0;0
07;0;2021-01-13;0;0;0;0
07;0;2021-01-14;0;0;0;0
07;0;2021-01-15;1;0;1;0
07;0;2021-01-16;0;0;1;0
07;0;2021-01-17;0;0;1;0
07;0;2021-01-18;0;0;1;0
07;0;2021-01-19;0;0;1;0
07;0;2021-01-20;0;0;1;0
07;0;2021-01-21;2;0;3;0
07;0;2021-01-22;0;0;3;0
07;0;2021-01-23;0;0;3;0
07;0;2021-01-24;0;0;3;0
07;0;2021-01-25;0;0;3;0
07;0;2021-01-26;0;0;3;0
07;0;2021-01-27;0;0;3;0
07;0;2021-01-28;1;0;4;0
07;0;2021-01-29;0;0;4;0
07;0;2021-01-30;0;0;4;0
07;0;2021-01-31;0;0;4;0
07;0;2021-02-01;0;0;4;0
07;0;2021-02-02;0;0;4;0
07;0;2021-02-03;7;0;11;0
07;0;2021-02-04;12;0;23;0
07;0;2021-02-05;10;2;33;2
07;0;2021-02-06;0;0;33;2
07;0;2021-02-07;0;0;33;2
07;0;2021-02-08;9;0;42;2
07;0;2021-02-09;25;0;67;2
07;0;2021-02-10;18;0;85;2
07;0;2021-02-11;31;0;116;2
07;0;2021-02-12;21;0;137;2
07;0;2021-02-13;0;0;137;2
07;0;2021-02-14;0;0;137;2
07;0;2021-02-15;0;0;137;2
07;0;2021-02-16;1;0;138;2
07;0;2021-02-17;0;1;138;3
07;0;2021-02-18;18;2;156;5
07;0;2021-02-19;22;0;178;5
07;0;2021-02-20;0;0;178;5
07;0;2021-02-21;0;0;178;5
07;0;2021-02-22;0;0;178;5
07;0;2021-02-23;0;0;178;5
07;0;2021-02-24;20;0;198;5
07;0;2021-02-25;15;10;213;15
07;0;2021-02-26;20;10;233;25
07;0;2021-02-27;0;0;233;25
07;0;2021-02-28;0;0;233;25
07;0;2021-03-01;0;0;233;25
07;0;2021-03-02;17;13;250;38
07;0;2021-03-03;0;0;250;38
07;0;2021-03-04;23;20;273;58
07;0;2021-03-05;17;9;290;67
07;0;2021-03-06;0;0;290;67
07;0;2021-03-07;0;0;290;67
07;0;2021-03-08;1;0;291;67
07;0;2021-03-09;1;0;292;67
07;0;2021-03-10;0;0;292;67
07;0;2021-03-11;16;16;308;83
07;0;2021-03-12;28;20;336;103
07;0;2021-03-13;0;0;336;103
07;0;2021-03-14;11;0;347;103
07;0;2021-03-15;1;0;348;103
07;0;2021-03-16;30;11;378;114
07;0;2021-03-17;0;1;378;115
07;0;2021-03-18;29;17;407;132
07;0;2021-03-19;26;18;433;150
07;0;2021-03-20;0;0;433;150
07;0;2021-03-21;8;0;441;150
07;0;2021-03-22;0;0;441;150
07;0;2021-03-23;0;0;441;150
07;0;2021-03-24;0;0;441;150
07;0;2021-03-25;77;23;518;173
07;0;2021-03-26;48;13;566;186
07;0;2021-03-27;0;0;566;186
07;0;2021-03-28;0;0;566;186
07;0;2021-03-29;0;0;566;186
07;0;2021-03-30;36;16;602;202
07;0;2021-03-31;7;0;609;202
07;0;2021-04-01;58;30;667;232
07;0;2021-04-02;7;0;674;232
07;0;2021-04-03;14;0;688;232
07;0;2021-04-04;0;0;688;232
07;0;2021-04-05;0;0;688;232
07;0;2021-04-06;0;0;688;232
07;0;2021-04-07;50;0;738;232
07;0;2021-04-08;101;28;839;260
07;0;2021-04-09;89;21;928;281
07;0;2021-04-10;7;0;935;281
07;0;2021-04-11;0;0;935;281
07;0;2021-04-12;0;0;935;281
07;0;2021-04-13;0;2;935;283
07;0;2021-04-14;62;3;997;286
07;0;2021-04-15;212;59;1209;345
07;0;2021-04-16;155;25;1364;370
07;0;2021-04-17;15;0;1379;370
07;0;2021-04-18;0;0;1379;370
07;0;2021-04-19;4;0;1383;370
07;0;2021-04-20;315;33;1698;403
07;0;2021-04-21;419;10;2117;413
08;0;2020-12-27;0;0;0;0
08;0;2020-12-28;0;0;0;0
08;0;2020-12-29;0;0;0;0
08;0;2020-12-30;0;0;0;0
08;0;2020-12-31;0;0;0;0
08;0;2021-01-01;0;0;0;0
08;0;2021-01-02;0;0;0;0
08;0;2021-01-03;0;0;0;0
08;0;2021-01-04;0;0;0;0
08;0;2021-01-05;0;0;0;0
08;0;2021-01-06;0;0;0;0
08;0;2021-01-07;0;0;0;0
08;0;2021-01-08;0;0;0;0
08;0;2021-01-09;0;0;0;0
08;0;2021-01-10;0;0;0;0
08;0;2021-01-11;0;0;0;0
08;0;2021-01-12;0;0;0;0
08;0;2021-01-13;0;0;0;0
08;0;2021-01-14;0;0;0;0
08;0;2021-01-15;0;0;0;0
08;0;2021-01-16;0;0;0;0
08;0;2021-01-17;0;0;0;0
08;0;2021-01-18;0;0;0;0
08;0;2021-01-19;0;0;0;0
08;0;2021-01-20;0;0;0;0
08;0;2021-01-21;0;0;0;0
08;0;2021-01-22;0;0;0;0
08;0;2021-01-23;0;0;0;0
08;0;2021-01-24;0;0;0;0
08;0;2021-01-25;0;0;0;0
08;0;2021-01-26;0;0;0;0
08;0;2021-01-27;0;0;0;0
08;0;2021-01-28;0;0;0;0
08;0;2021-01-29;0;0;0;0
08;0;2021-01-30;0;0;0;0
08;0;2021-01-31;0;0;0;0
08;0;2021-02-01;0;0;0;0
08;0;2021-02-02;4;0;4;0
08;0;2021-02-03;0;0;4;0
08;0;2021-02-04;27;0;31;0
08;0;2021-02-05;0;0;31;0
08;0;2021-02-06;0;0;31;0
08;0;2021-02-07;0;0;31;0
08;0;2021-02-08;0;0;31;0
08;0;2021-02-09;3;0;34;0
08;0;2021-02-10;3;0;37;0
08;0;2021-02-11;0;0;37;0
08;0;2021-02-12;1;0;38;0
08;0;2021-02-13;0;0;38;0
08;0;2021-02-14;0;0;38;0
08;0;2021-02-15;5;0;43;0
08;0;2021-02-16;0;0;43;0
08;0;2021-02-17;0;0;43;0
08;0;2021-02-18;0;0;43;0
08;0;2021-02-19;4;0;47;0
08;0;2021-02-20;0;0;47;0
08;0;2021-02-21;0;0;47;0
08;0;2021-02-22;4;0;51;0
08;0;2021-02-23;5;0;56;0
08;0;2021-02-24;32;0;88;0
08;0;2021-02-25;51;3;139;3
08;0;2021-02-26;36;4;175;7
08;0;2021-02-27;0;0;175;7
08;0;2021-02-28;0;0;175;7
08;0;2021-03-01;48;2;223;9
08;0;2021-03-02;6;41;229;50
08;0;2021-03-03;37;15;266;65
08;0;2021-03-04;30;20;296;85
08;0;2021-03-05;46;9;342;94
08;0;2021-03-06;0;0;342;94
08;0;2021-03-07;0;0;342;94
08;0;2021-03-08;29;7;371;101
08;0;2021-03-09;19;29;390;130
08;0;2021-03-10;21;27;411;157
08;0;2021-03-11;0;0;411;157
08;0;2021-03-12;50;21;461;178
08;0;2021-03-13;0;0;461;178
08;0;2021-03-14;0;0;461;178
08;0;2021-03-15;31;42;492;220
08;0;2021-03-16;73;3;565;223
08;0;2021-03-17;67;12;632;235
08;0;2021-03-18;57;22;689;257
08;0;2021-03-19;30;46;719;303
08;0;2021-03-20;0;0;719;303
08;0;2021-03-21;0;0;719;303
08;0;2021-03-22;33;45;752;348
08;0;2021-03-23;32;43;784;391
08;0;2021-03-24;38;42;822;433
08;0;2021-03-25;44;30;866;463
08;0;2021-03-26;43;32;909;495
08;0;2021-03-27;0;0;909;495
08;0;2021-03-28;0;0;909;495
08;0;2021-03-29;61;47;970;542
08;0;2021-03-30;91;19;1061;561
08;0;2021-03-31;72;44;1133;605
08;0;2021-04-01;55;45;1188;650
08;0;2021-04-02;0;0;1188;650
08;0;2021-04-03;0;0;1188;650
08;0;2021-04-04;0;0;1188;650
08;0;2021-04-05;0;0;1188;650
08;0;2021-04-06;47;61;1235;711
08;0;2021-04-07;88;28;1323;739
08;0;2021-04-08;105;3;1428;742
08;0;2021-04-09;89;27;1517;769
08;0;2021-04-10;89;1;1606;770
08;0;2021-04-11;0;0;1606;770
08;0;2021-04-12;41;72;1647;842
08;0;2021-04-13;45;71;1692;913
08;0;2021-04-14;71;43;1763;956
08;0;2021-04-15;89;20;1852;976
08;0;2021-04-16;75;38;1927;1014
08;0;2021-04-17;0;0;1927;1014
08;0;2021-04-18;0;0;1927;1014
08;0;2021-04-19;47;64;1974;1078
08;0;2021-04-20;76;27;2050;1105
08;0;2021-04-21;90;24;2140;1129
11;0;2020-12-27;12;0;12;0
11;0;2020-12-28;7;0;19;0
11;0;2020-12-29;56;0;75;0
11;0;2020-12-30;85;0;160;0
11;0;2020-12-31;39;0;199;0
11;0;2021-01-01;24;0;223;0
11;0;2021-01-02;58;0;281;0
11;0;2021-01-03;76;0;357;0
11;0;2021-01-04;542;0;899;0
11;0;2021-01-05;2025;0;2924;0
11;0;2021-01-06;2968;0;5892;0
11;0;2021-01-07;5305;0;11197;0
11;0;2021-01-08;6949;0;18146;0
11;0;2021-01-09;1858;0;20004;0
11;0;2021-01-10;1727;0;21731;0
11;0;2021-01-11;7820;0;29551;0
11;0;2021-01-12;10146;0;39697;0
11;0;2021-01-13;9824;0;49521;0
11;0;2021-01-14;9944;0;59465;0
11;0;2021-01-15;8707;0;68172;0
11;0;2021-01-16;2369;89;70541;89
11;0;2021-01-17;1074;6;71615;95
11;0;2021-01-18;12107;59;83722;154
11;0;2021-01-19;15610;54;99332;208
11;0;2021-01-20;18192;39;117524;247
11;0;2021-01-21;21980;51;139504;298
11;0;2021-01-22;16858;104;156362;402
11;0;2021-01-23;4933;38;161295;440
11;0;2021-01-24;1257;58;162552;498
11;0;2021-01-25;8806;209;171358;707
11;0;2021-01-26;12262;429;183620;1136
11;0;2021-01-27;16162;803;199782;1939
11;0;2021-01-28;20214;1548;219996;3487
11;0;2021-01-29;15314;1743;235310;5230
11;0;2021-01-30;4431;151;239741;5381
11;0;2021-01-31;580;167;240321;5548
11;0;2021-02-01;7329;2624;247650;8172
11;0;2021-02-02;8288;4182;255938;12354
11;0;2021-02-03;8100;5037;264038;17391
11;0;2021-02-04;8741;6468;272779;23859
11;0;2021-02-05;8879;6282;281658;30141
11;0;2021-02-06;3245;1533;284903;31674
11;0;2021-02-07;581;1385;285484;33059
11;0;2021-02-08;6185;7626;291669;40685
11;0;2021-02-09;8361;12042;300030;52727
11;0;2021-02-10;9949;14347;309979;67074
11;0;2021-02-11;12192;16310;322171;83384
11;0;2021-02-12;11709;11522;333880;94906
11;0;2021-02-13;2657;2171;336537;97077
11;0;2021-02-14;296;698;336833;97775
11;0;2021-02-15;4380;11169;341213;108944
11;0;2021-02-16;5584;13932;346797;122876
11;0;2021-02-17;5701;16931;352498;139807
11;0;2021-02-18;8490;21418;360988;161225
11;0;2021-02-19;8937;15029;369925;176254
11;0;2021-02-20;1672;3897;371597;180151
11;0;2021-02-21;391;870;371988;181021
11;0;2021-02-22;4188;9224;376176;190245
11;0;2021-02-23;4866;10152;381042;200397
11;0;2021-02-24;5333;9775;386375;210172
11;0;2021-02-25;8431;10283;394806;220455
11;0;2021-02-26;10982;9666;405788;230121
11;0;2021-02-27;5011;3211;410799;233332
11;0;2021-02-28;707;548;411506;233880
11;0;2021-03-01;8662;7598;420168;241478
11;0;2021-03-02;14096;9120;434264;250598
11;0;2021-03-03;18195;9701;452459;260299
11;0;2021-03-04;27324;11260;479783;271559
11;0;2021-03-05;35551;9910;515334;281469
11;0;2021-03-06;45912;2673;561246;284142
11;0;2021-03-07;34012;527;595258;284669
11;0;2021-03-08;17317;6119;612575;290788
11;0;2021-03-09;26330;6614;638905;297402
11;0;2021-03-10;26939;7618;665844;305020
11;0;2021-03-11;36157;9284;702001;314304
11;0;2021-03-12;43977;8140;745978;322444
11;0;2021-03-13;39488;1808;785466;324252
11;0;2021-03-14;14180;363;799646;324615
11;0;2021-03-15;28797;2430;828443;327045
11;0;2021-03-16;23561;2907;852004;329952
11;0;2021-03-17;24153;2512;876157;332464
11;0;2021-03-18;28671;2884;904828;335348
11;0;2021-03-19;39077;3050;943905;338398
11;0;2021-03-20;25652;859;969557;339257
11;0;2021-03-21;5576;200;975133;339457
11;0;2021-03-22;31691;2915;1006824;342372
11;0;2021-03-23;42796;3600;1049620;345972
11;0;2021-03-24;42118;3575;1091738;349547
11;0;2021-03-25;56901;3326;1148639;352873
11;0;2021-03-26;56779;3861;1205418;356734
11;0;2021-03-27;34103;1031;1239521;357765
11;0;2021-03-28;9955;310;1249476;358075
11;0;2021-03-29;32053;6069;1281529;364144
11;0;2021-03-30;43614;10143;1325143;374287
11;0;2021-03-31;38556;12877;1363699;387164
11;0;2021-04-01;43364;20246;1407063;407410
11;0;2021-04-02;38159;22315;1445222;429725
11;0;2021-04-03;18071;19800;1463293;449525
11;0;2021-04-04;5995;6775;1469288;456300
11;0;2021-04-05;5870;944;1475158;457244
11;0;2021-04-06;28784;17453;1503942;474697
11;0;2021-04-07;36720;17846;1540662;492543
11;0;2021-04-08;45329;19296;1585991;511839
11;0;2021-04-09;52464;19489;1638455;531328
11;0;2021-04-10;28935;18173;1667390;549501
11;0;2021-04-11;6632;6732;1674022;556233
11;0;2021-04-12;29729;17052;1703751;573285
11;0;2021-04-13;36492;22252;1740243;595537
11;0;2021-04-14;34225;22198;1774468;617735
11;0;2021-04-15;38000;25395;1812468;643130
11;0;2021-04-16;40129;25412;1852597;668542
11;0;2021-04-17;21855;13581;1874452;682123
11;0;2021-04-18;4855;3298;1879307;685421
11;0;2021-04-19;23220;21582;1902527;707003
11;0;2021-04-20;28409;25970;1930936;732973
11;0;2021-04-21;29684;25954;1960620;758927
24;0;2020-12-27;0;0;0;0
24;0;2020-12-28;17;0;17;0
24;0;2020-12-29;9;0;26;0
24;0;2020-12-30;0;0;26;0
24;0;2020-12-31;0;0;26;0
24;0;2021-01-01;1;0;27;0
24;0;2021-01-02;0;0;27;0
24;0;2021-01-03;0;0;27;0
24;0;2021-01-04;24;0;51;0
24;0;2021-01-05;163;0;214;0
24;0;2021-01-06;328;0;542;0
24;0;2021-01-07;490;0;1032;0
24;0;2021-01-08;951;0;1983;0
24;0;2021-01-09;502;0;2485;0
24;0;2021-01-10;395;0;2880;0
24;0;2021-01-11;1280;0;4160;0
24;0;2021-01-12;2573;0;6733;0
24;0;2021-01-13;2158;0;8891;0
24;0;2021-01-14;2460;0;11351;0
24;0;2021-01-15;2062;0;13413;0
24;0;2021-01-16;851;57;14264;57
24;0;2021-01-17;312;2;14576;59
24;0;2021-01-18;3209;13;17785;72
24;0;2021-01-19;6294;24;24079;96
24;0;2021-01-20;7134;2;31213;98
24;0;2021-01-21;7387;2;38600;100
24;0;2021-01-22;5116;1;43716;101
24;0;2021-01-23;1270;1;44986;102
24;0;2021-01-24;225;1;45211;103
24;0;2021-01-25;3108;17;48319;120
24;0;2021-01-26;4770;98;53089;218
24;0;2021-01-27;5042;250;58131;468
24;0;2021-01-28;5630;565;63761;1033
24;0;2021-01-29;3420;694;67181;1727
24;0;2021-01-30;1207;396;68388;2123
24;0;2021-01-31;251;349;68639;2472
24;0;2021-02-01;2170;989;70809;3461
24;0;2021-02-02;3026;2143;73835;5604
24;0;2021-02-03;3110;1776;76945;7380
24;0;2021-02-04;3231;1698;80176;9078
24;0;2021-02-05;2392;1284;82568;10362
24;0;2021-02-06;706;261;83274;10623
24;0;2021-02-07;134;31;83408;10654
24;0;2021-02-08;1967;1611;85375;12265
24;0;2021-02-09;3404;3733;88779;15998
24;0;2021-02-10;4080;4153;92859;20151
24;0;2021-02-11;4649;5352;97508;25503
24;0;2021-02-12;3463;3248;100971;28751
24;0;2021-02-13;838;694;101809;29445
24;0;2021-02-14;426;121;102235;29566
24;0;2021-02-15;1958;3026;104193;32592
24;0;2021-02-16;2829;4694;107022;37286
24;0;2021-02-17;2688;5186;109710;42472
24;0;2021-02-18;3487;5224;113197;47696
24;0;2021-02-19;3163;3414;116360;51110
24;0;2021-02-20;1286;942;117646;52052
24;0;2021-02-21;432;145;118078;52197
24;0;2021-02-22;1639;2751;119717;54948
24;0;2021-02-23;2334;3067;122051;58015
24;0;2021-02-24;2089;3342;124140;61357
24;0;2021-02-25;3586;3241;127726;64598
24;0;2021-02-26;4437;2605;132163;67203
24;0;2021-02-27;1870;912;134033;68115
24;0;2021-02-28;96;158;134129;68273
24;0;2021-03-01;2137;1955;136266;70228
24;0;2021-03-02;3418;3095;139684;73323
24;0;2021-03-03;3529;3517;143213;76840
24;0;2021-03-04;5295;3841;148508;80681
24;0;2021-03-05;7004;2682;155512;83363
24;0;2021-03-06;7336;614;162848;83977
24;0;2021-03-07;2419;156;165267;84133
24;0;2021-03-08;2679;2313;167946;86446
24;0;2021-03-09;5760;2770;173706;89216
24;0;2021-03-10;6383;3472;180089;92688
24;0;2021-03-11;7725;3459;187814;96147
24;0;2021-03-12;10725;2384;198539;98531
24;0;2021-03-13;7069;673;205608;99204
24;0;2021-03-14;1548;255;207156;99459
24;0;2021-03-15;4549;1859;211705;101318
24;0;2021-03-16;4594;2243;216299;103561
24;0;2021-03-17;4439;1936;220738;105497
24;0;2021-03-18;5060;2023;225798;107520
24;0;2021-03-19;7754;1424;233552;108944
24;0;2021-03-20;4406;840;237958;109784
24;0;2021-03-21;558;333;238516;110117
24;0;2021-03-22;4846;1616;243362;111733
24;0;2021-03-23;8011;2137;251373;113870
24;0;2021-03-24;8768;1852;260141;115722
24;0;2021-03-25;12011;1834;272152;117556
24;0;2021-03-26;13179;1812;285331;119368
24;0;2021-03-27;5750;617;291081;119985
24;0;2021-03-28;517;72;291598;120057
24;0;2021-03-29;6688;1728;298286;121785
24;0;2021-03-30;10086;2649;308372;124434
24;0;2021-03-31;9790;2198;318162;126632
24;0;2021-04-01;11856;3121;330018;129753
24;0;2021-04-02;10534;3115;340552;132868
24;0;2021-04-03;3383;1676;343935;134544
24;0;2021-04-04;389;326;344324;134870
24;0;2021-04-05;391;48;344715;134918
24;0;2021-04-06;8097;3657;352812;138575
24;0;2021-04-07;10977;4311;363789;142886
24;0;2021-04-08;14013;4360;377802;147246
24;0;2021-04-09;17620;3439;395422;150685
24;0;2021-04-10;9348;1794;404770;152479
24;0;2021-04-11;2894;1191;407664;153670
24;0;2021-04-12;10805;3163;418469;156833
24;0;2021-04-13;14938;4590;433407;161423
24;0;2021-04-14;13357;4680;446764;166103
24;0;2021-04-15;15270;4716;462034;170819
24;0;2021-04-16;15583;3951;477617;174770
24;0;2021-04-17;8181;1217;485798;175987
24;0;2021-04-18;1095;260;486893;176247
24;0;2021-04-19;9395;3891;496288;180138
24;0;2021-04-20;12665;5628;508953;185766
24;0;2021-04-21;12074;5634;521027;191400
27;0;2020-12-27;4;0;4;0
27;0;2020-12-28;0;0;4;0
27;0;2020-12-29;19;0;23;0
27;0;2020-12-30;20;0;43;0
27;0;2020-12-31;0;0;43;0
27;0;2021-01-01;0;0;43;0
27;0;2021-01-02;0;0;43;0
27;0;2021-01-03;1;0;44;0
27;0;2021-01-04;26;0;70;0
27;0;2021-01-05;263;0;333;0
27;0;2021-01-06;714;0;1047;0
27;0;2021-01-07;1552;0;2599;0
27;0;2021-01-08;1893;0;4492;0
27;0;2021-01-09;687;0;5179;0
27;0;2021-01-10;3;0;5182;0
27;0;2021-01-11;2402;0;7584;0
27;0;2021-01-12;3761;0;11345;0
27;0;2021-01-13;3789;0;15134;0
27;0;2021-01-14;4721;0;19855;0
27;0;2021-01-15;3534;0;23389;0
27;0;2021-01-16;785;43;24174;43
27;0;2021-01-17;116;1;24290;44
27;0;2021-01-18;6215;9;30505;53
27;0;2021-01-19;8368;32;38873;85
27;0;2021-01-20;7891;26;46764;111
27;0;2021-01-21;9422;9;56186;120
27;0;2021-01-22;7675;7;63861;127
27;0;2021-01-23;2974;6;66835;133
27;0;2021-01-24;346;0;67181;133
27;0;2021-01-25;5212;27;72393;160
27;0;2021-01-26;7349;315;79742;475
27;0;2021-01-27;7081;628;86823;1103
27;0;2021-01-28;6270;1209;93093;2312
27;0;2021-01-29;5864;1478;98957;3790
27;0;2021-01-30;2467;360;101424;4150
27;0;2021-01-31;250;3;101674;4153
27;0;2021-02-01;3355;1755;105029;5908
27;0;2021-02-02;4038;2914;109067;8822
27;0;2021-02-03;3618;3023;112685;11845
27;0;2021-02-04;3700;3520;116385;15365
27;0;2021-02-05;3242;2680;119627;18045
27;0;2021-02-06;1607;661;121234;18706
27;0;2021-02-07;5;4;121239;18710
27;0;2021-02-08;2908;2649;124147;21359
27;0;2021-02-09;3011;3903;127158;25262
27;0;2021-02-10;3043;4029;130201;29291
27;0;2021-02-11;3307;5430;133508;34721
27;0;2021-02-12;2716;4096;136224;38817
27;0;2021-02-13;982;1438;137206;40255
27;0;2021-02-14;257;227;137463;40482
27;0;2021-02-15;1238;5305;138701;45787
27;0;2021-02-16;1499;7324;140200;53111
27;0;2021-02-17;1798;6850;141998;59961
27;0;2021-02-18;2100;6317;144098;66278
27;0;2021-02-19;1717;5521;145815;71799
27;0;2021-02-20;701;2066;146516;73865
27;0;2021-02-21;1;149;146517;74014
27;0;2021-02-22;955;4750;147472;78764
27;0;2021-02-23;1191;5119;148663;83883
27;0;2021-02-24;1480;4770;150143;88653
27;0;2021-02-25;2896;4868;153039;93521
27;0;2021-02-26;3643;3939;156682;97460
27;0;2021-02-27;1891;1930;158573;99390
27;0;2021-02-28;107;210;158680;99600
27;0;2021-03-01;3651;3386;162331;102986
27;0;2021-03-02;5313;4014;167644;107000
27;0;2021-03-03;5913;3553;173557;110553
27;0;2021-03-04;7559;3642;181116;114195
27;0;2021-03-05;9507;2830;190623;117025
27;0;2021-03-06;6171;955;196794;117980
27;0;2021-03-07;856;14;197650;117994
27;0;2021-03-08;4517;3236;202167;121230
27;0;2021-03-09;8373;3084;210540;124314
27;0;2021-03-10;8679;2656;219219;126970
27;0;2021-03-11;10228;2849;229447;129819
27;0;2021-03-12;11756;2210;241203;132029
27;0;2021-03-13;6972;528;248175;132557
27;0;2021-03-14;207;1;248382;132558
27;0;2021-03-15;7259;1108;255641;133666
27;0;2021-03-16;8213;785;263854;134451
27;0;2021-03-17;8387;902;272241;135353
27;0;2021-03-18;8591;977;280832;136330
27;0;2021-03-19;9398;722;290230;137052
27;0;2021-03-20;5674;222;295904;137274
27;0;2021-03-21;233;1;296137;137275
27;0;2021-03-22;9263;677;305400;137952
27;0;2021-03-23;14598;763;319998;138715
27;0;2021-03-24;15126;826;335124;139541
27;0;2021-03-25;18189;1005;353313;140546
27;0;2021-03-26;18224;780;371537;141326
27;0;2021-03-27;7624;195;379161;141521
27;0;2021-03-28;490;83;379651;141604
27;0;2021-03-29;9950;3150;389601;144754
27;0;2021-03-30;12844;3601;402445;148355
27;0;2021-03-31;12747;3791;415192;152146
27;0;2021-04-01;14184;3856;429376;156002
27;0;2021-04-02;12699;3707;442075;159709
27;0;2021-04-03;4412;985;446487;160694
27;0;2021-04-04;58;21;446545;160715
27;0;2021-04-05;343;0;446888;160715
27;0;2021-04-06;9345;6102;456233;166817
27;0;2021-04-07;9962;5896;466195;172713
27;0;2021-04-08;15609;5509;481804;178222
27;0;2021-04-09;17623;5116;499427;183338
27;0;2021-04-10;6081;1721;505508;185059
27;0;2021-04-11;414;113;505922;185172
27;0;2021-04-12;8935;6473;514857;191645
27;0;2021-04-13;11706;8168;526563;199813
27;0;2021-04-14;10130;7255;536693;207068
27;0;2021-04-15;12674;7008;549367;214076
27;0;2021-04-16;12441;5848;561808;219924
27;0;2021-04-17;5948;2755;567756;222679
27;0;2021-04-18;350;235;568106;222914
27;0;2021-04-19;6834;8489;574940;231403
27;0;2021-04-20;8341;10131;583281;241534
27;0;2021-04-21;8012;9395;591293;250929
28;0;2020-12-27;0;0;0;0
28;0;2020-12-28;0;0;0;0
28;0;2020-12-29;2;0;2;0
28;0;2020-12-30;0;0;2;0
28;0;2020-12-31;1;0;3;0
28;0;2021-01-01;1;0;4;0
28;0;2021-01-02;0;0;4;0
28;0;2021-01-03;1;0;5;0
28;0;2021-01-04;16;0;21;0
28;0;2021-01-05;169;0;190;0
28;0;2021-01-06;1391;0;1581;0
28;0;2021-01-07;2596;0;4177;0
28;0;2021-01-08;3421;0;7598;0
28;0;2021-01-09;1326;0;8924;0
28;0;2021-01-10;703;0;9627;0
28;0;2021-01-11;3174;0;12801;0
28;0;2021-01-12;3912;0;16713;0
28;0;2021-01-13;4297;0;21010;0
28;0;2021-01-14;8052;0;29062;0
28;0;2021-01-15;6183;0;35245;0
28;0;2021-01-16;2082;65;37327;65
28;0;2021-01-17;4065;15;41392;80
28;0;2021-01-18;8730;8;50122;88
28;0;2021-01-19;7077;3;57199;91
28;0;2021-01-20;6499;5;63698;96
28;0;2021-01-21;5984;3;69682;99
28;0;2021-01-22;5438;7;75120;106
28;0;2021-01-23;2017;6;77137;112
28;0;2021-01-24;1448;11;78585;123
28;0;2021-01-25;6216;175;84801;298
28;0;2021-01-26;4573;497;89374;795
28;0;2021-01-27;4013;852;93387;1647
28;0;2021-01-28;3742;1056;97129;2703
28;0;2021-01-29;3484;1395;100613;4098
28;0;2021-01-30;1386;516;101999;4614
28;0;2021-01-31;195;124;102194;4738
28;0;2021-02-01;2779;1767;104973;6505
28;0;2021-02-02;2973;2588;107946;9093
28;0;2021-02-03;2947;3140;110893;12233
28;0;2021-02-04;3698;6333;114591;18566
28;0;2021-02-05;3866;4410;118457;22976
28;0;2021-02-06;1130;1484;119587;24460
28;0;2021-02-07;715;2625;120302;27085
28;0;2021-02-08;3786;7846;124088;34931
28;0;2021-02-09;3447;5775;127535;40706
28;0;2021-02-10;3447;4738;130982;45444
28;0;2021-02-11;4192;4959;135174;50403
28;0;2021-02-12;3991;4321;139165;54724
28;0;2021-02-13;1121;1590;140286;56314
28;0;2021-02-14;282;1330;140568;57644
28;0;2021-02-15;2192;6223;142760;63867
28;0;2021-02-16;2648;5174;145408;69041
28;0;2021-02-17;1944;4431;147352;73472
28;0;2021-02-18;2526;4095;149878;77567
28;0;2021-02-19;2537;3579;152415;81146
28;0;2021-02-20;910;1252;153325;82398
28;0;2021-02-21;101;300;153426;82698
28;0;2021-02-22;1664;3991;155090;86689
28;0;2021-02-23;2160;3751;157250;90440
28;0;2021-02-24;2366;3811;159616;94251
28;0;2021-02-25;4739;4284;164355;98535
28;0;2021-02-26;5930;3721;170285;102256
28;0;2021-02-27;2988;1074;173273;103330
28;0;2021-02-28;340;358;173613;103688
28;0;2021-03-01;2502;4840;176115;108528
28;0;2021-03-02;3877;4034;179992;112562
28;0;2021-03-03;4738;3158;184730;115720
28;0;2021-03-04;7218;2726;191948;118446
28;0;2021-03-05;10016;2257;201964;120703
28;0;2021-03-06;9763;684;211727;121387
28;0;2021-03-07;3766;116;215493;121503
28;0;2021-03-08;5823;3104;221316;124607
28;0;2021-03-09;9257;2703;230573;127310
28;0;2021-03-10;9735;2225;240308;129535
28;0;2021-03-11;13849;1809;254157;131344
28;0;2021-03-12;17739;1327;271896;132671
28;0;2021-03-13;11019;466;282915;133137
28;0;2021-03-14;2258;42;285173;133179
28;0;2021-03-15;8620;727;293793;133906
28;0;2021-03-16;7492;1040;301285;134946
28;0;2021-03-17;7755;993;309040;135939
28;0;2021-03-18;8264;1109;317304;137048
28;0;2021-03-19;11629;1193;328933;138241
28;0;2021-03-20;9659;443;338592;138684
28;0;2021-03-21;2403;6;340995;138690
28;0;2021-03-22;9357;1397;350352;140087
28;0;2021-03-23;12554;1328;362906;141415
28;0;2021-03-24;13350;1393;376256;142808
28;0;2021-03-25;17528;1568;393784;144376
28;0;2021-03-26;20796;1672;414580;146048
28;0;2021-03-27;11414;984;425994;147032
28;0;2021-03-28;2944;95;428938;147127
28;0;2021-03-29;11842;2778;440780;149905
28;0;2021-03-30;14271;2904;455051;152809
28;0;2021-03-31;14210;3249;469261;156058
28;0;2021-04-01;17750;5310;487011;161368
28;0;2021-04-02;16647;6002;503658;167370
28;0;2021-04-03;7192;3968;510850;171338
28;0;2021-04-04;1768;764;512618;172102
28;0;2021-04-05;3265;707;515883;172809
28;0;2021-04-06;10571;7534;526454;180343
28;0;2021-04-07;12563;6760;539017;187103
28;0;2021-04-08;17488;7156;556505;194259
28;0;2021-04-09;23632;7269;580137;201528
28;0;2021-04-10;13821;3923;593958;205451
28;0;2021-04-11;3017;1130;596975;206581
28;0;2021-04-12;13649;7569;610624;214150
28;0;2021-04-13;16043;7643;626667;221793
28;0;2021-04-14;14165;7684;640832;229477
28;0;2021-04-15;17056;7741;657888;237218
28;0;2021-04-16;19835;7244;677723;244462
28;0;2021-04-17;12686;4755;690409;249217
28;0;2021-04-18;2280;1102;692689;250319
28;0;2021-04-19;10904;8459;703593;258778
28;0;2021-04-20;13904;9249;717497;268027
28;0;2021-04-21;12944;9551;730441;277578
32;0;2020-12-27;1;0;1;0
32;0;2020-12-28;26;0;27;0
32;0;2020-12-29;12;0;39;0
32;0;2020-12-30;0;0;39;0
32;0;2020-12-31;0;0;39;0
32;0;2021-01-01;1;0;40;0
32;0;2021-01-02;0;0;40;0
32;0;2021-01-03;2;0;42;0
32;0;2021-01-04;82;0;124;0
32;0;2021-01-05;298;0;422;0
32;0;2021-01-06;785;0;1207;0
32;0;2021-01-07;2420;0;3627;0
32;0;2021-01-08;3125;0;6752;0
32;0;2021-01-09;956;0;7708;0
32;0;2021-01-10;637;0;8345;0
32;0;2021-01-11;3227;0;11572;0
32;0;2021-01-12;4915;0;16487;0
32;0;2021-01-13;4902;0;21389;0
32;0;2021-01-14;5703;0;27092;0
32;0;2021-01-15;5164;0;32256;0
32;0;2021-01-16;1631;44;33887;44
32;0;2021-01-17;855;2;34742;46
32;0;2021-01-18;7175;14;41917;60
32;0;2021-01-19;9812;42;51729;102
32;0;2021-01-20;10233;21;61962;123
32;0;2021-01-21;12550;15;74512;138
32;0;2021-01-22;9739;13;84251;151
32;0;2021-01-23;3355;2;87606;153
32;0;2021-01-24;1119;15;88725;168
32;0;2021-01-25;6782;127;95507;295
32;0;2021-01-26;7365;210;102872;505
32;0;2021-01-27;4823;550;107695;1055
32;0;2021-01-28;8537;2166;116232;3221
32;0;2021-01-29;5352;2234;121584;5455
32;0;2021-01-30;535;456;122119;5911
32;0;2021-01-31;66;137;122185;6048
32;0;2021-02-01;190;2289;122375;8337
32;0;2021-02-02;782;3638;123157;11975
32;0;2021-02-03;4058;3244;127215;15219
32;0;2021-02-04;3678;3861;130893;19080
32;0;2021-02-05;1965;3620;132858;22700
32;0;2021-02-06;509;958;133367;23658
32;0;2021-02-07;536;194;133903;23852
32;0;2021-02-08;1858;3658;135761;27510
32;0;2021-02-09;2541;4653;138302;32163
32;0;2021-02-10;2951;5628;141253;37791
32;0;2021-02-11;4734;7150;145987;44941
32;0;2021-02-12;5056;4933;151043;49874
32;0;2021-02-13;930;1870;151973;51744
32;0;2021-02-14;116;1038;152089;52782
32;0;2021-02-15;3530;7408;155619;60190
32;0;2021-02-16;4004;8428;159623;68618
32;0;2021-02-17;4266;8726;163889;77344
32;0;2021-02-18;6914;12395;170803;89739
32;0;2021-02-19;6979;8364;177782;98103
32;0;2021-02-20;2496;2604;180278;100707
32;0;2021-02-21;433;349;180711;101056
32;0;2021-02-22;3194;5075;183905;106131
32;0;2021-02-23;5488;5694;189393;111825
32;0;2021-02-24;7384;6182;196777;118007
32;0;2021-02-25;12711;4473;209488;122480
32;0;2021-02-26;12402;2294;221890;124774
32;0;2021-02-27;6383;278;228273;125052
32;0;2021-02-28;357;111;228630;125163
32;0;2021-03-01;7215;388;235845;125551
32;0;2021-03-02;10990;580;246835;126131
32;0;2021-03-03;11956;899;258791;127030
32;0;2021-03-04;15006;1848;273797;128878
32;0;2021-03-05;17096;1465;290893;130343
32;0;2021-03-06;27675;577;318568;130920
32;0;2021-03-07;20067;123;338635;131043
32;0;2021-03-08;8949;2188;347584;133231
32;0;2021-03-09;14234;2830;361818;136061
32;0;2021-03-10;15679;2990;377497;139051
32;0;2021-03-11;20893;4615;398390;143666
32;0;2021-03-12;25804;3962;424194;147628
32;0;2021-03-13;41280;1364;465474;148992
32;0;2021-03-14;20074;151;485548;149143
32;0;2021-03-15;13035;2861;498583;152004
32;0;2021-03-16;9862;3280;508445;155284
32;0;2021-03-17;9777;3678;518222;158962
32;0;2021-03-18;10094;4559;528316;163521
32;0;2021-03-19;17950;3271;546266;166792
32;0;2021-03-20;36316;1229;582582;168021
32;0;2021-03-21;19868;265;602450;168286
32;0;2021-03-22;12171;3892;614621;172178
32;0;2021-03-23;18906;5294;633527;177472
32;0;2021-03-24;17921;5480;651448;182952
32;0;2021-03-25;25238;5024;676686;187976
32;0;2021-03-26;28895;4984;705581;192960
32;0;2021-03-27;36337;1230;741918;194190
32;0;2021-03-28;18486;656;760404;194846
32;0;2021-03-29;14510;6070;774914;200916
32;0;2021-03-30;18732;7951;793646;208867
32;0;2021-03-31;15708;8869;809354;217736
32;0;2021-04-01;17896;10271;827250;228007
32;0;2021-04-02;19838;11951;847088;239958
32;0;2021-04-03;29816;9336;876904;249294
32;0;2021-04-04;11593;4561;888497;253855
32;0;2021-04-05;9554;2008;898051;255863
32;0;2021-04-06;13956;10905;912007;266768
32;0;2021-04-07;17868;11324;929875;278092
32;0;2021-04-08;23102;11996;952977;290088
32;0;2021-04-09;29490;11901;982467;301989
32;0;2021-04-10;26141;17923;1008608;319912
32;0;2021-04-11;9082;11808;1017690;331720
32;0;2021-04-12;15360;8549;1033050;340269
32;0;2021-04-13;21625;10502;1054675;350771
32;0;2021-04-14;22292;10217;1076967;360988
32;0;2021-04-15;25244;9961;1102211;370949
32;0;2021-04-16;24699;11299;1126910;382248
32;0;2021-04-17;17673;22576;1144583;404824
32;0;2021-04-18;6316;13875;1150899;418699
32;0;2021-04-19;11646;8800;1162545;427499
32;0;2021-04-20;16179;11241;1178724;438740
32;0;2021-04-21;15327;11187;1194051;449927
44;0;2020-12-27;0;0;0;0
44;0;2020-12-28;0;0;0;0
44;0;2020-12-29;0;0;0;0
44;0;2020-12-30;0;0;0;0
44;0;2020-12-31;11;0;11;0
44;0;2021-01-01;0;0;11;0
44;0;2021-01-02;3;0;14;0
44;0;2021-01-03;2;0;16;0
44;0;2021-01-04;240;0;256;0
44;0;2021-01-05;769;0;1025;0
44;0;2021-01-06;1241;0;2266;0
44;0;2021-01-07;2418;0;4684;0
44;0;2021-01-08;3121;0;7805;0
44;0;2021-01-09;927;0;8732;0
44;0;2021-01-10;226;0;8958;0
44;0;2021-01-11;2966;0;11924;0
44;0;2021-01-12;5244;0;17168;0
44;0;2021-01-13;7611;0;24779;0
44;0;2021-01-14;9444;0;34223;0
44;0;2021-01-15;6620;0;40843;0
44;0;2021-01-16;1907;72;42750;72
44;0;2021-01-17;902;1;43652;73
44;0;2021-01-18;8684;4;52336;77
44;0;2021-01-19;10601;8;62937;85
44;0;2021-01-20;10920;7;73857;92
44;0;2021-01-21;11705;9;85562;101
44;0;2021-01-22;9598;6;95160;107
44;0;2021-01-23;3282;15;98442;122
44;0;2021-01-24;1565;7;100007;129
44;0;2021-01-25;6586;299;106593;428
44;0;2021-01-26;5635;456;112228;884
44;0;2021-01-27;7371;655;119599;1539
44;0;2021-01-28;8780;1440;128379;2979
44;0;2021-01-29;6751;1976;135130;4955
44;0;2021-01-30;2544;642;137674;5597
44;0;2021-01-31;1248;145;138922;5742
44;0;2021-02-01;6351;2378;145273;8120
44;0;2021-02-02;6115;4467;151388;12587
44;0;2021-02-03;5538;5405;156926;17992
44;0;2021-02-04;6330;8119;163256;26111
44;0;2021-02-05;6306;5214;169562;31325
44;0;2021-02-06;1969;1338;171531;32663
44;0;2021-02-07;406;689;171937;33352
44;0;2021-02-08;3809;4735;175746;38087
44;0;2021-02-09;5691;6096;181437;44183
44;0;2021-02-10;6183;6248;187620;50431
44;0;2021-02-11;6986;7056;194606;57487
44;0;2021-02-12;7202;5347;201808;62834
44;0;2021-02-13;2515;1239;204323;64073
44;0;2021-02-14;1609;1096;205932;65169
44;0;2021-02-15;3986;6780;209918;71949
44;0;2021-02-16;4534;7460;214452;79409
44;0;2021-02-17;4674;8279;219126;87688
44;0;2021-02-18;5924;9392;225050;97080
44;0;2021-02-19;5420;7186;230470;104266
44;0;2021-02-20;2331;2984;232801;107250
44;0;2021-02-21;542;1386;233343;108636
44;0;2021-02-22;4452;7351;237795;115987
44;0;2021-02-23;5912;6938;243707;122925
44;0;2021-02-24;6506;5992;250213;128917
44;0;2021-02-25;10356;6994;260569;135911
44;0;2021-02-26;12227;5825;272796;141736
44;0;2021-02-27;7827;2150;280623;143886
44;0;2021-02-28;2109;476;282732;144362
44;0;2021-03-01;6025;4516;288757;148878
44;0;2021-03-02;9312;5319;298069;154197
44;0;2021-03-03;11138;5374;309207;159571
44;0;2021-03-04;13113;5796;322320;165367
44;0;2021-03-05;17617;5017;339937;170384
44;0;2021-03-06;21040;1712;360977;172096
44;0;2021-03-07;12068;526;373045;172622
44;0;2021-03-08;9390;4176;382435;176798
44;0;2021-03-09;15173;4385;397608;181183
44;0;2021-03-10;16541;4590;414149;185773
44;0;2021-03-11;20204;5180;434353;190953
44;0;2021-03-12;26581;4929;460934;195882
44;0;2021-03-13;23946;1972;484880;197854
44;0;2021-03-14;6746;752;491626;198606
44;0;2021-03-15;12924;3113;504550;201719
44;0;2021-03-16;12771;3522;517321;205241
44;0;2021-03-17;14129;3249;531450;208490
44;0;2021-03-18;15317;3271;546767;211761
44;0;2021-03-19;21303;3233;568070;214994
44;0;2021-03-20;15380;1627;583450;216621
44;0;2021-03-21;4609;217;588059;216838
44;0;2021-03-22;12499;3400;600558;220238
44;0;2021-03-23;19320;4589;619878;224827
44;0;2021-03-24;21900;4650;641778;229477
44;0;2021-03-25;27917;4948;669695;234425
44;0;2021-03-26;30010;4536;699705;238961
44;0;2021-03-27;15787;4313;715492;243274
44;0;2021-03-28;3875;2097;719367;245371
44;0;2021-03-29;14202;5283;733569;250654
44;0;2021-03-30;21088;6987;754657;257641
44;0;2021-03-31;19842;7236;774499;264877
44;0;2021-04-01;23155;9386;797654;274263
44;0;2021-04-02;16157;6961;813811;281224
44;0;2021-04-03;10057;6341;823868;287565
44;0;2021-04-04;3110;2036;826978;289601
44;0;2021-04-05;4379;1325;831357;290926
44;0;2021-04-06;12982;10420;844339;301346
44;0;2021-04-07;17513;10788;861852;312134
44;0;2021-04-08;25440;10841;887292;322975
44;0;2021-04-09;31431;10757;918723;333732
44;0;2021-04-10;17680;9518;936403;343250
44;0;2021-04-11;2991;4888;939394;348138
44;0;2021-04-12;16377;10119;955771;358257
44;0;2021-04-13;21113;12648;976884;370905
44;0;2021-04-14;22731;12539;999615;383444
44;0;2021-04-15;25839;13623;1025454;397067
44;0;2021-04-16;27005;13718;1052459;410785
44;0;2021-04-17;19584;8030;1072043;418815
44;0;2021-04-18;4980;4086;1077023;422901
44;0;2021-04-19;16540;10721;1093563;433622
44;0;2021-04-20;18513;13269;1112076;446891
44;0;2021-04-21;19602;13676;1131678;460567
52;0;2020-12-27;0;0;0;0
52;0;2020-12-28;0;0;0;0
52;0;2020-12-29;0;0;0;0
52;0;2020-12-30;0;0;0;0
52;0;2020-12-31;0;0;0;0
52;0;2021-01-01;2;0;2;0
52;0;2021-01-02;1;0;3;0
52;0;2021-01-03;1;0;4;0
52;0;2021-01-04;34;0;38;0
52;0;2021-01-05;168;0;206;0
52;0;2021-01-06;383;0;589;0
52;0;2021-01-07;963;0;1552;0
52;0;2021-01-08;1661;0;3213;0
52;0;2021-01-09;1048;0;4261;0
52;0;2021-01-10;643;0;4904;0
52;0;2021-01-11;2196;0;7100;0
52;0;2021-01-12;3146;0;10246;0
52;0;2021-01-13;2958;0;13204;0
52;0;2021-01-14;3301;0;16505;0
52;0;2021-01-15;3005;0;19510;0
52;0;2021-01-16;893;23;20403;23
52;0;2021-01-17;499;3;20902;26
52;0;2021-01-18;3198;5;24100;31
52;0;2021-01-19;6538;4;30638;35
52;0;2021-01-20;8281;6;38919;41
52;0;2021-01-21;12132;2;51051;43
52;0;2021-01-22;7244;23;58295;66
52;0;2021-01-23;1678;3;59973;69
52;0;2021-01-24;174;0;60147;69
52;0;2021-01-25;3003;12;63150;81
52;0;2021-01-26;6699;193;69849;274
52;0;2021-01-27;7279;166;77128;440
52;0;2021-01-28;9721;555;86849;995
52;0;2021-01-29;5951;995;92800;1990
52;0;2021-01-30;1258;376;94058;2366
52;0;2021-01-31;79;315;94137;2681
52;0;2021-02-01;2520;1391;96657;4072
52;0;2021-02-02;2969;2301;99626;6373
52;0;2021-02-03;2683;2137;102309;8510
52;0;2021-02-04;2958;2358;105267;10868
52;0;2021-02-05;2962;2325;108229;13193
52;0;2021-02-06;1072;684;109301;13877
52;0;2021-02-07;150;291;109451;14168
52;0;2021-02-08;1928;2217;111379;16385
52;0;2021-02-09;3171;4214;114550;20599
52;0;2021-02-10;3319;5546;117869;26145
52;0;2021-02-11;6032;10816;123901;36961
52;0;2021-02-12;4702;5022;128603;41983
52;0;2021-02-13;1150;1133;129753;43116
52;0;2021-02-14;21;305;129774;43421
52;0;2021-02-15;2022;3190;131796;46611
52;0;2021-02-16;4090;6736;135886;53347
52;0;2021-02-17;3830;7297;139716;60644
52;0;2021-02-18;6120;9723;145836;70367
52;0;2021-02-19;5310;5887;151146;76254
52;0;2021-02-20;1025;1228;152171;77482
52;0;2021-02-21;6;69;152177;77551
52;0;2021-02-22;2622;3004;154799;80555
52;0;2021-02-23;3414;3358;158213;83913
52;0;2021-02-24;3261;2769;161474;86682
52;0;2021-02-25;6311;3011;167785;89693
52;0;2021-02-26;6163;2755;173948;92448
52;0;2021-02-27;2202;1002;176150;93450
52;0;2021-02-28;76;42;176226;93492
52;0;2021-03-01;3099;2284;179325;95776
52;0;2021-03-02;4699;3367;184024;99143
52;0;2021-03-03;5235;3242;189259;102385
52;0;2021-03-04;7720;5112;196979;107497
52;0;2021-03-05;8902;4030;205881;111527
52;0;2021-03-06;5601;972;211482;112499
52;0;2021-03-07;2647;7;214129;112506
52;0;2021-03-08;5785;2171;219914;114677
52;0;2021-03-09;9477;3096;229391;117773
52;0;2021-03-10;9296;3199;238687;120972
52;0;2021-03-11;13505;4852;252192;125824
52;0;2021-03-12;15219;3364;267411;129188
52;0;2021-03-13;8198;696;275609;129884
52;0;2021-03-14;622;6;276231;129890
52;0;2021-03-15;8809;1730;285040;131620
52;0;2021-03-16;7563;2287;292603;133907
52;0;2021-03-17;6431;2128;299034;136035
52;0;2021-03-18;8293;2374;307327;138409
52;0;2021-03-19;11764;1916;319091;140325
52;0;2021-03-20;7054;591;326145;140916
52;0;2021-03-21;1684;25;327829;140941
52;0;2021-03-22;8983;1888;336812;142829
52;0;2021-03-23;13118;2618;349930;145447
52;0;2021-03-24;13220;1777;363150;147224
52;0;2021-03-25;17983;2622;381133;149846
52;0;2021-03-26;18754;1945;399887;151791
52;0;2021-03-27;7477;553;407364;152344
52;0;2021-03-28;2173;151;409537;152495
52;0;2021-03-29;10813;2500;420350;154995
52;0;2021-03-30;15526;3351;435876;158346
52;0;2021-03-31;13554;2809;449430;161155
52;0;2021-04-01;18486;3386;467916;164541
52;0;2021-04-02;16896;3091;484812;167632
52;0;2021-04-03;5492;1156;490304;168788
52;0;2021-04-04;1314;31;491618;168819
52;0;2021-04-05;1766;491;493384;169310
52;0;2021-04-06;11602;5352;504986;174662
52;0;2021-04-07;15029;5225;520015;179887
52;0;2021-04-08;20895;6054;540910;185941
52;0;2021-04-09;26333;4709;567243;190650
52;0;2021-04-10;10083;2129;577326;192779
52;0;2021-04-11;2565;385;579891;193164
52;0;2021-04-12;16236;6257;596127;199421
52;0;2021-04-13;20459;7819;616586;207240
52;0;2021-04-14;17494;6534;634080;213774
52;0;2021-04-15;21008;7642;655088;221416
52;0;2021-04-16;22388;6883;677476;228299
52;0;2021-04-17;9884;2870;687360;231169
52;0;2021-04-18;3025;1265;690385;232434
52;0;2021-04-19;14027;7305;704412;239739
52;0;2021-04-20;17984;8909;722396;248648
52;0;2021-04-21;15717;8645;738113;257293
53;0;2020-12-27;0;0;0;0
53;0;2020-12-28;0;0;0;0
53;0;2020-12-29;0;0;0;0
53;0;2020-12-30;0;0;0;0
53;0;2020-12-31;0;0;0;0
53;0;2021-01-01;3;0;3;0
53;0;2021-01-02;3;0;6;0
53;0;2021-01-03;0;0;6;0
53;0;2021-01-04;43;0;49;0
53;0;2021-01-05;200;0;249;0
53;0;2021-01-06;328;0;577;0
53;0;2021-01-07;834;0;1411;0
53;0;2021-01-08;1208;0;2619;0
53;0;2021-01-09;34;0;2653;0
53;0;2021-01-10;4;0;2657;0
53;0;2021-01-11;1659;0;4316;0
53;0;2021-01-12;3348;0;7664;0
53;0;2021-01-13;3276;0;10940;0
53;0;2021-01-14;3801;0;14741;0
53;0;2021-01-15;3275;0;18016;0
53;0;2021-01-16;683;30;18699;30
53;0;2021-01-17;180;1;18879;31
53;0;2021-01-18;3341;4;22220;35
53;0;2021-01-19;8119;4;30339;39
53;0;2021-01-20;6944;2;37283;41
53;0;2021-01-21;11313;3;48596;44
53;0;2021-01-22;7713;1;56309;45
53;0;2021-01-23;1490;2;57799;47
53;0;2021-01-24;253;0;58052;47
53;0;2021-01-25;3050;56;61102;103
53;0;2021-01-26;4086;270;65188;373
53;0;2021-01-27;7226;324;72414;697
53;0;2021-01-28;7035;645;79449;1342
53;0;2021-01-29;4224;731;83673;2073
53;0;2021-01-30;844;38;84517;2111
53;0;2021-01-31;79;3;84596;2114
53;0;2021-02-01;2205;1156;86801;3270
53;0;2021-02-02;3434;2423;90235;5693
53;0;2021-02-03;3168;2307;93403;8000
53;0;2021-02-04;6996;2426;100399;10426
53;0;2021-02-05;5506;2168;105905;12594
53;0;2021-02-06;1198;275;107103;12869
53;0;2021-02-07;213;120;107316;12989
53;0;2021-02-08;1648;1581;108964;14570
53;0;2021-02-09;3958;6149;112922;20719
53;0;2021-02-10;3785;5500;116707;26219
53;0;2021-02-11;5689;9835;122396;36054
53;0;2021-02-12;5634;5311;128030;41365
53;0;2021-02-13;1229;553;129259;41918
53;0;2021-02-14;25;120;129284;42038
53;0;2021-02-15;2328;3008;131612;45046
53;0;2021-02-16;4000;3075;135612;48121
53;0;2021-02-17;4045;5815;139657;53936
53;0;2021-02-18;5875;6244;145532;60180
53;0;2021-02-19;5289;4581;150821;64761
53;0;2021-02-20;1186;812;152007;65573
53;0;2021-02-21;162;103;152169;65676
53;0;2021-02-22;2316;2625;154485;68301
53;0;2021-02-23;3897;3454;158382;71755
53;0;2021-02-24;4420;3689;162802;75444
53;0;2021-02-25;7856;7421;170658;82865
53;0;2021-02-26;8636;4401;179294;87266
53;0;2021-02-27;3406;1098;182700;88364
53;0;2021-02-28;227;176;182927;88540
53;0;2021-03-01;3458;2112;186385;90652
53;0;2021-03-02;5587;4653;191972;95305
53;0;2021-03-03;6396;3531;198368;98836
53;0;2021-03-04;9162;5353;207530;104189
53;0;2021-03-05;11804;5284;219334;109473
53;0;2021-03-06;5572;823;224906;110296
53;0;2021-03-07;909;79;225815;110375
53;0;2021-03-08;5146;1751;230961;112126
53;0;2021-03-09;9515;2600;240476;114726
53;0;2021-03-10;9223;3292;249699;118018
53;0;2021-03-11;14141;3956;263840;121974
53;0;2021-03-12;18413;3026;282253;125000
53;0;2021-03-13;8693;798;290946;125798
53;0;2021-03-14;808;3;291754;125801
53;0;2021-03-15;6838;1833;298592;127634
53;0;2021-03-16;6966;3113;305558;130747
53;0;2021-03-17;8214;2625;313772;133372
53;0;2021-03-18;8681;4410;322453;137782
53;0;2021-03-19;12927;3599;335380;141381
53;0;2021-03-20;7096;773;342476;142154
53;0;2021-03-21;380;22;342856;142176
53;0;2021-03-22;7294;1872;350150;144048
53;0;2021-03-23;12889;3566;363039;147614
53;0;2021-03-24;14287;3187;377326;150801
53;0;2021-03-25;18064;3346;395390;154147
53;0;2021-03-26;20103;2958;415493;157105
53;0;2021-03-27;7368;883;422861;157988
53;0;2021-03-28;520;24;423381;158012
53;0;2021-03-29;9717;2989;433098;161001
53;0;2021-03-30;15184;4344;448282;165345
53;0;2021-03-31;13894;4180;462176;169525
53;0;2021-04-01;17793;4084;479969;173609
53;0;2021-04-02;17716;4103;497685;177712
53;0;2021-04-03;6388;1405;504073;179117
53;0;2021-04-04;500;31;504573;179148
53;0;2021-04-05;1205;324;505778;179472
53;0;2021-04-06;12061;5662;517839;185134
53;0;2021-04-07;14875;5284;532714;190418
53;0;2021-04-08;20319;5938;553033;196356
53;0;2021-04-09;26387;5167;579420;201523
53;0;2021-04-10;10245;1657;589665;203180
53;0;2021-04-11;803;185;590468;203365
53;0;2021-04-12;15718;4729;606186;208094
53;0;2021-04-13;22414;6821;628600;214915
53;0;2021-04-14;19120;7750;647720;222665
53;0;2021-04-15;24813;7799;672533;230464
53;0;2021-04-16;25939;7204;698472;237668
53;0;2021-04-17;10404;3443;708876;241111
53;0;2021-04-18;1031;137;709907;241248
53;0;2021-04-19;15128;6192;725035;247440
53;0;2021-04-20;16683;9163;741718;256603
53;0;2021-04-21;16471;9068;758189;265671
75;0;2020-12-27;0;0;0;0
75;0;2020-12-28;1;0;1;0
75;0;2020-12-29;3;0;4;0
75;0;2020-12-30;2;0;6;0
75;0;2020-12-31;0;0;6;0
75;0;2021-01-01;0;0;6;0
75;0;2021-01-02;1;0;7;0
75;0;2021-01-03;0;0;7;0
75;0;2021-01-04;89;0;96;0
75;0;2021-01-05;124;0;220;0
75;0;2021-01-06;736;0;956;0
75;0;2021-01-07;4906;0;5862;0
75;0;2021-01-08;5382;0;11244;0
75;0;2021-01-09;844;0;12088;0
75;0;2021-01-10;479;0;12567;0
75;0;2021-01-11;3570;0;16137;0
75;0;2021-01-12;5940;0;22077;0
75;0;2021-01-13;6549;0;28626;0
75;0;2021-01-14;8107;0;36733;0
75;0;2021-01-15;7568;0;44301;0
75;0;2021-01-16;1515;66;45816;66
75;0;2021-01-17;421;4;46237;70
75;0;2021-01-18;6880;24;53117;94
75;0;2021-01-19;14021;11;67138;105
75;0;2021-01-20;15524;6;82662;111
75;0;2021-01-21;16906;16;99568;127
75;0;2021-01-22;12935;16;112503;143
75;0;2021-01-23;4418;2;116921;145
75;0;2021-01-24;698;2;117619;147
75;0;2021-01-25;8861;242;126480;389
75;0;2021-01-26;11647;610;138127;999
75;0;2021-01-27;12227;868;150354;1867
75;0;2021-01-28;12917;3142;163271;5009
75;0;2021-01-29;9985;3145;173256;8154
75;0;2021-01-30;3375;502;176631;8656
75;0;2021-01-31;645;400;177276;9056
75;0;2021-02-01;5761;2901;183037;11957
75;0;2021-02-02;9567;4935;192604;16892
75;0;2021-02-03;9575;4547;202179;21439
75;0;2021-02-04;10712;6385;212891;27824
75;0;2021-02-05;7478;5622;220369;33446
75;0;2021-02-06;2366;898;222735;34344
75;0;2021-02-07;672;228;223407;34572
75;0;2021-02-08;5128;3937;228535;38509
75;0;2021-02-09;7288;9489;235823;47998
75;0;2021-02-10;7552;9612;243375;57610
75;0;2021-02-11;8771;11892;252146;69502
75;0;2021-02-12;7384;8263;259530;77765
75;0;2021-02-13;1948;1687;261478;79452
75;0;2021-02-14;274;312;261752;79764
75;0;2021-02-15;3216;7304;264968;87068
75;0;2021-02-16;4604;10415;269572;97483
75;0;2021-02-17;4737;11525;274309;109008
75;0;2021-02-18;5347;13169;279656;122177
75;0;2021-02-19;5400;9331;285056;131508
75;0;2021-02-20;987;2616;286043;134124
75;0;2021-02-21;183;561;286226;134685
75;0;2021-02-22;3596;7773;289822;142458
75;0;2021-02-23;5320;10843;295142;153301
75;0;2021-02-24;6066;10378;301208;163679
75;0;2021-02-25;9895;11658;311103;175337
75;0;2021-02-26;12074;8164;323177;183501
75;0;2021-02-27;5735;2408;328912;185909
75;0;2021-02-28;309;567;329221;186476
75;0;2021-03-01;5046;6549;334267;193025
75;0;2021-03-02;9303;7905;343570;200930
75;0;2021-03-03;10733;7701;354303;208631
75;0;2021-03-04;16468;8338;370771;216969
75;0;2021-03-05;20605;6894;391376;223863
75;0;2021-03-06;13273;1952;404649;225815
75;0;2021-03-07;3682;260;408331;226075
75;0;2021-03-08;9914;5161;418245;231236
75;0;2021-03-09;16752;6446;434997;237682
75;0;2021-03-10;18133;6175;453130;243857
75;0;2021-03-11;26223;6439;479353;250296
75;0;2021-03-12;31068;4997;510421;255293
75;0;2021-03-13;17568;1074;527989;256367
75;0;2021-03-14;1687;186;529676;256553
75;0;2021-03-15;13993;3192;543669;259745
75;0;2021-03-16;13653;3456;557322;263201
75;0;2021-03-17;14708;3624;572030;266825
75;0;2021-03-18;16275;4414;588305;271239
75;0;2021-03-19;22270;3866;610575;275105
75;0;2021-03-20;13922;731;624497;275836
75;0;2021-03-21;2448;60;626945;275896
75;0;2021-03-22;16702;3144;643647;279040
75;0;2021-03-23;25067;3494;668714;282534
75;0;2021-03-24;27004;3927;695718;286461
75;0;2021-03-25;35152;4232;730870;290693
75;0;2021-03-26;38068;3537;768938;294230
75;0;2021-03-27;15417;1102;784355;295332
75;0;2021-03-28;2446;318;786801;295650
75;0;2021-03-29;22620;3753;809421;299403
75;0;2021-03-30;31364;5707;840785;305110
75;0;2021-03-31;29486;5656;870271;310766
75;0;2021-04-01;34377;6578;904648;317344
75;0;2021-04-02;31937;6317;936585;323661
75;0;2021-04-03;12481;2432;949066;326093
75;0;2021-04-04;2120;315;951186;326408
75;0;2021-04-05;6305;435;957491;326843
75;0;2021-04-06;25636;10767;983127;337610
75;0;2021-04-07;31889;10577;1015016;348187
75;0;2021-04-08;39075;11604;1054091;359791
75;0;2021-04-09;48596;10236;1102687;370027
75;0;2021-04-10;24112;4482;1126799;374509
75;0;2021-04-11;4940;567;1131739;375076
75;0;2021-04-12;27006;11270;1158745;386346
75;0;2021-04-13;35272;13795;1194017;400141
75;0;2021-04-14;34911;13857;1228928;413998
75;0;2021-04-15;36878;14410;1265806;428408
75;0;2021-04-16;36652;14444;1302458;442852
75;0;2021-04-17;19358;7186;1321816;450038
75;0;2021-04-18;3976;1951;1325792;451989
75;0;2021-04-19;20701;14544;1346493;466533
75;0;2021-04-20;28123;18434;1374616;484967
75;0;2021-04-21;26247;17324;1400863;502291
76;0;2020-12-27;0;0;0;0
76;0;2020-12-28;1;0;1;0
76;0;2020-12-29;0;0;1;0
76;0;2020-12-30;0;0;1;0
76;0;2020-12-31;1;0;2;0
76;0;2021-01-01;3;0;5;0
76;0;2021-01-02;2;0;7;0
76;0;2021-01-03;2;0;9;0
76;0;2021-01-04;59;0;68;0
76;0;2021-01-05;472;0;540;0
76;0;2021-01-06;780;0;1320;0
76;0;2021-01-07;2524;0;3844;0
76;0;2021-01-08;3166;0;7010;0
76;0;2021-01-09;1535;0;8545;0
76;0;2021-01-10;517;0;9062;0
76;0;2021-01-11;3498;0;12560;0
76;0;2021-01-12;5646;0;18206;0
76;0;2021-01-13;6420;0;24626;0
76;0;2021-01-14;8969;0;33595;0
76;0;2021-01-15;7220;0;40815;0
76;0;2021-01-16;1949;85;42764;85
76;0;2021-01-17;706;2;43470;87
76;0;2021-01-18;7654;12;51124;99
76;0;2021-01-19;11166;13;62290;112
76;0;2021-01-20;13645;9;75935;121
76;0;2021-01-21;16585;7;92520;128
76;0;2021-01-22;11765;14;104285;142
76;0;2021-01-23;3873;4;108158;146
76;0;2021-01-24;763;9;108921;155
76;0;2021-01-25;7803;85;116724;240
76;0;2021-01-26;10314;289;127038;529
76;0;2021-01-27;10801;565;137839;1094
76;0;2021-01-28;10094;1990;147933;3084
76;0;2021-01-29;8065;2250;155998;5334
76;0;2021-01-30;3180;709;159178;6043
76;0;2021-01-31;516;255;159694;6298
76;0;2021-02-01;5832;2682;165526;8980
76;0;2021-02-02;9988;4404;175514;13384
76;0;2021-02-03;9490;4481;185004;17865
76;0;2021-02-04;10051;6529;195055;24394
76;0;2021-02-05;7740;5137;202795;29531
76;0;2021-02-06;2677;959;205472;30490
76;0;2021-02-07;541;368;206013;30858
76;0;2021-02-08;4824;4458;210837;35316
76;0;2021-02-09;6286;7397;217123;42713
76;0;2021-02-10;7130;9929;224253;52642
76;0;2021-02-11;9031;12091;233284;64733
76;0;2021-02-12;7962;7759;241246;72492
76;0;2021-02-13;2635;2196;243881;74688
76;0;2021-02-14;351;783;244232;75471
76;0;2021-02-15;3355;6071;247587;81542
76;0;2021-02-16;4159;8732;251746;90274
76;0;2021-02-17;4349;9960;256095;100234
76;0;2021-02-18;5804;9807;261899;110041
76;0;2021-02-19;4789;8058;266688;118099
76;0;2021-02-20;1527;2877;268215;120976
76;0;2021-02-21;257;529;268472;121505
76;0;2021-02-22;3252;7349;271724;128854
76;0;2021-02-23;4854;10637;276578;139491
76;0;2021-02-24;4619;10604;281197;150095
76;0;2021-02-25;8184;10001;289381;160096
76;0;2021-02-26;9494;8117;298875;168213
76;0;2021-02-27;3638;2958;302513;171171
76;0;2021-02-28;421;334;302934;171505
76;0;2021-03-01;5196;6079;308130;177584
76;0;2021-03-02;8126;7301;316256;184885
76;0;2021-03-03;9190;7307;325446;192192
76;0;2021-03-04;14167;8298;339613;200490
76;0;2021-03-05;16761;6792;356374;207282
76;0;2021-03-06;15680;1946;372054;209228
76;0;2021-03-07;11267;232;383321;209460
76;0;2021-03-08;9810;5198;393131;214658
76;0;2021-03-09;16004;6022;409135;220680
76;0;2021-03-10;16423;6113;425558;226793
76;0;2021-03-11;22380;6126;447938;232919
76;0;2021-03-12;26221;4888;474159;237807
76;0;2021-03-13;14719;1958;488878;239765
76;0;2021-03-14;2297;215;491175;239980
76;0;2021-03-15;13378;3080;504553;243060
76;0;2021-03-16;11701;4398;516254;247458
76;0;2021-03-17;12829;3831;529083;251289
76;0;2021-03-18;13694;4666;542777;255955
76;0;2021-03-19;18602;3613;561379;259568
76;0;2021-03-20;10577;953;571956;260521
76;0;2021-03-21;3177;114;575133;260635
76;0;2021-03-22;14554;3207;589687;263842
76;0;2021-03-23;22111;3761;611798;267603
76;0;2021-03-24;23441;3599;635239;271202
76;0;2021-03-25;31704;4341;666943;275543
76;0;2021-03-26;30553;3482;697496;279025
76;0;2021-03-27;16113;1090;713609;280115
76;0;2021-03-28;4846;118;718455;280233
76;0;2021-03-29;22081;4404;740536;284637
76;0;2021-03-30;29066;5127;769602;289764
76;0;2021-03-31;26577;5103;796179;294867
76;0;2021-04-01;33668;5392;829847;300259
76;0;2021-04-02;29008;5277;858855;305536
76;0;2021-04-03;12042;2663;870897;308199
76;0;2021-04-04;4309;444;875206;308643
76;0;2021-04-05;4303;604;879509;309247
76;0;2021-04-06;21955;9534;901464;318781
76;0;2021-04-07;24794;9416;926258;328197
76;0;2021-04-08;32319;9547;958577;337744
76;0;2021-04-09;38379;8779;996956;346523
76;0;2021-04-10;22572;4581;1019528;351104
76;0;2021-04-11;8843;1149;1028371;352253
76;0;2021-04-12;25744;9942;1054115;362195
76;0;2021-04-13;35193;12322;1089308;374517
76;0;2021-04-14;32471;12347;1121779;386864
76;0;2021-04-15;36728;12916;1158507;399780
76;0;2021-04-16;33850;12099;1192357;411879
76;0;2021-04-17;20841;6230;1213198;418109
76;0;2021-04-18;7467;2496;1220665;420605
76;0;2021-04-19;21824;12148;1242489;432753
76;0;2021-04-20;27731;15686;1270220;448439
76;0;2021-04-21;26702;16070;1296922;464509
84;0;2020-12-27;0;0;0;0
84;0;2020-12-28;6;0;6;0
84;0;2020-12-29;5;0;11;0
84;0;2020-12-30;5;0;16;0
84;0;2020-12-31;12;0;28;0
84;0;2021-01-01;8;0;36;0
84;0;2021-01-02;1;0;37;0
84;0;2021-01-03;0;0;37;0
84;0;2021-01-04;174;0;211;0
84;0;2021-01-05;455;0;666;0
84;0;2021-01-06;1131;0;1797;0
84;0;2021-01-07;2837;0;4634;0
84;0;2021-01-08;3051;0;7685;0
84;0;2021-01-09;512;0;8197;0
84;0;2021-01-10;159;0;8356;0
84;0;2021-01-11;4251;0;12607;0
84;0;2021-01-12;6310;0;18917;0
84;0;2021-01-13;6783;0;25700;0
84;0;2021-01-14;8951;0;34651;0
84;0;2021-01-15;7670;0;42321;0
84;0;2021-01-16;2940;41;45261;41
84;0;2021-01-17;917;1;46178;42
84;0;2021-01-18;8903;21;55081;63
84;0;2021-01-19;14970;16;70051;79
84;0;2021-01-20;15401;16;85452;95
84;0;2021-01-21;14442;19;99894;114
84;0;2021-01-22;12341;21;112235;135
84;0;2021-01-23;4738;2;116973;137
84;0;2021-01-24;808;0;117781;137
84;0;2021-01-25;8721;164;126502;301
84;0;2021-01-26;11833;372;138335;673
84;0;2021-01-27;11978;696;150313;1369
84;0;2021-01-28;13699;1910;164012;3279
84;0;2021-01-29;10756;1498;174768;4777
84;0;2021-01-30;4129;303;178897;5080
84;0;2021-01-31;498;1;179395;5081
84;0;2021-02-01;6514;2187;185909;7268
84;0;2021-02-02;10497;3884;196406;11152
84;0;2021-02-03;11426;4349;207832;15501
84;0;2021-02-04;12446;6267;220278;21768
84;0;2021-02-05;8521;4967;228799;26735
84;0;2021-02-06;2632;1049;231431;27784
84;0;2021-02-07;452;432;231883;28216
84;0;2021-02-08;6190;4994;238073;33210
84;0;2021-02-09;9315;9451;247388;42661
84;0;2021-02-10;9521;9666;256909;52327
84;0;2021-02-11;10580;10653;267489;62980
84;0;2021-02-12;9556;8263;277045;71243
84;0;2021-02-13;3467;2241;280512;73484
84;0;2021-02-14;605;364;281117;73848
84;0;2021-02-15;4815;8676;285932;82524
84;0;2021-02-16;6018;10928;291950;93452
84;0;2021-02-17;5947;11903;297897;105355
84;0;2021-02-18;7030;12822;304927;118177
84;0;2021-02-19;6594;9500;311521;127677
84;0;2021-02-20;1818;3457;313339;131134
84;0;2021-02-21;177;503;313516;131637
84;0;2021-02-22;4241;9169;317757;140806
84;0;2021-02-23;7160;12195;324917;153001
84;0;2021-02-24;7688;12673;332605;165674
84;0;2021-02-25;12545;14262;345150;179936
84;0;2021-02-26;14740;9337;359890;189273
84;0;2021-02-27;5506;3005;365396;192278
84;0;2021-02-28;498;258;365894;192536
84;0;2021-03-01;9141;6452;375035;198988
84;0;2021-03-02;14794;8312;389829;207300
84;0;2021-03-03;14550;7928;404379;215228
84;0;2021-03-04;20496;7939;424875;223167
84;0;2021-03-05;25439;6613;450314;229780
84;0;2021-03-06;19121;2086;469435;231866
84;0;2021-03-07;8281;122;477716;231988
84;0;2021-03-08;12105;6131;489821;238119
84;0;2021-03-09;20330;6753;510151;244872
84;0;2021-03-10;19791;6461;529942;251333
84;0;2021-03-11;28928;6843;558870;258176
84;0;2021-03-12;35748;6224;594618;264400
84;0;2021-03-13;21144;1486;615762;265886
84;0;2021-03-14;4640;254;620402;266140
84;0;2021-03-15;18645;3752;639047;269892
84;0;2021-03-16;16995;5346;656042;275238
84;0;2021-03-17;17415;5492;673457;280730
84;0;2021-03-18;21232;5971;694689;286701
84;0;2021-03-19;28546;3940;723235;290641
84;0;2021-03-20;14427;821;737662;291462
84;0;2021-03-21;3224;110;740886;291572
84;0;2021-03-22;19566;3797;760452;295369
84;0;2021-03-23;30489;4606;790941;299975
84;0;2021-03-24;29662;4799;820603;304774
84;0;2021-03-25;40886;5195;861489;309969
84;0;2021-03-26;42419;4758;903908;314727
84;0;2021-03-27;17917;2273;921825;317000
84;0;2021-03-28;6443;315;928268;317315
84;0;2021-03-29;22571;6956;950839;324271
84;0;2021-03-30;34360;8757;985199;333028
84;0;2021-03-31;28721;9396;1013920;342424
84;0;2021-04-01;36064;9763;1049984;352187
84;0;2021-04-02;33791;9355;1083775;361542
84;0;2021-04-03;14590;5284;1098365;366826
84;0;2021-04-04;9764;1510;1108129;368336
84;0;2021-04-05;13426;839;1121555;369175
84;0;2021-04-06;25315;12517;1146870;381692
84;0;2021-04-07;28515;12793;1175385;394485
84;0;2021-04-08;38822;12918;1214207;407403
84;0;2021-04-09;48624;12483;1262831;419886
84;0;2021-04-10;20208;6978;1283039;426864
84;0;2021-04-11;7169;2212;1290208;429076
84;0;2021-04-12;26888;14323;1317096;443399
84;0;2021-04-13;35564;17442;1352660;460841
84;0;2021-04-14;33716;16476;1386376;477317
84;0;2021-04-15;39071;17548;1425447;494865
84;0;2021-04-16;37493;17594;1462940;512459
84;0;2021-04-17;20187;7885;1483127;520344
84;0;2021-04-18;6793;2331;1489920;522675
84;0;2021-04-19;25756;16912;1515676;539587
84;0;2021-04-20;30457;20336;1546133;559923
84;0;2021-04-21;27097;19105;1573230;579028
93;0;2020-12-27;0;0;0;0
93;0;2020-12-28;1;0;1;0
93;0;2020-12-29;1;0;2;0
93;0;2020-12-30;3;0;5;0
93;0;2020-12-31;19;0;24;0
93;0;2021-01-01;11;0;35;0
93;0;2021-01-02;2;0;37;0
93;0;2021-01-03;2;0;39;0
93;0;2021-01-04;131;0;170;0
93;0;2021-01-05;243;0;413;0
93;0;2021-01-06;404;0;817;0
93;0;2021-01-07;1238;0;2055;0
93;0;2021-01-08;1558;0;3613;0
93;0;2021-01-09;536;0;4149;0
93;0;2021-01-10;72;0;4221;0
93;0;2021-01-11;2380;0;6601;0
93;0;2021-01-12;5011;0;11612;0
93;0;2021-01-13;4351;0;15963;0
93;0;2021-01-14;5455;0;21418;0
93;0;2021-01-15;4882;0;26300;0
93;0;2021-01-16;1665;33;27965;33
93;0;2021-01-17;298;1;28263;34
93;0;2021-01-18;7118;12;35381;46
93;0;2021-01-19;13352;16;48733;62
93;0;2021-01-20;12180;15;60913;77
93;0;2021-01-21;12199;17;73112;94
93;0;2021-01-22;9991;9;83103;103
93;0;2021-01-23;3301;1;86404;104
93;0;2021-01-24;513;0;86917;104
93;0;2021-01-25;7190;83;94107;187
93;0;2021-01-26;9957;173;104064;360
93;0;2021-01-27;9596;375;113660;735
93;0;2021-01-28;13542;978;127202;1713
93;0;2021-01-29;9793;1155;136995;2868
93;0;2021-01-30;2230;116;139225;2984
93;0;2021-01-31;297;0;139522;2984
93;0;2021-02-01;5122;1695;144644;4679
93;0;2021-02-02;6583;2400;151227;7079
93;0;2021-02-03;5010;2095;156237;9174
93;0;2021-02-04;5509;4049;161746;13223
93;0;2021-02-05;6079;5081;167825;18304
93;0;2021-02-06;1236;1144;169061;19448
93;0;2021-02-07;278;18;169339;19466
93;0;2021-02-08;4287;4105;173626;23571
93;0;2021-02-09;5862;8309;179488;31880
93;0;2021-02-10;5886;6991;185374;38871
93;0;2021-02-11;6564;7323;191938;46194
93;0;2021-02-12;5665;6718;197603;52912
93;0;2021-02-13;1124;1655;198727;54567
93;0;2021-02-14;68;241;198795;54808
93;0;2021-02-15;2374;6185;201169;60993
93;0;2021-02-16;3137;8319;204306;69312
93;0;2021-02-17;3584;9837;207890;79149
93;0;2021-02-18;5921;13240;213811;92389
93;0;2021-02-19;5573;9164;219384;101553
93;0;2021-02-20;872;2510;220256;104063
93;0;2021-02-21;67;321;220323;104384
93;0;2021-02-22;2977;6559;223300;110943
93;0;2021-02-23;3878;6819;227178;117762
93;0;2021-02-24;4713;7030;231891;124792
93;0;2021-02-25;8074;6462;239965;131254
93;0;2021-02-26;8177;6412;248142;137666
93;0;2021-02-27;3213;1393;251355;139059
93;0;2021-02-28;299;207;251654;139266
93;0;2021-03-01;5502;4810;257156;144076
93;0;2021-03-02;6999;6554;264155;150630
93;0;2021-03-03;8663;6384;272818;157014
93;0;2021-03-04;11618;7032;284436;164046
93;0;2021-03-05;11877;5688;296313;169734
93;0;2021-03-06;21810;1024;318123;170758
93;0;2021-03-07;17319;131;335442;170889
93;0;2021-03-08;9957;4066;345399;174955
93;0;2021-03-09;13624;4799;359023;179754
93;0;2021-03-10;14112;4857;373135;184611
93;0;2021-03-11;19850;5837;392985;190448
93;0;2021-03-12;21500;4651;414485;195099
93;0;2021-03-13;23996;942;438481;196041
93;0;2021-03-14;6284;35;444765;196076
93;0;2021-03-15;15565;2253;460330;198329
93;0;2021-03-16;12475;2848;472805;201177
93;0;2021-03-17;15656;3304;488461;204481
93;0;2021-03-18;16634;4316;505095;208797
93;0;2021-03-19;20516;3724;525611;212521
93;0;2021-03-20;10882;819;536493;213340
93;0;2021-03-21;3183;59;539676;213399
93;0;2021-03-22;16756;2907;556432;216306
93;0;2021-03-23;22088;3364;578520;219670
93;0;2021-03-24;21417;5559;599937;225229
93;0;2021-03-25;28150;5291;628087;230520
93;0;2021-03-26;29150;4537;657237;235057
93;0;2021-03-27;12302;1633;669539;236690
93;0;2021-03-28;3517;202;673056;236892
93;0;2021-03-29;17917;4710;690973;241602
93;0;2021-03-30;27690;5347;718663;246949
93;0;2021-03-31;28069;6035;746732;252984
93;0;2021-04-01;29563;9511;776295;262495
93;0;2021-04-02;26250;10582;802545;273077
93;0;2021-04-03;9602;5180;812147;278257
93;0;2021-04-04;2070;1198;814217;279455
93;0;2021-04-05;5935;1235;820152;280690
93;0;2021-04-06;21891;10148;842043;290838
93;0;2021-04-07;25283;10567;867326;301405
93;0;2021-04-08;27355;14022;894681;315427
93;0;2021-04-09;31529;13130;926210;328557
93;0;2021-04-10;14338;7286;940548;335843
93;0;2021-04-11;3472;2760;944020;338603
93;0;2021-04-12;19522;11792;963542;350395
93;0;2021-04-13;24105;13186;987647;363581
93;0;2021-04-14;23540;12494;1011187;376075
93;0;2021-04-15;24944;13763;1036131;389838
93;0;2021-04-16;25136;14033;1061267;403871
93;0;2021-04-17;12167;5494;1073434;409365
93;0;2021-04-18;5145;2627;1078579;411992
93;0;2021-04-19;16221;13524;1094800;425516
93;0;2021-04-20;17769;15425;1112569;440941
93;0;2021-04-21;18788;15319;1131357;456260
94;0;2020-12-27;0;0;0;0
94;0;2020-12-28;0;0;0;0
94;0;2020-12-29;0;0;0;0
94;0;2020-12-30;0;0;0;0
94;0;2020-12-31;0;0;0;0
94;0;2021-01-01;0;0;0;0
94;0;2021-01-02;0;0;0;0
94;0;2021-01-03;0;0;0;0
94;0;2021-01-04;2;0;2;0
94;0;2021-01-05;0;0;2;0
94;0;2021-01-06;53;0;55;0
94;0;2021-01-07;330;0;385;0
94;0;2021-01-08;309;0;694;0
94;0;2021-01-09;76;0;770;0
94;0;2021-01-10;34;0;804;0
94;0;2021-01-11;151;0;955;0
94;0;2021-01-12;206;0;1161;0
94;0;2021-01-13;203;0;1364;0
94;0;2021-01-14;263;0;1627;0
94;0;2021-01-15;380;0;2007;0
94;0;2021-01-16;197;3;2204;3
94;0;2021-01-17;89;1;2293;4
94;0;2021-01-18;470;2;2763;6
94;0;2021-01-19;980;0;3743;6
94;0;2021-01-20;808;0;4551;6
94;0;2021-01-21;806;1;5357;7
94;0;2021-01-22;705;0;6062;7
94;0;2021-01-23;243;1;6305;8
94;0;2021-01-24;146;0;6451;8
94;0;2021-01-25;422;2;6873;10
94;0;2021-01-26;789;7;7662;17
94;0;2021-01-27;663;56;8325;73
94;0;2021-01-28;702;243;9027;316
94;0;2021-01-29;613;250;9640;566
94;0;2021-01-30;204;75;9844;641
94;0;2021-01-31;150;7;9994;648
94;0;2021-02-01;456;170;10450;818
94;0;2021-02-02;643;193;11093;1011
94;0;2021-02-03;782;168;11875;1179
94;0;2021-02-04;714;308;12589;1487
94;0;2021-02-05;658;260;13247;1747
94;0;2021-02-06;207;82;13454;1829
94;0;2021-02-07;126;58;13580;1887
94;0;2021-02-08;322;384;13902;2271
94;0;2021-02-09;713;646;14615;2917
94;0;2021-02-10;643;406;15258;3323
94;0;2021-02-11;679;457;15937;3780
94;0;2021-02-12;642;417;16579;4197
94;0;2021-02-13;301;107;16880;4304
94;0;2021-02-14;193;79;17073;4383
94;0;2021-02-15;376;284;17449;4667
94;0;2021-02-16;635;607;18084;5274
94;0;2021-02-17;592;484;18676;5758
94;0;2021-02-18;550;547;19226;6305
94;0;2021-02-19;307;600;19533;6905
94;0;2021-02-20;275;194;19808;7099
94;0;2021-02-21;84;95;19892;7194
94;0;2021-02-22;211;404;20103;7598
94;0;2021-02-23;352;649;20455;8247
94;0;2021-02-24;297;603;20752;8850
94;0;2021-02-25;347;609;21099;9459
94;0;2021-02-26;415;558;21514;10017
94;0;2021-02-27;368;152;21882;10169
94;0;2021-02-28;69;124;21951;10293
94;0;2021-03-01;354;428;22305;10721
94;0;2021-03-02;545;651;22850;11372
94;0;2021-03-03;522;687;23372;12059
94;0;2021-03-04;945;645;24317;12704
94;0;2021-03-05;1566;651;25883;13355
94;0;2021-03-06;1837;151;27720;13506
94;0;2021-03-07;1374;97;29094;13603
94;0;2021-03-08;1219;317;30313;13920
94;0;2021-03-09;1284;647;31597;14567
94;0;2021-03-10;1253;570;32850;15137
94;0;2021-03-11;1297;620;34147;15757
94;0;2021-03-12;1500;547;35647;16304
94;0;2021-03-13;1107;297;36754;16601
94;0;2021-03-14;534;183;37288;16784
94;0;2021-03-15;875;388;38163;17172
94;0;2021-03-16;1060;582;39223;17754
94;0;2021-03-17;1222;511;40445;18265
94;0;2021-03-18;991;531;41436;18796
94;0;2021-03-19;1282;316;42718;19112
94;0;2021-03-20;1722;283;44440;19395
94;0;2021-03-21;1122;73;45562;19468
94;0;2021-03-22;885;174;46447;19642
94;0;2021-03-23;1295;332;47742;19974
94;0;2021-03-24;1678;256;49420;20230
94;0;2021-03-25;1721;255;51141;20485
94;0;2021-03-26;1988;334;53129;20819
94;0;2021-03-27;2255;207;55384;21026
94;0;2021-03-28;1064;274;56448;21300
94;0;2021-03-29;1012;226;57460;21526
94;0;2021-03-30;1341;540;58801;22066
94;0;2021-03-31;1409;429;60210;22495
94;0;2021-04-01;1610;656;61820;23151
94;0;2021-04-02;1828;1170;63648;24321
94;0;2021-04-03;1880;1110;65528;25431
94;0;2021-04-04;761;835;66289;26266
94;0;2021-04-05;621;795;66910;27061
94;0;2021-04-06;1512;914;68422;27975
94;0;2021-04-07;1941;805;70363;28780
94;0;2021-04-08;2153;725;72516;29505
94;0;2021-04-09;2053;873;74569;30378
94;0;2021-04-10;2377;682;76946;31060
94;0;2021-04-11;1170;336;78116;31396
94;0;2021-04-12;1518;741;79634;32137
94;0;2021-04-13;1367;961;81001;33098
94;0;2021-04-14;2077;1054;83078;34152
94;0;2021-04-15;1870;1002;84948;35154
94;0;2021-04-16;1748;985;86696;36139
94;0;2021-04-17;1733;1452;88429;37591
94;0;2021-04-18;1223;1310;89652;38901
94;0;2021-04-19;1082;732;90734;39633
94;0;2021-04-20;1213;1101;91947;40734
94;0;2021-04-21;1718;1161;93665;41895
