Region;Code_Region;Date;Indicateur
SAINT-MARTIN;100;2021-03-16;14.295949737054029
SAINT-MARTIN;100;2021-03-17;15.201637080926194
SAINT-MARTIN;100;2021-03-18;16.085649165640323
SAINT-MARTIN;100;2021-03-19;18.06954042101852
SAINT-MARTIN;100;2021-03-20;20.231534918096894
SAINT-MARTIN;100;2021-03-21;22.161986674687864
SAINT-MARTIN;100;2021-03-22;24.048796353512344
SAINT-MARTIN;100;2021-03-23;25.892835158401752
SAINT-MARTIN;100;2021-03-24;27.66372371367449
SAINT-MARTIN;100;2021-03-25;29.329886444546666
SAINT-MARTIN;100;2021-03-26;30.7923657895296
SAINT-MARTIN;100;2021-03-27;31.916118639847145
SAINT-MARTIN;100;2021-03-28;32.650519257193416
SAINT-MARTIN;100;2021-03-29;33.015939832379786
SAINT-MARTIN;100;2021-03-30;33.090582869369676
SAINT-MARTIN;100;2021-03-31;32.90687718662221
SAINT-MARTIN;100;2021-04-01;32.478766040589065
SAINT-MARTIN;100;2021-04-02;31.806124411552034
SAINT-MARTIN;100;2021-04-03;30.952215170723356
SAINT-MARTIN;100;2021-04-04;30.03272713002995
SAINT-MARTIN;100;2021-04-05;29.196586894700193
SAINT-MARTIN;100;2021-04-06;28.532041472108673
SAINT-MARTIN;100;2021-04-07;28.076602582261625
SAINT-MARTIN;100;2021-04-08;27.83576253084691
SAINT-MARTIN;100;2021-04-09;27.799654613758488
SAINT-MARTIN;100;2021-04-10;27.87475335530284
SAINT-MARTIN;100;2021-04-11;27.91161591758431
SAINT-MARTIN;100;2021-04-12;27.803193909833666
SAINT-MARTIN;100;2021-04-13;27.535069454663034
SAINT-MARTIN;100;2021-04-14;27.15748725441525
SAINT-MARTIN;100;2021-04-15;26.685226634077488
SAINT-MARTIN;100;2021-04-16;26.112823218676084
SAINT-MARTIN;100;2021-04-17;25.484798009698853
SAINT-MARTIN;100;2021-04-18;24.869601846710896
SAINT-MARTIN;100;2021-04-19;24.244495177283763
SAINT-MARTIN;100;2021-04-20;23.536072104710712
SAINT-MARTIN;100;2021-04-21;22.64763416997429
SAINT-MARTIN;100;2021-04-22;21.576258703141256
SAINT-MARTIN;100;2021-04-23;20.29902191478843
SAINT-MARTIN;100;2021-04-24;18.78252822848181
SAINT-MARTIN;100;2021-04-25;16.96722442316356
SAINT-MARTIN;100;2021-04-26;15.167477757683839
SAINT-MARTIN;100;2021-04-27;13.758650199045455
SAINT-MARTIN;100;2021-04-28;13.172059704038112
SAINT-MARTIN;100;2021-04-29;13.4687220911308
SAINT-MARTIN;100;2021-04-30;14.618264773692564
SAINT-MARTIN;100;2021-05-01;16.497467081704052
SAINT-MARTIN;100;2021-05-02;18.96145871393105
SAINT-MARTIN;100;2021-05-03;21.70830591915586
SAINT-MARTIN;100;2021-05-04;24.511306753407432
SAINT-MARTIN;100;2021-05-05;27.176201160614237
SAINT-MARTIN;100;2021-05-06;29.70168874477705
SAINT-MARTIN;100;2021-05-07;32.071194989550555
SAINT-MARTIN;100;2021-05-08;34.14070697697729
SAINT-MARTIN;100;2021-05-09;35.92610310933946
SAINT-MARTIN;100;2021-05-10;37.5024364938584
SAINT-MARTIN;100;2021-05-11;37.48784469521038
ILE-DE-FRANCE;11;2020-03-05;98.44743826241422
ILE-DE-FRANCE;11;2020-03-06;103.09155671911827
ILE-DE-FRANCE;11;2020-03-07;108.0205514715967
ILE-DE-FRANCE;11;2020-03-08;112.93702412125613
ILE-DE-FRANCE;11;2020-03-09;117.37505496517214
ILE-DE-FRANCE;11;2020-03-10;121.033823629917
ILE-DE-FRANCE;11;2020-03-11;124.03983973459326
ILE-DE-FRANCE;11;2020-03-12;126.51705610107695
ILE-DE-FRANCE;11;2020-03-13;128.52862464371626
ILE-DE-FRANCE;11;2020-03-14;130.10153079949254
ILE-DE-FRANCE;11;2020-03-15;131.23243207454504
ILE-DE-FRANCE;11;2020-03-16;132.0514914392953
ILE-DE-FRANCE;11;2020-03-17;132.69366491776347
ILE-DE-FRANCE;11;2020-03-18;133.31058397507365
ILE-DE-FRANCE;11;2020-03-19;133.91721305561654
ILE-DE-FRANCE;11;2020-03-20;134.52905891738558
ILE-DE-FRANCE;11;2020-03-21;135.15981682412271
ILE-DE-FRANCE;11;2020-03-22;135.82103624828198
ILE-DE-FRANCE;11;2020-03-23;136.52254755766776
ILE-DE-FRANCE;11;2020-03-24;137.27302738610234
ILE-DE-FRANCE;11;2020-03-25;138.0805298798789
ILE-DE-FRANCE;11;2020-03-26;138.9529690651587
ILE-DE-FRANCE;11;2020-03-27;139.89858801260795
ILE-DE-FRANCE;11;2020-03-28;140.92647327290166
ILE-DE-FRANCE;11;2020-03-29;142.04719875811932
ILE-DE-FRANCE;11;2020-03-30;143.2737085866108
ILE-DE-FRANCE;11;2020-03-31;144.60304128980684
ILE-DE-FRANCE;11;2020-04-01;146.03423008192104
ILE-DE-FRANCE;11;2020-04-02;147.57472864374398
ILE-DE-FRANCE;11;2020-04-03;149.2632720616946
ILE-DE-FRANCE;11;2020-04-04;151.16356745723962
ILE-DE-FRANCE;11;2020-04-05;153.39036381284842
ILE-DE-FRANCE;11;2020-04-06;155.47632098613164
ILE-DE-FRANCE;11;2020-04-07;157.08617288492314
ILE-DE-FRANCE;11;2020-04-08;157.8789294304605
ILE-DE-FRANCE;11;2020-04-09;158.0887497450797
ILE-DE-FRANCE;11;2020-04-10;157.76537748447245
ILE-DE-FRANCE;11;2020-04-11;156.8309559559511
ILE-DE-FRANCE;11;2020-04-12;155.0141080710822
ILE-DE-FRANCE;11;2020-04-13;152.72781289029362
ILE-DE-FRANCE;11;2020-04-14;153.77676931262866
ILE-DE-FRANCE;11;2020-04-15;154.2516161342849
ILE-DE-FRANCE;11;2020-04-16;154.69401086228513
ILE-DE-FRANCE;11;2020-04-17;151.78510869508986
ILE-DE-FRANCE;11;2020-04-18;149.41544441436875
ILE-DE-FRANCE;11;2020-04-19;147.08133687463896
ILE-DE-FRANCE;11;2020-04-20;144.63448979317016
ILE-DE-FRANCE;11;2020-04-21;142.18767646282626
ILE-DE-FRANCE;11;2020-04-22;139.0525529637643
ILE-DE-FRANCE;11;2020-04-23;134.49045510222956
ILE-DE-FRANCE;11;2020-04-24;128.63999096673894
ILE-DE-FRANCE;11;2020-04-25;121.84128519852591
ILE-DE-FRANCE;11;2020-04-26;115.0017537033014
ILE-DE-FRANCE;11;2020-04-27;109.39380205207293
ILE-DE-FRANCE;11;2020-04-28;104.92197394988392
ILE-DE-FRANCE;11;2020-04-29;101.15574005836771
ILE-DE-FRANCE;11;2020-04-30;96.82838507930084
ILE-DE-FRANCE;11;2020-05-01;91.85663891478954
ILE-DE-FRANCE;11;2020-05-02;85.79332963331392
ILE-DE-FRANCE;11;2020-05-03;77.4158781014972
ILE-DE-FRANCE;11;2020-05-04;66.15745848212612
ILE-DE-FRANCE;11;2020-05-05;52.757226874924825
ILE-DE-FRANCE;11;2020-05-06;38.89192608225165
ILE-DE-FRANCE;11;2020-05-07;25.886399048723693
ILE-DE-FRANCE;11;2020-05-08;14.459820373071507
ILE-DE-FRANCE;11;2020-05-09;4.90386149558529
ILE-DE-FRANCE;11;2020-05-10;-2.714767398863973
ILE-DE-FRANCE;11;2020-05-11;-9.18915965950619
ILE-DE-FRANCE;11;2020-05-12;-14.981439894406714
ILE-DE-FRANCE;11;2020-05-13;-20.531145800349762
ILE-DE-FRANCE;11;2020-05-14;-25.712754096992416
ILE-DE-FRANCE;11;2020-05-15;-30.40710025634677
ILE-DE-FRANCE;11;2020-05-16;-34.483993584743125
ILE-DE-FRANCE;11;2020-05-17;-37.84074516763469
ILE-DE-FRANCE;11;2020-05-18;-40.481509697978304
ILE-DE-FRANCE;11;2020-05-19;-42.57908569348761
ILE-DE-FRANCE;11;2020-05-20;-44.313858146011285
ILE-DE-FRANCE;11;2020-05-21;-45.796837460567396
ILE-DE-FRANCE;11;2020-05-22;-47.01880501002717
ILE-DE-FRANCE;11;2020-05-23;-47.99563169543012
ILE-DE-FRANCE;11;2020-05-24;-48.74913329604738
ILE-DE-FRANCE;11;2020-05-25;-49.319949070891425
ILE-DE-FRANCE;11;2020-05-26;-49.74489090909702
ILE-DE-FRANCE;11;2020-05-27;-50.06065983134189
ILE-DE-FRANCE;11;2020-05-28;-50.2852229561558
ILE-DE-FRANCE;11;2020-05-29;-50.42218507125991
ILE-DE-FRANCE;11;2020-05-30;-50.46959533888454
ILE-DE-FRANCE;11;2020-05-31;-50.3853328408893
ILE-DE-FRANCE;11;2020-06-01;-50.16268904079857
ILE-DE-FRANCE;11;2020-06-02;-49.796287147561685
ILE-DE-FRANCE;11;2020-06-03;-49.32159361173323
ILE-DE-FRANCE;11;2020-06-04;-48.739635028063056
ILE-DE-FRANCE;11;2020-06-05;-48.05430548196134
ILE-DE-FRANCE;11;2020-06-06;-47.285532870824305
ILE-DE-FRANCE;11;2020-06-07;-46.4401784689012
ILE-DE-FRANCE;11;2020-06-08;-45.49234295816506
ILE-DE-FRANCE;11;2020-06-09;-44.401245269013614
ILE-DE-FRANCE;11;2020-06-10;-43.140672388316425
ILE-DE-FRANCE;11;2020-06-11;-41.72009897828613
ILE-DE-FRANCE;11;2020-06-12;-40.153458023443505
ILE-DE-FRANCE;11;2020-06-13;-38.351076086223905
ILE-DE-FRANCE;11;2020-06-14;-36.27029386823339
ILE-DE-FRANCE;11;2020-06-15;-33.5792265058576
ILE-DE-FRANCE;11;2020-06-16;-30.063395175046267
ILE-DE-FRANCE;11;2020-06-17;-25.537125927926663
ILE-DE-FRANCE;11;2020-06-18;-20.19847887044271
ILE-DE-FRANCE;11;2020-06-19;-14.31419307217902
ILE-DE-FRANCE;11;2020-06-20;-8.567521548964836
ILE-DE-FRANCE;11;2020-06-21;-3.334801467365395
ILE-DE-FRANCE;11;2020-06-22;0.6373304906646714
ILE-DE-FRANCE;11;2020-06-23;3.4068141352803543
ILE-DE-FRANCE;11;2020-06-24;4.928409998055108
ILE-DE-FRANCE;11;2020-06-25;5.620959507349576
ILE-DE-FRANCE;11;2020-06-26;5.512016074246078
ILE-DE-FRANCE;11;2020-06-27;4.478310937397184
ILE-DE-FRANCE;11;2020-06-28;2.1342941435807163
ILE-DE-FRANCE;11;2020-06-29;-1.213594503546486
ILE-DE-FRANCE;11;2020-06-30;-5.227335779731112
ILE-DE-FRANCE;11;2020-07-01;-9.341711479592137
ILE-DE-FRANCE;11;2020-07-02;-13.642492771397109
ILE-DE-FRANCE;11;2020-07-03;-18.272410131836732
ILE-DE-FRANCE;11;2020-07-04;-22.596103817119694
ILE-DE-FRANCE;11;2020-07-05;-25.924286694485374
ILE-DE-FRANCE;11;2020-07-06;-28.016915707318233
ILE-DE-FRANCE;11;2020-07-07;-29.341589236301502
ILE-DE-FRANCE;11;2020-07-08;-30.35240554221586
ILE-DE-FRANCE;11;2020-07-09;-30.97137199852693
ILE-DE-FRANCE;11;2020-07-10;-31.17161810424657
ILE-DE-FRANCE;11;2020-07-11;-31.017829645619198
ILE-DE-FRANCE;11;2020-07-12;-30.31191936428885
ILE-DE-FRANCE;11;2020-07-13;-28.900965204597675
ILE-DE-FRANCE;11;2020-07-14;-26.59125722364905
ILE-DE-FRANCE;11;2020-07-15;-23.512284749811183
ILE-DE-FRANCE;11;2020-07-16;-19.79812318592915
ILE-DE-FRANCE;11;2020-07-17;-15.604509738463902
ILE-DE-FRANCE;11;2020-07-18;-10.934177905577753
ILE-DE-FRANCE;11;2020-07-19;-6.52087747813028
ILE-DE-FRANCE;11;2020-07-20;-2.177416923858164
ILE-DE-FRANCE;11;2020-07-21;2.3117333815536982
ILE-DE-FRANCE;11;2020-07-22;7.856701644599316
ILE-DE-FRANCE;11;2020-07-23;14.300447605796265
ILE-DE-FRANCE;11;2020-07-24;21.11401851253904
ILE-DE-FRANCE;11;2020-07-25;26.39945290686145
ILE-DE-FRANCE;11;2020-07-26;29.569715374278587
ILE-DE-FRANCE;11;2020-07-27;30.566668258196568
ILE-DE-FRANCE;11;2020-07-28;30.872269795018806
ILE-DE-FRANCE;11;2020-07-29;30.915148071646446
ILE-DE-FRANCE;11;2020-07-30;30.87946083095484
ILE-DE-FRANCE;11;2020-07-31;30.865300587415728
ILE-DE-FRANCE;11;2020-08-01;31.1856364433258
ILE-DE-FRANCE;11;2020-08-02;32.05992471219428
ILE-DE-FRANCE;11;2020-08-03;33.39886083950068
ILE-DE-FRANCE;11;2020-08-04;34.92200584438893
ILE-DE-FRANCE;11;2020-08-05;36.433616744840506
ILE-DE-FRANCE;11;2020-08-06;38.0426752132459
ILE-DE-FRANCE;11;2020-08-07;39.72857347237189
ILE-DE-FRANCE;11;2020-08-08;41.705101188234046
ILE-DE-FRANCE;11;2020-08-09;44.30263255992722
ILE-DE-FRANCE;11;2020-08-10;47.400242732562106
ILE-DE-FRANCE;11;2020-08-11;50.6484621174774
ILE-DE-FRANCE;11;2020-08-12;53.60807752348466
ILE-DE-FRANCE;11;2020-08-13;56.342053689889724
ILE-DE-FRANCE;11;2020-08-14;58.875083619704704
ILE-DE-FRANCE;11;2020-08-15;60.76431259361789
ILE-DE-FRANCE;11;2020-08-16;61.5228700257092
ILE-DE-FRANCE;11;2020-08-17;61.07458752009058
ILE-DE-FRANCE;11;2020-08-18;59.84202734104421
ILE-DE-FRANCE;11;2020-08-19;58.32557976443327
ILE-DE-FRANCE;11;2020-08-20;56.6538268970726
ILE-DE-FRANCE;11;2020-08-21;54.94836876382823
ILE-DE-FRANCE;11;2020-08-22;53.56239603454325
ILE-DE-FRANCE;11;2020-08-23;52.57341395436791
ILE-DE-FRANCE;11;2020-08-24;51.988772399349536
ILE-DE-FRANCE;11;2020-08-25;51.5447354193579
ILE-DE-FRANCE;11;2020-08-26;51.21228789955643
ILE-DE-FRANCE;11;2020-08-27;50.99038131480022
ILE-DE-FRANCE;11;2020-08-28;50.87461512754138
ILE-DE-FRANCE;11;2020-08-29;50.85691646175518
ILE-DE-FRANCE;11;2020-08-30;50.913894710802495
ILE-DE-FRANCE;11;2020-08-31;51.215105934440146
ILE-DE-FRANCE;11;2020-09-01;52.12377665743306
ILE-DE-FRANCE;11;2020-09-02;54.112360359085805
ILE-DE-FRANCE;11;2020-09-03;57.357133026520955
ILE-DE-FRANCE;11;2020-09-04;61.655510874496066
ILE-DE-FRANCE;11;2020-09-05;66.56053111720817
ILE-DE-FRANCE;11;2020-09-06;71.68050002928004
ILE-DE-FRANCE;11;2020-09-07;75.85761911357818
ILE-DE-FRANCE;11;2020-09-08;78.64703292576725
ILE-DE-FRANCE;11;2020-09-09;79.79947344349827
ILE-DE-FRANCE;11;2020-09-10;80.0557032390429
ILE-DE-FRANCE;11;2020-09-11;79.56304922650163
ILE-DE-FRANCE;11;2020-09-12;78.66228453967851
ILE-DE-FRANCE;11;2020-09-13;77.42395841564512
ILE-DE-FRANCE;11;2020-09-14;76.2696767244978
ILE-DE-FRANCE;11;2020-09-15;75.33929505096462
ILE-DE-FRANCE;11;2020-09-16;75.09574117779755
ILE-DE-FRANCE;11;2020-09-17;75.74856636733476
ILE-DE-FRANCE;11;2020-09-18;77.42759449866192
ILE-DE-FRANCE;11;2020-09-19;79.80190685873855
ILE-DE-FRANCE;11;2020-09-20;82.3664271315003
ILE-DE-FRANCE;11;2020-09-21;84.73712980239121
ILE-DE-FRANCE;11;2020-09-22;86.90351286673298
ILE-DE-FRANCE;11;2020-09-23;88.96333547626463
ILE-DE-FRANCE;11;2020-09-24;90.91447032469179
ILE-DE-FRANCE;11;2020-09-25;92.75178840072832
ILE-DE-FRANCE;11;2020-09-26;94.51190354121306
ILE-DE-FRANCE;11;2020-09-27;96.2327259038118
ILE-DE-FRANCE;11;2020-09-28;97.95588778942249
ILE-DE-FRANCE;11;2020-09-29;99.68342652307716
ILE-DE-FRANCE;11;2020-09-30;101.4186396620608
ILE-DE-FRANCE;11;2020-10-01;103.16337871164372
ILE-DE-FRANCE;11;2020-10-02;104.91494455889149
ILE-DE-FRANCE;11;2020-10-03;107.21024660079348
ILE-DE-FRANCE;11;2020-10-04;110.6832452560523
ILE-DE-FRANCE;11;2020-10-05;114.52874139643784
ILE-DE-FRANCE;11;2020-10-06;117.73873861202765
ILE-DE-FRANCE;11;2020-10-07;119.35001503076175
ILE-DE-FRANCE;11;2020-10-08;119.89611066863884
ILE-DE-FRANCE;11;2020-10-09;119.56795572069944
ILE-DE-FRANCE;11;2020-10-10;118.23740213757652
ILE-DE-FRANCE;11;2020-10-11;115.24226206708192
ILE-DE-FRANCE;11;2020-10-12;111.19591198962635
ILE-DE-FRANCE;11;2020-10-13;107.10725288234778
ILE-DE-FRANCE;11;2020-10-14;104.73532512147214
ILE-DE-FRANCE;11;2020-10-15;104.6874241082678
ILE-DE-FRANCE;11;2020-10-16;107.12598586143758
ILE-DE-FRANCE;11;2020-10-17;111.04278072709052
ILE-DE-FRANCE;11;2020-10-18;115.03128221867156
ILE-DE-FRANCE;11;2020-10-19;118.1097472349606
ILE-DE-FRANCE;11;2020-10-20;120.22522243281831
ILE-DE-FRANCE;11;2020-10-21;121.60227525416992
ILE-DE-FRANCE;11;2020-10-22;122.23122263524937
ILE-DE-FRANCE;11;2020-10-23;121.97848283939399
ILE-DE-FRANCE;11;2020-10-24;121.33706962282005
ILE-DE-FRANCE;11;2020-10-25;120.87152794487548
ILE-DE-FRANCE;11;2020-10-26;120.98492860466641
ILE-DE-FRANCE;11;2020-10-27;121.46147634655624
ILE-DE-FRANCE;11;2020-10-28;122.0509885759789
ILE-DE-FRANCE;11;2020-10-29;122.74972229891972
ILE-DE-FRANCE;11;2020-10-30;123.52893715181258
ILE-DE-FRANCE;11;2020-10-31;124.14521708582605
ILE-DE-FRANCE;11;2020-11-01;124.40574652672609
ILE-DE-FRANCE;11;2020-11-02;124.23042530459516
ILE-DE-FRANCE;11;2020-11-03;123.7522884152225
ILE-DE-FRANCE;11;2020-11-04;123.0577418372607
ILE-DE-FRANCE;11;2020-11-05;122.13053558908639
ILE-DE-FRANCE;11;2020-11-06;120.93930186320776
ILE-DE-FRANCE;11;2020-11-07;119.59907926542064
ILE-DE-FRANCE;11;2020-11-08;118.22831746345548
ILE-DE-FRANCE;11;2020-11-09;116.88337890177056
ILE-DE-FRANCE;11;2020-11-10;115.47601487428692
ILE-DE-FRANCE;11;2020-11-11;113.91938512172379
ILE-DE-FRANCE;11;2020-11-12;112.19821574132769
ILE-DE-FRANCE;11;2020-11-13;110.29230969966773
ILE-DE-FRANCE;11;2020-11-14;108.55883216551564
ILE-DE-FRANCE;11;2020-11-15;107.3517531630974
ILE-DE-FRANCE;11;2020-11-16;106.69914012746555
ILE-DE-FRANCE;11;2020-11-17;106.36987187955715
ILE-DE-FRANCE;11;2020-11-18;106.2300026399114
ILE-DE-FRANCE;11;2020-11-19;106.50830662658268
ILE-DE-FRANCE;11;2020-11-20;107.27755582686855
ILE-DE-FRANCE;11;2020-11-21;108.35815547579699
ILE-DE-FRANCE;11;2020-11-22;109.2250021463097
ILE-DE-FRANCE;11;2020-11-23;109.53140007512623
ILE-DE-FRANCE;11;2020-11-24;109.13440192774318
ILE-DE-FRANCE;11;2020-11-25;108.22401439099478
ILE-DE-FRANCE;11;2020-11-26;106.84753724085479
ILE-DE-FRANCE;11;2020-11-27;104.9836301853068
ILE-DE-FRANCE;11;2020-11-28;102.58856914150508
ILE-DE-FRANCE;11;2020-11-29;99.83142933196899
ILE-DE-FRANCE;11;2020-11-30;97.23333347500221
ILE-DE-FRANCE;11;2020-12-01;95.39482045791954
ILE-DE-FRANCE;11;2020-12-02;94.73133522157713
ILE-DE-FRANCE;11;2020-12-03;95.30380504833175
ILE-DE-FRANCE;11;2020-12-04;97.02322366228023
ILE-DE-FRANCE;11;2020-12-05;99.36001687516216
ILE-DE-FRANCE;11;2020-12-06;101.80032770443148
ILE-DE-FRANCE;11;2020-12-07;103.91547624521496
ILE-DE-FRANCE;11;2020-12-08;105.69506327359932
ILE-DE-FRANCE;11;2020-12-09;107.14585221063743
ILE-DE-FRANCE;11;2020-12-10;108.26421139043423
ILE-DE-FRANCE;11;2020-12-11;109.03620583666252
ILE-DE-FRANCE;11;2020-12-12;109.60641998060646
ILE-DE-FRANCE;11;2020-12-13;110.089084487779
ILE-DE-FRANCE;11;2020-12-14;110.54920992748475
ILE-DE-FRANCE;11;2020-12-15;110.89612165268666
ILE-DE-FRANCE;11;2020-12-16;111.07044741636601
ILE-DE-FRANCE;11;2020-12-17;111.0656490845504
ILE-DE-FRANCE;11;2020-12-18;110.86241820151145
ILE-DE-FRANCE;11;2020-12-19;110.09684610969556
ILE-DE-FRANCE;11;2020-12-20;108.629491582374
ILE-DE-FRANCE;11;2020-12-21;106.59646069658385
ILE-DE-FRANCE;11;2020-12-22;104.51910919603992
ILE-DE-FRANCE;11;2020-12-23;102.7320048558685
ILE-DE-FRANCE;11;2020-12-24;101.32015918973988
ILE-DE-FRANCE;11;2020-12-25;100.33131887332293
ILE-DE-FRANCE;11;2020-12-26;100.01142070899387
ILE-DE-FRANCE;11;2020-12-27;100.39806699076084
ILE-DE-FRANCE;11;2020-12-28;101.36824809018732
ILE-DE-FRANCE;11;2020-12-29;102.56501545513565
ILE-DE-FRANCE;11;2020-12-30;103.81746736157726
ILE-DE-FRANCE;11;2020-12-31;105.1085447073673
ILE-DE-FRANCE;11;2021-01-01;106.41930825489752
ILE-DE-FRANCE;11;2021-01-02;107.54064014801298
ILE-DE-FRANCE;11;2021-01-03;108.27007481424783
ILE-DE-FRANCE;11;2021-01-04;108.4402013950328
ILE-DE-FRANCE;11;2021-01-05;108.0663944657168
ILE-DE-FRANCE;11;2021-01-06;107.13544688755708
ILE-DE-FRANCE;11;2021-01-07;105.55431526169859
ILE-DE-FRANCE;11;2021-01-08;103.1452477858163
ILE-DE-FRANCE;11;2021-01-09;100.49963485490059
ILE-DE-FRANCE;11;2021-01-10;98.35187955940077
ILE-DE-FRANCE;11;2021-01-11;97.00188784238613
ILE-DE-FRANCE;11;2021-01-12;96.04057359756165
ILE-DE-FRANCE;11;2021-01-13;94.98859150512408
ILE-DE-FRANCE;11;2021-01-14;93.90885402220232
ILE-DE-FRANCE;11;2021-01-15;92.83186513410416
ILE-DE-FRANCE;11;2021-01-16;91.85360690801338
ILE-DE-FRANCE;11;2021-01-17;91.174019253251
ILE-DE-FRANCE;11;2021-01-18;91.07274414381507
ILE-DE-FRANCE;11;2021-01-19;91.699520214177
ILE-DE-FRANCE;11;2021-01-20;93.03185380144221
ILE-DE-FRANCE;11;2021-01-21;94.90922047464993
ILE-DE-FRANCE;11;2021-01-22;97.16172272302241
ILE-DE-FRANCE;11;2021-01-23;99.4668688727598
ILE-DE-FRANCE;11;2021-01-24;101.39199871978907
ILE-DE-FRANCE;11;2021-01-25;102.70891121658687
ILE-DE-FRANCE;11;2021-01-26;103.42041189911673
ILE-DE-FRANCE;11;2021-01-27;103.70844136061251
ILE-DE-FRANCE;11;2021-01-28;103.60345547905932
ILE-DE-FRANCE;11;2021-01-29;103.10462172332348
ILE-DE-FRANCE;11;2021-01-30;102.23685309073035
ILE-DE-FRANCE;11;2021-01-31;101.10461516817658
ILE-DE-FRANCE;11;2021-02-01;99.97997475347141
ILE-DE-FRANCE;11;2021-02-02;99.12210294954191
ILE-DE-FRANCE;11;2021-02-03;98.72021643039186
ILE-DE-FRANCE;11;2021-02-04;98.80618072117076
ILE-DE-FRANCE;11;2021-02-05;99.4493898196781
ILE-DE-FRANCE;11;2021-02-06;100.75793107341947
ILE-DE-FRANCE;11;2021-02-07;102.82178551101515
ILE-DE-FRANCE;11;2021-02-08;105.28600019046145
ILE-DE-FRANCE;11;2021-02-09;107.78198448000143
ILE-DE-FRANCE;11;2021-02-10;109.97126939257679
ILE-DE-FRANCE;11;2021-02-11;111.89968281445744
ILE-DE-FRANCE;11;2021-02-12;113.41320845056002
ILE-DE-FRANCE;11;2021-02-13;114.2909336944828
ILE-DE-FRANCE;11;2021-02-14;114.29846411053545
ILE-DE-FRANCE;11;2021-02-15;113.71877385501465
ILE-DE-FRANCE;11;2021-02-16;112.90487924892409
ILE-DE-FRANCE;11;2021-02-17;112.23809489926376
ILE-DE-FRANCE;11;2021-02-18;111.76309956431272
ILE-DE-FRANCE;11;2021-02-19;111.65198538630243
ILE-DE-FRANCE;11;2021-02-20;112.05826298873774
ILE-DE-FRANCE;11;2021-02-21;113.05117543117449
ILE-DE-FRANCE;11;2021-02-22;114.40213541755736
ILE-DE-FRANCE;11;2021-02-23;115.8719669951491
ILE-DE-FRANCE;11;2021-02-24;117.28373544509388
ILE-DE-FRANCE;11;2021-02-25;118.6051074183486
ILE-DE-FRANCE;11;2021-02-26;119.85883989168714
ILE-DE-FRANCE;11;2021-02-27;120.87828143284658
ILE-DE-FRANCE;11;2021-02-28;121.52913154830824
ILE-DE-FRANCE;11;2021-03-01;121.74869421743895
ILE-DE-FRANCE;11;2021-03-02;121.68457204998307
ILE-DE-FRANCE;11;2021-03-03;121.47788411484426
ILE-DE-FRANCE;11;2021-03-04;121.174926238049
ILE-DE-FRANCE;11;2021-03-05;120.7419174334333
ILE-DE-FRANCE;11;2021-03-06;120.15217403881958
ILE-DE-FRANCE;11;2021-03-07;119.31468650442169
ILE-DE-FRANCE;11;2021-03-08;118.36056084223412
ILE-DE-FRANCE;11;2021-03-09;117.5232738550834
ILE-DE-FRANCE;11;2021-03-10;117.2482375510528
ILE-DE-FRANCE;11;2021-03-11;117.93768501858477
ILE-DE-FRANCE;11;2021-03-12;120.11107075911532
ILE-DE-FRANCE;11;2021-03-13;123.7093199492288
ILE-DE-FRANCE;11;2021-03-14;128.36847295832834
ILE-DE-FRANCE;11;2021-03-15;132.54289899043908
ILE-DE-FRANCE;11;2021-03-16;135.59596411944577
ILE-DE-FRANCE;11;2021-03-17;137.20404554499294
ILE-DE-FRANCE;11;2021-03-18;138.00396259055265
ILE-DE-FRANCE;11;2021-03-19;138.13152310906108
ILE-DE-FRANCE;11;2021-03-20;137.81724776987696
ILE-DE-FRANCE;11;2021-03-21;137.04289698282165
ILE-DE-FRANCE;11;2021-03-22;136.2443812584412
ILE-DE-FRANCE;11;2021-03-23;135.61971699848095
ILE-DE-FRANCE;11;2021-03-24;135.57991147638677
ILE-DE-FRANCE;11;2021-03-25;136.07284162486613
ILE-DE-FRANCE;11;2021-03-26;136.89708775379458
ILE-DE-FRANCE;11;2021-03-27;137.64825102729534
ILE-DE-FRANCE;11;2021-03-28;137.96415621981978
ILE-DE-FRANCE;11;2021-03-29;137.73736867774255
ILE-DE-FRANCE;11;2021-03-30;137.0853155749577
ILE-DE-FRANCE;11;2021-03-31;136.08961227474524
ILE-DE-FRANCE;11;2021-04-01;134.7480133005765
ILE-DE-FRANCE;11;2021-04-02;133.13688136089874
ILE-DE-FRANCE;11;2021-04-03;131.6730104681447
ILE-DE-FRANCE;11;2021-04-04;130.7793468844278
ILE-DE-FRANCE;11;2021-04-05;130.49919946421358
ILE-DE-FRANCE;11;2021-04-06;130.56869305091942
ILE-DE-FRANCE;11;2021-04-07;130.7248589779641
ILE-DE-FRANCE;11;2021-04-08;130.98220187105048
ILE-DE-FRANCE;11;2021-04-09;131.33065077559334
ILE-DE-FRANCE;11;2021-04-10;131.61636081428344
ILE-DE-FRANCE;11;2021-04-11;131.6145693371764
ILE-DE-FRANCE;11;2021-04-12;131.3704056784395
ILE-DE-FRANCE;11;2021-04-13;131.1010714430266
ILE-DE-FRANCE;11;2021-04-14;131.14985844695698
ILE-DE-FRANCE;11;2021-04-15;131.59294459879845
ILE-DE-FRANCE;11;2021-04-16;132.4333467178825
ILE-DE-FRANCE;11;2021-04-17;133.24105227181514
ILE-DE-FRANCE;11;2021-04-18;133.6635733085715
ILE-DE-FRANCE;11;2021-04-19;133.46159809775602
ILE-DE-FRANCE;11;2021-04-20;132.7997016431775
ILE-DE-FRANCE;11;2021-04-21;131.7469446127502
ILE-DE-FRANCE;11;2021-04-22;130.28430544534808
ILE-DE-FRANCE;11;2021-04-23;128.2956153971283
ILE-DE-FRANCE;11;2021-04-24;125.95972298264677
ILE-DE-FRANCE;11;2021-04-25;123.48008203942032
ILE-DE-FRANCE;11;2021-04-26;121.08015760723205
ILE-DE-FRANCE;11;2021-04-27;118.69376003538723
ILE-DE-FRANCE;11;2021-04-28;116.23695063738708
ILE-DE-FRANCE;11;2021-04-29;113.69140262425823
ILE-DE-FRANCE;11;2021-04-30;111.04498200246115
ILE-DE-FRANCE;11;2021-05-01;108.4926900156875
ILE-DE-FRANCE;11;2021-05-02;106.20939617642344
ILE-DE-FRANCE;11;2021-05-03;104.09518412113106
ILE-DE-FRANCE;11;2021-05-04;101.8375373751157
ILE-DE-FRANCE;11;2021-05-05;99.12404092411022
ILE-DE-FRANCE;11;2021-05-06;95.88132937814152
ILE-DE-FRANCE;11;2021-05-07;92.00594285341057
ILE-DE-FRANCE;11;2021-05-08;87.9117531020516
ILE-DE-FRANCE;11;2021-05-09;84.10067291740374
ILE-DE-FRANCE;11;2021-05-10;81.05348661431897
ILE-DE-FRANCE;11;2021-05-11;78.7386899554971
ILE-DE-FRANCE;11;2021-05-12;77.07716835988934
ILE-DE-FRANCE;11;2021-05-13;76.03885981922141
ILE-DE-FRANCE;11;2021-05-14;75.519278781803
ILE-DE-FRANCE;11;2021-05-15;75.29441503189115
ILE-DE-FRANCE;11;2021-05-16;75.02826323359875
ILE-DE-FRANCE;11;2021-05-17;74.61429265758292
CENTRE-VAL DE LOIRE;24;2020-12-09;91.45531856968702
CENTRE-VAL DE LOIRE;24;2020-12-10;92.3995713564197
CENTRE-VAL DE LOIRE;24;2020-12-11;92.11526008740515
CENTRE-VAL DE LOIRE;24;2020-12-12;90.8804006603317
CENTRE-VAL DE LOIRE;24;2020-12-13;89.51223678485366
CENTRE-VAL DE LOIRE;24;2020-12-14;88.13356918067984
CENTRE-VAL DE LOIRE;24;2020-12-15;86.59307236167717
CENTRE-VAL DE LOIRE;24;2020-12-16;85.14247725098711
CENTRE-VAL DE LOIRE;24;2020-12-17;84.0842799125002
CENTRE-VAL DE LOIRE;24;2020-12-18;83.41666171022916
CENTRE-VAL DE LOIRE;24;2020-12-19;83.02830667780142
CENTRE-VAL DE LOIRE;24;2020-12-20;82.80999645039469
CENTRE-VAL DE LOIRE;24;2020-12-21;82.70699121320303
CENTRE-VAL DE LOIRE;24;2020-12-22;82.76876072740944
CENTRE-VAL DE LOIRE;24;2020-12-23;83.04246542537327
CENTRE-VAL DE LOIRE;24;2020-12-24;83.52541808979588
CENTRE-VAL DE LOIRE;24;2020-12-25;84.2089133330178
CENTRE-VAL DE LOIRE;24;2020-12-26;85.04625685955519
CENTRE-VAL DE LOIRE;24;2020-12-27;85.9916860693989
CENTRE-VAL DE LOIRE;24;2020-12-28;86.98516704964203
CENTRE-VAL DE LOIRE;24;2020-12-29;88.0044495289851
CENTRE-VAL DE LOIRE;24;2020-12-30;89.02829023817404
CENTRE-VAL DE LOIRE;24;2020-12-31;90.05342159895065
CENTRE-VAL DE LOIRE;24;2021-01-01;91.07652709956821
CENTRE-VAL DE LOIRE;24;2021-01-02;92.03919225069694
CENTRE-VAL DE LOIRE;24;2021-01-03;92.8873316176713
CENTRE-VAL DE LOIRE;24;2021-01-04;93.62403178689205
CENTRE-VAL DE LOIRE;24;2021-01-05;94.30746816753792
CENTRE-VAL DE LOIRE;24;2021-01-06;94.99144875396068
CENTRE-VAL DE LOIRE;24;2021-01-07;95.67265286333351
CENTRE-VAL DE LOIRE;24;2021-01-08;96.34742638006351
CENTRE-VAL DE LOIRE;24;2021-01-09;97.20594117536484
CENTRE-VAL DE LOIRE;24;2021-01-10;98.43593453530899
CENTRE-VAL DE LOIRE;24;2021-01-11;99.83233712899023
CENTRE-VAL DE LOIRE;24;2021-01-12;101.037637624911
CENTRE-VAL DE LOIRE;24;2021-01-13;101.72198248143611
CENTRE-VAL DE LOIRE;24;2021-01-14;101.96327118905998
CENTRE-VAL DE LOIRE;24;2021-01-15;101.80539810374769
CENTRE-VAL DE LOIRE;24;2021-01-16;101.06899563715037
CENTRE-VAL DE LOIRE;24;2021-01-17;99.48602649419108
CENTRE-VAL DE LOIRE;24;2021-01-18;97.26903459740947
CENTRE-VAL DE LOIRE;24;2021-01-19;94.86543165151757
CENTRE-VAL DE LOIRE;24;2021-01-20;92.83348575311804
CENTRE-VAL DE LOIRE;24;2021-01-21;91.27460654750143
CENTRE-VAL DE LOIRE;24;2021-01-22;90.27186266330379
CENTRE-VAL DE LOIRE;24;2021-01-23;89.94108727500935
CENTRE-VAL DE LOIRE;24;2021-01-24;90.31209602852623
CENTRE-VAL DE LOIRE;24;2021-01-25;91.16575344032742
CENTRE-VAL DE LOIRE;24;2021-01-26;92.21353941264591
CENTRE-VAL DE LOIRE;24;2021-01-27;93.22204294428404
CENTRE-VAL DE LOIRE;24;2021-01-28;94.18850554760286
CENTRE-VAL DE LOIRE;24;2021-01-29;95.10990457340893
CENTRE-VAL DE LOIRE;24;2021-01-30;95.93058357797977
CENTRE-VAL DE LOIRE;24;2021-01-31;96.6004684608577
CENTRE-VAL DE LOIRE;24;2021-02-01;97.07422411512708
CENTRE-VAL DE LOIRE;24;2021-02-02;97.36032050940378
CENTRE-VAL DE LOIRE;24;2021-02-03;97.46176477171636
CENTRE-VAL DE LOIRE;24;2021-02-04;97.3759029933252
CENTRE-VAL DE LOIRE;24;2021-02-05;97.92496852079277
CENTRE-VAL DE LOIRE;24;2021-02-06;98.03463239746057
CENTRE-VAL DE LOIRE;24;2021-02-07;97.83287956169512
CENTRE-VAL DE LOIRE;24;2021-02-08;96.71881525314272
CENTRE-VAL DE LOIRE;24;2021-02-09;95.72682842099834
CENTRE-VAL DE LOIRE;24;2021-02-10;94.82444428382685
CENTRE-VAL DE LOIRE;24;2021-02-11;93.87006924028195
CENTRE-VAL DE LOIRE;24;2021-02-12;92.93031355884115
CENTRE-VAL DE LOIRE;24;2021-02-13;91.95727586979805
CENTRE-VAL DE LOIRE;24;2021-02-14;90.92473465497585
CENTRE-VAL DE LOIRE;24;2021-02-15;89.97071697291956
CENTRE-VAL DE LOIRE;24;2021-02-16;89.22719216262927
CENTRE-VAL DE LOIRE;24;2021-02-17;88.8240529633144
CENTRE-VAL DE LOIRE;24;2021-02-18;88.77914925249218
CENTRE-VAL DE LOIRE;24;2021-02-19;89.11883325707309
CENTRE-VAL DE LOIRE;24;2021-02-20;89.74565838693543
CENTRE-VAL DE LOIRE;24;2021-02-21;90.5640976809735
CENTRE-VAL DE LOIRE;24;2021-02-22;91.38236043829063
CENTRE-VAL DE LOIRE;24;2021-02-23;92.12919469539251
CENTRE-VAL DE LOIRE;24;2021-02-24;92.7352411655249
CENTRE-VAL DE LOIRE;24;2021-02-25;93.20692708800594
CENTRE-VAL DE LOIRE;24;2021-02-26;93.54665273973579
CENTRE-VAL DE LOIRE;24;2021-02-27;93.82706905768191
CENTRE-VAL DE LOIRE;24;2021-02-28;94.0713526262344
CENTRE-VAL DE LOIRE;24;2021-03-01;94.2838588104618
CENTRE-VAL DE LOIRE;24;2021-03-02;94.40088481907726
CENTRE-VAL DE LOIRE;24;2021-03-03;94.39390702978302
CENTRE-VAL DE LOIRE;24;2021-03-04;94.25406146129878
CENTRE-VAL DE LOIRE;24;2021-03-05;93.96369490697298
CENTRE-VAL DE LOIRE;24;2021-03-06;93.52030923369864
CENTRE-VAL DE LOIRE;24;2021-03-07;92.97123722275651
CENTRE-VAL DE LOIRE;24;2021-03-08;92.55833933073043
CENTRE-VAL DE LOIRE;24;2021-03-09;92.546188526181
CENTRE-VAL DE LOIRE;24;2021-03-10;93.1508150175953
CENTRE-VAL DE LOIRE;24;2021-03-11;94.38124299665844
CENTRE-VAL DE LOIRE;24;2021-03-12;96.22437020965012
CENTRE-VAL DE LOIRE;24;2021-03-13;98.47702876587783
CENTRE-VAL DE LOIRE;24;2021-03-14;100.96615687726829
CENTRE-VAL DE LOIRE;24;2021-03-15;103.27780124146112
CENTRE-VAL DE LOIRE;24;2021-03-16;105.24717087599156
CENTRE-VAL DE LOIRE;24;2021-03-17;106.6407224716752
CENTRE-VAL DE LOIRE;24;2021-03-18;107.47708793432496
CENTRE-VAL DE LOIRE;24;2021-03-19;107.67545435690913
CENTRE-VAL DE LOIRE;24;2021-03-20;107.24542850286171
CENTRE-VAL DE LOIRE;24;2021-03-21;106.17197156054914
CENTRE-VAL DE LOIRE;24;2021-03-22;104.7104705916625
CENTRE-VAL DE LOIRE;24;2021-03-23;103.08239888712991
CENTRE-VAL DE LOIRE;24;2021-03-24;101.63677622026265
CENTRE-VAL DE LOIRE;24;2021-03-25;100.4838757328563
CENTRE-VAL DE LOIRE;24;2021-03-26;99.73482442322323
CENTRE-VAL DE LOIRE;24;2021-03-27;99.47206192747156
CENTRE-VAL DE LOIRE;24;2021-03-28;99.72974324039706
CENTRE-VAL DE LOIRE;24;2021-03-29;100.43218184960907
CENTRE-VAL DE LOIRE;24;2021-03-30;101.41180273846271
CENTRE-VAL DE LOIRE;24;2021-03-31;102.54798112856069
CENTRE-VAL DE LOIRE;24;2021-04-01;103.83233206030847
CENTRE-VAL DE LOIRE;24;2021-04-02;105.24933308083223
CENTRE-VAL DE LOIRE;24;2021-04-03;106.7018097069852
CENTRE-VAL DE LOIRE;24;2021-04-04;108.11214325964785
CENTRE-VAL DE LOIRE;24;2021-04-05;109.3695216500318
CENTRE-VAL DE LOIRE;24;2021-04-06;110.47036625339558
CENTRE-VAL DE LOIRE;24;2021-04-07;111.40080360519319
CENTRE-VAL DE LOIRE;24;2021-04-08;112.20127497876824
CENTRE-VAL DE LOIRE;24;2021-04-09;112.90214033994086
CENTRE-VAL DE LOIRE;24;2021-04-10;113.45605600565392
CENTRE-VAL DE LOIRE;24;2021-04-11;113.79324684998743
CENTRE-VAL DE LOIRE;24;2021-04-12;113.93030105382307
CENTRE-VAL DE LOIRE;24;2021-04-13;113.89417905714883
CENTRE-VAL DE LOIRE;24;2021-04-14;113.72614693237459
CENTRE-VAL DE LOIRE;24;2021-04-15;113.36947055029091
CENTRE-VAL DE LOIRE;24;2021-04-16;112.80999795338144
CENTRE-VAL DE LOIRE;24;2021-04-17;112.16305025751574
CENTRE-VAL DE LOIRE;24;2021-04-18;111.54015687929457
CENTRE-VAL DE LOIRE;24;2021-04-19;110.8773798631953
CENTRE-VAL DE LOIRE;24;2021-04-20;110.0518941514505
CENTRE-VAL DE LOIRE;24;2021-04-21;108.9472423310013
CENTRE-VAL DE LOIRE;24;2021-04-22;107.62331740688542
CENTRE-VAL DE LOIRE;24;2021-04-23;106.01560343853718
CENTRE-VAL DE LOIRE;24;2021-04-24;104.0206149540247
CENTRE-VAL DE LOIRE;24;2021-04-25;101.52261616817923
CENTRE-VAL DE LOIRE;24;2021-04-26;98.69383856102941
CENTRE-VAL DE LOIRE;24;2021-04-27;95.7622415176728
CENTRE-VAL DE LOIRE;24;2021-04-28;92.99048295843288
CENTRE-VAL DE LOIRE;24;2021-04-29;90.44021995552127
CENTRE-VAL DE LOIRE;24;2021-04-30;88.22359613370844
CENTRE-VAL DE LOIRE;24;2021-05-01;86.36749255027313
CENTRE-VAL DE LOIRE;24;2021-05-02;84.9751501433262
CENTRE-VAL DE LOIRE;24;2021-05-03;83.95794821117936
CENTRE-VAL DE LOIRE;24;2021-05-04;83.36215702976567
CENTRE-VAL DE LOIRE;24;2021-05-05;83.12740381859855
CENTRE-VAL DE LOIRE;24;2021-05-06;83.26735195314343
CENTRE-VAL DE LOIRE;24;2021-05-07;83.70979784517442
CENTRE-VAL DE LOIRE;24;2021-05-08;84.38340117584471
CENTRE-VAL DE LOIRE;24;2021-05-09;85.13608982793001
CENTRE-VAL DE LOIRE;24;2021-05-10;85.91665884993324
CENTRE-VAL DE LOIRE;24;2021-05-11;86.53922129421284
CENTRE-VAL DE LOIRE;24;2021-05-12;87.03330839656944
CENTRE-VAL DE LOIRE;24;2021-05-13;87.36228732974784
CENTRE-VAL DE LOIRE;24;2021-05-14;87.64255518564217
CENTRE-VAL DE LOIRE;24;2021-05-15;87.96073628727942
CENTRE-VAL DE LOIRE;24;2021-05-16;88.11297464153587
CENTRE-VAL DE LOIRE;24;2021-05-17;88.25853362023734
CENTRE-VAL DE LOIRE;24;2021-05-18;88.0961412460191
BOURGOGNE-FRANCHE-COMTE;27;2020-03-24;42.44849644325661
BOURGOGNE-FRANCHE-COMTE;27;2020-03-25;43.94737382836421
BOURGOGNE-FRANCHE-COMTE;27;2020-03-26;45.468145746258955
BOURGOGNE-FRANCHE-COMTE;27;2020-03-27;46.97693664921334
BOURGOGNE-FRANCHE-COMTE;27;2020-03-28;48.22994391049874
BOURGOGNE-FRANCHE-COMTE;27;2020-03-29;49.02363471850438
BOURGOGNE-FRANCHE-COMTE;27;2020-03-30;49.21762826681811
BOURGOGNE-FRANCHE-COMTE;27;2020-03-31;48.8727569448746
BOURGOGNE-FRANCHE-COMTE;27;2020-04-01;47.996516735195854
BOURGOGNE-FRANCHE-COMTE;27;2020-04-02;46.545676440201426
BOURGOGNE-FRANCHE-COMTE;27;2020-04-03;44.41196698705093
BOURGOGNE-FRANCHE-COMTE;27;2020-04-04;41.79007044480444
BOURGOGNE-FRANCHE-COMTE;27;2020-04-05;38.90860721266843
BOURGOGNE-FRANCHE-COMTE;27;2020-04-06;36.06071999207488
BOURGOGNE-FRANCHE-COMTE;27;2020-04-07;33.25164829830867
BOURGOGNE-FRANCHE-COMTE;27;2020-04-08;30.48716617274154
BOURGOGNE-FRANCHE-COMTE;27;2020-04-09;27.773571058617147
BOURGOGNE-FRANCHE-COMTE;27;2020-04-10;25.117650742022594
BOURGOGNE-FRANCHE-COMTE;27;2020-04-11;22.502142465133282
BOURGOGNE-FRANCHE-COMTE;27;2020-04-12;19.907513491351224
BOURGOGNE-FRANCHE-COMTE;27;2020-04-13;17.31182873523693
BOURGOGNE-FRANCHE-COMTE;27;2020-04-14;14.71513724354267
BOURGOGNE-FRANCHE-COMTE;27;2020-04-15;12.117556788452669
BOURGOGNE-FRANCHE-COMTE;27;2020-04-16;9.519299822267962
BOURGOGNE-FRANCHE-COMTE;27;2020-04-17;6.92069939387564
BOURGOGNE-FRANCHE-COMTE;27;2020-04-18;4.394718369806531
BOURGOGNE-FRANCHE-COMTE;27;2020-04-19;2.0295672865795784
BOURGOGNE-FRANCHE-COMTE;27;2020-04-20;-0.0725365109111163
BOURGOGNE-FRANCHE-COMTE;27;2020-04-21;-1.8707846570104556
BOURGOGNE-FRANCHE-COMTE;27;2020-04-22;-3.332902565782628
BOURGOGNE-FRANCHE-COMTE;27;2020-04-23;-4.439497895182579
BOURGOGNE-FRANCHE-COMTE;27;2020-04-24;-5.1869538671368
BOURGOGNE-FRANCHE-COMTE;27;2020-04-25;-5.693457142200522
BOURGOGNE-FRANCHE-COMTE;27;2020-04-26;-6.078477422608271
BOURGOGNE-FRANCHE-COMTE;27;2020-04-27;-6.457100110391686
BOURGOGNE-FRANCHE-COMTE;27;2020-04-28;-6.829617326854843
BOURGOGNE-FRANCHE-COMTE;27;2020-04-29;-7.196569957187344
BOURGOGNE-FRANCHE-COMTE;27;2020-04-30;-7.558686511721039
BOURGOGNE-FRANCHE-COMTE;27;2020-05-01;-7.9168189621792
BOURGOGNE-FRANCHE-COMTE;27;2020-05-02;-8.27188711918555
BOURGOGNE-FRANCHE-COMTE;27;2020-05-03;-8.624835898691419
BOURGOGNE-FRANCHE-COMTE;27;2020-05-04;-11.175198210779397
BOURGOGNE-FRANCHE-COMTE;27;2020-05-05;-13.650217182114275
BOURGOGNE-FRANCHE-COMTE;27;2020-05-06;-16.061174791293592
BOURGOGNE-FRANCHE-COMTE;27;2020-05-07;-16.21728355783274
BOURGOGNE-FRANCHE-COMTE;27;2020-05-08;-16.392818352577837
BOURGOGNE-FRANCHE-COMTE;27;2020-05-09;-16.58202907103252
BOURGOGNE-FRANCHE-COMTE;27;2020-05-10;-16.781581092678934
BOURGOGNE-FRANCHE-COMTE;27;2020-05-11;-16.994736775403013
BOURGOGNE-FRANCHE-COMTE;27;2020-05-12;-17.220278723440376
BOURGOGNE-FRANCHE-COMTE;27;2020-05-13;-17.457670152942224
BOURGOGNE-FRANCHE-COMTE;27;2020-05-14;-17.706652341238925
BOURGOGNE-FRANCHE-COMTE;27;2020-05-15;-17.967946617061376
BOURGOGNE-FRANCHE-COMTE;27;2020-05-16;-18.241075122531356
BOURGOGNE-FRANCHE-COMTE;27;2020-05-17;-18.525621156078078
BOURGOGNE-FRANCHE-COMTE;27;2020-05-18;-18.820358619196966
BOURGOGNE-FRANCHE-COMTE;27;2020-05-19;-19.125344593481973
BOURGOGNE-FRANCHE-COMTE;27;2020-05-20;-19.440607069749362
BOURGOGNE-FRANCHE-COMTE;27;2020-05-21;-19.76614019043659
BOURGOGNE-FRANCHE-COMTE;27;2020-05-22;-20.101906190710288
BOURGOGNE-FRANCHE-COMTE;27;2020-05-23;-20.420949644995954
BOURGOGNE-FRANCHE-COMTE;27;2020-05-24;-20.695262408825027
BOURGOGNE-FRANCHE-COMTE;27;2020-05-25;-20.896131709395227
BOURGOGNE-FRANCHE-COMTE;27;2020-05-26;-21.02141741873982
BOURGOGNE-FRANCHE-COMTE;27;2020-05-27;-21.07009773887971
BOURGOGNE-FRANCHE-COMTE;27;2020-05-28;-21.04232521194572
BOURGOGNE-FRANCHE-COMTE;27;2020-05-29;-20.939417582167554
BOURGOGNE-FRANCHE-COMTE;27;2020-05-30;-20.79178500845536
BOURGOGNE-FRANCHE-COMTE;27;2020-05-31;-20.62793800331161
BOURGOGNE-FRANCHE-COMTE;27;2020-06-01;-20.475675575306187
BOURGOGNE-FRANCHE-COMTE;27;2020-06-02;-20.333743096697944
BOURGOGNE-FRANCHE-COMTE;27;2020-06-03;-20.20240875128609
BOURGOGNE-FRANCHE-COMTE;27;2020-06-04;-20.081883842891603
BOURGOGNE-FRANCHE-COMTE;27;2020-06-05;-19.971002423916318
BOURGOGNE-FRANCHE-COMTE;27;2020-06-06;-19.868550042795814
BOURGOGNE-FRANCHE-COMTE;27;2020-06-07;-19.77325779734093
BOURGOGNE-FRANCHE-COMTE;27;2020-06-08;-19.685124182446675
BOURGOGNE-FRANCHE-COMTE;27;2020-06-09;-21.802793762118174
BOURGOGNE-FRANCHE-COMTE;27;2020-06-10;-23.84422643038857
BOURGOGNE-FRANCHE-COMTE;27;2020-06-11;-25.819586845914532
BOURGOGNE-FRANCHE-COMTE;27;2020-06-12;-25.537661467027537
BOURGOGNE-FRANCHE-COMTE;27;2020-06-13;-25.28363269424117
BOURGOGNE-FRANCHE-COMTE;27;2020-06-14;-25.051261672804927
BOURGOGNE-FRANCHE-COMTE;27;2020-06-15;-24.83585300255548
BOURGOGNE-FRANCHE-COMTE;27;2020-06-16;-24.636308380897606
BOURGOGNE-FRANCHE-COMTE;27;2020-06-17;-24.45024046938131
BOURGOGNE-FRANCHE-COMTE;27;2020-06-18;-24.27598366796296
BOURGOGNE-FRANCHE-COMTE;27;2020-06-19;-24.112167897261525
BOURGOGNE-FRANCHE-COMTE;27;2020-06-20;-23.957576388837012
BOURGOGNE-FRANCHE-COMTE;27;2020-06-21;-23.78656363345377
BOURGOGNE-FRANCHE-COMTE;27;2020-06-22;-23.572890767150774
BOURGOGNE-FRANCHE-COMTE;27;2020-06-23;-23.290124237290012
BOURGOGNE-FRANCHE-COMTE;27;2020-06-24;-22.936587880336514
BOURGOGNE-FRANCHE-COMTE;27;2020-06-25;-22.511930278632235
BOURGOGNE-FRANCHE-COMTE;27;2020-06-26;-22.01711366765547
BOURGOGNE-FRANCHE-COMTE;27;2020-06-27;-21.451247169558844
BOURGOGNE-FRANCHE-COMTE;27;2020-06-28;-20.836012178538038
BOURGOGNE-FRANCHE-COMTE;27;2020-06-29;-20.192172487062837
BOURGOGNE-FRANCHE-COMTE;27;2020-06-30;-19.54233687112692
BOURGOGNE-FRANCHE-COMTE;27;2020-07-01;-18.88614424405837
BOURGOGNE-FRANCHE-COMTE;27;2020-07-02;-18.22340557804647
BOURGOGNE-FRANCHE-COMTE;27;2020-07-03;-17.554136218346475
BOURGOGNE-FRANCHE-COMTE;27;2020-07-04;-16.876803630003053
BOURGOGNE-FRANCHE-COMTE;27;2020-07-05;-16.11309736825641
BOURGOGNE-FRANCHE-COMTE;27;2020-07-06;-15.183584952534735
BOURGOGNE-FRANCHE-COMTE;27;2020-07-07;-14.012883746153307
BOURGOGNE-FRANCHE-COMTE;27;2020-07-08;-12.60793719625475
BOURGOGNE-FRANCHE-COMTE;27;2020-07-09;-10.984630469155832
BOURGOGNE-FRANCHE-COMTE;27;2020-07-10;-9.165702766635977
BOURGOGNE-FRANCHE-COMTE;27;2020-07-11;-7.181126988136502
BOURGOGNE-FRANCHE-COMTE;27;2020-07-12;-5.086143398171459
BOURGOGNE-FRANCHE-COMTE;27;2020-07-13;-2.9247883722648327
BOURGOGNE-FRANCHE-COMTE;27;2020-07-14;-0.7289472037945502
BOURGOGNE-FRANCHE-COMTE;27;2020-07-15;1.5016559233880562
BOURGOGNE-FRANCHE-COMTE;27;2020-07-16;3.76411673552992
BOURGOGNE-FRANCHE-COMTE;27;2020-07-17;6.054767295314968
BOURGOGNE-FRANCHE-COMTE;27;2020-07-18;8.369534095534503
BOURGOGNE-FRANCHE-COMTE;27;2020-07-19;10.576232493197306
BOURGOGNE-FRANCHE-COMTE;27;2020-07-20;12.565349510719216
BOURGOGNE-FRANCHE-COMTE;27;2020-07-21;14.242467500628045
BOURGOGNE-FRANCHE-COMTE;27;2020-07-22;15.649909592682636
BOURGOGNE-FRANCHE-COMTE;27;2020-07-23;16.81121512619399
BOURGOGNE-FRANCHE-COMTE;27;2020-07-24;17.73430337935481
BOURGOGNE-FRANCHE-COMTE;27;2020-07-25;18.392233312159348
BOURGOGNE-FRANCHE-COMTE;27;2020-07-26;18.848090361998672
BOURGOGNE-FRANCHE-COMTE;27;2020-07-27;19.169144267853923
BOURGOGNE-FRANCHE-COMTE;27;2020-07-28;19.451350252783453
BOURGOGNE-FRANCHE-COMTE;27;2020-07-29;19.69852161248889
BOURGOGNE-FRANCHE-COMTE;27;2020-07-30;19.911875007666264
BOURGOGNE-FRANCHE-COMTE;27;2020-07-31;20.090331232521773
BOURGOGNE-FRANCHE-COMTE;27;2020-08-01;20.24624124063375
BOURGOGNE-FRANCHE-COMTE;27;2020-08-02;20.50682470235827
BOURGOGNE-FRANCHE-COMTE;27;2020-08-03;21.010408413477474
BOURGOGNE-FRANCHE-COMTE;27;2020-08-04;21.8829166917344
BOURGOGNE-FRANCHE-COMTE;27;2020-08-05;23.128221263267328
BOURGOGNE-FRANCHE-COMTE;27;2020-08-06;24.72603671783521
BOURGOGNE-FRANCHE-COMTE;27;2020-08-07;26.63733771045691
BOURGOGNE-FRANCHE-COMTE;27;2020-08-08;28.813031402648782
BOURGOGNE-FRANCHE-COMTE;27;2020-08-09;31.04923876099472
BOURGOGNE-FRANCHE-COMTE;27;2020-08-10;33.1874490333401
BOURGOGNE-FRANCHE-COMTE;27;2020-08-11;35.10072174953296
BOURGOGNE-FRANCHE-COMTE;27;2020-08-12;36.83773208372054
BOURGOGNE-FRANCHE-COMTE;27;2020-08-13;38.420903998305775
BOURGOGNE-FRANCHE-COMTE;27;2020-08-14;39.85611667501505
BOURGOGNE-FRANCHE-COMTE;27;2020-08-15;41.185671400964594
BOURGOGNE-FRANCHE-COMTE;27;2020-08-16;42.47617350052681
BOURGOGNE-FRANCHE-COMTE;27;2020-08-17;43.79440335622993
BOURGOGNE-FRANCHE-COMTE;27;2020-08-18;45.159098312418756
BOURGOGNE-FRANCHE-COMTE;27;2020-08-19;46.5568116292206
BOURGOGNE-FRANCHE-COMTE;27;2020-08-20;47.97032390341897
BOURGOGNE-FRANCHE-COMTE;27;2020-08-21;49.38171816929472
BOURGOGNE-FRANCHE-COMTE;27;2020-08-22;50.76027297499972
BOURGOGNE-FRANCHE-COMTE;27;2020-08-23;52.03135047883708
BOURGOGNE-FRANCHE-COMTE;27;2020-08-24;53.14801841071858
BOURGOGNE-FRANCHE-COMTE;27;2020-08-25;54.09406850879693
BOURGOGNE-FRANCHE-COMTE;27;2020-08-26;54.90984569949696
BOURGOGNE-FRANCHE-COMTE;27;2020-08-27;55.61676887062118
BOURGOGNE-FRANCHE-COMTE;27;2020-08-28;56.2250577373089
BOURGOGNE-FRANCHE-COMTE;27;2020-08-29;56.72751702525917
BOURGOGNE-FRANCHE-COMTE;27;2020-08-30;57.15666659695361
BOURGOGNE-FRANCHE-COMTE;27;2020-08-31;57.543999744915496
BOURGOGNE-FRANCHE-COMTE;27;2020-09-01;57.931089734007905
BOURGOGNE-FRANCHE-COMTE;27;2020-09-02;58.315320525937175
BOURGOGNE-FRANCHE-COMTE;27;2020-09-03;58.69262455772078
BOURGOGNE-FRANCHE-COMTE;27;2020-09-04;59.05731182733248
BOURGOGNE-FRANCHE-COMTE;27;2020-09-05;59.4168835317902
BOURGOGNE-FRANCHE-COMTE;27;2020-09-06;59.784304206866025
BOURGOGNE-FRANCHE-COMTE;27;2020-09-07;60.22727794956185
BOURGOGNE-FRANCHE-COMTE;27;2020-09-08;60.80537118976364
BOURGOGNE-FRANCHE-COMTE;27;2020-09-09;61.57579113903093
BOURGOGNE-FRANCHE-COMTE;27;2020-09-10;62.542078354815295
BOURGOGNE-FRANCHE-COMTE;27;2020-09-11;63.700144613635594
BOURGOGNE-FRANCHE-COMTE;27;2020-09-12;65.0387579285529
BOURGOGNE-FRANCHE-COMTE;27;2020-09-13;66.45835901868101
BOURGOGNE-FRANCHE-COMTE;27;2020-09-14;67.83672532340067
BOURGOGNE-FRANCHE-COMTE;27;2020-09-15;69.06356068223961
BOURGOGNE-FRANCHE-COMTE;27;2020-09-16;70.12105772754792
BOURGOGNE-FRANCHE-COMTE;27;2020-09-17;71.01800618526663
BOURGOGNE-FRANCHE-COMTE;27;2020-09-18;71.74140467908727
BOURGOGNE-FRANCHE-COMTE;27;2020-09-19;72.2729403916736
BOURGOGNE-FRANCHE-COMTE;27;2020-09-20;72.70461418845369
BOURGOGNE-FRANCHE-COMTE;27;2020-09-21;73.15052232186308
BOURGOGNE-FRANCHE-COMTE;27;2020-09-22;73.7299338623693
BOURGOGNE-FRANCHE-COMTE;27;2020-09-23;74.45063712899888
BOURGOGNE-FRANCHE-COMTE;27;2020-09-24;75.30947311801918
BOURGOGNE-FRANCHE-COMTE;27;2020-09-25;76.30093219819919
BOURGOGNE-FRANCHE-COMTE;27;2020-09-26;77.4317381388793
BOURGOGNE-FRANCHE-COMTE;27;2020-09-27;78.68067036178826
BOURGOGNE-FRANCHE-COMTE;27;2020-09-28;80.00438496850403
BOURGOGNE-FRANCHE-COMTE;27;2020-09-29;81.3484398127767
BOURGOGNE-FRANCHE-COMTE;27;2020-09-30;82.68987966159631
BOURGOGNE-FRANCHE-COMTE;27;2020-10-01;84.02600323802127
BOURGOGNE-FRANCHE-COMTE;27;2020-10-02;85.35237175834163
BOURGOGNE-FRANCHE-COMTE;27;2020-10-03;86.61780501551505
BOURGOGNE-FRANCHE-COMTE;27;2020-10-04;87.78670915073181
BOURGOGNE-FRANCHE-COMTE;27;2020-10-05;88.94307804376058
BOURGOGNE-FRANCHE-COMTE;27;2020-10-06;90.22137392727505
BOURGOGNE-FRANCHE-COMTE;27;2020-10-07;91.73675703234241
BOURGOGNE-FRANCHE-COMTE;27;2020-10-08;93.47410935979376
BOURGOGNE-FRANCHE-COMTE;27;2020-10-09;95.4035997252604
BOURGOGNE-FRANCHE-COMTE;27;2020-10-10;97.519380305763
BOURGOGNE-FRANCHE-COMTE;27;2020-10-11;99.67582686664362
BOURGOGNE-FRANCHE-COMTE;27;2020-10-12;101.72550457190322
BOURGOGNE-FRANCHE-COMTE;27;2020-10-13;103.52088444142043
BOURGOGNE-FRANCHE-COMTE;27;2020-10-14;105.07726067242542
BOURGOGNE-FRANCHE-COMTE;27;2020-10-15;106.42871427397442
BOURGOGNE-FRANCHE-COMTE;27;2020-10-16;107.58277465813065
BOURGOGNE-FRANCHE-COMTE;27;2020-10-17;108.52899120646913
BOURGOGNE-FRANCHE-COMTE;27;2020-10-18;109.32846463629323
BOURGOGNE-FRANCHE-COMTE;27;2020-10-19;110.02552551570456
BOURGOGNE-FRANCHE-COMTE;27;2020-10-20;110.67331048613596
BOURGOGNE-FRANCHE-COMTE;27;2020-10-21;111.18795997099443
BOURGOGNE-FRANCHE-COMTE;27;2020-10-22;111.51710584837568
BOURGOGNE-FRANCHE-COMTE;27;2020-10-23;111.60939646028523
BOURGOGNE-FRANCHE-COMTE;27;2020-10-24;111.47258908553972
BOURGOGNE-FRANCHE-COMTE;27;2020-10-25;111.16720763931936
BOURGOGNE-FRANCHE-COMTE;27;2020-10-26;110.77593492848189
BOURGOGNE-FRANCHE-COMTE;27;2020-10-27;110.38474688411594
BOURGOGNE-FRANCHE-COMTE;27;2020-10-28;110.1721919076435
BOURGOGNE-FRANCHE-COMTE;27;2020-10-29;110.30120227544771
BOURGOGNE-FRANCHE-COMTE;27;2020-10-30;110.9260168500658
BOURGOGNE-FRANCHE-COMTE;27;2020-10-31;112.02817295392887
BOURGOGNE-FRANCHE-COMTE;27;2020-11-01;113.32243370796031
BOURGOGNE-FRANCHE-COMTE;27;2020-11-02;114.554369480669
BOURGOGNE-FRANCHE-COMTE;27;2020-11-03;115.5059311382674
BOURGOGNE-FRANCHE-COMTE;27;2020-11-04;116.2000941681502
BOURGOGNE-FRANCHE-COMTE;27;2020-11-05;116.63269154547876
BOURGOGNE-FRANCHE-COMTE;27;2020-11-06;116.77395595798588
BOURGOGNE-FRANCHE-COMTE;27;2020-11-07;116.59209583236637
BOURGOGNE-FRANCHE-COMTE;27;2020-11-08;116.16712246736485
BOURGOGNE-FRANCHE-COMTE;27;2020-11-09;115.58973244345482
BOURGOGNE-FRANCHE-COMTE;27;2020-11-10;114.94159037902917
BOURGOGNE-FRANCHE-COMTE;27;2020-11-11;114.14821376707971
BOURGOGNE-FRANCHE-COMTE;27;2020-11-12;113.13190030217005
BOURGOGNE-FRANCHE-COMTE;27;2020-11-13;111.84471526213132
BOURGOGNE-FRANCHE-COMTE;27;2020-11-14;110.27394853502271
BOURGOGNE-FRANCHE-COMTE;27;2020-11-15;108.47441883332036
BOURGOGNE-FRANCHE-COMTE;27;2020-11-16;106.49693479548252
BOURGOGNE-FRANCHE-COMTE;27;2020-11-17;104.46262074980108
BOURGOGNE-FRANCHE-COMTE;27;2020-11-18;102.49580114150235
BOURGOGNE-FRANCHE-COMTE;27;2020-11-19;100.73218520165987
BOURGOGNE-FRANCHE-COMTE;27;2020-11-20;99.23981440965031
BOURGOGNE-FRANCHE-COMTE;27;2020-11-21;98.01329662534066
BOURGOGNE-FRANCHE-COMTE;27;2020-11-22;97.1163354318705
BOURGOGNE-FRANCHE-COMTE;27;2020-11-23;96.64397238789032
BOURGOGNE-FRANCHE-COMTE;27;2020-11-24;96.70359521642408
BOURGOGNE-FRANCHE-COMTE;27;2020-11-25;97.26757830299887
BOURGOGNE-FRANCHE-COMTE;27;2020-11-26;98.28026308748731
BOURGOGNE-FRANCHE-COMTE;27;2020-11-27;99.69962703165312
BOURGOGNE-FRANCHE-COMTE;27;2020-11-28;101.48983096270193
BOURGOGNE-FRANCHE-COMTE;27;2020-11-29;103.51821607328394
BOURGOGNE-FRANCHE-COMTE;27;2020-11-30;105.60693027998398
BOURGOGNE-FRANCHE-COMTE;27;2020-12-01;107.3740397774508
BOURGOGNE-FRANCHE-COMTE;27;2020-12-02;108.61160934183727
BOURGOGNE-FRANCHE-COMTE;27;2020-12-03;109.16149311590272
BOURGOGNE-FRANCHE-COMTE;27;2020-12-04;109.12455478476988
BOURGOGNE-FRANCHE-COMTE;27;2020-12-05;108.53125905290645
BOURGOGNE-FRANCHE-COMTE;27;2020-12-06;107.4461205977247
BOURGOGNE-FRANCHE-COMTE;27;2020-12-07;105.88669186143362
BOURGOGNE-FRANCHE-COMTE;27;2020-12-08;104.14109561917552
BOURGOGNE-FRANCHE-COMTE;27;2020-12-09;100.78955982717676
BOURGOGNE-FRANCHE-COMTE;27;2020-12-10;98.10995175789913
BOURGOGNE-FRANCHE-COMTE;27;2020-12-11;95.9861203091717
BOURGOGNE-FRANCHE-COMTE;27;2020-12-12;95.89911084523828
BOURGOGNE-FRANCHE-COMTE;27;2020-12-13;95.71840232300995
BOURGOGNE-FRANCHE-COMTE;27;2020-12-14;95.45848527651128
BOURGOGNE-FRANCHE-COMTE;27;2020-12-15;95.166783673564
BOURGOGNE-FRANCHE-COMTE;27;2020-12-16;94.83687396122377
BOURGOGNE-FRANCHE-COMTE;27;2020-12-17;94.42418265140871
BOURGOGNE-FRANCHE-COMTE;27;2020-12-18;94.02631682405607
BOURGOGNE-FRANCHE-COMTE;27;2020-12-19;93.85103026392727
BOURGOGNE-FRANCHE-COMTE;27;2020-12-20;94.03662134333206
BOURGOGNE-FRANCHE-COMTE;27;2020-12-21;94.53601572412208
BOURGOGNE-FRANCHE-COMTE;27;2020-12-22;95.11861604830952
BOURGOGNE-FRANCHE-COMTE;27;2020-12-23;95.64549093322857
BOURGOGNE-FRANCHE-COMTE;27;2020-12-24;96.04483532135636
BOURGOGNE-FRANCHE-COMTE;27;2020-12-25;96.1936813945457
BOURGOGNE-FRANCHE-COMTE;27;2020-12-26;96.07307508303836
BOURGOGNE-FRANCHE-COMTE;27;2020-12-27;95.74695535172407
BOURGOGNE-FRANCHE-COMTE;27;2020-12-28;95.44880197480222
BOURGOGNE-FRANCHE-COMTE;27;2020-12-29;95.35949141953128
BOURGOGNE-FRANCHE-COMTE;27;2020-12-30;95.35477248612841
BOURGOGNE-FRANCHE-COMTE;27;2020-12-31;95.33010705818329
BOURGOGNE-FRANCHE-COMTE;27;2021-01-01;95.17264962600235
BOURGOGNE-FRANCHE-COMTE;27;2021-01-02;94.9643953290736
BOURGOGNE-FRANCHE-COMTE;27;2021-01-03;94.78776616394427
BOURGOGNE-FRANCHE-COMTE;27;2021-01-04;94.70191207963852
BOURGOGNE-FRANCHE-COMTE;27;2021-01-05;94.74389582463505
BOURGOGNE-FRANCHE-COMTE;27;2021-01-06;94.88146572815184
BOURGOGNE-FRANCHE-COMTE;27;2021-01-07;95.07927793104626
BOURGOGNE-FRANCHE-COMTE;27;2021-01-08;95.53635424200563
BOURGOGNE-FRANCHE-COMTE;27;2021-01-09;96.5340656635705
BOURGOGNE-FRANCHE-COMTE;27;2021-01-10;97.81514989905979
BOURGOGNE-FRANCHE-COMTE;27;2021-01-11;99.08599453529828
BOURGOGNE-FRANCHE-COMTE;27;2021-01-12;99.80264713340408
BOURGOGNE-FRANCHE-COMTE;27;2021-01-13;100.07413494933867
BOURGOGNE-FRANCHE-COMTE;27;2021-01-14;99.86622738522064
BOURGOGNE-FRANCHE-COMTE;27;2021-01-15;99.29674416095345
BOURGOGNE-FRANCHE-COMTE;27;2021-01-16;98.24739418076928
BOURGOGNE-FRANCHE-COMTE;27;2021-01-17;97.83632093876264
BOURGOGNE-FRANCHE-COMTE;27;2021-01-18;98.21795309465472
BOURGOGNE-FRANCHE-COMTE;27;2021-01-19;100.22574220664049
BOURGOGNE-FRANCHE-COMTE;27;2021-01-20;102.02449270321516
BOURGOGNE-FRANCHE-COMTE;27;2021-01-21;103.54898614768555
BOURGOGNE-FRANCHE-COMTE;27;2021-01-22;104.12096539195106
BOURGOGNE-FRANCHE-COMTE;27;2021-01-23;104.4015486384748
BOURGOGNE-FRANCHE-COMTE;27;2021-01-24;104.19143102433168
BOURGOGNE-FRANCHE-COMTE;27;2021-01-25;103.5350117711035
BOURGOGNE-FRANCHE-COMTE;27;2021-01-26;102.4135163884071
BOURGOGNE-FRANCHE-COMTE;27;2021-01-27;101.08680698001005
BOURGOGNE-FRANCHE-COMTE;27;2021-01-28;99.61546677901528
BOURGOGNE-FRANCHE-COMTE;27;2021-01-29;98.23900884411415
BOURGOGNE-FRANCHE-COMTE;27;2021-01-30;97.01823422750064
BOURGOGNE-FRANCHE-COMTE;27;2021-01-31;95.89588783840935
BOURGOGNE-FRANCHE-COMTE;27;2021-02-01;94.76240361482948
BOURGOGNE-FRANCHE-COMTE;27;2021-02-02;93.74790695112041
BOURGOGNE-FRANCHE-COMTE;27;2021-02-03;92.85024996936654
BOURGOGNE-FRANCHE-COMTE;27;2021-02-04;92.09012474228764
BOURGOGNE-FRANCHE-COMTE;27;2021-02-05;91.30853914754192
BOURGOGNE-FRANCHE-COMTE;27;2021-02-06;90.60835388267851
BOURGOGNE-FRANCHE-COMTE;27;2021-02-07;90.01819225856408
BOURGOGNE-FRANCHE-COMTE;27;2021-02-08;89.48280230705272
BOURGOGNE-FRANCHE-COMTE;27;2021-02-09;88.91969976877195
BOURGOGNE-FRANCHE-COMTE;27;2021-02-10;88.46532000348493
BOURGOGNE-FRANCHE-COMTE;27;2021-02-11;88.27905492985269
BOURGOGNE-FRANCHE-COMTE;27;2021-02-12;88.4172107931205
BOURGOGNE-FRANCHE-COMTE;27;2021-02-13;88.67284551881788
BOURGOGNE-FRANCHE-COMTE;27;2021-02-14;88.84627153823618
BOURGOGNE-FRANCHE-COMTE;27;2021-02-15;88.80179127675207
BOURGOGNE-FRANCHE-COMTE;27;2021-02-16;88.53198325365848
BOURGOGNE-FRANCHE-COMTE;27;2021-02-17;88.00978649277567
BOURGOGNE-FRANCHE-COMTE;27;2021-02-18;87.1748308115793
BOURGOGNE-FRANCHE-COMTE;27;2021-02-19;86.16971927776933
BOURGOGNE-FRANCHE-COMTE;27;2021-02-20;85.22414330146465
BOURGOGNE-FRANCHE-COMTE;27;2021-02-21;84.75517804520202
BOURGOGNE-FRANCHE-COMTE;27;2021-02-22;84.70771933882448
BOURGOGNE-FRANCHE-COMTE;27;2021-02-23;84.97035758881941
BOURGOGNE-FRANCHE-COMTE;27;2021-02-24;85.40016445041555
BOURGOGNE-FRANCHE-COMTE;27;2021-02-25;85.97349498109297
BOURGOGNE-FRANCHE-COMTE;27;2021-02-26;86.61560302359621
BOURGOGNE-FRANCHE-COMTE;27;2021-02-27;87.57625777532971
BOURGOGNE-FRANCHE-COMTE;27;2021-02-28;88.2213831372335
BOURGOGNE-FRANCHE-COMTE;27;2021-03-01;88.73599689864467
BOURGOGNE-FRANCHE-COMTE;27;2021-03-02;89.09630787386057
BOURGOGNE-FRANCHE-COMTE;27;2021-03-03;89.94170307013893
BOURGOGNE-FRANCHE-COMTE;27;2021-03-04;91.1553562262397
BOURGOGNE-FRANCHE-COMTE;27;2021-03-05;92.27826333058177
BOURGOGNE-FRANCHE-COMTE;27;2021-03-06;93.26133646658457
BOURGOGNE-FRANCHE-COMTE;27;2021-03-07;93.88915539127169
BOURGOGNE-FRANCHE-COMTE;27;2021-03-08;94.46381120409256
BOURGOGNE-FRANCHE-COMTE;27;2021-03-09;94.66649325973856
BOURGOGNE-FRANCHE-COMTE;27;2021-03-10;94.6251499984029
BOURGOGNE-FRANCHE-COMTE;27;2021-03-11;94.05310927595116
BOURGOGNE-FRANCHE-COMTE;27;2021-03-12;93.29076017041152
BOURGOGNE-FRANCHE-COMTE;27;2021-03-13;92.2785662166412
BOURGOGNE-FRANCHE-COMTE;27;2021-03-14;91.35073035808985
BOURGOGNE-FRANCHE-COMTE;27;2021-03-15;90.78267555563058
BOURGOGNE-FRANCHE-COMTE;27;2021-03-16;90.82440473513931
BOURGOGNE-FRANCHE-COMTE;27;2021-03-17;91.37170293769721
BOURGOGNE-FRANCHE-COMTE;27;2021-03-18;92.3310012001687
BOURGOGNE-FRANCHE-COMTE;27;2021-03-19;93.5844096164718
BOURGOGNE-FRANCHE-COMTE;27;2021-03-20;94.99280958056913
BOURGOGNE-FRANCHE-COMTE;27;2021-03-21;96.40562595334256
BOURGOGNE-FRANCHE-COMTE;27;2021-03-22;97.69597095266501
BOURGOGNE-FRANCHE-COMTE;27;2021-03-23;98.81477222429622
BOURGOGNE-FRANCHE-COMTE;27;2021-03-24;99.75043737435335
BOURGOGNE-FRANCHE-COMTE;27;2021-03-25;100.58793885839731
BOURGOGNE-FRANCHE-COMTE;27;2021-03-26;101.33394124897369
BOURGOGNE-FRANCHE-COMTE;27;2021-03-27;102.00683386469127
BOURGOGNE-FRANCHE-COMTE;27;2021-03-28;102.46488556798813
BOURGOGNE-FRANCHE-COMTE;27;2021-03-29;102.74548365272295
BOURGOGNE-FRANCHE-COMTE;27;2021-03-30;102.82494606695282
BOURGOGNE-FRANCHE-COMTE;27;2021-03-31;102.83168068111222
BOURGOGNE-FRANCHE-COMTE;27;2021-04-01;102.72989524356312
BOURGOGNE-FRANCHE-COMTE;27;2021-04-02;102.5877185642499
BOURGOGNE-FRANCHE-COMTE;27;2021-04-03;102.41574298613699
BOURGOGNE-FRANCHE-COMTE;27;2021-04-04;102.36594804573936
BOURGOGNE-FRANCHE-COMTE;27;2021-04-05;102.47928384035342
BOURGOGNE-FRANCHE-COMTE;27;2021-04-06;102.78381717002944
BOURGOGNE-FRANCHE-COMTE;27;2021-04-07;103.22243126958679
BOURGOGNE-FRANCHE-COMTE;27;2021-04-08;103.78353287659573
BOURGOGNE-FRANCHE-COMTE;27;2021-04-09;104.51017148268663
BOURGOGNE-FRANCHE-COMTE;27;2021-04-10;105.1798848173527
BOURGOGNE-FRANCHE-COMTE;27;2021-04-11;105.63821736128315
BOURGOGNE-FRANCHE-COMTE;27;2021-04-12;105.76629465787602
BOURGOGNE-FRANCHE-COMTE;27;2021-04-13;105.76529688276725
BOURGOGNE-FRANCHE-COMTE;27;2021-04-14;105.66604034674783
BOURGOGNE-FRANCHE-COMTE;27;2021-04-15;105.49773728511057
BOURGOGNE-FRANCHE-COMTE;27;2021-04-16;105.14571400271568
BOURGOGNE-FRANCHE-COMTE;27;2021-04-17;104.74967840368427
BOURGOGNE-FRANCHE-COMTE;27;2021-04-18;104.4152819624787
BOURGOGNE-FRANCHE-COMTE;27;2021-04-19;104.26545853561251
BOURGOGNE-FRANCHE-COMTE;27;2021-04-20;104.12921840176813
BOURGOGNE-FRANCHE-COMTE;27;2021-04-21;103.95203130076496
BOURGOGNE-FRANCHE-COMTE;27;2021-04-22;103.6806768116337
BOURGOGNE-FRANCHE-COMTE;27;2021-04-23;103.46954767472279
BOURGOGNE-FRANCHE-COMTE;27;2021-04-24;103.33184479110754
BOURGOGNE-FRANCHE-COMTE;27;2021-04-25;103.18019908390806
BOURGOGNE-FRANCHE-COMTE;27;2021-04-26;102.71451451895979
BOURGOGNE-FRANCHE-COMTE;27;2021-04-27;101.88049563886068
BOURGOGNE-FRANCHE-COMTE;27;2021-04-28;100.7740137913296
BOURGOGNE-FRANCHE-COMTE;27;2021-04-29;99.62071191675173
BOURGOGNE-FRANCHE-COMTE;27;2021-04-30;98.4934202561252
BOURGOGNE-FRANCHE-COMTE;27;2021-05-01;97.3916283544225
BOURGOGNE-FRANCHE-COMTE;27;2021-05-02;96.35478326705991
BOURGOGNE-FRANCHE-COMTE;27;2021-05-03;95.40395097469481
BOURGOGNE-FRANCHE-COMTE;27;2021-05-04;94.60826594855655
BOURGOGNE-FRANCHE-COMTE;27;2021-05-05;93.97669525475996
BOURGOGNE-FRANCHE-COMTE;27;2021-05-06;93.48932155759876
BOURGOGNE-FRANCHE-COMTE;27;2021-05-07;92.98484361101494
BOURGOGNE-FRANCHE-COMTE;27;2021-05-08;92.37943393516571
BOURGOGNE-FRANCHE-COMTE;27;2021-05-09;91.61383005567522
BOURGOGNE-FRANCHE-COMTE;27;2021-05-10;90.75235592976343
BOURGOGNE-FRANCHE-COMTE;27;2021-05-11;89.77108331032865
BOURGOGNE-FRANCHE-COMTE;27;2021-05-12;88.62218591438769
BOURGOGNE-FRANCHE-COMTE;27;2021-05-13;87.21879296560773
BOURGOGNE-FRANCHE-COMTE;27;2021-05-14;85.55818289042949
BOURGOGNE-FRANCHE-COMTE;27;2021-05-15;83.65801012012504
BOURGOGNE-FRANCHE-COMTE;27;2021-05-16;81.64441643110833
NORMANDIE;28;2020-08-07;0.0
NORMANDIE;28;2020-08-08;1.8888349420909152
NORMANDIE;28;2020-08-09;6.694886651079861
NORMANDIE;28;2020-08-10;13.568820022342686
NORMANDIE;28;2020-08-11;20.468888809931514
NORMANDIE;28;2020-08-12;26.220606708054017
NORMANDIE;28;2020-08-13;31.53495018666427
NORMANDIE;28;2020-08-14;36.434114265841714
NORMANDIE;28;2020-08-15;40.9411673776316
NORMANDIE;28;2020-08-16;45.07958983569861
NORMANDIE;28;2020-08-17;48.87361818959585
NORMANDIE;28;2020-08-18;52.23999619909875
NORMANDIE;28;2020-08-19;55.125571127480676
NORMANDIE;28;2020-08-20;57.49015186316988
NORMANDIE;28;2020-08-21;59.405457113244225
NORMANDIE;28;2020-08-22;60.91006450124712
NORMANDIE;28;2020-08-23;62.018991621028526
NORMANDIE;28;2020-08-24;62.72137269283721
NORMANDIE;28;2020-08-25;63.181471053857564
NORMANDIE;28;2020-08-26;63.580190351302264
NORMANDIE;28;2020-08-27;64.12765848972421
NORMANDIE;28;2020-08-28;64.85916430402371
NORMANDIE;28;2020-08-29;65.78633336608901
NORMANDIE;28;2020-08-30;66.89097378808098
NORMANDIE;28;2020-08-31;68.13849372388258
NORMANDIE;28;2020-09-01;69.43312311422677
NORMANDIE;28;2020-09-02;70.70703648181042
NORMANDIE;28;2020-09-03;71.91170448708549
NORMANDIE;28;2020-09-04;73.07438906480769
NORMANDIE;28;2020-09-05;74.21203832283781
NORMANDIE;28;2020-09-06;75.33485231423187
NORMANDIE;28;2020-09-07;76.44772937287722
NORMANDIE;28;2020-09-08;77.50264237385151
NORMANDIE;28;2020-09-09;78.45699131129878
NORMANDIE;28;2020-09-10;79.27291353166656
NORMANDIE;28;2020-09-11;79.96544536302778
NORMANDIE;28;2020-09-12;80.54448004077065
NORMANDIE;28;2020-09-13;81.01546684072956
NORMANDIE;28;2020-09-14;81.37906322097324
NORMANDIE;28;2020-09-15;81.64866896508367
NORMANDIE;28;2020-09-16;81.84734391071686
NORMANDIE;28;2020-09-17;82.00668417181122
NORMANDIE;28;2020-09-18;82.1470458470197
NORMANDIE;28;2020-09-19;82.27781474130082
NORMANDIE;28;2020-09-20;82.39654426638947
NORMANDIE;28;2020-09-21;82.48967131568114
NORMANDIE;28;2020-09-22;82.56250212580245
NORMANDIE;28;2020-09-23;82.62433598533275
NORMANDIE;28;2020-09-24;82.69157247524083
NORMANDIE;28;2020-09-25;82.7621724406733
NORMANDIE;28;2020-09-26;82.83462285748328
NORMANDIE;28;2020-09-27;82.90787360841436
NORMANDIE;28;2020-09-28;82.98128243969731
NORMANDIE;28;2020-09-29;83.05456746401381
NORMANDIE;28;2020-09-30;83.12777022937948
NORMANDIE;28;2020-10-01;83.20123159155612
NORMANDIE;28;2020-10-02;83.27558269100656
NORMANDIE;28;2020-10-03;83.35175560190783
NORMANDIE;28;2020-10-04;83.43101828799574
NORMANDIE;28;2020-10-05;83.51502250341186
NORMANDIE;28;2020-10-06;83.65370450661275
NORMANDIE;28;2020-10-07;83.90295680091823
NORMANDIE;28;2020-10-08;84.3224526899174
NORMANDIE;28;2020-10-09;84.92497853807444
NORMANDIE;28;2020-10-10;85.71675814432939
NORMANDIE;28;2020-10-11;86.69910049924708
NORMANDIE;28;2020-10-12;87.87189419680666
NORMANDIE;28;2020-10-13;89.04879062336144
NORMANDIE;28;2020-10-14;90.0904166814563
NORMANDIE;28;2020-10-15;90.87950532720835
NORMANDIE;28;2020-10-16;91.49311721039696
NORMANDIE;28;2020-10-17;91.9582399052098
NORMANDIE;28;2020-10-18;92.26351149226072
NORMANDIE;28;2020-10-19;92.35587651641028
NORMANDIE;28;2020-10-20;92.33697250667468
NORMANDIE;28;2020-10-21;92.32395135345396
NORMANDIE;28;2020-10-22;92.46729373762214
NORMANDIE;28;2020-10-23;92.76581447332016
NORMANDIE;28;2020-10-24;93.21801934919384
NORMANDIE;28;2020-10-25;93.8222819578348
NORMANDIE;28;2020-10-26;94.57684418184151
NORMANDIE;28;2020-10-27;95.36132853507868
NORMANDIE;28;2020-10-28;96.07361102698117
NORMANDIE;28;2020-10-29;96.62111906837616
NORMANDIE;28;2020-10-30;97.03454283049692
NORMANDIE;28;2020-10-31;97.32721230889985
NORMANDIE;28;2020-11-01;97.5000438110219
NORMANDIE;28;2020-11-02;97.54072182691787
NORMANDIE;28;2020-11-03;97.46021250277113
NORMANDIE;28;2020-11-04;97.2748311766408
NORMANDIE;28;2020-11-05;97.00855412451521
NORMANDIE;28;2020-11-06;96.65811665591923
NORMANDIE;28;2020-11-07;96.2128419442214
NORMANDIE;28;2020-11-08;95.65538514722341
NORMANDIE;28;2020-11-09;94.95069141997702
NORMANDIE;28;2020-11-10;94.15766066757216
NORMANDIE;28;2020-11-11;93.34101790403322
NORMANDIE;28;2020-11-12;92.58421734080257
NORMANDIE;28;2020-11-13;91.87932926070644
NORMANDIE;28;2020-11-14;91.21693851518678
NORMANDIE;28;2020-11-15;90.58510763382692
NORMANDIE;28;2020-11-16;89.97781955085208
NORMANDIE;28;2020-11-17;89.44050644797933
NORMANDIE;28;2020-11-18;89.02668310613916
NORMANDIE;28;2020-11-19;88.78886786714746
NORMANDIE;28;2020-11-20;88.73271203623828
NORMANDIE;28;2020-11-21;88.86021661329448
NORMANDIE;28;2020-11-22;89.16973898850837
NORMANDIE;28;2020-11-23;89.65625166203472
NORMANDIE;28;2020-11-24;90.16096441673204
NORMANDIE;28;2020-11-25;90.54021068074587
NORMANDIE;28;2020-11-26;90.65915614231409
NORMANDIE;28;2020-11-27;90.5305331044983
NORMANDIE;28;2020-11-28;90.15093032475187
NORMANDIE;28;2020-11-29;89.50049683085984
NORMANDIE;28;2020-11-30;88.54608180161509
NORMANDIE;28;2020-12-01;87.44715465625393
NORMANDIE;28;2020-12-02;86.37678674291844
NORMANDIE;28;2020-12-03;85.5271472143492
NORMANDIE;28;2020-12-04;84.91706052758276
NORMANDIE;28;2020-12-05;84.56131386290171
NORMANDIE;28;2020-12-06;84.47172160458962
NORMANDIE;28;2020-12-07;84.63665549749581
NORMANDIE;28;2020-12-08;84.94810128087913
NORMANDIE;28;2020-12-09;85.30683059916714
NORMANDIE;28;2020-12-10;85.62333914137558
NORMANDIE;28;2020-12-11;85.90595137666168
NORMANDIE;28;2020-12-12;86.15725728381183
NORMANDIE;28;2020-12-13;86.37519120868855
NORMANDIE;28;2020-12-14;86.47500738345686
NORMANDIE;28;2020-12-15;86.41721810996978
NORMANDIE;28;2020-12-16;86.17579477367933
NORMANDIE;28;2020-12-17;85.8053048383116
NORMANDIE;28;2020-12-18;85.30525607668825
NORMANDIE;28;2020-12-19;84.66160634163039
NORMANDIE;28;2020-12-20;83.47633386860791
NORMANDIE;28;2020-12-21;82.2443076519004
NORMANDIE;28;2020-12-22;81.04745517481456
NORMANDIE;28;2020-12-23;80.34990195615623
NORMANDIE;28;2020-12-24;79.73136392518195
NORMANDIE;28;2020-12-25;79.1722244223662
NORMANDIE;28;2020-12-26;78.69831397933099
NORMANDIE;28;2020-12-27;78.35049345261034
NORMANDIE;28;2020-12-28;78.19466782836412
NORMANDIE;28;2020-12-29;78.2595174214752
NORMANDIE;28;2020-12-30;78.55841765344825
NORMANDIE;28;2020-12-31;79.08189341507098
NORMANDIE;28;2021-01-01;79.8018211536688
NORMANDIE;28;2021-01-02;80.61884757094639
NORMANDIE;28;2021-01-03;81.45076327923113
NORMANDIE;28;2021-01-04;82.17088954649306
NORMANDIE;28;2021-01-05;82.74535589421677
NORMANDIE;28;2021-01-06;83.14510527115266
NORMANDIE;28;2021-01-07;83.40082611217191
NORMANDIE;28;2021-01-08;83.51653206795208
NORMANDIE;28;2021-01-09;83.47744953683981
NORMANDIE;28;2021-01-10;83.25066709621932
NORMANDIE;28;2021-01-11;82.87163142339716
NORMANDIE;28;2021-01-12;82.39439825406149
NORMANDIE;28;2021-01-13;81.89281767256806
NORMANDIE;28;2021-01-14;81.3786748172058
NORMANDIE;28;2021-01-15;80.85202825368154
NORMANDIE;28;2021-01-16;80.3060674892751
NORMANDIE;28;2021-01-17;79.71122728052775
NORMANDIE;28;2021-01-18;79.15507433060964
NORMANDIE;28;2021-01-19;78.75194146560275
NORMANDIE;28;2021-01-20;78.66392171319059
NORMANDIE;28;2021-01-21;78.9488841364917
NORMANDIE;28;2021-01-22;79.62806784323301
NORMANDIE;28;2021-01-23;80.66730058988506
NORMANDIE;28;2021-01-24;81.97376515347689
NORMANDIE;28;2021-01-25;83.26056281448379
NORMANDIE;28;2021-01-26;84.30806618461419
NORMANDIE;28;2021-01-27;84.95993718810614
NORMANDIE;28;2021-01-28;85.27262713252676
NORMANDIE;28;2021-01-29;85.26395781239405
NORMANDIE;28;2021-01-30;84.92372542682368
NORMANDIE;28;2021-01-31;84.24605373819796
NORMANDIE;28;2021-02-01;83.4139265535995
NORMANDIE;28;2021-02-02;82.62223435228707
NORMANDIE;28;2021-02-03;82.06022916808753
NORMANDIE;28;2021-02-04;81.73208633974072
NORMANDIE;28;2021-02-05;81.63984193306453
NORMANDIE;28;2021-02-06;81.77602364184473
NORMANDIE;28;2021-02-07;82.11310056609659
NORMANDIE;28;2021-02-08;82.59598685015895
NORMANDIE;28;2021-02-09;83.20193620657756
NORMANDIE;28;2021-02-10;83.9339778801623
NORMANDIE;28;2021-02-11;84.82946422971824
NORMANDIE;28;2021-02-12;85.89129195099771
NORMANDIE;28;2021-02-13;87.11531267980791
NORMANDIE;28;2021-02-14;88.48853934273973
NORMANDIE;28;2021-02-15;89.83115551958954
NORMANDIE;28;2021-02-16;90.61686499575563
NORMANDIE;28;2021-02-17;89.99298996061373
NORMANDIE;28;2021-02-18;89.07139728135542
NORMANDIE;28;2021-02-19;88.30088819834214
NORMANDIE;28;2021-02-20;88.4242316061653
NORMANDIE;28;2021-02-21;88.36776588975715
NORMANDIE;28;2021-02-22;88.19668312934978
NORMANDIE;28;2021-02-23;87.40115577465798
NORMANDIE;28;2021-02-24;86.68588564366398
NORMANDIE;28;2021-02-25;86.02701404357832
NORMANDIE;28;2021-02-26;86.02366240117863
NORMANDIE;28;2021-02-27;86.10510862734755
NORMANDIE;28;2021-02-28;86.2908676866042
NORMANDIE;28;2021-03-01;86.5379597056741
NORMANDIE;28;2021-03-02;86.78705563904181
NORMANDIE;28;2021-03-03;86.98605361401621
NORMANDIE;28;2021-03-04;87.14402503865904
NORMANDIE;28;2021-03-05;87.24183231141075
NORMANDIE;28;2021-03-06;87.24559737108923
NORMANDIE;28;2021-03-07;87.1204607104496
NORMANDIE;28;2021-03-08;86.89963991998303
NORMANDIE;28;2021-03-09;86.63948821174036
NORMANDIE;28;2021-03-10;86.39674338569857
NORMANDIE;28;2021-03-11;86.19600332197183
NORMANDIE;28;2021-03-12;86.05994481563586
NORMANDIE;28;2021-03-13;86.00415457606896
NORMANDIE;28;2021-03-14;86.03468428808179
NORMANDIE;28;2021-03-15;86.15055196213545
NORMANDIE;28;2021-03-16;86.3545098541649
NORMANDIE;28;2021-03-17;86.65009094807263
NORMANDIE;28;2021-03-18;87.04386157126557
NORMANDIE;28;2021-03-19;87.54178899520666
NORMANDIE;28;2021-03-20;88.15136391181208
NORMANDIE;28;2021-03-21;88.87182709428195
NORMANDIE;28;2021-03-22;89.62472696958916
NORMANDIE;28;2021-03-23;90.33780870435088
NORMANDIE;28;2021-03-24;90.95066183536787
NORMANDIE;28;2021-03-25;91.47540645256441
NORMANDIE;28;2021-03-26;91.93422796025068
NORMANDIE;28;2021-03-27;92.3441090155742
NORMANDIE;28;2021-03-28;92.70377845778128
NORMANDIE;28;2021-03-29;93.00516300622631
NORMANDIE;28;2021-03-30;93.24765237299722
NORMANDIE;28;2021-03-31;93.45330992902613
NORMANDIE;28;2021-04-01;93.63114597900129
NORMANDIE;28;2021-04-02;93.76752202561056
NORMANDIE;28;2021-04-03;93.84283816019816
NORMANDIE;28;2021-04-04;93.83899197596615
NORMANDIE;28;2021-04-05;93.78339951289215
NORMANDIE;28;2021-04-06;93.70335787882586
NORMANDIE;28;2021-04-07;93.62816860339672
NORMANDIE;28;2021-04-08;93.55939513550459
NORMANDIE;28;2021-04-09;93.51967230046829
NORMANDIE;28;2021-04-10;93.52800466999979
NORMANDIE;28;2021-04-11;93.5836607372665
NORMANDIE;28;2021-04-12;93.61297057645821
NORMANDIE;28;2021-04-13;93.55229572206319
NORMANDIE;28;2021-04-14;93.35511583374188
NORMANDIE;28;2021-04-15;93.0257449082516
NORMANDIE;28;2021-04-16;92.50635497221673
NORMANDIE;28;2021-04-17;91.71942738431959
NORMANDIE;28;2021-04-18;90.580158735768
NORMANDIE;28;2021-04-19;89.1932855143375
NORMANDIE;28;2021-04-20;87.6870557043405
NORMANDIE;28;2021-04-21;86.1999342165365
NORMANDIE;28;2021-04-22;84.72794576658525
NORMANDIE;28;2021-04-23;83.31415772557786
NORMANDIE;28;2021-04-24;82.0014440440613
NORMANDIE;28;2021-04-25;80.80092921551471
NORMANDIE;28;2021-04-26;79.70337983318409
NORMANDIE;28;2021-04-27;78.71263866580387
NORMANDIE;28;2021-04-28;77.87854337650072
NORMANDIE;28;2021-04-29;77.22525586875031
NORMANDIE;28;2021-04-30;76.75335876739922
NORMANDIE;28;2021-05-01;76.44893983482201
NORMANDIE;28;2021-05-02;76.30187325777958
NORMANDIE;28;2021-05-03;76.30344735249766
NORMANDIE;28;2021-05-04;76.46593795393281
NORMANDIE;28;2021-05-05;76.79876137657259
NORMANDIE;28;2021-05-06;76.73436320476705
HAUTS-DE-FRANCE;32;2020-05-14;0.0
HAUTS-DE-FRANCE;32;2020-05-15;0.0
HAUTS-DE-FRANCE;32;2020-05-16;0.0
HAUTS-DE-FRANCE;32;2020-05-17;0.0
HAUTS-DE-FRANCE;32;2020-05-18;0.0
HAUTS-DE-FRANCE;32;2020-05-19;0.0
HAUTS-DE-FRANCE;32;2020-05-20;0.0
HAUTS-DE-FRANCE;32;2020-05-21;0.0
HAUTS-DE-FRANCE;32;2020-05-22;0.0
HAUTS-DE-FRANCE;32;2020-05-23;0.0
HAUTS-DE-FRANCE;32;2020-05-24;0.0
HAUTS-DE-FRANCE;32;2020-05-25;0.0
HAUTS-DE-FRANCE;32;2020-05-26;0.0
HAUTS-DE-FRANCE;32;2020-05-27;0.0
HAUTS-DE-FRANCE;32;2020-05-28;0.0
HAUTS-DE-FRANCE;32;2020-05-29;0.0
HAUTS-DE-FRANCE;32;2020-05-30;0.0
HAUTS-DE-FRANCE;32;2020-05-31;0.0
HAUTS-DE-FRANCE;32;2020-06-01;0.0
HAUTS-DE-FRANCE;32;2020-06-02;0.0
HAUTS-DE-FRANCE;32;2020-06-03;0.0
HAUTS-DE-FRANCE;32;2020-06-04;0.0
HAUTS-DE-FRANCE;32;2020-06-05;0.0
HAUTS-DE-FRANCE;32;2020-06-06;0.0
HAUTS-DE-FRANCE;32;2020-06-07;0.0
HAUTS-DE-FRANCE;32;2020-06-08;0.0
HAUTS-DE-FRANCE;32;2020-06-09;0.0
HAUTS-DE-FRANCE;32;2020-06-10;0.0
HAUTS-DE-FRANCE;32;2020-06-11;0.0
HAUTS-DE-FRANCE;32;2020-06-12;0.0
HAUTS-DE-FRANCE;32;2020-06-13;0.0
HAUTS-DE-FRANCE;32;2020-06-14;0.0
HAUTS-DE-FRANCE;32;2020-06-15;0.0
HAUTS-DE-FRANCE;32;2020-06-16;0.0
HAUTS-DE-FRANCE;32;2020-06-17;0.0
HAUTS-DE-FRANCE;32;2020-06-18;0.0
HAUTS-DE-FRANCE;32;2020-06-19;0.0
HAUTS-DE-FRANCE;32;2020-06-20;0.0
HAUTS-DE-FRANCE;32;2020-06-21;0.0
HAUTS-DE-FRANCE;32;2020-06-22;0.5131628463587027
HAUTS-DE-FRANCE;32;2020-06-23;1.4550775174498591
HAUTS-DE-FRANCE;32;2020-06-24;2.5516949261001813
HAUTS-DE-FRANCE;32;2020-06-25;3.034881205162955
HAUTS-DE-FRANCE;32;2020-06-26;2.717233914758129
HAUTS-DE-FRANCE;32;2020-06-27;1.5404416264094742
HAUTS-DE-FRANCE;32;2020-06-28;-0.7103111016640153
HAUTS-DE-FRANCE;32;2020-06-29;-3.6904993784602462
HAUTS-DE-FRANCE;32;2020-06-30;-6.9741603337390385
HAUTS-DE-FRANCE;32;2020-07-01;-9.977086984311038
HAUTS-DE-FRANCE;32;2020-07-02;-12.639314938899169
HAUTS-DE-FRANCE;32;2020-07-03;-14.908833631658682
HAUTS-DE-FRANCE;32;2020-07-04;-16.749102190714325
HAUTS-DE-FRANCE;32;2020-07-05;-18.145092564971996
HAUTS-DE-FRANCE;32;2020-07-06;-19.167450764204407
HAUTS-DE-FRANCE;32;2020-07-07;-19.884260884108876
HAUTS-DE-FRANCE;32;2020-07-08;-20.355022180847886
HAUTS-DE-FRANCE;32;2020-07-09;-20.564377228186054
HAUTS-DE-FRANCE;32;2020-07-10;-20.506228623264693
HAUTS-DE-FRANCE;32;2020-07-11;-20.18445898425196
HAUTS-DE-FRANCE;32;2020-07-12;-19.61247356849175
HAUTS-DE-FRANCE;32;2020-07-13;-19.01254320855152
HAUTS-DE-FRANCE;32;2020-07-14;-18.589135409031922
HAUTS-DE-FRANCE;32;2020-07-15;-18.53308341952768
HAUTS-DE-FRANCE;32;2020-07-16;-18.824592814162127
HAUTS-DE-FRANCE;32;2020-07-17;-19.462349074624925
HAUTS-DE-FRANCE;32;2020-07-18;-20.391032544079827
HAUTS-DE-FRANCE;32;2020-07-19;-21.566330231152612
HAUTS-DE-FRANCE;32;2020-07-20;-22.78478857028321
HAUTS-DE-FRANCE;32;2020-07-21;-23.89722256860237
HAUTS-DE-FRANCE;32;2020-07-22;-24.741162004438767
HAUTS-DE-FRANCE;32;2020-07-23;-25.30886976574029
HAUTS-DE-FRANCE;32;2020-07-24;-25.60299473638303
HAUTS-DE-FRANCE;32;2020-07-25;-25.72346403322636
HAUTS-DE-FRANCE;32;2020-07-26;-25.76925415324705
HAUTS-DE-FRANCE;32;2020-07-27;-25.78946492698769
HAUTS-DE-FRANCE;32;2020-07-28;-25.737433688656047
HAUTS-DE-FRANCE;32;2020-07-29;-25.566099446367303
HAUTS-DE-FRANCE;32;2020-07-30;-25.274209978528088
HAUTS-DE-FRANCE;32;2020-07-31;-24.86279880761009
HAUTS-DE-FRANCE;32;2020-08-01;-24.335135740105187
HAUTS-DE-FRANCE;32;2020-08-02;-23.696549120846427
HAUTS-DE-FRANCE;32;2020-08-03;-22.918744645597357
HAUTS-DE-FRANCE;32;2020-08-04;-21.971837669015926
HAUTS-DE-FRANCE;32;2020-08-05;-20.825628790123638
HAUTS-DE-FRANCE;32;2020-08-06;-19.48620917151531
HAUTS-DE-FRANCE;32;2020-08-07;-17.964588229470362
HAUTS-DE-FRANCE;32;2020-08-08;-16.27577346173589
HAUTS-DE-FRANCE;32;2020-08-09;-14.437620286513875
HAUTS-DE-FRANCE;32;2020-08-10;-12.017352644554254
HAUTS-DE-FRANCE;32;2020-08-11;-8.543870688436094
HAUTS-DE-FRANCE;32;2020-08-12;-3.5914618946702634
HAUTS-DE-FRANCE;32;2020-08-13;2.7117992101175936
HAUTS-DE-FRANCE;32;2020-08-14;10.087208407590694
HAUTS-DE-FRANCE;32;2020-08-15;18.210787133953065
HAUTS-DE-FRANCE;32;2020-08-16;26.79942491430376
HAUTS-DE-FRANCE;32;2020-08-17;35.25642898854333
HAUTS-DE-FRANCE;32;2020-08-18;43.2139017303734
HAUTS-DE-FRANCE;32;2020-08-19;50.4432580273689
HAUTS-DE-FRANCE;32;2020-08-20;57.190695185445975
HAUTS-DE-FRANCE;32;2020-08-21;63.5977099771745
HAUTS-DE-FRANCE;32;2020-08-22;69.7510899809926
HAUTS-DE-FRANCE;32;2020-08-23;75.08130782209751
HAUTS-DE-FRANCE;32;2020-08-24;70.39199005718598
HAUTS-DE-FRANCE;32;2020-08-25;64.43660805284449
HAUTS-DE-FRANCE;32;2020-08-26;57.80670346010238
HAUTS-DE-FRANCE;32;2020-08-27;59.691185950415814
HAUTS-DE-FRANCE;32;2020-08-28;61.34277477502136
HAUTS-DE-FRANCE;32;2020-08-29;62.774598386159795
HAUTS-DE-FRANCE;32;2020-08-30;64.02182968029483
HAUTS-DE-FRANCE;32;2020-08-31;65.09035064527677
HAUTS-DE-FRANCE;32;2020-09-01;66.0023952894159
HAUTS-DE-FRANCE;32;2020-09-02;66.76193108618428
HAUTS-DE-FRANCE;32;2020-09-03;67.37228018629979
HAUTS-DE-FRANCE;32;2020-09-04;67.83610398281526
HAUTS-DE-FRANCE;32;2020-09-05;68.15619117179232
HAUTS-DE-FRANCE;32;2020-09-06;68.33472272307824
HAUTS-DE-FRANCE;32;2020-09-07;68.38280991351182
HAUTS-DE-FRANCE;32;2020-09-08;68.31278970673385
HAUTS-DE-FRANCE;32;2020-09-09;68.13811626182478
HAUTS-DE-FRANCE;32;2020-09-10;67.86247437977624
HAUTS-DE-FRANCE;32;2020-09-11;67.48530148533025
HAUTS-DE-FRANCE;32;2020-09-12;67.0516010099552
HAUTS-DE-FRANCE;32;2020-09-13;66.60467729123617
HAUTS-DE-FRANCE;32;2020-09-14;66.16480301318022
HAUTS-DE-FRANCE;32;2020-09-15;65.71096508195622
HAUTS-DE-FRANCE;32;2020-09-16;65.22697004830695
HAUTS-DE-FRANCE;32;2020-09-17;64.72276631511967
HAUTS-DE-FRANCE;32;2020-09-18;64.2026217328455
HAUTS-DE-FRANCE;32;2020-09-19;64.07910990402803
HAUTS-DE-FRANCE;32;2020-09-20;64.88490414399024
HAUTS-DE-FRANCE;32;2020-09-21;67.21404938354262
HAUTS-DE-FRANCE;32;2020-09-22;71.1774724155565
HAUTS-DE-FRANCE;32;2020-09-23;76.62877364654906
HAUTS-DE-FRANCE;32;2020-09-24;83.22350636782716
HAUTS-DE-FRANCE;32;2020-09-25;90.58638694269895
HAUTS-DE-FRANCE;32;2020-09-26;97.7368047262176
HAUTS-DE-FRANCE;32;2020-09-27;104.06551199539983
HAUTS-DE-FRANCE;32;2020-09-28;109.15244839538587
HAUTS-DE-FRANCE;32;2020-09-29;113.38139781901785
HAUTS-DE-FRANCE;32;2020-09-30;116.93296006906976
HAUTS-DE-FRANCE;32;2020-10-01;119.90905033446906
HAUTS-DE-FRANCE;32;2020-10-02;122.32960679947467
HAUTS-DE-FRANCE;32;2020-10-03;124.17518245475668
HAUTS-DE-FRANCE;32;2020-10-04;125.45793001646048
HAUTS-DE-FRANCE;32;2020-10-05;126.25005897699396
HAUTS-DE-FRANCE;32;2020-10-06;126.64361696215201
HAUTS-DE-FRANCE;32;2020-10-07;126.68661604027972
HAUTS-DE-FRANCE;32;2020-10-08;126.36600513132544
HAUTS-DE-FRANCE;32;2020-10-09;125.6266423706386
HAUTS-DE-FRANCE;32;2020-10-10;124.72946787227694
HAUTS-DE-FRANCE;32;2020-10-11;123.94857280801523
HAUTS-DE-FRANCE;32;2020-10-12;123.6082587337504
HAUTS-DE-FRANCE;32;2020-10-13;123.72810376749956
HAUTS-DE-FRANCE;32;2020-10-14;124.3335858343765
HAUTS-DE-FRANCE;32;2020-10-15;125.42012747684414
HAUTS-DE-FRANCE;32;2020-10-16;126.94754673602041
HAUTS-DE-FRANCE;32;2020-10-17;128.47612529823294
HAUTS-DE-FRANCE;32;2020-10-18;129.6395085126531
HAUTS-DE-FRANCE;32;2020-10-19;130.1287664827981
HAUTS-DE-FRANCE;32;2020-10-20;130.04212345171015
HAUTS-DE-FRANCE;32;2020-10-21;129.39933109191742
HAUTS-DE-FRANCE;32;2020-10-22;128.15266081293655
HAUTS-DE-FRANCE;32;2020-10-23;126.18388266189757
HAUTS-DE-FRANCE;32;2020-10-24;123.79042138449127
HAUTS-DE-FRANCE;32;2020-10-25;121.33645296608513
HAUTS-DE-FRANCE;32;2020-10-26;119.26666632102705
HAUTS-DE-FRANCE;32;2020-10-27;117.63684430758751
HAUTS-DE-FRANCE;32;2020-10-28;116.79627936020529
HAUTS-DE-FRANCE;32;2020-10-29;117.14162865722177
HAUTS-DE-FRANCE;32;2020-10-30;119.02513471763382
HAUTS-DE-FRANCE;32;2020-10-31;122.306580430061
HAUTS-DE-FRANCE;32;2020-11-01;126.0356669772346
HAUTS-DE-FRANCE;32;2020-11-02;129.47685053198344
HAUTS-DE-FRANCE;32;2020-11-03;132.14175469711213
HAUTS-DE-FRANCE;32;2020-11-04;134.1874609272493
HAUTS-DE-FRANCE;32;2020-11-05;135.59858227621123
HAUTS-DE-FRANCE;32;2020-11-06;136.26992062967585
HAUTS-DE-FRANCE;32;2020-11-07;136.14907887760913
HAUTS-DE-FRANCE;32;2020-11-08;135.59794523267882
HAUTS-DE-FRANCE;32;2020-11-09;134.9590643583808
HAUTS-DE-FRANCE;32;2020-11-10;134.31769308546632
HAUTS-DE-FRANCE;32;2020-11-11;133.34365990191066
HAUTS-DE-FRANCE;32;2020-11-12;131.76391523318912
HAUTS-DE-FRANCE;32;2020-11-13;129.56032189493172
HAUTS-DE-FRANCE;32;2020-11-14;126.63935066642168
HAUTS-DE-FRANCE;32;2020-11-15;122.84302506147684
HAUTS-DE-FRANCE;32;2020-11-16;117.85745877677704
HAUTS-DE-FRANCE;32;2020-11-17;112.09790435786732
HAUTS-DE-FRANCE;32;2020-11-18;106.11648231595015
HAUTS-DE-FRANCE;32;2020-11-19;100.71178139291858
HAUTS-DE-FRANCE;32;2020-11-20;96.19029710480179
HAUTS-DE-FRANCE;32;2020-11-21;92.74254297816742
HAUTS-DE-FRANCE;32;2020-11-22;90.37146834092584
HAUTS-DE-FRANCE;32;2020-11-23;88.98111321459412
HAUTS-DE-FRANCE;32;2020-11-24;88.39353986736752
HAUTS-DE-FRANCE;32;2020-11-25;88.56941578645552
HAUTS-DE-FRANCE;32;2020-11-26;89.37156199711772
HAUTS-DE-FRANCE;32;2020-11-27;90.72844276662195
HAUTS-DE-FRANCE;32;2020-11-28;92.87382836707344
HAUTS-DE-FRANCE;32;2020-11-29;95.86322626007824
HAUTS-DE-FRANCE;32;2020-11-30;99.78083996717906
HAUTS-DE-FRANCE;32;2020-12-01;103.55052310120192
HAUTS-DE-FRANCE;32;2020-12-02;106.56233073492352
HAUTS-DE-FRANCE;32;2020-12-03;106.24269555897642
HAUTS-DE-FRANCE;32;2020-12-04;105.14086461635492
HAUTS-DE-FRANCE;32;2020-12-05;103.4397750228
HAUTS-DE-FRANCE;32;2020-12-06;103.15104947554134
HAUTS-DE-FRANCE;32;2020-12-07;101.85106088048384
HAUTS-DE-FRANCE;32;2020-12-08;97.48078234708505
HAUTS-DE-FRANCE;32;2020-12-09;93.26180511540669
HAUTS-DE-FRANCE;32;2020-12-10;89.81398706087525
HAUTS-DE-FRANCE;32;2020-12-11;89.51727465196366
HAUTS-DE-FRANCE;32;2020-12-12;89.27829442239931
HAUTS-DE-FRANCE;32;2020-12-13;88.8590731282059
HAUTS-DE-FRANCE;32;2020-12-14;87.98556208028411
HAUTS-DE-FRANCE;32;2020-12-15;86.86470691724945
HAUTS-DE-FRANCE;32;2020-12-16;85.62184406106122
HAUTS-DE-FRANCE;32;2020-12-17;84.40749731733622
HAUTS-DE-FRANCE;32;2020-12-18;83.24598626176541
HAUTS-DE-FRANCE;32;2020-12-19;82.43127822018569
HAUTS-DE-FRANCE;32;2020-12-20;81.44718157002839
HAUTS-DE-FRANCE;32;2020-12-21;81.14151812759569
HAUTS-DE-FRANCE;32;2020-12-22;81.10573782081936
HAUTS-DE-FRANCE;32;2020-12-23;81.73218002875852
HAUTS-DE-FRANCE;32;2020-12-24;82.01499978661404
HAUTS-DE-FRANCE;32;2020-12-25;81.93773280642203
HAUTS-DE-FRANCE;32;2020-12-26;81.57454163769955
HAUTS-DE-FRANCE;32;2020-12-27;80.46486844367128
HAUTS-DE-FRANCE;32;2020-12-28;79.46750705595734
HAUTS-DE-FRANCE;32;2020-12-29;78.68240581538937
HAUTS-DE-FRANCE;32;2020-12-30;78.77826038709766
HAUTS-DE-FRANCE;32;2020-12-31;79.11985183131748
HAUTS-DE-FRANCE;32;2021-01-01;79.61396728011188
HAUTS-DE-FRANCE;32;2021-01-02;80.07959101288291
HAUTS-DE-FRANCE;32;2021-01-03;80.37801035817573
HAUTS-DE-FRANCE;32;2021-01-04;80.47233777288095
HAUTS-DE-FRANCE;32;2021-01-05;80.40226292625489
HAUTS-DE-FRANCE;32;2021-01-06;80.1554948223722
HAUTS-DE-FRANCE;32;2021-01-07;79.72003698356517
HAUTS-DE-FRANCE;32;2021-01-08;79.0284428084703
HAUTS-DE-FRANCE;32;2021-01-09;78.28651465823613
HAUTS-DE-FRANCE;32;2021-01-10;77.74466808038744
HAUTS-DE-FRANCE;32;2021-01-11;77.67744220879628
HAUTS-DE-FRANCE;32;2021-01-12;78.09397901555512
HAUTS-DE-FRANCE;32;2021-01-13;78.91217536439214
HAUTS-DE-FRANCE;32;2021-01-14;79.98302073975955
HAUTS-DE-FRANCE;32;2021-01-15;81.2224594704969
HAUTS-DE-FRANCE;32;2021-01-16;82.26826462429932
HAUTS-DE-FRANCE;32;2021-01-17;82.87825232307584
HAUTS-DE-FRANCE;32;2021-01-18;82.84550562604059
HAUTS-DE-FRANCE;32;2021-01-19;82.24594950617785
HAUTS-DE-FRANCE;32;2021-01-20;81.70109715538456
HAUTS-DE-FRANCE;32;2021-01-21;81.57528577255346
HAUTS-DE-FRANCE;32;2021-01-22;82.31182205414787
HAUTS-DE-FRANCE;32;2021-01-23;83.83515196066932
HAUTS-DE-FRANCE;32;2021-01-24;86.16715843062468
HAUTS-DE-FRANCE;32;2021-01-25;89.10745193809841
HAUTS-DE-FRANCE;32;2021-01-26;92.32950684542999
HAUTS-DE-FRANCE;32;2021-01-27;95.47464474879897
HAUTS-DE-FRANCE;32;2021-01-28;98.41478564745312
HAUTS-DE-FRANCE;32;2021-01-29;100.90362004168514
HAUTS-DE-FRANCE;32;2021-01-30;102.87192609370906
HAUTS-DE-FRANCE;32;2021-01-31;99.76112752003998
HAUTS-DE-FRANCE;32;2021-02-01;97.5583381595228
HAUTS-DE-FRANCE;32;2021-02-02;95.77811131068873
HAUTS-DE-FRANCE;32;2021-02-03;98.56509390707852
HAUTS-DE-FRANCE;32;2021-02-04;99.6064025920368
HAUTS-DE-FRANCE;32;2021-02-05;99.46691806328194
HAUTS-DE-FRANCE;32;2021-02-06;98.52951155750023
HAUTS-DE-FRANCE;32;2021-02-07;97.30526551408302
HAUTS-DE-FRANCE;32;2021-02-08;96.11170811540693
HAUTS-DE-FRANCE;32;2021-02-09;95.35318337090249
HAUTS-DE-FRANCE;32;2021-02-10;95.37425103296344
HAUTS-DE-FRANCE;32;2021-02-11;96.16221960635563
HAUTS-DE-FRANCE;32;2021-02-12;97.34625002235863
HAUTS-DE-FRANCE;32;2021-02-13;98.60917379380709
HAUTS-DE-FRANCE;32;2021-02-14;99.73882076280675
HAUTS-DE-FRANCE;32;2021-02-15;100.74299257812514
HAUTS-DE-FRANCE;32;2021-02-16;101.81171512208641
HAUTS-DE-FRANCE;32;2021-02-17;102.68802069596121
HAUTS-DE-FRANCE;32;2021-02-18;103.38242429472089
HAUTS-DE-FRANCE;32;2021-02-19;102.77388150580096
HAUTS-DE-FRANCE;32;2021-02-20;101.77694074334393
HAUTS-DE-FRANCE;32;2021-02-21;100.41073665138886
HAUTS-DE-FRANCE;32;2021-02-22;99.52007881972428
HAUTS-DE-FRANCE;32;2021-02-23;98.55585054470819
HAUTS-DE-FRANCE;32;2021-02-24;97.59032597262664
HAUTS-DE-FRANCE;32;2021-02-25;96.8278722841069
HAUTS-DE-FRANCE;32;2021-02-26;96.41267905518005
HAUTS-DE-FRANCE;32;2021-02-27;96.51679372280365
HAUTS-DE-FRANCE;32;2021-02-28;97.04827575525734
HAUTS-DE-FRANCE;32;2021-03-01;97.7229300895772
HAUTS-DE-FRANCE;32;2021-03-02;98.28458822032664
HAUTS-DE-FRANCE;32;2021-03-03;98.7112433037327
HAUTS-DE-FRANCE;32;2021-03-04;99.01157672864612
HAUTS-DE-FRANCE;32;2021-03-05;99.33959299973169
HAUTS-DE-FRANCE;32;2021-03-06;99.8659071775682
HAUTS-DE-FRANCE;32;2021-03-07;100.57394343247209
HAUTS-DE-FRANCE;32;2021-03-08;101.32576706669752
HAUTS-DE-FRANCE;32;2021-03-09;101.97489681547265
HAUTS-DE-FRANCE;32;2021-03-10;102.53733472946631
HAUTS-DE-FRANCE;32;2021-03-11;103.00979429582952
HAUTS-DE-FRANCE;32;2021-03-12;103.4312562705974
HAUTS-DE-FRANCE;32;2021-03-13;103.83408884311848
HAUTS-DE-FRANCE;32;2021-03-14;104.35118574310292
HAUTS-DE-FRANCE;32;2021-03-15;105.01860021162592
HAUTS-DE-FRANCE;32;2021-03-16;105.83406404089192
HAUTS-DE-FRANCE;32;2021-03-17;106.70553814707415
HAUTS-DE-FRANCE;32;2021-03-18;107.5776062842558
HAUTS-DE-FRANCE;32;2021-03-19;108.25250869699872
HAUTS-DE-FRANCE;32;2021-03-20;108.56422874673443
HAUTS-DE-FRANCE;32;2021-03-21;108.46933793338016
HAUTS-DE-FRANCE;32;2021-03-22;108.15827266517458
HAUTS-DE-FRANCE;32;2021-03-23;107.85076663081436
HAUTS-DE-FRANCE;32;2021-03-24;107.65490355938698
HAUTS-DE-FRANCE;32;2021-03-25;107.62835578657456
HAUTS-DE-FRANCE;32;2021-03-26;107.75975182085071
HAUTS-DE-FRANCE;32;2021-03-27;107.98319538797705
HAUTS-DE-FRANCE;32;2021-03-28;108.25171436816956
HAUTS-DE-FRANCE;32;2021-03-29;108.50346723315624
HAUTS-DE-FRANCE;32;2021-03-30;108.69034267579536
HAUTS-DE-FRANCE;32;2021-03-31;108.74859802811936
HAUTS-DE-FRANCE;32;2021-04-01;108.63951327883971
HAUTS-DE-FRANCE;32;2021-04-02;108.45047503773499
HAUTS-DE-FRANCE;32;2021-04-03;108.35904914164036
HAUTS-DE-FRANCE;32;2021-04-04;108.30822471520409
HAUTS-DE-FRANCE;32;2021-04-05;108.15684512882878
HAUTS-DE-FRANCE;32;2021-04-06;107.71396578201241
HAUTS-DE-FRANCE;32;2021-04-07;107.02682716220932
HAUTS-DE-FRANCE;32;2021-04-08;106.11999466991112
HAUTS-DE-FRANCE;32;2021-04-09;105.09909808113024
HAUTS-DE-FRANCE;32;2021-04-10;104.03092176882568
HAUTS-DE-FRANCE;32;2021-04-11;103.1467897488274
HAUTS-DE-FRANCE;32;2021-04-12;102.59379119946121
HAUTS-DE-FRANCE;32;2021-04-13;102.52094958170973
HAUTS-DE-FRANCE;32;2021-04-14;102.90326929596412
HAUTS-DE-FRANCE;32;2021-04-15;103.63125249618679
HAUTS-DE-FRANCE;32;2021-04-16;104.38634043115341
HAUTS-DE-FRANCE;32;2021-04-17;104.93261114017832
HAUTS-DE-FRANCE;32;2021-04-18;105.1560244748667
HAUTS-DE-FRANCE;32;2021-04-19;105.16098527379185
HAUTS-DE-FRANCE;32;2021-04-20;104.99299671854703
HAUTS-DE-FRANCE;32;2021-04-21;104.61271563833344
HAUTS-DE-FRANCE;32;2021-04-22;103.9994112552575
HAUTS-DE-FRANCE;32;2021-04-23;103.15696858492808
HAUTS-DE-FRANCE;32;2021-04-24;102.07541267646342
HAUTS-DE-FRANCE;32;2021-04-25;100.78989376616985
HAUTS-DE-FRANCE;32;2021-04-26;99.34111149532522
HAUTS-DE-FRANCE;32;2021-04-27;97.81547405629637
HAUTS-DE-FRANCE;32;2021-04-28;96.26708395681221
HAUTS-DE-FRANCE;32;2021-04-29;94.73063283301258
HAUTS-DE-FRANCE;32;2021-04-30;93.27205962094013
HAUTS-DE-FRANCE;32;2021-05-01;91.92348338826014
HAUTS-DE-FRANCE;32;2021-05-02;90.71702373156435
HAUTS-DE-FRANCE;32;2021-05-03;89.64772707523869
HAUTS-DE-FRANCE;32;2021-05-04;88.73416589643513
HAUTS-DE-FRANCE;32;2021-05-05;87.9960279377816
HAUTS-DE-FRANCE;32;2021-05-06;87.4280688983198
HAUTS-DE-FRANCE;32;2021-05-07;87.04247947590585
HAUTS-DE-FRANCE;32;2021-05-08;86.82041037215951
HAUTS-DE-FRANCE;32;2021-05-09;86.71723608047796
HAUTS-DE-FRANCE;32;2021-05-10;86.64177564138912
HAUTS-DE-FRANCE;32;2021-05-11;86.5521498246253
GRAND-EST;44;2020-03-31;109.09208403390544
GRAND-EST;44;2020-04-01;109.12885595790384
GRAND-EST;44;2020-04-02;100.61628567468452
GRAND-EST;44;2020-04-03;92.31368436429541
GRAND-EST;44;2020-04-04;84.1850360842139
GRAND-EST;44;2020-04-05;82.12868274722162
GRAND-EST;44;2020-04-06;80.0729297162593
GRAND-EST;44;2020-04-07;78.00504182618675
GRAND-EST;44;2020-04-08;79.29490549865623
GRAND-EST;44;2020-04-09;80.78540639434706
GRAND-EST;44;2020-04-10;82.77275844453693
GRAND-EST;44;2020-04-11;81.6253338517297
GRAND-EST;44;2020-04-12;80.43149441957455
GRAND-EST;44;2020-04-13;78.81394457351048
GRAND-EST;44;2020-04-14;76.9688354911783
GRAND-EST;44;2020-04-15;74.87995431435856
GRAND-EST;44;2020-04-16;72.51960192169506
GRAND-EST;44;2020-04-17;69.93694642772921
GRAND-EST;44;2020-04-18;67.04212786590753
GRAND-EST;44;2020-04-19;63.83449576891851
GRAND-EST;44;2020-04-20;60.33020781417486
GRAND-EST;44;2020-04-21;56.652245546129215
GRAND-EST;44;2020-04-22;52.73277847974774
GRAND-EST;44;2020-04-23;48.67869689731744
GRAND-EST;44;2020-04-24;44.73632512826972
GRAND-EST;44;2020-04-25;41.03726594320299
GRAND-EST;44;2020-04-26;37.716616742964455
GRAND-EST;44;2020-04-27;34.65113030238822
GRAND-EST;44;2020-04-28;31.988957923816233
GRAND-EST;44;2020-04-29;29.44215593867626
GRAND-EST;44;2020-04-30;26.6509419904305
GRAND-EST;44;2020-05-01;23.22097853324747
GRAND-EST;44;2020-05-02;19.13175307060205
GRAND-EST;44;2020-05-03;15.039397189609213
GRAND-EST;44;2020-05-04;11.414802860068347
GRAND-EST;44;2020-05-05;8.434667193675116
GRAND-EST;44;2020-05-06;5.819528837357173
GRAND-EST;44;2020-05-07;3.4785737558553307
GRAND-EST;44;2020-05-08;1.3695076784233962
GRAND-EST;44;2020-05-09;-0.5549522559301764
GRAND-EST;44;2020-05-10;-2.335481767015429
GRAND-EST;44;2020-05-11;-4.00421594162031
GRAND-EST;44;2020-05-12;-5.581327451046928
GRAND-EST;44;2020-05-13;-7.185999252340799
GRAND-EST;44;2020-05-14;-8.740299545237272
GRAND-EST;44;2020-05-15;-10.252939050072698
GRAND-EST;44;2020-05-16;-11.626032135572471
GRAND-EST;44;2020-05-17;-12.96263847596678
GRAND-EST;44;2020-05-18;-14.262538653541448
GRAND-EST;44;2020-05-19;-15.534855490843995
GRAND-EST;44;2020-05-20;-16.78297127964231
GRAND-EST;44;2020-05-21;-18.010368144661307
GRAND-EST;44;2020-05-22;-19.21441806336276
GRAND-EST;44;2020-05-23;-20.39664619020289
GRAND-EST;44;2020-05-24;-21.558579394275174
GRAND-EST;44;2020-05-25;-22.70171856205261
GRAND-EST;44;2020-05-26;-23.823393033296668
GRAND-EST;44;2020-05-27;-24.924014177959577
GRAND-EST;44;2020-05-28;-26.004051673063845
GRAND-EST;44;2020-05-29;-27.052467781262532
GRAND-EST;44;2020-05-30;-28.04017813721765
GRAND-EST;44;2020-05-31;-28.931376443214212
GRAND-EST;44;2020-06-01;-29.701455170738
GRAND-EST;44;2020-06-02;-30.33819952356824
GRAND-EST;44;2020-06-03;-30.835379235023993
GRAND-EST;44;2020-06-04;-31.190326355095834
GRAND-EST;44;2020-06-05;-31.42445069224864
GRAND-EST;44;2020-06-06;-31.58038220916513
GRAND-EST;44;2020-06-07;-31.703527879936853
GRAND-EST;44;2020-06-08;-31.818250508560467
GRAND-EST;44;2020-06-09;-31.93200254821952
GRAND-EST;44;2020-06-10;-32.04911225753499
GRAND-EST;44;2020-06-11;-32.173739074342826
GRAND-EST;44;2020-06-12;-32.293958929434964
GRAND-EST;44;2020-06-13;-32.39683712095344
GRAND-EST;44;2020-06-14;-32.469004500807216
GRAND-EST;44;2020-06-15;-32.509401319772955
GRAND-EST;44;2020-06-16;-32.512748194469644
GRAND-EST;44;2020-06-17;-32.473948557929155
GRAND-EST;44;2020-06-18;-32.38815219850019
GRAND-EST;44;2020-06-19;-32.255087346547505
GRAND-EST;44;2020-06-20;-32.07253606332711
GRAND-EST;44;2020-06-21;-31.838088378634378
GRAND-EST;44;2020-06-22;-31.54977578104281
GRAND-EST;44;2020-06-23;-31.20512981179245
GRAND-EST;44;2020-06-24;-30.802064904427642
GRAND-EST;44;2020-06-25;-30.33888945237011
GRAND-EST;44;2020-06-26;-29.8157516889638
GRAND-EST;44;2020-06-27;-29.23658512330031
GRAND-EST;44;2020-06-28;-28.604808075299115
GRAND-EST;44;2020-06-29;-27.924541363649578
GRAND-EST;44;2020-06-30;-27.18661472886395
GRAND-EST;44;2020-07-01;-26.38208925163411
GRAND-EST;44;2020-07-02;-25.502443510828098
GRAND-EST;44;2020-07-03;-24.56263409885651
GRAND-EST;44;2020-07-04;-23.568109753862434
GRAND-EST;44;2020-07-05;-22.514061062641655
GRAND-EST;44;2020-07-06;-21.3691252197838
GRAND-EST;44;2020-07-07;-20.04854291243404
GRAND-EST;44;2020-07-08;-18.44743894646821
GRAND-EST;44;2020-07-09;-16.414565331930152
GRAND-EST;44;2020-07-10;-13.648788605287983
GRAND-EST;44;2020-07-11;-10.26679916226424
GRAND-EST;44;2020-07-12;-6.430733709226928
GRAND-EST;44;2020-07-13;-2.6934773311471676
GRAND-EST;44;2020-07-14;0.8426915625205941
GRAND-EST;44;2020-07-15;4.043805350069956
GRAND-EST;44;2020-07-16;7.02899323770414
GRAND-EST;44;2020-07-17;9.680312793037274
GRAND-EST;44;2020-07-18;11.966729065852967
GRAND-EST;44;2020-07-19;13.779044443316796
GRAND-EST;44;2020-07-20;15.242098247396285
GRAND-EST;44;2020-07-21;16.487456960914198
GRAND-EST;44;2020-07-22;17.70659859758496
GRAND-EST;44;2020-07-23;18.91533672744853
GRAND-EST;44;2020-07-24;20.053806223510374
GRAND-EST;44;2020-07-25;21.092125349773205
GRAND-EST;44;2020-07-26;22.126918728630198
GRAND-EST;44;2020-07-27;23.267840116258963
GRAND-EST;44;2020-07-28;24.510644434327105
GRAND-EST;44;2020-07-29;25.831112083406385
GRAND-EST;44;2020-07-30;26.973003828177823
GRAND-EST;44;2020-07-31;27.794132333661608
GRAND-EST;44;2020-08-01;28.07141756045608
GRAND-EST;44;2020-08-02;27.961999525891738
GRAND-EST;44;2020-08-03;27.47658527105189
GRAND-EST;44;2020-08-04;26.713848566837697
GRAND-EST;44;2020-08-05;25.585772622474572
GRAND-EST;44;2020-08-06;24.186654915170568
GRAND-EST;44;2020-08-07;22.73223118320817
GRAND-EST;44;2020-08-08;21.616548065421615
GRAND-EST;44;2020-08-09;20.91240449177439
GRAND-EST;44;2020-08-10;20.803006999214986
GRAND-EST;44;2020-08-11;21.191995449068926
GRAND-EST;44;2020-08-12;22.069374695473233
GRAND-EST;44;2020-08-13;23.092148869143557
GRAND-EST;44;2020-08-14;24.195181471521195
GRAND-EST;44;2020-08-15;25.467773518831176
GRAND-EST;44;2020-08-16;27.101463476004657
GRAND-EST;44;2020-08-17;29.009730781682226
GRAND-EST;44;2020-08-18;30.954349089898013
GRAND-EST;44;2020-08-19;32.68504572899128
GRAND-EST;44;2020-08-20;34.208114473276076
GRAND-EST;44;2020-08-21;35.585137407662025
GRAND-EST;44;2020-08-22;36.872092795215494
GRAND-EST;44;2020-08-23;37.9506246497339
GRAND-EST;44;2020-08-24;38.766219838519795
GRAND-EST;44;2020-08-25;39.33647527592718
GRAND-EST;44;2020-08-26;39.86031527365944
GRAND-EST;44;2020-08-27;40.39489087339593
GRAND-EST;44;2020-08-28;40.932070083347995
GRAND-EST;44;2020-08-29;41.37291158371817
GRAND-EST;44;2020-08-30;41.8598570980424
GRAND-EST;44;2020-08-31;42.484751379212696
GRAND-EST;44;2020-09-01;43.27752873449063
GRAND-EST;44;2020-09-02;44.085110783364115
GRAND-EST;44;2020-09-03;44.99817626313756
GRAND-EST;44;2020-09-04;46.14365463758675
GRAND-EST;44;2020-09-05;47.81102235808553
GRAND-EST;44;2020-09-06;50.108779207992846
GRAND-EST;44;2020-09-07;53.094093508071744
GRAND-EST;44;2020-09-08;56.5630432711416
GRAND-EST;44;2020-09-09;60.02481884329732
GRAND-EST;44;2020-09-10;63.20154120083782
GRAND-EST;44;2020-09-11;65.8602802092254
GRAND-EST;44;2020-09-12;68.02297593457409
GRAND-EST;44;2020-09-13;69.57725634695473
GRAND-EST;44;2020-09-14;70.5589740135928
GRAND-EST;44;2020-09-15;70.95895475882698
GRAND-EST;44;2020-09-16;70.91616176170147
GRAND-EST;44;2020-09-17;70.45156285706041
GRAND-EST;44;2020-09-18;69.86660381246469
GRAND-EST;44;2020-09-19;69.42083392066498
GRAND-EST;44;2020-09-20;69.36208315250413
GRAND-EST;44;2020-09-21;69.61808463114353
GRAND-EST;44;2020-09-22;70.0147928656347
GRAND-EST;44;2020-09-23;70.39246120917988
GRAND-EST;44;2020-09-24;70.80406369063496
GRAND-EST;44;2020-09-25;71.183219277465
GRAND-EST;44;2020-09-26;71.57807537469353
GRAND-EST;44;2020-09-27;71.94263886517517
GRAND-EST;44;2020-09-28;72.27653261883457
GRAND-EST;44;2020-09-29;72.54464840595948
GRAND-EST;44;2020-09-30;72.85612506546325
GRAND-EST;44;2020-10-01;73.13095115244724
GRAND-EST;44;2020-10-02;73.35719826353312
GRAND-EST;44;2020-10-03;73.52634564321455
GRAND-EST;44;2020-10-04;73.8497497111148
GRAND-EST;44;2020-10-05;74.5097591711344
GRAND-EST;44;2020-10-06;75.51019215712671
GRAND-EST;44;2020-10-07;76.85670229014617
GRAND-EST;44;2020-10-08;78.53476666519673
GRAND-EST;44;2020-10-09;80.53926673033362
GRAND-EST;44;2020-10-10;82.73361028277863
GRAND-EST;44;2020-10-11;84.97909118828996
GRAND-EST;44;2020-10-12;87.15393128821785
GRAND-EST;44;2020-10-13;89.28076065442387
GRAND-EST;44;2020-10-14;91.30649450143028
GRAND-EST;44;2020-10-15;93.27120394308088
GRAND-EST;44;2020-10-16;95.09805265495724
GRAND-EST;44;2020-10-17;96.8070043191372
GRAND-EST;44;2020-10-18;98.33516616840605
GRAND-EST;44;2020-10-19;99.71809295831495
GRAND-EST;44;2020-10-20;100.87050339549046
GRAND-EST;44;2020-10-21;101.71681973380029
GRAND-EST;44;2020-10-22;102.18172727503584
GRAND-EST;44;2020-10-23;102.32646222767158
GRAND-EST;44;2020-10-24;102.34980971085058
GRAND-EST;44;2020-10-25;102.46109139273537
GRAND-EST;44;2020-10-26;102.84489583796
GRAND-EST;44;2020-10-27;103.54742628780865
GRAND-EST;44;2020-10-28;104.58225573461412
GRAND-EST;44;2020-10-29;105.92905286056276
GRAND-EST;44;2020-10-30;107.53102185941044
GRAND-EST;44;2020-10-31;109.13982695425852
GRAND-EST;44;2020-11-01;110.46683557194702
GRAND-EST;44;2020-11-02;111.07121292341148
GRAND-EST;44;2020-11-03;111.19181642912076
GRAND-EST;44;2020-11-04;110.68364264505531
GRAND-EST;44;2020-11-05;110.19266192342623
GRAND-EST;44;2020-11-06;109.59000081467913
GRAND-EST;44;2020-11-07;109.18977902239055
GRAND-EST;44;2020-11-08;108.74843974290613
GRAND-EST;44;2020-11-09;108.32073842144882
GRAND-EST;44;2020-11-10;107.86686840766708
GRAND-EST;44;2020-11-11;107.33498828537228
GRAND-EST;44;2020-11-12;106.62801458702542
GRAND-EST;44;2020-11-13;105.65762977288715
GRAND-EST;44;2020-11-14;104.41033395396654
GRAND-EST;44;2020-11-15;102.9926516288158
GRAND-EST;44;2020-11-16;101.6291174493374
GRAND-EST;44;2020-11-17;100.49228693501446
GRAND-EST;44;2020-11-18;99.59849627195244
GRAND-EST;44;2020-11-19;98.90369409655659
GRAND-EST;44;2020-11-20;98.2665155453896
GRAND-EST;44;2020-11-21;97.68067153155908
GRAND-EST;44;2020-11-22;97.26092040977244
GRAND-EST;44;2020-11-23;97.23198025760243
GRAND-EST;44;2020-11-24;97.70801689343048
GRAND-EST;44;2020-11-25;98.72609358376663
GRAND-EST;44;2020-11-26;100.15885980268804
GRAND-EST;44;2020-11-27;101.8999412223143
GRAND-EST;44;2020-11-28;103.93928090196009
GRAND-EST;44;2020-11-29;106.126561812943
GRAND-EST;44;2020-11-30;108.23604599041136
GRAND-EST;44;2020-12-01;109.96254507547162
GRAND-EST;44;2020-12-02;111.13003407940249
GRAND-EST;44;2020-12-03;111.6500079291214
GRAND-EST;44;2020-12-04;111.44148970841046
GRAND-EST;44;2020-12-05;110.57950093136057
GRAND-EST;44;2020-12-06;109.40632146343502
GRAND-EST;44;2020-12-07;108.14654048251153
GRAND-EST;44;2020-12-08;106.39196817469605
GRAND-EST;44;2020-12-09;104.71013818107201
GRAND-EST;44;2020-12-10;103.26567957053078
GRAND-EST;44;2020-12-11;102.6281736637203
GRAND-EST;44;2020-12-12;102.14378284845144
GRAND-EST;44;2020-12-13;101.69661759867613
GRAND-EST;44;2020-12-14;101.23588174844645
GRAND-EST;44;2020-12-15;100.79329588839238
GRAND-EST;44;2020-12-16;100.33473725315149
GRAND-EST;44;2020-12-17;100.04722608834186
GRAND-EST;44;2020-12-18;99.97143781986051
GRAND-EST;44;2020-12-19;100.16128218320429
GRAND-EST;44;2020-12-20;100.43981144299295
GRAND-EST;44;2020-12-21;100.71180580827438
GRAND-EST;44;2020-12-22;100.84883314883407
GRAND-EST;44;2020-12-23;100.9506133694506
GRAND-EST;44;2020-12-24;100.88995899303713
GRAND-EST;44;2020-12-25;100.70086013138945
GRAND-EST;44;2020-12-26;100.3315211244153
GRAND-EST;44;2020-12-27;100.05186881920342
GRAND-EST;44;2020-12-28;100.01770609700942
GRAND-EST;44;2020-12-29;100.20760592498593
GRAND-EST;44;2020-12-30;100.48826858301466
GRAND-EST;44;2020-12-31;100.72314519315469
GRAND-EST;44;2021-01-01;100.92151680032066
GRAND-EST;44;2021-01-02;101.15089315971849
GRAND-EST;44;2021-01-03;101.0153254801693
GRAND-EST;44;2021-01-04;100.75704367237594
GRAND-EST;44;2021-01-05;100.35099706963743
GRAND-EST;44;2021-01-06;100.31193734254695
GRAND-EST;44;2021-01-07;100.40700133023516
GRAND-EST;44;2021-01-08;100.62104660705477
GRAND-EST;44;2021-01-09;100.66924497621235
GRAND-EST;44;2021-01-10;100.53403546666095
GRAND-EST;44;2021-01-11;100.24280912487787
GRAND-EST;44;2021-01-12;100.38206757710351
GRAND-EST;44;2021-01-13;100.48635660641868
GRAND-EST;44;2021-01-14;100.57290444364729
GRAND-EST;44;2021-01-15;100.27772833352593
GRAND-EST;44;2021-01-16;100.18136128818763
GRAND-EST;44;2021-01-17;100.37629904075364
GRAND-EST;44;2021-01-18;100.9261853940755
GRAND-EST;44;2021-01-19;101.44145625525918
GRAND-EST;44;2021-01-20;102.12549164797636
GRAND-EST;44;2021-01-21;102.7946968570315
GRAND-EST;44;2021-01-22;103.55908616347628
GRAND-EST;44;2021-01-23;103.9716771142016
GRAND-EST;44;2021-01-24;104.02796748979068
GRAND-EST;44;2021-01-25;103.77779766531808
GRAND-EST;44;2021-01-26;103.3526186655937
GRAND-EST;44;2021-01-27;102.69952244812143
GRAND-EST;44;2021-01-28;102.06759296398144
GRAND-EST;44;2021-01-29;101.47016795577301
GRAND-EST;44;2021-01-30;101.08992307405
GRAND-EST;44;2021-01-31;100.73965947022556
GRAND-EST;44;2021-02-01;100.37416514868687
GRAND-EST;44;2021-02-02;99.77925446426752
GRAND-EST;44;2021-02-03;99.20829335745424
GRAND-EST;44;2021-02-04;98.60800316026878
GRAND-EST;44;2021-02-05;98.26566930309133
GRAND-EST;44;2021-02-06;97.93867342530798
GRAND-EST;44;2021-02-07;97.69374012777357
GRAND-EST;44;2021-02-08;97.45505746231261
GRAND-EST;44;2021-02-09;97.35162925699396
GRAND-EST;44;2021-02-10;97.4223213982658
GRAND-EST;44;2021-02-11;97.66497723144066
GRAND-EST;44;2021-02-12;97.9727682561013
GRAND-EST;44;2021-02-13;98.2289422635353
GRAND-EST;44;2021-02-14;98.346212137451
GRAND-EST;44;2021-02-15;98.29059136737035
GRAND-EST;44;2021-02-16;98.13098404981942
GRAND-EST;44;2021-02-17;97.88550543169998
GRAND-EST;44;2021-02-18;97.56765352960849
GRAND-EST;44;2021-02-19;97.13788986207184
GRAND-EST;44;2021-02-20;96.58944924022222
GRAND-EST;44;2021-02-21;96.05448259317285
GRAND-EST;44;2021-02-22;95.64144829008178
GRAND-EST;44;2021-02-23;95.45562524815149
GRAND-EST;44;2021-02-24;95.49545681688281
GRAND-EST;44;2021-02-25;95.71281832841642
GRAND-EST;44;2021-02-26;96.07167180218964
GRAND-EST;44;2021-02-27;96.55136567981458
GRAND-EST;44;2021-02-28;97.06679012829822
GRAND-EST;44;2021-03-01;97.5458826737655
GRAND-EST;44;2021-03-02;97.91752513542338
GRAND-EST;44;2021-03-03;98.22792136791223
GRAND-EST;44;2021-03-04;98.46926167447327
GRAND-EST;44;2021-03-05;98.74084846132422
GRAND-EST;44;2021-03-06;99.14662197866095
GRAND-EST;44;2021-03-07;99.75511318385172
GRAND-EST;44;2021-03-08;100.47636264445414
GRAND-EST;44;2021-03-09;101.202438405539
GRAND-EST;44;2021-03-10;101.84890596466214
GRAND-EST;44;2021-03-11;102.36783551459645
GRAND-EST;44;2021-03-12;102.69804639803623
GRAND-EST;44;2021-03-13;102.77786993497317
GRAND-EST;44;2021-03-14;102.65214444100435
GRAND-EST;44;2021-03-15;102.40819881400598
GRAND-EST;44;2021-03-16;102.16367000948271
GRAND-EST;44;2021-03-17;101.93063959796129
GRAND-EST;44;2021-03-18;101.688609073806
GRAND-EST;44;2021-03-19;101.44848416382341
GRAND-EST;44;2021-03-20;101.22753011503039
GRAND-EST;44;2021-03-21;101.07514740425232
GRAND-EST;44;2021-03-22;101.05082755029476
GRAND-EST;44;2021-03-23;101.24879030877469
GRAND-EST;44;2021-03-24;101.74923822676277
GRAND-EST;44;2021-03-25;102.59133641406495
GRAND-EST;44;2021-03-26;103.53934610730052
GRAND-EST;44;2021-03-27;104.44830419012156
GRAND-EST;44;2021-03-28;105.16880604962972
GRAND-EST;44;2021-03-29;105.80898092811285
GRAND-EST;44;2021-03-30;106.34604663198532
GRAND-EST;44;2021-03-31;106.72249898704662
GRAND-EST;44;2021-04-01;106.8491421003503
GRAND-EST;44;2021-04-02;106.83712229066884
GRAND-EST;44;2021-04-03;106.7214286313914
GRAND-EST;44;2021-04-04;106.57803488823049
GRAND-EST;44;2021-04-05;106.33585421621466
GRAND-EST;44;2021-04-06;106.07559088587242
GRAND-EST;44;2021-04-07;105.84294533408405
GRAND-EST;44;2021-04-08;105.64138558407195
GRAND-EST;44;2021-04-09;105.4463145826697
GRAND-EST;44;2021-04-10;105.37538670158399
GRAND-EST;44;2021-04-11;105.47459052598076
GRAND-EST;44;2021-04-12;105.78234432383344
GRAND-EST;44;2021-04-13;106.15239153076115
GRAND-EST;44;2021-04-14;106.56194879066716
GRAND-EST;44;2021-04-15;106.9763219832398
GRAND-EST;44;2021-04-16;107.30039197401452
GRAND-EST;44;2021-04-17;107.34924115371685
GRAND-EST;44;2021-04-18;107.04314337240622
GRAND-EST;44;2021-04-19;106.41570275064308
GRAND-EST;44;2021-04-20;105.60992907061994
GRAND-EST;44;2021-04-21;104.6522112921543
GRAND-EST;44;2021-04-22;103.5703608152882
GRAND-EST;44;2021-04-23;102.41896108983843
GRAND-EST;44;2021-04-24;101.32570001792341
GRAND-EST;44;2021-04-25;100.36970901131558
GRAND-EST;44;2021-04-26;99.50987681870504
GRAND-EST;44;2021-04-27;98.61583888500451
GRAND-EST;44;2021-04-28;97.60037747510515
GRAND-EST;44;2021-04-29;96.40520250574622
GRAND-EST;44;2021-04-30;95.17367850455645
GRAND-EST;44;2021-05-01;94.0683652865618
GRAND-EST;44;2021-05-02;93.16904361927394
GRAND-EST;44;2021-05-03;92.38869173563756
GRAND-EST;44;2021-05-04;91.67455469624716
GRAND-EST;44;2021-05-05;91.09805499121236
GRAND-EST;44;2021-05-06;90.70189291486594
GRAND-EST;44;2021-05-07;90.29800361275215
GRAND-EST;44;2021-05-08;89.74077327033369
GRAND-EST;44;2021-05-09;89.06768268839448
GRAND-EST;44;2021-05-10;88.35008067688658
GRAND-EST;44;2021-05-11;87.5589154179742
GRAND-EST;44;2021-05-12;86.6142827914864
PAYS DE LA LOIRE;52;2020-05-12;0.0
PAYS DE LA LOIRE;52;2020-05-13;0.0
PAYS DE LA LOIRE;52;2020-05-14;0.0
PAYS DE LA LOIRE;52;2020-05-15;0.0
PAYS DE LA LOIRE;52;2020-05-16;0.0
PAYS DE LA LOIRE;52;2020-05-17;0.0
PAYS DE LA LOIRE;52;2020-05-18;0.0
PAYS DE LA LOIRE;52;2020-05-19;0.0
PAYS DE LA LOIRE;52;2020-05-20;0.0
PAYS DE LA LOIRE;52;2020-05-21;0.0
PAYS DE LA LOIRE;52;2020-05-22;0.0
PAYS DE LA LOIRE;52;2020-05-23;0.0
PAYS DE LA LOIRE;52;2020-05-24;0.0
PAYS DE LA LOIRE;52;2020-05-25;0.0
PAYS DE LA LOIRE;52;2020-05-26;0.0
PAYS DE LA LOIRE;52;2020-05-27;0.0
PAYS DE LA LOIRE;52;2020-05-28;0.0
PAYS DE LA LOIRE;52;2020-05-29;0.0
PAYS DE LA LOIRE;52;2020-05-30;0.0
PAYS DE LA LOIRE;52;2020-05-31;0.0
PAYS DE LA LOIRE;52;2020-06-01;0.0
PAYS DE LA LOIRE;52;2020-06-02;0.0
PAYS DE LA LOIRE;52;2020-06-03;0.0
PAYS DE LA LOIRE;52;2020-06-04;0.0
PAYS DE LA LOIRE;52;2020-06-05;0.0
PAYS DE LA LOIRE;52;2020-06-06;0.0
PAYS DE LA LOIRE;52;2020-06-07;0.0
PAYS DE LA LOIRE;52;2020-06-08;0.0
PAYS DE LA LOIRE;52;2020-06-09;0.0
PAYS DE LA LOIRE;52;2020-06-10;0.0
PAYS DE LA LOIRE;52;2020-06-11;0.0
PAYS DE LA LOIRE;52;2020-06-12;0.0
PAYS DE LA LOIRE;52;2020-06-13;0.0
PAYS DE LA LOIRE;52;2020-06-14;0.0
PAYS DE LA LOIRE;52;2020-06-15;0.0
PAYS DE LA LOIRE;52;2020-06-16;0.0
PAYS DE LA LOIRE;52;2020-06-17;0.0
PAYS DE LA LOIRE;52;2020-06-18;0.0
PAYS DE LA LOIRE;52;2020-06-19;0.0
PAYS DE LA LOIRE;52;2020-06-20;0.0
PAYS DE LA LOIRE;52;2020-06-21;0.0
PAYS DE LA LOIRE;52;2020-06-22;0.0
PAYS DE LA LOIRE;52;2020-06-23;0.0
PAYS DE LA LOIRE;52;2020-06-24;0.0
PAYS DE LA LOIRE;52;2020-06-25;0.0
PAYS DE LA LOIRE;52;2020-06-26;0.0
PAYS DE LA LOIRE;52;2020-06-27;0.0
PAYS DE LA LOIRE;52;2020-06-28;0.0
PAYS DE LA LOIRE;52;2020-06-29;0.0
PAYS DE LA LOIRE;52;2020-06-30;0.0
PAYS DE LA LOIRE;52;2020-07-01;0.0
PAYS DE LA LOIRE;52;2020-07-02;0.0
PAYS DE LA LOIRE;52;2020-07-03;0.0
PAYS DE LA LOIRE;52;2020-07-04;0.0
PAYS DE LA LOIRE;52;2020-07-05;0.0
PAYS DE LA LOIRE;52;2020-07-06;0.0
PAYS DE LA LOIRE;52;2020-07-07;0.0
PAYS DE LA LOIRE;52;2020-07-08;0.0
PAYS DE LA LOIRE;52;2020-07-09;0.0
PAYS DE LA LOIRE;52;2020-07-10;0.0
PAYS DE LA LOIRE;52;2020-07-11;0.0
PAYS DE LA LOIRE;52;2020-07-12;0.0
PAYS DE LA LOIRE;52;2020-07-13;0.0
PAYS DE LA LOIRE;52;2020-07-14;0.0
PAYS DE LA LOIRE;52;2020-07-15;0.0
PAYS DE LA LOIRE;52;2020-07-16;0.0
PAYS DE LA LOIRE;52;2020-07-17;0.0
PAYS DE LA LOIRE;52;2020-07-18;0.0
PAYS DE LA LOIRE;52;2020-07-19;0.0
PAYS DE LA LOIRE;52;2020-07-20;0.0
PAYS DE LA LOIRE;52;2020-07-21;0.0
PAYS DE LA LOIRE;52;2020-07-22;0.0
PAYS DE LA LOIRE;52;2020-07-23;0.0
PAYS DE LA LOIRE;52;2020-07-24;0.0
PAYS DE LA LOIRE;52;2020-07-25;0.0
PAYS DE LA LOIRE;52;2020-07-26;0.0
PAYS DE LA LOIRE;52;2020-07-27;0.0
PAYS DE LA LOIRE;52;2020-07-28;0.0
PAYS DE LA LOIRE;52;2020-07-29;0.0
PAYS DE LA LOIRE;52;2020-07-30;0.0
PAYS DE LA LOIRE;52;2020-07-31;0.0
PAYS DE LA LOIRE;52;2020-08-01;0.0
PAYS DE LA LOIRE;52;2020-08-02;0.0
PAYS DE LA LOIRE;52;2020-08-03;0.0
PAYS DE LA LOIRE;52;2020-08-04;0.0
PAYS DE LA LOIRE;52;2020-08-05;0.0
PAYS DE LA LOIRE;52;2020-08-06;0.0
PAYS DE LA LOIRE;52;2020-08-07;0.0
PAYS DE LA LOIRE;52;2020-08-08;0.0
PAYS DE LA LOIRE;52;2020-08-09;0.0
PAYS DE LA LOIRE;52;2020-08-10;0.0
PAYS DE LA LOIRE;52;2020-08-11;0.0
PAYS DE LA LOIRE;52;2020-08-12;0.0
PAYS DE LA LOIRE;52;2020-08-13;0.0
PAYS DE LA LOIRE;52;2020-08-14;0.0
PAYS DE LA LOIRE;52;2020-08-15;0.0
PAYS DE LA LOIRE;52;2020-08-16;0.0
PAYS DE LA LOIRE;52;2020-08-17;0.0
PAYS DE LA LOIRE;52;2020-08-18;0.0
PAYS DE LA LOIRE;52;2020-08-19;0.0
PAYS DE LA LOIRE;52;2020-08-20;0.05985651173353732
PAYS DE LA LOIRE;52;2020-08-21;0.2759423820058233
PAYS DE LA LOIRE;52;2020-08-22;0.6420159461687381
PAYS DE LA LOIRE;52;2020-08-23;1.1021660898509982
PAYS DE LA LOIRE;52;2020-08-24;1.5694688309114284
PAYS DE LA LOIRE;52;2020-08-25;2.06112169284358
PAYS DE LA LOIRE;52;2020-08-26;2.5819856887755672
PAYS DE LA LOIRE;52;2020-08-27;3.125756076479336
PAYS DE LA LOIRE;52;2020-08-28;3.675362117105831
PAYS DE LA LOIRE;52;2020-08-29;4.221923729818083
PAYS DE LA LOIRE;52;2020-08-30;4.779152477177969
PAYS DE LA LOIRE;52;2020-08-31;5.370632650212749
PAYS DE LA LOIRE;52;2020-09-01;6.014223957499862
PAYS DE LA LOIRE;52;2020-09-02;6.710865236056591
PAYS DE LA LOIRE;52;2020-09-03;7.460592892961352
PAYS DE LA LOIRE;52;2020-09-04;8.262556147289843
PAYS DE LA LOIRE;52;2020-09-05;9.062041113935576
PAYS DE LA LOIRE;52;2020-09-06;9.790841826519095
PAYS DE LA LOIRE;52;2020-09-07;10.383040897204266
PAYS DE LA LOIRE;52;2020-09-08;10.82634881104938
PAYS DE LA LOIRE;52;2020-09-09;11.119960561046708
PAYS DE LA LOIRE;52;2020-09-10;11.256501361132756
PAYS DE LA LOIRE;52;2020-09-11;11.22036695327911
PAYS DE LA LOIRE;52;2020-09-12;11.129644283377273
PAYS DE LA LOIRE;52;2020-09-13;11.113634729577685
PAYS DE LA LOIRE;52;2020-09-14;11.314252486992295
PAYS DE LA LOIRE;52;2020-09-15;11.743461777317878
PAYS DE LA LOIRE;52;2020-09-16;12.405204744486607
PAYS DE LA LOIRE;52;2020-09-17;13.29440091460401
PAYS DE LA LOIRE;52;2020-09-18;14.39669363580316
PAYS DE LA LOIRE;52;2020-09-19;15.685271274334236
PAYS DE LA LOIRE;52;2020-09-20;17.276444998162788
PAYS DE LA LOIRE;52;2020-09-21;19.292439766282076
PAYS DE LA LOIRE;52;2020-09-22;21.855503231888136
PAYS DE LA LOIRE;52;2020-09-23;24.926545856538638
PAYS DE LA LOIRE;52;2020-09-24;28.44078275700677
PAYS DE LA LOIRE;52;2020-09-25;32.3195485335799
PAYS DE LA LOIRE;52;2020-09-26;36.35063496494174
PAYS DE LA LOIRE;52;2020-09-27;40.33230201812534
PAYS DE LA LOIRE;52;2020-09-28;44.107668084487635
PAYS DE LA LOIRE;52;2020-09-29;47.68787649958493
PAYS DE LA LOIRE;52;2020-09-30;51.10902075517189
PAYS DE LA LOIRE;52;2020-10-01;54.395590278639276
PAYS DE LA LOIRE;52;2020-10-02;57.56404695552041
PAYS DE LA LOIRE;52;2020-10-03;60.6177692441802
PAYS DE LA LOIRE;52;2020-10-04;63.53745872241969
PAYS DE LA LOIRE;52;2020-10-05;66.30997475167868
PAYS DE LA LOIRE;52;2020-10-06;68.93359634948325
PAYS DE LA LOIRE;52;2020-10-07;71.42749074215409
PAYS DE LA LOIRE;52;2020-10-08;73.80276199768308
PAYS DE LA LOIRE;52;2020-10-09;76.06426751727368
PAYS DE LA LOIRE;52;2020-10-10;78.13583305472223
PAYS DE LA LOIRE;52;2020-10-11;79.96552836677172
PAYS DE LA LOIRE;52;2020-10-12;81.51121146090155
PAYS DE LA LOIRE;52;2020-10-13;82.81426297281436
PAYS DE LA LOIRE;52;2020-10-14;83.89341801324376
PAYS DE LA LOIRE;52;2020-10-15;84.75825237630919
PAYS DE LA LOIRE;52;2020-10-16;85.41040628263136
PAYS DE LA LOIRE;52;2020-10-17;85.97536974976835
PAYS DE LA LOIRE;52;2020-10-18;86.58576124485609
PAYS DE LA LOIRE;52;2020-10-19;87.37984727168427
PAYS DE LA LOIRE;52;2020-10-20;88.2573964353946
PAYS DE LA LOIRE;52;2020-10-21;89.11917423410264
PAYS DE LA LOIRE;52;2020-10-22;89.85991275341827
PAYS DE LA LOIRE;52;2020-10-23;90.55491711458171
PAYS DE LA LOIRE;52;2020-10-24;91.22444075112206
PAYS DE LA LOIRE;52;2020-10-25;91.89449394398264
PAYS DE LA LOIRE;52;2020-10-26;92.52509661847785
PAYS DE LA LOIRE;52;2020-10-27;93.22855237478512
PAYS DE LA LOIRE;52;2020-10-28;94.1056531791898
PAYS DE LA LOIRE;52;2020-10-29;95.2411678385944
PAYS DE LA LOIRE;52;2020-10-30;96.52550671619049
PAYS DE LA LOIRE;52;2020-10-31;97.82197971323481
PAYS DE LA LOIRE;52;2020-11-01;99.0102283420792
PAYS DE LA LOIRE;52;2020-11-02;100.05977414248095
PAYS DE LA LOIRE;52;2020-11-03;101.01457511580195
PAYS DE LA LOIRE;52;2020-11-04;101.91430633241198
PAYS DE LA LOIRE;52;2020-11-05;102.7956982241074
PAYS DE LA LOIRE;52;2020-11-06;103.60349906925914
PAYS DE LA LOIRE;52;2020-11-07;104.32455695920298
PAYS DE LA LOIRE;52;2020-11-08;104.96695208045804
PAYS DE LA LOIRE;52;2020-11-09;105.59096255396723
PAYS DE LA LOIRE;52;2020-11-10;106.15663743447979
PAYS DE LA LOIRE;52;2020-11-11;106.60441043049255
PAYS DE LA LOIRE;52;2020-11-12;106.87275658900762
PAYS DE LA LOIRE;52;2020-11-13;106.9905408387613
PAYS DE LA LOIRE;52;2020-11-14;106.85515941946498
PAYS DE LA LOIRE;52;2020-11-15;106.36861673974494
PAYS DE LA LOIRE;52;2020-11-16;105.40312668330317
PAYS DE LA LOIRE;52;2020-11-17;104.0442711620756
PAYS DE LA LOIRE;52;2020-11-18;102.36068440861028
PAYS DE LA LOIRE;52;2020-11-19;100.39780143134364
PAYS DE LA LOIRE;52;2020-11-20;98.05032321647707
PAYS DE LA LOIRE;52;2020-11-21;95.48112782518871
PAYS DE LA LOIRE;52;2020-11-22;92.99616510645158
PAYS DE LA LOIRE;52;2020-11-23;90.98959989274259
PAYS DE LA LOIRE;52;2020-11-24;89.40429127240297
PAYS DE LA LOIRE;52;2020-11-25;88.0462364774465
PAYS DE LA LOIRE;52;2020-11-26;86.69836395904062
PAYS DE LA LOIRE;52;2020-11-27;85.44097884420042
PAYS DE LA LOIRE;52;2020-11-28;84.31324490168458
PAYS DE LA LOIRE;52;2020-11-29;83.2658200671043
PAYS DE LA LOIRE;52;2020-11-30;82.196150694139
PAYS DE LA LOIRE;52;2020-12-01;81.12322236678074
PAYS DE LA LOIRE;52;2020-12-02;80.15549222917372
PAYS DE LA LOIRE;52;2020-12-03;79.2890262998263
PAYS DE LA LOIRE;52;2020-12-04;78.44907622103601
PAYS DE LA LOIRE;52;2020-12-05;77.72313027129435
PAYS DE LA LOIRE;52;2020-12-06;77.27361897570981
PAYS DE LA LOIRE;52;2020-12-07;77.2217890724471
PAYS DE LA LOIRE;52;2020-12-08;77.38175385106345
PAYS DE LA LOIRE;52;2020-12-09;77.56992477798745
PAYS DE LA LOIRE;52;2020-12-10;77.65307359759869
PAYS DE LA LOIRE;52;2020-12-11;77.65777050264131
PAYS DE LA LOIRE;52;2020-12-12;77.54142933539819
PAYS DE LA LOIRE;52;2020-12-13;77.24107489249444
PAYS DE LA LOIRE;52;2020-12-14;76.65360105459433
PAYS DE LA LOIRE;52;2020-12-15;75.91584447256929
PAYS DE LA LOIRE;52;2020-12-16;75.25941260239692
PAYS DE LA LOIRE;52;2020-12-17;74.95907156795744
PAYS DE LA LOIRE;52;2020-12-18;75.07869747984044
PAYS DE LA LOIRE;52;2020-12-19;75.45352147236866
PAYS DE LA LOIRE;52;2020-12-20;75.90537725160853
PAYS DE LA LOIRE;52;2020-12-21;76.34802918011974
PAYS DE LA LOIRE;52;2020-12-22;76.84397115270036
PAYS DE LA LOIRE;52;2020-12-23;77.37614837366291
PAYS DE LA LOIRE;52;2020-12-24;77.86295073132231
PAYS DE LA LOIRE;52;2020-12-25;78.22691138684144
PAYS DE LA LOIRE;52;2020-12-26;78.56898797094303
PAYS DE LA LOIRE;52;2020-12-27;78.97552161861167
PAYS DE LA LOIRE;52;2020-12-28;79.33348493646095
PAYS DE LA LOIRE;52;2020-12-29;79.55207004469152
PAYS DE LA LOIRE;52;2020-12-30;79.5555293495522
PAYS DE LA LOIRE;52;2020-12-31;79.46381564889198
PAYS DE LA LOIRE;52;2021-01-01;79.28604564842864
PAYS DE LA LOIRE;52;2021-01-02;79.02859667717344
PAYS DE LA LOIRE;52;2021-01-03;78.67859090504176
PAYS DE LA LOIRE;52;2021-01-04;78.35888097150875
PAYS DE LA LOIRE;52;2021-01-05;78.07095596433092
PAYS DE LA LOIRE;52;2021-01-06;77.83756815764293
PAYS DE LA LOIRE;52;2021-01-07;77.53273726975908
PAYS DE LA LOIRE;52;2021-01-08;77.17046374439131
PAYS DE LA LOIRE;52;2021-01-09;76.79596127195799
PAYS DE LA LOIRE;52;2021-01-10;76.48641054123608
PAYS DE LA LOIRE;52;2021-01-11;76.34989817372895
PAYS DE LA LOIRE;52;2021-01-12;76.46599759333958
PAYS DE LA LOIRE;52;2021-01-13;76.91861297312242
PAYS DE LA LOIRE;52;2021-01-14;77.74224541689935
PAYS DE LA LOIRE;52;2021-01-15;78.94505556022006
PAYS DE LA LOIRE;52;2021-01-16;80.50794045024982
PAYS DE LA LOIRE;52;2021-01-17;82.39466076606213
PAYS DE LA LOIRE;52;2021-01-18;88.53136398588205
PAYS DE LA LOIRE;52;2021-01-19;94.29492090861729
PAYS DE LA LOIRE;52;2021-01-20;99.53290102128456
PAYS DE LA LOIRE;52;2021-01-21;100.13514944088814
PAYS DE LA LOIRE;52;2021-01-22;100.58756286477372
PAYS DE LA LOIRE;52;2021-01-23;100.87685263125479
PAYS DE LA LOIRE;52;2021-01-24;101.0119388616787
PAYS DE LA LOIRE;52;2021-01-25;100.94139639379256
PAYS DE LA LOIRE;52;2021-01-26;100.71282913048448
PAYS DE LA LOIRE;52;2021-01-27;100.36892390725157
PAYS DE LA LOIRE;52;2021-01-28;99.96318219108862
PAYS DE LA LOIRE;52;2021-01-29;99.496685533782
PAYS DE LA LOIRE;52;2021-01-30;99.02125476372278
PAYS DE LA LOIRE;52;2021-01-31;98.57414065816938
PAYS DE LA LOIRE;52;2021-02-01;98.19674682319537
PAYS DE LA LOIRE;52;2021-02-02;98.63047462019236
PAYS DE LA LOIRE;52;2021-02-03;99.11748841642743
PAYS DE LA LOIRE;52;2021-02-04;99.6490859652899
PAYS DE LA LOIRE;52;2021-02-05;99.49070647621764
PAYS DE LA LOIRE;52;2021-02-06;99.39985575508751
PAYS DE LA LOIRE;52;2021-02-07;99.38046643906318
PAYS DE LA LOIRE;52;2021-02-08;99.4137137187966
PAYS DE LA LOIRE;52;2021-02-09;99.50172319165895
PAYS DE LA LOIRE;52;2021-02-10;99.64436260988742
PAYS DE LA LOIRE;52;2021-02-11;99.82983388459705
PAYS DE LA LOIRE;52;2021-02-12;100.00513638519095
PAYS DE LA LOIRE;52;2021-02-13;100.12333979914881
PAYS DE LA LOIRE;52;2021-02-14;100.14341005882716
PAYS DE LA LOIRE;52;2021-02-15;100.069867952257
PAYS DE LA LOIRE;52;2021-02-16;99.9063165077482
PAYS DE LA LOIRE;52;2021-02-17;99.659989146121
PAYS DE LA LOIRE;52;2021-02-18;99.34169489395084
PAYS DE LA LOIRE;52;2021-02-19;98.97862445230619
PAYS DE LA LOIRE;52;2021-02-20;98.5999639458394
PAYS DE LA LOIRE;52;2021-02-21;98.25652403147163
PAYS DE LA LOIRE;52;2021-02-22;97.97080283256685
PAYS DE LA LOIRE;52;2021-02-23;97.74869279892984
PAYS DE LA LOIRE;52;2021-02-24;97.55798880911448
PAYS DE LA LOIRE;52;2021-02-25;97.37439808932542
PAYS DE LA LOIRE;52;2021-02-26;97.19798791811684
PAYS DE LA LOIRE;52;2021-02-27;97.0386882086495
PAYS DE LA LOIRE;52;2021-02-28;96.90723041550751
PAYS DE LA LOIRE;52;2021-03-01;96.80839391395342
PAYS DE LA LOIRE;52;2021-03-02;96.74115391716668
PAYS DE LA LOIRE;52;2021-03-03;96.7131580127844
PAYS DE LA LOIRE;52;2021-03-04;96.7291383270113
PAYS DE LA LOIRE;52;2021-03-05;96.77820233719831
PAYS DE LA LOIRE;52;2021-03-06;96.83325388190042
PAYS DE LA LOIRE;52;2021-03-07;96.87444535901936
PAYS DE LA LOIRE;52;2021-03-08;96.59939562275757
PAYS DE LA LOIRE;52;2021-03-09;96.29133661048643
PAYS DE LA LOIRE;52;2021-03-10;95.99435014970476
PAYS DE LA LOIRE;52;2021-03-11;96.06641874385492
PAYS DE LA LOIRE;52;2021-03-12;96.25325368776218
PAYS DE LA LOIRE;52;2021-03-13;96.55892944367456
PAYS DE LA LOIRE;52;2021-03-14;96.97689927203548
PAYS DE LA LOIRE;52;2021-03-15;97.52892021453566
PAYS DE LA LOIRE;52;2021-03-16;98.1861578025721
PAYS DE LA LOIRE;52;2021-03-17;98.88274735377371
PAYS DE LA LOIRE;52;2021-03-18;100.29279201499158
PAYS DE LA LOIRE;52;2021-03-19;101.58467938422753
PAYS DE LA LOIRE;52;2021-03-20;102.78583083917408
PAYS DE LA LOIRE;52;2021-03-21;103.15798056190073
PAYS DE LA LOIRE;52;2021-03-22;103.48512688389499
PAYS DE LA LOIRE;52;2021-03-23;103.74868259338102
PAYS DE LA LOIRE;52;2021-03-24;103.97208750476955
PAYS DE LA LOIRE;52;2021-03-25;104.19060941175889
PAYS DE LA LOIRE;52;2021-03-26;104.39202440670203
PAYS DE LA LOIRE;52;2021-03-27;104.55284773282189
PAYS DE LA LOIRE;52;2021-03-28;104.68461549122166
PAYS DE LA LOIRE;52;2021-03-29;104.83990632423009
PAYS DE LA LOIRE;52;2021-03-30;105.07543306633148
PAYS DE LA LOIRE;52;2021-03-31;105.40035003011793
PAYS DE LA LOIRE;52;2021-04-01;105.79596124673724
PAYS DE LA LOIRE;52;2021-04-02;106.25172922179495
PAYS DE LA LOIRE;52;2021-04-03;106.77373090805125
PAYS DE LA LOIRE;52;2021-04-04;107.3234648818194
PAYS DE LA LOIRE;52;2021-04-05;107.83445035149558
PAYS DE LA LOIRE;52;2021-04-06;108.238162023453
PAYS DE LA LOIRE;52;2021-04-07;108.5194723989798
PAYS DE LA LOIRE;52;2021-04-08;108.67194808344654
PAYS DE LA LOIRE;52;2021-04-09;108.70322918725887
PAYS DE LA LOIRE;52;2021-04-10;108.60931739782788
PAYS DE LA LOIRE;52;2021-04-11;108.42591322975795
PAYS DE LA LOIRE;52;2021-04-12;108.18006840685837
PAYS DE LA LOIRE;52;2021-04-13;107.9054737528082
PAYS DE LA LOIRE;52;2021-04-14;107.587725283162
PAYS DE LA LOIRE;52;2021-04-15;107.21660834722485
PAYS DE LA LOIRE;52;2021-04-16;106.74975734099594
PAYS DE LA LOIRE;52;2021-04-17;106.16992871112802
PAYS DE LA LOIRE;52;2021-04-18;105.4491650993095
PAYS DE LA LOIRE;52;2021-04-19;104.60002713420877
PAYS DE LA LOIRE;52;2021-04-20;103.63656010057774
PAYS DE LA LOIRE;52;2021-04-21;102.59012176783352
PAYS DE LA LOIRE;52;2021-04-22;101.48312318027887
PAYS DE LA LOIRE;52;2021-04-23;100.37411660523613
PAYS DE LA LOIRE;52;2021-04-24;99.2881204358773
PAYS DE LA LOIRE;52;2021-04-25;98.25686836887104
PAYS DE LA LOIRE;52;2021-04-26;97.26701809360694
PAYS DE LA LOIRE;52;2021-04-27;96.32298197435516
PAYS DE LA LOIRE;52;2021-04-28;95.44417821627536
PAYS DE LA LOIRE;52;2021-04-29;94.65984950369534
PAYS DE LA LOIRE;52;2021-04-30;93.98539367051664
PAYS DE LA LOIRE;52;2021-05-01;93.41875870760822
PAYS DE LA LOIRE;52;2021-05-02;92.93826427228251
PAYS DE LA LOIRE;52;2021-05-03;92.53089905070078
PAYS DE LA LOIRE;52;2021-05-04;92.16257902339636
PAYS DE LA LOIRE;52;2021-05-05;91.79806924273485
PAYS DE LA LOIRE;52;2021-05-06;91.39986591496442
PAYS DE LA LOIRE;52;2021-05-07;90.94498132380038
PAYS DE LA LOIRE;52;2021-05-08;90.42349578554486
PAYS DE LA LOIRE;52;2021-05-09;89.84368031303329
PAYS DE LA LOIRE;52;2021-05-10;89.22498719153839
PAYS DE LA LOIRE;52;2021-05-11;88.5889612885001
PAYS DE LA LOIRE;52;2021-05-12;87.9437835998771
BRETAGNE;53;2021-01-21;78.38675121861142
BRETAGNE;53;2021-01-22;79.71184936471656
BRETAGNE;53;2021-01-23;80.88461736563941
BRETAGNE;53;2021-01-24;81.87441690519866
BRETAGNE;53;2021-01-25;82.70764620831314
BRETAGNE;53;2021-01-26;83.42702679610133
BRETAGNE;53;2021-01-27;77.45855382828735
BRETAGNE;53;2021-01-28;71.23633238293935
BRETAGNE;53;2021-01-29;64.76266050312957
BRETAGNE;53;2021-01-30;64.63889543069227
BRETAGNE;53;2021-01-31;64.45026930627928
BRETAGNE;53;2021-02-01;64.2094522471546
BRETAGNE;53;2021-02-02;63.93635886465349
BRETAGNE;53;2021-02-03;64.42100207783726
BRETAGNE;53;2021-02-04;66.65146174905506
BRETAGNE;53;2021-02-05;68.83459365236396
BRETAGNE;53;2021-02-06;70.15072028830072
BRETAGNE;53;2021-02-07;69.53724581058945
BRETAGNE;53;2021-02-08;68.74751277159328
BRETAGNE;53;2021-02-09;67.78617556251908
BRETAGNE;53;2021-02-10;66.66444391805162
BRETAGNE;53;2021-02-11;65.34476550838924
BRETAGNE;53;2021-02-12;64.79747751608333
BRETAGNE;53;2021-02-13;64.26045216367457
BRETAGNE;53;2021-02-14;63.91820988207794
BRETAGNE;53;2021-02-15;62.94433583768107
BRETAGNE;53;2021-02-16;62.21902499597068
BRETAGNE;53;2021-02-17;61.67039033702917
BRETAGNE;53;2021-02-18;61.245945678279206
BRETAGNE;53;2021-02-19;60.95120627993248
BRETAGNE;53;2021-02-20;60.738778236731434
BRETAGNE;53;2021-02-21;60.61008934917197
BRETAGNE;53;2021-02-22;60.56533207318993
BRETAGNE;53;2021-02-23;60.66969243937886
BRETAGNE;53;2021-02-24;60.95251771201102
BRETAGNE;53;2021-02-25;61.36143145416372
BRETAGNE;53;2021-02-26;61.8581113154159
BRETAGNE;53;2021-02-27;62.4021679305401
BRETAGNE;53;2021-02-28;62.97763427544741
BRETAGNE;53;2021-03-01;63.53325777696053
BRETAGNE;53;2021-03-02;64.04075965910596
BRETAGNE;53;2021-03-03;64.49907977659207
BRETAGNE;53;2021-03-04;64.96489998730657
BRETAGNE;53;2021-03-05;65.44125125174581
BRETAGNE;53;2021-03-06;65.92400116386203
BRETAGNE;53;2021-03-07;66.40011689441809
BRETAGNE;53;2021-03-08;66.94873662312078
BRETAGNE;53;2021-03-09;67.65460859280323
BRETAGNE;53;2021-03-10;68.5515455781586
BRETAGNE;53;2021-03-11;69.68514976200125
BRETAGNE;53;2021-03-12;71.06770351331882
BRETAGNE;53;2021-03-13;72.71679967727623
BRETAGNE;53;2021-03-14;74.56416360925978
BRETAGNE;53;2021-03-15;76.5237730821229
BRETAGNE;53;2021-03-16;78.44469066744155
BRETAGNE;53;2021-03-17;80.22868081897242
BRETAGNE;53;2021-03-18;81.83813689764281
BRETAGNE;53;2021-03-19;83.33259008123365
BRETAGNE;53;2021-03-20;84.69507419989397
BRETAGNE;53;2021-03-21;85.89822050503852
BRETAGNE;53;2021-03-22;86.88841963118269
BRETAGNE;53;2021-03-23;87.65128717436654
BRETAGNE;53;2021-03-24;88.19278777933653
BRETAGNE;53;2021-03-25;88.51527060246457
BRETAGNE;53;2021-03-26;88.65518429254776
BRETAGNE;53;2021-03-27;88.64151929430592
BRETAGNE;53;2021-03-28;88.56002392014358
BRETAGNE;53;2021-03-29;88.49289370063934
BRETAGNE;53;2021-03-30;88.51113119695611
BRETAGNE;53;2021-03-31;88.6153372509103
BRETAGNE;53;2021-04-01;88.77760655714438
BRETAGNE;53;2021-04-02;88.97306929163847
BRETAGNE;53;2021-04-03;89.20275185717036
BRETAGNE;53;2021-04-04;89.45491408666847
BRETAGNE;53;2021-04-05;89.7158731885177
BRETAGNE;53;2021-04-06;89.94519849781807
BRETAGNE;53;2021-04-07;90.12957962277589
BRETAGNE;53;2021-04-08;90.26903253940168
BRETAGNE;53;2021-04-09;90.35473942065987
BRETAGNE;53;2021-04-10;90.37354362184564
BRETAGNE;53;2021-04-11;90.3230484842782
BRETAGNE;53;2021-04-12;90.17762761925827
BRETAGNE;53;2021-04-13;89.90861426379291
BRETAGNE;53;2021-04-14;89.47444360126505
BRETAGNE;53;2021-04-15;88.88049175338354
BRETAGNE;53;2021-04-16;88.14287795965427
BRETAGNE;53;2021-04-17;87.25771991333394
BRETAGNE;53;2021-04-18;86.13836951333393
BRETAGNE;53;2021-04-19;84.73131937481305
BRETAGNE;53;2021-04-20;83.03254706642984
BRETAGNE;53;2021-04-21;81.12799549309416
BRETAGNE;53;2021-04-22;79.05625713149419
BRETAGNE;53;2021-04-23;76.77604369641898
BRETAGNE;53;2021-04-24;74.26242520510367
BRETAGNE;53;2021-04-25;71.60811599164677
BRETAGNE;53;2021-04-26;68.96898781629974
BRETAGNE;53;2021-04-27;66.49921497251529
BRETAGNE;53;2021-04-28;64.23926433825721
BRETAGNE;53;2021-04-29;62.159969944435815
BRETAGNE;53;2021-04-30;60.304375472802064
BRETAGNE;53;2021-05-01;58.70546622557933
BRETAGNE;53;2021-05-02;57.44721508572076
BRETAGNE;53;2021-05-03;56.508519797593905
BRETAGNE;53;2021-05-04;55.787589538574686
BRETAGNE;53;2021-05-05;55.1966024018409
BRETAGNE;53;2021-05-06;54.63229962531759
BRETAGNE;53;2021-05-07;54.15522953790421
BRETAGNE;53;2021-05-08;53.804882455156424
BRETAGNE;53;2021-05-09;53.6533761601583
BRETAGNE;53;2021-05-10;53.65589216331495
BRETAGNE;53;2021-05-11;53.81708508609
BRETAGNE;53;2021-05-12;54.13347122833131
BRETAGNE;53;2021-05-13;54.60671033017582
BRETAGNE;53;2021-05-14;55.14907496865407
BRETAGNE;53;2021-05-15;55.17042789111005
NOUVELLE-AQUITAINE;75;2020-06-13;0.0
NOUVELLE-AQUITAINE;75;2020-06-14;0.0
NOUVELLE-AQUITAINE;75;2020-06-15;0.7287843219587754
NOUVELLE-AQUITAINE;75;2020-06-16;2.9769527214104747
NOUVELLE-AQUITAINE;75;2020-06-17;6.602418309067848
NOUVELLE-AQUITAINE;75;2020-06-18;10.75117412042797
NOUVELLE-AQUITAINE;75;2020-06-19;14.520179034119653
NOUVELLE-AQUITAINE;75;2020-06-20;17.949890249190684
NOUVELLE-AQUITAINE;75;2020-06-21;21.073418981391686
NOUVELLE-AQUITAINE;75;2020-06-22;23.919626258909982
NOUVELLE-AQUITAINE;75;2020-06-23;26.51427674854743
NOUVELLE-AQUITAINE;75;2020-06-24;28.880627040696535
NOUVELLE-AQUITAINE;75;2020-06-25;31.03978540515975
NOUVELLE-AQUITAINE;75;2020-06-26;33.01095780704296
NOUVELLE-AQUITAINE;75;2020-06-27;34.81162856721446
NOUVELLE-AQUITAINE;75;2020-06-28;36.457701449147464
NOUVELLE-AQUITAINE;75;2020-06-29;37.96361751226138
NOUVELLE-AQUITAINE;75;2020-06-30;39.34246041323298
NOUVELLE-AQUITAINE;75;2020-07-01;40.606055577068844
NOUVELLE-AQUITAINE;75;2020-07-02;41.76506645091997
NOUVELLE-AQUITAINE;75;2020-07-03;42.82908887029922
NOUVELLE-AQUITAINE;75;2020-07-04;43.80674328713439
NOUVELLE-AQUITAINE;75;2020-07-05;44.7057640156896
NOUVELLE-AQUITAINE;75;2020-07-06;45.53308451379433
NOUVELLE-AQUITAINE;75;2020-07-07;46.294917837766675
NOUVELLE-AQUITAINE;75;2020-07-08;46.99683164919096
NOUVELLE-AQUITAINE;75;2020-07-09;47.643817420874306
NOUVELLE-AQUITAINE;75;2020-07-10;48.24035373801322
NOUVELLE-AQUITAINE;75;2020-07-11;48.79046379599973
NOUVELLE-AQUITAINE;75;2020-07-12;49.297767352095526
NOUVELLE-AQUITAINE;75;2020-07-13;49.765527497197894
NOUVELLE-AQUITAINE;75;2020-07-14;50.19669268309363
NOUVELLE-AQUITAINE;75;2020-07-15;50.593934478188146
NOUVELLE-AQUITAINE;75;2020-07-16;50.95968153858625
NOUVELLE-AQUITAINE;75;2020-07-17;51.29615027833268
NOUVELLE-AQUITAINE;75;2020-07-18;51.60537270786673
NOUVELLE-AQUITAINE;75;2020-07-19;51.889221887021996
NOUVELLE-AQUITAINE;75;2020-07-20;52.149435410300036
NOUVELLE-AQUITAINE;75;2020-07-21;52.387637308009175
NOUVELLE-AQUITAINE;75;2020-07-22;52.605358705420656
NOUVELLE-AQUITAINE;75;2020-07-23;52.804057528720456
NOUVELLE-AQUITAINE;75;2020-07-24;52.98513747227575
NOUVELLE-AQUITAINE;75;2020-07-25;53.14996633066178
NOUVELLE-AQUITAINE;75;2020-07-26;53.29989362329672
NOUVELLE-AQUITAINE;75;2020-07-27;53.43626715129538
NOUVELLE-AQUITAINE;75;2020-07-28;53.560447641246824
NOUVELLE-AQUITAINE;75;2020-07-29;53.673819801324676
NOUVELLE-AQUITAINE;75;2020-07-30;53.77779668128403
NOUVELLE-AQUITAINE;75;2020-07-31;53.873811736484264
NOUVELLE-AQUITAINE;75;2020-08-01;53.963288693636954
NOUVELLE-AQUITAINE;75;2020-08-02;54.04757212807175
NOUVELLE-AQUITAINE;75;2020-08-03;54.127790949326155
NOUVELLE-AQUITAINE;75;2020-08-04;54.204617539709396
NOUVELLE-AQUITAINE;75;2020-08-05;53.03270795883884
NOUVELLE-AQUITAINE;75;2020-08-06;51.924780924099394
NOUVELLE-AQUITAINE;75;2020-08-07;50.862911131262024
NOUVELLE-AQUITAINE;75;2020-08-08;51.02299468990923
NOUVELLE-AQUITAINE;75;2020-08-09;51.03030368171855
NOUVELLE-AQUITAINE;75;2020-08-10;50.838474778688834
NOUVELLE-AQUITAINE;75;2020-08-11;50.45058429618933
NOUVELLE-AQUITAINE;75;2020-08-12;49.85747946765141
NOUVELLE-AQUITAINE;75;2020-08-13;49.0453720719629
NOUVELLE-AQUITAINE;75;2020-08-14;47.99219844801157
NOUVELLE-AQUITAINE;75;2020-08-15;46.938334613244436
NOUVELLE-AQUITAINE;75;2020-08-16;46.17620475283977
NOUVELLE-AQUITAINE;75;2020-08-17;46.036006899051905
NOUVELLE-AQUITAINE;75;2020-08-18;46.588208725810034
NOUVELLE-AQUITAINE;75;2020-08-19;47.828940907311754
NOUVELLE-AQUITAINE;75;2020-08-20;49.682841708230065
NOUVELLE-AQUITAINE;75;2020-08-21;52.030950588149736
NOUVELLE-AQUITAINE;75;2020-08-22;54.67815244209036
NOUVELLE-AQUITAINE;75;2020-08-23;57.50211978819478
NOUVELLE-AQUITAINE;75;2020-08-24;60.43916861290513
NOUVELLE-AQUITAINE;75;2020-08-25;63.53354102840069
NOUVELLE-AQUITAINE;75;2020-08-26;66.80072970400182
NOUVELLE-AQUITAINE;75;2020-08-27;70.2437795094511
NOUVELLE-AQUITAINE;75;2020-08-28;73.85841051212778
NOUVELLE-AQUITAINE;75;2020-08-29;77.19229044247379
NOUVELLE-AQUITAINE;75;2020-08-30;79.92492488294259
NOUVELLE-AQUITAINE;75;2020-08-31;81.8063654604502
NOUVELLE-AQUITAINE;75;2020-09-01;83.06324275170772
NOUVELLE-AQUITAINE;75;2020-09-02;83.790473790355
NOUVELLE-AQUITAINE;75;2020-09-03;83.9891209701313
NOUVELLE-AQUITAINE;75;2020-09-04;83.56489705633429
NOUVELLE-AQUITAINE;75;2020-09-05;82.82216028189781
NOUVELLE-AQUITAINE;75;2020-09-06;82.11114067668224
NOUVELLE-AQUITAINE;75;2020-09-07;81.85607183462149
NOUVELLE-AQUITAINE;75;2020-09-08;82.08716872200462
NOUVELLE-AQUITAINE;75;2020-09-09;82.82515450256312
NOUVELLE-AQUITAINE;75;2020-09-10;84.10064092804188
NOUVELLE-AQUITAINE;75;2020-09-11;85.96958807207886
NOUVELLE-AQUITAINE;75;2020-09-12;87.79513606407833
NOUVELLE-AQUITAINE;75;2020-09-13;89.11717232817713
NOUVELLE-AQUITAINE;75;2020-09-14;89.5104456472111
NOUVELLE-AQUITAINE;75;2020-09-15;89.24407947983221
NOUVELLE-AQUITAINE;75;2020-09-16;88.35929935975925
NOUVELLE-AQUITAINE;75;2020-09-17;86.72711635884848
NOUVELLE-AQUITAINE;75;2020-09-18;83.91937772132412
NOUVELLE-AQUITAINE;75;2020-09-19;80.32185283249594
NOUVELLE-AQUITAINE;75;2020-09-20;76.40014707671956
NOUVELLE-AQUITAINE;75;2020-09-21;72.90240953312879
NOUVELLE-AQUITAINE;75;2020-09-22;69.79988719211906
NOUVELLE-AQUITAINE;75;2020-09-23;67.09163905347263
NOUVELLE-AQUITAINE;75;2020-09-24;64.77959861503078
NOUVELLE-AQUITAINE;75;2020-09-25;62.84673622354372
NOUVELLE-AQUITAINE;75;2020-09-26;61.145163985998146
NOUVELLE-AQUITAINE;75;2020-09-27;59.60265465825136
NOUVELLE-AQUITAINE;75;2020-09-28;58.17028172880808
NOUVELLE-AQUITAINE;75;2020-09-29;56.93226321573621
NOUVELLE-AQUITAINE;75;2020-09-30;55.90416422018465
NOUVELLE-AQUITAINE;75;2020-10-01;55.09483978320403
NOUVELLE-AQUITAINE;75;2020-10-02;54.504910821751096
NOUVELLE-AQUITAINE;75;2020-10-03;54.153952860718725
NOUVELLE-AQUITAINE;75;2020-10-04;53.977768275978434
NOUVELLE-AQUITAINE;75;2020-10-05;53.91710893568162
NOUVELLE-AQUITAINE;75;2020-10-06;53.89180403750937
NOUVELLE-AQUITAINE;75;2020-10-07;53.905323242698955
NOUVELLE-AQUITAINE;75;2020-10-08;53.95808306686943
NOUVELLE-AQUITAINE;75;2020-10-09;54.047603200417655
NOUVELLE-AQUITAINE;75;2020-10-10;54.164812463784045
NOUVELLE-AQUITAINE;75;2020-10-11;54.30136163115052
NOUVELLE-AQUITAINE;75;2020-10-12;54.449487224711426
NOUVELLE-AQUITAINE;75;2020-10-13;54.60575749860009
NOUVELLE-AQUITAINE;75;2020-10-14;54.763786615224745
NOUVELLE-AQUITAINE;75;2020-10-15;54.91423839090081
NOUVELLE-AQUITAINE;75;2020-10-16;55.044811695924245
NOUVELLE-AQUITAINE;75;2020-10-17;55.402097081025886
NOUVELLE-AQUITAINE;75;2020-10-18;56.329391952564485
NOUVELLE-AQUITAINE;75;2020-10-19;58.223377324421556
NOUVELLE-AQUITAINE;75;2020-10-20;61.196329529287084
NOUVELLE-AQUITAINE;75;2020-10-21;65.18980318087961
NOUVELLE-AQUITAINE;75;2020-10-22;70.03299549963326
NOUVELLE-AQUITAINE;75;2020-10-23;75.62825335960952
NOUVELLE-AQUITAINE;75;2020-10-24;80.74115596537807
NOUVELLE-AQUITAINE;75;2020-10-25;84.7957592848497
NOUVELLE-AQUITAINE;75;2020-10-26;87.31669266964829
NOUVELLE-AQUITAINE;75;2020-10-27;89.0977224039782
NOUVELLE-AQUITAINE;75;2020-10-28;90.3531705870087
NOUVELLE-AQUITAINE;75;2020-10-29;91.13089034569668
NOUVELLE-AQUITAINE;75;2020-10-30;91.28709747006252
NOUVELLE-AQUITAINE;75;2020-10-31;91.23100480342863
NOUVELLE-AQUITAINE;75;2020-11-01;91.27824850304044
NOUVELLE-AQUITAINE;75;2020-11-02;91.65429722941866
NOUVELLE-AQUITAINE;75;2020-11-03;92.03035262090229
NOUVELLE-AQUITAINE;75;2020-11-04;92.20958630964859
NOUVELLE-AQUITAINE;75;2020-11-05;92.24520020112898
NOUVELLE-AQUITAINE;75;2020-11-06;92.24976172210346
NOUVELLE-AQUITAINE;75;2020-11-07;91.97591567267764
NOUVELLE-AQUITAINE;75;2020-11-08;91.21897828732786
NOUVELLE-AQUITAINE;75;2020-11-09;89.92576290671154
NOUVELLE-AQUITAINE;75;2020-11-10;88.37245340460133
NOUVELLE-AQUITAINE;75;2020-11-11;86.73978984128355
NOUVELLE-AQUITAINE;75;2020-11-12;84.92447407373452
NOUVELLE-AQUITAINE;75;2020-11-13;82.65278024160935
NOUVELLE-AQUITAINE;75;2020-11-14;80.18679442655919
NOUVELLE-AQUITAINE;75;2020-11-15;77.75105477367936
NOUVELLE-AQUITAINE;75;2020-11-16;75.71671308050895
NOUVELLE-AQUITAINE;75;2020-11-17;73.92564605962986
NOUVELLE-AQUITAINE;75;2020-11-18;72.29189607909474
NOUVELLE-AQUITAINE;75;2020-11-19;70.73382972644282
NOUVELLE-AQUITAINE;75;2020-11-20;69.15256545653587
NOUVELLE-AQUITAINE;75;2020-11-21;67.51489469488831
NOUVELLE-AQUITAINE;75;2020-11-22;65.82419502947543
NOUVELLE-AQUITAINE;75;2020-11-23;64.1209926683187
NOUVELLE-AQUITAINE;75;2020-11-24;62.399468876848246
NOUVELLE-AQUITAINE;75;2020-11-25;60.64401192636985
NOUVELLE-AQUITAINE;75;2020-11-26;58.83476535148578
NOUVELLE-AQUITAINE;75;2020-11-27;56.944911893540976
NOUVELLE-AQUITAINE;75;2020-11-28;55.014536694885386
NOUVELLE-AQUITAINE;75;2020-11-29;53.093911418646115
NOUVELLE-AQUITAINE;75;2020-11-30;51.24732354382952
NOUVELLE-AQUITAINE;75;2020-12-01;49.47865592614409
NOUVELLE-AQUITAINE;75;2020-12-02;47.788367117629576
NOUVELLE-AQUITAINE;75;2020-12-03;46.172312764223115
NOUVELLE-AQUITAINE;75;2020-12-04;44.621347991878125
NOUVELLE-AQUITAINE;75;2020-12-05;43.180787181647304
NOUVELLE-AQUITAINE;75;2020-12-06;41.91215607075632
NOUVELLE-AQUITAINE;75;2020-12-07;40.89177897827499
NOUVELLE-AQUITAINE;75;2020-12-08;40.14847181621239
NOUVELLE-AQUITAINE;75;2020-12-09;39.69823958996866
NOUVELLE-AQUITAINE;75;2020-12-10;39.54195888083992
NOUVELLE-AQUITAINE;75;2020-12-11;39.66519272623742
NOUVELLE-AQUITAINE;75;2020-12-12;40.04938008118054
NOUVELLE-AQUITAINE;75;2020-12-13;40.68690190828342
NOUVELLE-AQUITAINE;75;2020-12-14;41.58218395109955
NOUVELLE-AQUITAINE;75;2020-12-15;42.742061968306686
NOUVELLE-AQUITAINE;75;2020-12-16;44.162754557580136
NOUVELLE-AQUITAINE;75;2020-12-17;45.830742111946584
NOUVELLE-AQUITAINE;75;2020-12-18;47.725255002160175
NOUVELLE-AQUITAINE;75;2020-12-19;49.45393239242495
NOUVELLE-AQUITAINE;75;2020-12-20;50.708135112177416
NOUVELLE-AQUITAINE;75;2020-12-21;51.21996862367064
NOUVELLE-AQUITAINE;75;2020-12-22;51.103554178284156
NOUVELLE-AQUITAINE;75;2020-12-23;50.37873764844264
NOUVELLE-AQUITAINE;75;2020-12-24;48.983262897895486
NOUVELLE-AQUITAINE;75;2020-12-25;46.735789050682996
NOUVELLE-AQUITAINE;75;2020-12-26;44.003354565929286
NOUVELLE-AQUITAINE;75;2020-12-27;41.31040276416685
NOUVELLE-AQUITAINE;75;2020-12-28;39.40125105239432
NOUVELLE-AQUITAINE;75;2020-12-29;38.5293968863635
NOUVELLE-AQUITAINE;75;2020-12-30;38.78559462178513
NOUVELLE-AQUITAINE;75;2020-12-31;40.05012997088936
NOUVELLE-AQUITAINE;75;2021-01-01;42.06923507612831
NOUVELLE-AQUITAINE;75;2021-01-02;44.16440687038682
NOUVELLE-AQUITAINE;75;2021-01-03;45.930217257866396
NOUVELLE-AQUITAINE;75;2021-01-04;47.120925542573644
NOUVELLE-AQUITAINE;75;2021-01-05;39.986282493724424
NOUVELLE-AQUITAINE;75;2021-01-06;38.857676322395
NOUVELLE-AQUITAINE;75;2021-01-07;37.34330370676626
NOUVELLE-AQUITAINE;75;2021-01-08;44.90272249070285
NOUVELLE-AQUITAINE;75;2021-01-09;46.75026615325879
NOUVELLE-AQUITAINE;75;2021-01-10;49.44191742416547
NOUVELLE-AQUITAINE;75;2021-01-11;51.42672300141118
NOUVELLE-AQUITAINE;75;2021-01-12;53.181603799426355
NOUVELLE-AQUITAINE;75;2021-01-13;54.55155488103834
NOUVELLE-AQUITAINE;75;2021-01-14;55.61995530060843
NOUVELLE-AQUITAINE;75;2021-01-15;56.5686120206308
NOUVELLE-AQUITAINE;75;2021-01-16;57.50531735014882
NOUVELLE-AQUITAINE;75;2021-01-17;58.45020160434201
NOUVELLE-AQUITAINE;75;2021-01-18;59.320296791739175
NOUVELLE-AQUITAINE;75;2021-01-19;60.017052829035975
NOUVELLE-AQUITAINE;75;2021-01-20;60.54008464405715
NOUVELLE-AQUITAINE;75;2021-01-21;60.84376987891851
NOUVELLE-AQUITAINE;75;2021-01-22;60.965710920686796
NOUVELLE-AQUITAINE;75;2021-01-23;60.999266437697145
NOUVELLE-AQUITAINE;75;2021-01-24;60.87514475170543
NOUVELLE-AQUITAINE;75;2021-01-25;60.52461970094686
NOUVELLE-AQUITAINE;75;2021-01-26;59.91711499407486
NOUVELLE-AQUITAINE;75;2021-01-27;59.216797736559535
NOUVELLE-AQUITAINE;75;2021-01-28;57.67075165060589
NOUVELLE-AQUITAINE;75;2021-01-29;56.15010598797089
NOUVELLE-AQUITAINE;75;2021-01-30;54.4643456087421
NOUVELLE-AQUITAINE;75;2021-01-31;53.72913398511499
NOUVELLE-AQUITAINE;75;2021-02-01;53.25546895177488
NOUVELLE-AQUITAINE;75;2021-02-02;53.73745333155487
NOUVELLE-AQUITAINE;75;2021-02-03;55.960058382653166
NOUVELLE-AQUITAINE;75;2021-02-04;59.01940674091307
NOUVELLE-AQUITAINE;75;2021-02-05;62.191647105307815
NOUVELLE-AQUITAINE;75;2021-02-06;64.30771849673407
NOUVELLE-AQUITAINE;75;2021-02-07;65.76766095207256
NOUVELLE-AQUITAINE;75;2021-02-08;66.8291023493253
NOUVELLE-AQUITAINE;75;2021-02-09;67.25101523098293
NOUVELLE-AQUITAINE;75;2021-02-10;67.22545986421471
NOUVELLE-AQUITAINE;75;2021-02-11;66.48562345655735
NOUVELLE-AQUITAINE;75;2021-02-12;65.27352858012227
NOUVELLE-AQUITAINE;75;2021-02-13;63.45476488914691
NOUVELLE-AQUITAINE;75;2021-02-14;61.469337721064356
NOUVELLE-AQUITAINE;75;2021-02-15;60.31910921743586
NOUVELLE-AQUITAINE;75;2021-02-16;59.89042025671144
NOUVELLE-AQUITAINE;75;2021-02-17;60.24607105301006
NOUVELLE-AQUITAINE;75;2021-02-18;60.72143467319923
NOUVELLE-AQUITAINE;75;2021-02-19;61.75569381343277
NOUVELLE-AQUITAINE;75;2021-02-20;63.18798726735938
NOUVELLE-AQUITAINE;75;2021-02-21;64.62920769933163
NOUVELLE-AQUITAINE;75;2021-02-22;65.93980464045076
NOUVELLE-AQUITAINE;75;2021-02-23;66.97783873619484
NOUVELLE-AQUITAINE;75;2021-02-24;67.92506135703337
NOUVELLE-AQUITAINE;75;2021-02-25;68.90126507398874
NOUVELLE-AQUITAINE;75;2021-02-26;69.83980758042422
NOUVELLE-AQUITAINE;75;2021-02-27;70.64592702082007
NOUVELLE-AQUITAINE;75;2021-02-28;71.18547117672841
NOUVELLE-AQUITAINE;75;2021-03-01;71.48077395939681
NOUVELLE-AQUITAINE;75;2021-03-02;71.56529988158773
NOUVELLE-AQUITAINE;75;2021-03-03;71.49528565679488
NOUVELLE-AQUITAINE;75;2021-03-04;71.27334040870288
NOUVELLE-AQUITAINE;75;2021-03-05;70.80662425604189
NOUVELLE-AQUITAINE;75;2021-03-06;69.97717656930321
NOUVELLE-AQUITAINE;75;2021-03-07;68.97726526103087
NOUVELLE-AQUITAINE;75;2021-03-08;68.07976018883731
NOUVELLE-AQUITAINE;75;2021-03-09;67.57257261866583
NOUVELLE-AQUITAINE;75;2021-03-10;67.47436978132178
NOUVELLE-AQUITAINE;75;2021-03-11;67.88056597078632
NOUVELLE-AQUITAINE;75;2021-03-12;68.57690383790612
NOUVELLE-AQUITAINE;75;2021-03-13;69.35697922978207
NOUVELLE-AQUITAINE;75;2021-03-14;69.9595177229034
NOUVELLE-AQUITAINE;75;2021-03-15;70.45092645527143
NOUVELLE-AQUITAINE;75;2021-03-16;70.82113228995242
NOUVELLE-AQUITAINE;75;2021-03-17;71.02905382460929
NOUVELLE-AQUITAINE;75;2021-03-18;70.8730961587418
NOUVELLE-AQUITAINE;75;2021-03-19;70.66146746017644
NOUVELLE-AQUITAINE;75;2021-03-20;70.64780438902255
NOUVELLE-AQUITAINE;75;2021-03-21;71.04898907085527
NOUVELLE-AQUITAINE;75;2021-03-22;71.48566061686697
NOUVELLE-AQUITAINE;75;2021-03-23;71.88681240230233
NOUVELLE-AQUITAINE;75;2021-03-24;72.25233195897013
NOUVELLE-AQUITAINE;75;2021-03-25;72.72850831133985
NOUVELLE-AQUITAINE;75;2021-03-26;73.44456715563213
NOUVELLE-AQUITAINE;75;2021-03-27;74.67932060574564
NOUVELLE-AQUITAINE;75;2021-03-28;76.08657743184203
NOUVELLE-AQUITAINE;75;2021-03-29;77.27832254673092
NOUVELLE-AQUITAINE;75;2021-03-30;77.8720403887222
NOUVELLE-AQUITAINE;75;2021-03-31;78.10116773724306
NOUVELLE-AQUITAINE;75;2021-04-01;78.0246576716417
NOUVELLE-AQUITAINE;75;2021-04-02;77.54825957583277
NOUVELLE-AQUITAINE;75;2021-04-03;76.50156649966101
NOUVELLE-AQUITAINE;75;2021-04-04;75.18227943912736
NOUVELLE-AQUITAINE;75;2021-04-05;73.94900615293848
NOUVELLE-AQUITAINE;75;2021-04-06;73.17402327727366
NOUVELLE-AQUITAINE;75;2021-04-07;72.7116329992523
NOUVELLE-AQUITAINE;75;2021-04-08;72.45628960903188
NOUVELLE-AQUITAINE;75;2021-04-09;72.3822785735121
NOUVELLE-AQUITAINE;75;2021-04-10;72.51216567529116
NOUVELLE-AQUITAINE;75;2021-04-11;72.70116600589151
NOUVELLE-AQUITAINE;75;2021-04-12;72.79610051936406
NOUVELLE-AQUITAINE;75;2021-04-13;72.69183209705308
NOUVELLE-AQUITAINE;75;2021-04-14;72.47453353409537
NOUVELLE-AQUITAINE;75;2021-04-15;72.20715690154891
NOUVELLE-AQUITAINE;75;2021-04-16;71.82920349719222
NOUVELLE-AQUITAINE;75;2021-04-17;71.17078714838631
NOUVELLE-AQUITAINE;75;2021-04-18;70.31703453836997
NOUVELLE-AQUITAINE;75;2021-04-19;69.41383329920302
NOUVELLE-AQUITAINE;75;2021-04-20;68.69115676949987
NOUVELLE-AQUITAINE;75;2021-04-21;68.13511284284897
NOUVELLE-AQUITAINE;75;2021-04-22;67.74424746886034
NOUVELLE-AQUITAINE;75;2021-04-23;67.34535907604565
NOUVELLE-AQUITAINE;75;2021-04-24;66.82100025477817
NOUVELLE-AQUITAINE;75;2021-04-25;66.02562527286919
NOUVELLE-AQUITAINE;75;2021-04-26;65.0045541044505
NOUVELLE-AQUITAINE;75;2021-04-27;63.73710278632787
NOUVELLE-AQUITAINE;75;2021-04-28;62.20530821867976
NOUVELLE-AQUITAINE;75;2021-04-29;60.29796581162429
NOUVELLE-AQUITAINE;75;2021-04-30;58.222396667574884
NOUVELLE-AQUITAINE;75;2021-05-01;56.25199752736608
NOUVELLE-AQUITAINE;75;2021-05-02;54.668391206922436
NOUVELLE-AQUITAINE;75;2021-05-03;53.43610183211018
NOUVELLE-AQUITAINE;75;2021-05-04;52.47330215214678
NOUVELLE-AQUITAINE;75;2021-05-05;51.743719094328696
NOUVELLE-AQUITAINE;75;2021-05-06;51.190279844178804
NOUVELLE-AQUITAINE;75;2021-05-07;50.73405295851487
NOUVELLE-AQUITAINE;75;2021-05-08;50.251475375583496
NOUVELLE-AQUITAINE;75;2021-05-09;49.6482075262829
NOUVELLE-AQUITAINE;75;2021-05-10;48.86865989622637
NOUVELLE-AQUITAINE;75;2021-05-11;47.974400381491314
OCCITANIE;76;2020-05-26;0.0
OCCITANIE;76;2020-05-27;0.0
OCCITANIE;76;2020-05-28;9.697193906992199
OCCITANIE;76;2020-05-29;19.17298853234817
OCCITANIE;76;2020-05-30;28.433537075998935
OCCITANIE;76;2020-05-31;27.79114663770345
OCCITANIE;76;2020-06-01;27.133689613261648
OCCITANIE;76;2020-06-02;26.456488905845053
OCCITANIE;76;2020-06-03;25.742469779302386
OCCITANIE;76;2020-06-04;25.014524532376022
OCCITANIE;76;2020-06-05;24.26269924079164
OCCITANIE;76;2020-06-06;23.498233865114454
OCCITANIE;76;2020-06-07;22.73638792804698
OCCITANIE;76;2020-06-08;21.996859289580325
OCCITANIE;76;2020-06-09;21.309789504918488
OCCITANIE;76;2020-06-10;20.73024309847595
OCCITANIE;76;2020-06-11;20.31315494969256
OCCITANIE;76;2020-06-12;20.089461029083246
OCCITANIE;76;2020-06-13;20.012456580593987
OCCITANIE;76;2020-06-14;20.03168810969293
OCCITANIE;76;2020-06-15;20.097505723439816
OCCITANIE;76;2020-06-16;20.186556442364527
OCCITANIE;76;2020-06-17;20.327065518747467
OCCITANIE;76;2020-06-18;20.55126510148688
OCCITANIE;76;2020-06-19;20.914722684091338
OCCITANIE;76;2020-06-20;21.419361362992284
OCCITANIE;76;2020-06-21;22.08238948078031
OCCITANIE;76;2020-06-22;22.914499343807787
OCCITANIE;76;2020-06-23;23.80107571039285
OCCITANIE;76;2020-06-24;24.601149137695717
OCCITANIE;76;2020-06-25;25.192233302887768
OCCITANIE;76;2020-06-26;25.58238841491172
OCCITANIE;76;2020-06-27;25.854427811630693
OCCITANIE;76;2020-06-28;26.055356337315697
OCCITANIE;76;2020-06-29;26.226242912961727
OCCITANIE;76;2020-06-30;26.50737043831381
OCCITANIE;76;2020-07-01;27.06235177981927
OCCITANIE;76;2020-07-02;28.038489444393143
OCCITANIE;76;2020-07-03;29.386268560539666
OCCITANIE;76;2020-07-04;30.976216850863644
OCCITANIE;76;2020-07-05;32.694255006583646
OCCITANIE;76;2020-07-06;34.453416139147016
OCCITANIE;76;2020-07-07;36.22999767627429
OCCITANIE;76;2020-07-08;38.004634641959704
OCCITANIE;76;2020-07-09;39.761863069141306
OCCITANIE;76;2020-07-10;41.50317770053655
OCCITANIE;76;2020-07-11;43.231132531872156
OCCITANIE;76;2020-07-12;44.91894244542258
OCCITANIE;76;2020-07-13;46.54466591754923
OCCITANIE;76;2020-07-14;48.088631686878955
OCCITANIE;76;2020-07-15;49.562944802403315
OCCITANIE;76;2020-07-16;50.97666231814414
OCCITANIE;76;2020-07-17;52.33664660159168
OCCITANIE;76;2020-07-18;53.56965283699161
OCCITANIE;76;2020-07-19;54.627153520133646
OCCITANIE;76;2020-07-20;55.46707983828356
OCCITANIE;76;2020-07-21;56.12842347249134
OCCITANIE;76;2020-07-22;56.623668797974794
OCCITANIE;76;2020-07-23;56.95420577364678
OCCITANIE;76;2020-07-24;57.11058215377058
OCCITANIE;76;2020-07-25;57.14471137481257
OCCITANIE;76;2020-07-26;57.18763870585085
OCCITANIE;76;2020-07-27;57.388989506428004
OCCITANIE;76;2020-07-28;57.841676690176286
OCCITANIE;76;2020-07-29;58.55957932846502
OCCITANIE;76;2020-07-30;59.53504381521227
OCCITANIE;76;2020-07-31;60.740968607202866
OCCITANIE;76;2020-08-01;62.11121784209786
OCCITANIE;76;2020-08-02;63.576659853211034
OCCITANIE;76;2020-08-03;65.0862423624165
OCCITANIE;76;2020-08-04;66.63300989139901
OCCITANIE;76;2020-08-05;68.22388042984419
OCCITANIE;76;2020-08-06;69.86197048631452
OCCITANIE;76;2020-08-07;71.54725591390469
OCCITANIE;76;2020-08-08;73.22716447534816
OCCITANIE;76;2020-08-09;74.83439463854106
OCCITANIE;76;2020-08-10;76.30870981978055
OCCITANIE;76;2020-08-11;77.64490502589076
OCCITANIE;76;2020-08-12;78.85390950298805
OCCITANIE;76;2020-08-13;79.93990675922106
OCCITANIE;76;2020-08-14;80.90100987121758
OCCITANIE;76;2020-08-15;81.77733283211792
OCCITANIE;76;2020-08-16;82.5789946754422
OCCITANIE;76;2020-08-17;83.32018686857064
OCCITANIE;76;2020-08-18;83.97223400542852
OCCITANIE;76;2020-08-19;84.53657087433244
OCCITANIE;76;2020-08-20;85.01170781150994
OCCITANIE;76;2020-08-21;85.39306059282153
OCCITANIE;76;2020-08-22;85.67240462335876
OCCITANIE;76;2020-08-23;85.8803191711838
OCCITANIE;76;2020-08-24;85.96504971866474
OCCITANIE;76;2020-08-25;85.95998732862995
OCCITANIE;76;2020-08-26;85.86091074321727
OCCITANIE;76;2020-08-27;85.74825702101093
OCCITANIE;76;2020-08-28;85.62109545623746
OCCITANIE;76;2020-08-29;85.53460706205345
OCCITANIE;76;2020-08-30;85.5639573647972
OCCITANIE;76;2020-08-31;85.95882427419133
OCCITANIE;76;2020-09-01;86.74226346337349
OCCITANIE;76;2020-09-02;87.91253057722356
OCCITANIE;76;2020-09-03;89.28457868442673
OCCITANIE;76;2020-09-04;90.83286812107691
OCCITANIE;76;2020-09-05;92.4421215981875
OCCITANIE;76;2020-09-06;94.01387468074795
OCCITANIE;76;2020-09-07;95.46573694451338
OCCITANIE;76;2020-09-08;96.81291973073729
OCCITANIE;76;2020-09-09;98.06408311391708
OCCITANIE;76;2020-09-10;99.22280452854669
OCCITANIE;76;2020-09-11;100.28819810835992
OCCITANIE;76;2020-09-12;101.28475345409015
OCCITANIE;76;2020-09-13;102.23674670907559
OCCITANIE;76;2020-09-14;103.17034288129277
OCCITANIE;76;2020-09-15;104.0853296040912
OCCITANIE;76;2020-09-16;104.98209258640527
OCCITANIE;76;2020-09-17;105.86090952270806
OCCITANIE;76;2020-09-18;106.72195293082845
OCCITANIE;76;2020-09-19;107.57620552392682
OCCITANIE;76;2020-09-20;108.40558760405787
OCCITANIE;76;2020-09-21;109.19455125894291
OCCITANIE;76;2020-09-22;109.918481947248
OCCITANIE;76;2020-09-23;110.5830147588044
OCCITANIE;76;2020-09-24;111.19196725923244
OCCITANIE;76;2020-09-25;111.74760185255975
OCCITANIE;76;2020-09-26;112.2423162646006
OCCITANIE;76;2020-09-27;112.69432225450977
OCCITANIE;76;2020-09-28;113.12154969299915
OCCITANIE;76;2020-09-29;113.55052720921452
OCCITANIE;76;2020-09-30;113.98119237802878
OCCITANIE;76;2020-10-01;114.41342677895595
OCCITANIE;76;2020-10-02;114.84705971900007
OCCITANIE;76;2020-10-03;115.2849767185913
OCCITANIE;76;2020-10-04;115.71512101032516
OCCITANIE;76;2020-10-05;116.12598855344072
OCCITANIE;76;2020-10-06;116.50343044681215
OCCITANIE;76;2020-10-07;116.84857140970934
OCCITANIE;76;2020-10-08;117.16224124672146
OCCITANIE;76;2020-10-09;117.44499730169798
OCCITANIE;76;2020-10-10;117.67351635257238
OCCITANIE;76;2020-10-11;117.82674535939896
OCCITANIE;76;2020-10-12;117.88412714682228
OCCITANIE;76;2020-10-13;117.84868688613906
OCCITANIE;76;2020-10-14;117.7203436453746
OCCITANIE;76;2020-10-15;117.49708333230808
OCCITANIE;76;2020-10-16;117.1747711535966
OCCITANIE;76;2020-10-17;116.82060929150148
OCCITANIE;76;2020-10-18;116.511757566488
OCCITANIE;76;2020-10-19;116.3309328072645
OCCITANIE;76;2020-10-20;116.29080544261866
OCCITANIE;76;2020-10-21;116.44110876247768
OCCITANIE;76;2020-10-22;116.8259581867552
OCCITANIE;76;2020-10-23;117.483599356497
OCCITANIE;76;2020-10-24;118.3658845698349
OCCITANIE;76;2020-10-25;119.41033608384764
OCCITANIE;76;2020-10-26;120.55697485548029
OCCITANIE;76;2020-10-27;121.7792133270936
OCCITANIE;76;2020-10-28;123.00755790248644
OCCITANIE;76;2020-10-29;124.17777559561009
OCCITANIE;76;2020-10-30;125.23444893155785
OCCITANIE;76;2020-10-31;126.11553407200482
OCCITANIE;76;2020-11-01;126.7825613272222
OCCITANIE;76;2020-11-02;127.20075426840431
OCCITANIE;76;2020-11-03;127.40544006623364
OCCITANIE;76;2020-11-04;127.4205934771465
OCCITANIE;76;2020-11-05;127.25827991088768
OCCITANIE;76;2020-11-06;126.91392408107754
OCCITANIE;76;2020-11-07;126.45408985348958
OCCITANIE;76;2020-11-08;125.91485666394728
OCCITANIE;76;2020-11-09;125.3487566236095
OCCITANIE;76;2020-11-10;124.72491278536785
OCCITANIE;76;2020-11-11;124.04549621632576
OCCITANIE;76;2020-11-12;123.30860795597877
OCCITANIE;76;2020-11-13;122.50776066120187
OCCITANIE;76;2020-11-14;121.61395166864372
OCCITANIE;76;2020-11-15;120.66015241036864
OCCITANIE;76;2020-11-16;119.68248043757805
OCCITANIE;76;2020-11-17;118.74468450930829
OCCITANIE;76;2020-11-18;117.85276275524856
OCCITANIE;76;2020-11-19;117.0121304724238
OCCITANIE;76;2020-11-20;116.2274409885664
OCCITANIE;76;2020-11-21;115.50065526310516
OCCITANIE;76;2020-11-22;114.84092772724057
OCCITANIE;76;2020-11-23;114.25883498266563
OCCITANIE;76;2020-11-24;113.7573288160313
OCCITANIE;76;2020-11-25;113.33686029291086
OCCITANIE;76;2020-11-26;112.99611582905271
OCCITANIE;76;2020-11-27;112.73954133480278
OCCITANIE;76;2020-11-28;112.5737027477278
OCCITANIE;76;2020-11-29;112.47242389896576
OCCITANIE;76;2020-11-30;112.41070780201272
OCCITANIE;76;2020-12-01;112.36373519205645
OCCITANIE;76;2020-12-02;112.32753414556318
OCCITANIE;76;2020-12-03;112.29760157675756
OCCITANIE;76;2020-12-04;112.26163030078271
OCCITANIE;76;2020-12-05;112.1964076880945
OCCITANIE;76;2020-12-06;112.07884701608525
OCCITANIE;76;2020-12-07;111.88573573360729
OCCITANIE;76;2020-12-08;111.61749451813732
OCCITANIE;76;2020-12-09;111.28642878864113
OCCITANIE;76;2020-12-10;110.90427524490656
OCCITANIE;76;2020-12-11;110.48070670316301
OCCITANIE;76;2020-12-12;110.02031650263693
OCCITANIE;76;2020-12-13;109.51093716824764
OCCITANIE;76;2020-12-14;108.94211814907021
OCCITANIE;76;2020-12-15;108.30011415803463
OCCITANIE;76;2020-12-16;107.5886767253108
OCCITANIE;76;2020-12-17;106.810550599503
OCCITANIE;76;2020-12-18;105.96371572534099
OCCITANIE;76;2020-12-19;105.07513138869578
OCCITANIE;76;2020-12-20;104.19445148158184
OCCITANIE;76;2020-12-21;103.01194559420358
OCCITANIE;76;2020-12-22;101.96893243099916
OCCITANIE;76;2020-12-23;101.08817552667651
OCCITANIE;76;2020-12-24;100.75413485563348
OCCITANIE;76;2020-12-25;100.56756161390035
OCCITANIE;76;2020-12-26;100.53105654421236
OCCITANIE;76;2020-12-27;100.64379238592714
OCCITANIE;76;2020-12-28;100.90800453934116
OCCITANIE;76;2020-12-29;101.31725655888805
OCCITANIE;76;2020-12-30;101.8667895790708
OCCITANIE;76;2020-12-31;102.54851262120168
OCCITANIE;76;2021-01-01;103.3554955446369
OCCITANIE;76;2021-01-02;104.26496633055712
OCCITANIE;76;2021-01-03;105.25671823491881
OCCITANIE;76;2021-01-04;106.02273562067492
OCCITANIE;76;2021-01-05;106.66233396330465
OCCITANIE;76;2021-01-06;107.10968730590952
OCCITANIE;76;2021-01-07;107.77240481151478
OCCITANIE;76;2021-01-08;108.51496154521584
OCCITANIE;76;2021-01-09;109.35011096111984
OCCITANIE;76;2021-01-10;109.32352106751713
OCCITANIE;76;2021-01-11;109.20254431128711
OCCITANIE;76;2021-01-12;109.01356216105276
OCCITANIE;76;2021-01-13;109.56431857629654
OCCITANIE;76;2021-01-14;110.09130623200731
OCCITANIE;76;2021-01-15;110.5915609941942
OCCITANIE;76;2021-01-16;111.12538483989236
OCCITANIE;76;2021-01-17;111.21367761580044
OCCITANIE;76;2021-01-18;111.4347559098946
OCCITANIE;76;2021-01-19;111.73406118720888
OCCITANIE;76;2021-01-20;112.5804772492544
OCCITANIE;76;2021-01-21;111.37177595032705
OCCITANIE;76;2021-01-22;110.04426042353914
OCCITANIE;76;2021-01-23;108.53648126985279
OCCITANIE;76;2021-01-24;108.8369328722
OCCITANIE;76;2021-01-25;108.88757674088076
OCCITANIE;76;2021-01-26;108.79776819402154
OCCITANIE;76;2021-01-27;108.58497359634208
OCCITANIE;76;2021-01-28;107.9359171418211
OCCITANIE;76;2021-01-29;107.25399106428206
OCCITANIE;76;2021-01-30;106.59555144981992
OCCITANIE;76;2021-01-31;106.43236365962387
OCCITANIE;76;2021-02-01;106.36209285232617
OCCITANIE;76;2021-02-02;106.37665546823222
OCCITANIE;76;2021-02-03;106.46227877986288
OCCITANIE;76;2021-02-04;106.61128395445624
OCCITANIE;76;2021-02-05;106.82673071188269
OCCITANIE;76;2021-02-06;107.02025448190682
OCCITANIE;76;2021-02-07;107.06677668049619
OCCITANIE;76;2021-02-08;106.852448212424
OCCITANIE;76;2021-02-09;106.38355879177685
OCCITANIE;76;2021-02-10;105.70562242885758
OCCITANIE;76;2021-02-11;104.84017701044901
OCCITANIE;76;2021-02-12;103.78191417993408
OCCITANIE;76;2021-02-13;102.59289276155589
OCCITANIE;76;2021-02-14;101.4012422293256
OCCITANIE;76;2021-02-15;100.33159638629249
OCCITANIE;76;2021-02-16;98.80724757185992
OCCITANIE;76;2021-02-17;96.1779228096282
OCCITANIE;76;2021-02-18;93.28080808419882
OCCITANIE;76;2021-02-19;91.17781107318136
OCCITANIE;76;2021-02-20;90.52291029058635
OCCITANIE;76;2021-02-21;90.52595330654007
OCCITANIE;76;2021-02-22;90.77622225437706
OCCITANIE;76;2021-02-23;91.27954948255415
OCCITANIE;76;2021-02-24;91.93699953901829
OCCITANIE;76;2021-02-25;92.67196105466068
OCCITANIE;76;2021-02-26;93.4149257602712
OCCITANIE;76;2021-02-27;93.82996254615752
OCCITANIE;76;2021-02-28;94.27142563167163
OCCITANIE;76;2021-03-01;94.71750743599894
OCCITANIE;76;2021-03-02;95.43273263485729
OCCITANIE;76;2021-03-03;96.0188743899316
OCCITANIE;76;2021-03-04;96.45406395129952
OCCITANIE;76;2021-03-05;96.75704352638536
OCCITANIE;76;2021-03-06;96.92239567218292
OCCITANIE;76;2021-03-07;96.96506210484269
OCCITANIE;76;2021-03-08;96.90957018478798
OCCITANIE;76;2021-03-09;96.8478487392573
OCCITANIE;76;2021-03-10;96.85322132608792
OCCITANIE;76;2021-03-11;96.99333702981308
OCCITANIE;76;2021-03-12;97.27208720203676
OCCITANIE;76;2021-03-13;97.64524692006529
OCCITANIE;76;2021-03-14;98.07951101564197
OCCITANIE;76;2021-03-15;98.53114022256538
OCCITANIE;76;2021-03-16;98.98201754855756
OCCITANIE;76;2021-03-17;99.39363019409143
OCCITANIE;76;2021-03-18;99.73037403612119
OCCITANIE;76;2021-03-19;99.98071070551474
OCCITANIE;76;2021-03-20;100.18685179339971
OCCITANIE;76;2021-03-21;100.39236175346241
OCCITANIE;76;2021-03-22;100.65083022708086
OCCITANIE;76;2021-03-23;100.96650939884908
OCCITANIE;76;2021-03-24;101.34590027242795
OCCITANIE;76;2021-03-25;101.77165884243477
OCCITANIE;76;2021-03-26;102.2278655403313
OCCITANIE;76;2021-03-27;102.66547686497734
OCCITANIE;76;2021-03-28;103.04013441057505
OCCITANIE;76;2021-03-29;103.30369961544753
OCCITANIE;76;2021-03-30;103.47086621667843
OCCITANIE;76;2021-03-31;103.5638089207082
OCCITANIE;76;2021-04-01;103.62145607216401
OCCITANIE;76;2021-04-02;103.65765332885668
OCCITANIE;76;2021-04-03;103.6876023420421
OCCITANIE;76;2021-04-04;103.71260901062708
OCCITANIE;76;2021-04-05;103.72217229083186
OCCITANIE;76;2021-04-06;103.67732191391872
OCCITANIE;76;2021-04-07;103.55457116828975
OCCITANIE;76;2021-04-08;103.33492304800687
OCCITANIE;76;2021-04-09;103.0081250177167
OCCITANIE;76;2021-04-10;102.59294872973743
OCCITANIE;76;2021-04-11;102.13622245869189
OCCITANIE;76;2021-04-12;101.73726027778038
OCCITANIE;76;2021-04-13;101.3811527245808
OCCITANIE;76;2021-04-14;101.03289285345068
OCCITANIE;76;2021-04-15;100.62661254783177
OCCITANIE;76;2021-04-16;100.18576031020149
OCCITANIE;76;2021-04-17;99.71284221184004
OCCITANIE;76;2021-04-18;99.16688345219409
OCCITANIE;76;2021-04-19;98.44327852304718
OCCITANIE;76;2021-04-20;97.54182171159754
OCCITANIE;76;2021-04-21;96.49967545087601
OCCITANIE;76;2021-04-22;95.40422247603142
OCCITANIE;76;2021-04-23;94.23307742950476
OCCITANIE;76;2021-04-24;92.98353738709929
OCCITANIE;76;2021-04-25;91.66217915440832
OCCITANIE;76;2021-04-26;90.3052082972314
OCCITANIE;76;2021-04-27;88.9527705028096
OCCITANIE;76;2021-04-28;87.64977489427929
OCCITANIE;76;2021-04-29;86.43465842597715
OCCITANIE;76;2021-04-30;85.3605340211041
OCCITANIE;76;2021-05-01;84.39607256498836
OCCITANIE;76;2021-05-02;83.53553542966937
OCCITANIE;76;2021-05-03;82.74073755891804
OCCITANIE;76;2021-05-04;82.04094825186098
OCCITANIE;76;2021-05-05;81.44250734247683
OCCITANIE;76;2021-05-06;80.93950230324755
OCCITANIE;76;2021-05-07;80.46864404330314
OCCITANIE;76;2021-05-08;79.99058045301767
OCCITANIE;76;2021-05-09;79.60434279437898
OCCITANIE;76;2021-05-10;79.34880200642732
OCCITANIE;76;2021-05-11;79.22745619850708
AUVERGNE-RHONE-ALPES;84;2020-05-12;3.2911994141033984
AUVERGNE-RHONE-ALPES;84;2020-05-13;4.2023840488090185
AUVERGNE-RHONE-ALPES;84;2020-05-14;4.809917195814777
AUVERGNE-RHONE-ALPES;84;2020-05-15;5.118258489332333
AUVERGNE-RHONE-ALPES;84;2020-05-16;5.300651671060542
AUVERGNE-RHONE-ALPES;84;2020-05-17;5.492234086752814
AUVERGNE-RHONE-ALPES;84;2020-05-18;5.702196954558888
AUVERGNE-RHONE-ALPES;84;2020-05-19;5.951949197849299
AUVERGNE-RHONE-ALPES;84;2020-05-20;6.2573581438542165
AUVERGNE-RHONE-ALPES;84;2020-05-21;6.632930840577563
AUVERGNE-RHONE-ALPES;84;2020-05-22;7.094126336393964
AUVERGNE-RHONE-ALPES;84;2020-05-23;7.570431060282818
AUVERGNE-RHONE-ALPES;84;2020-05-24;7.993598291154579
AUVERGNE-RHONE-ALPES;84;2020-05-25;8.292999472731132
AUVERGNE-RHONE-ALPES;84;2020-05-26;8.480978381713314
AUVERGNE-RHONE-ALPES;84;2020-05-27;8.563003073020928
AUVERGNE-RHONE-ALPES;84;2020-05-28;8.539713670223815
AUVERGNE-RHONE-ALPES;84;2020-05-29;8.406761950863272
AUVERGNE-RHONE-ALPES;84;2020-05-30;8.265089435643588
AUVERGNE-RHONE-ALPES;84;2020-05-31;8.220465091736775
AUVERGNE-RHONE-ALPES;84;2020-06-01;8.385312991107991
AUVERGNE-RHONE-ALPES;84;2020-06-02;8.768428610666275
AUVERGNE-RHONE-ALPES;84;2020-06-03;9.374985908430844
AUVERGNE-RHONE-ALPES;84;2020-06-04;10.204919310838617
AUVERGNE-RHONE-ALPES;84;2020-06-05;11.253078113692712
AUVERGNE-RHONE-ALPES;84;2020-06-06;12.42590984040468
AUVERGNE-RHONE-ALPES;84;2020-06-07;13.636613964915224
AUVERGNE-RHONE-ALPES;84;2020-06-08;14.804418233319488
AUVERGNE-RHONE-ALPES;84;2020-06-09;15.93883271780518
AUVERGNE-RHONE-ALPES;84;2020-06-10;17.04583184344085
AUVERGNE-RHONE-ALPES;84;2020-06-11;18.129528422856108
AUVERGNE-RHONE-ALPES;84;2020-06-12;19.19291586513648
AUVERGNE-RHONE-ALPES;84;2020-06-13;20.238259569623093
AUVERGNE-RHONE-ALPES;84;2020-06-14;21.267325364177406
AUVERGNE-RHONE-ALPES;84;2020-06-15;22.28152234791405
AUVERGNE-RHONE-ALPES;84;2020-06-16;23.28199686776001
AUVERGNE-RHONE-ALPES;84;2020-06-17;24.26969683441898
AUVERGNE-RHONE-ALPES;84;2020-06-18;25.24541715908781
AUVERGNE-RHONE-ALPES;84;2020-06-19;26.209832705531696
AUVERGNE-RHONE-ALPES;84;2020-06-20;27.16352272176763
AUVERGNE-RHONE-ALPES;84;2020-06-21;28.10698930031408
AUVERGNE-RHONE-ALPES;84;2020-06-22;29.040671557162394
AUVERGNE-RHONE-ALPES;84;2020-06-23;29.964956680088157
AUVERGNE-RHONE-ALPES;84;2020-06-24;30.88018864774323
AUVERGNE-RHONE-ALPES;84;2020-06-25;31.786675189063978
AUVERGNE-RHONE-ALPES;84;2020-06-26;32.684693394994696
AUVERGNE-RHONE-ALPES;84;2020-06-27;33.5744942853235
AUVERGNE-RHONE-ALPES;84;2020-06-28;34.456306556375125
AUVERGNE-RHONE-ALPES;84;2020-06-29;35.33033968003561
AUVERGNE-RHONE-ALPES;84;2020-06-30;36.19678648437457
AUVERGNE-RHONE-ALPES;84;2020-07-01;37.055825316468365
AUVERGNE-RHONE-ALPES;84;2020-07-02;37.90762186589596
AUVERGNE-RHONE-ALPES;84;2020-07-03;38.752330710663955
AUVERGNE-RHONE-ALPES;84;2020-07-04;39.590096634580384
AUVERGNE-RHONE-ALPES;84;2020-07-05;40.4210557552815
AUVERGNE-RHONE-ALPES;84;2020-07-06;41.245336494500016
AUVERGNE-RHONE-ALPES;84;2020-07-07;42.063060416193046
AUVERGNE-RHONE-ALPES;84;2020-07-08;42.874342953442024
AUVERGNE-RHONE-ALPES;84;2020-07-09;43.679294041292714
AUVERGNE-RHONE-ALPES;84;2020-07-10;44.47801866971144
AUVERGNE-RHONE-ALPES;84;2020-07-11;45.270617368420076
AUVERGNE-RHONE-ALPES;84;2020-07-12;46.05718663342208
AUVERGNE-RHONE-ALPES;84;2020-07-13;46.837819303439396
AUVERGNE-RHONE-ALPES;84;2020-07-14;47.61260489317882
AUVERGNE-RHONE-ALPES;84;2020-07-15;48.381629889273995
AUVERGNE-RHONE-ALPES;84;2020-07-16;49.14497801386193
AUVERGNE-RHONE-ALPES;84;2020-07-17;49.90273046001736
AUVERGNE-RHONE-ALPES;84;2020-07-18;50.6549661026528
AUVERGNE-RHONE-ALPES;84;2020-07-19;51.401761687978365
AUVERGNE-RHONE-ALPES;84;2020-07-20;52.143192004178964
AUVERGNE-RHONE-ALPES;84;2020-07-21;52.87933003560421
AUVERGNE-RHONE-ALPES;84;2020-07-22;53.61024710245093
AUVERGNE-RHONE-ALPES;84;2020-07-23;54.33601298765779
AUVERGNE-RHONE-ALPES;84;2020-07-24;55.05669605250106
AUVERGNE-RHONE-ALPES;84;2020-07-25;55.772363342189294
AUVERGNE-RHONE-ALPES;84;2020-07-26;56.48308068258357
AUVERGNE-RHONE-ALPES;84;2020-07-27;57.18891276902807
AUVERGNE-RHONE-ALPES;84;2020-07-28;57.88992324814472
AUVERGNE-RHONE-ALPES;84;2020-07-29;58.58617479333965
AUVERGNE-RHONE-ALPES;84;2020-07-30;59.27772917466708
AUVERGNE-RHONE-ALPES;84;2020-07-31;59.96464732361394
AUVERGNE-RHONE-ALPES;84;2020-08-01;60.6469893932886
AUVERGNE-RHONE-ALPES;84;2020-08-02;61.324814814431754
AUVERGNE-RHONE-ALPES;84;2020-08-03;61.998182347603375
AUVERGNE-RHONE-ALPES;84;2020-08-04;62.667150131846064
AUVERGNE-RHONE-ALPES;84;2020-08-05;63.3317757300741
AUVERGNE-RHONE-ALPES;84;2020-08-06;63.992116171392915
AUVERGNE-RHONE-ALPES;84;2020-08-07;64.64822799051213
AUVERGNE-RHONE-ALPES;84;2020-08-08;65.30016726437924
AUVERGNE-RHONE-ALPES;84;2020-08-09;65.94798964612785
AUVERGNE-RHONE-ALPES;84;2020-08-10;66.59175039640637
AUVERGNE-RHONE-ALPES;84;2020-08-11;67.2315044121287
AUVERGNE-RHONE-ALPES;84;2020-08-12;67.86730625266866
AUVERGNE-RHONE-ALPES;84;2020-08-13;68.49921016350696
AUVERGNE-RHONE-ALPES;84;2020-08-14;69.12727009732917
AUVERGNE-RHONE-ALPES;84;2020-08-15;69.75153973257282
AUVERGNE-RHONE-ALPES;84;2020-08-16;70.37207248942396
AUVERGNE-RHONE-ALPES;84;2020-08-17;70.98892154327778
AUVERGNE-RHONE-ALPES;84;2020-08-18;71.60213983569473
AUVERGNE-RHONE-ALPES;84;2020-08-19;72.21178008291325
AUVERGNE-RHONE-ALPES;84;2020-08-20;72.81789478201144
AUVERGNE-RHONE-ALPES;84;2020-08-21;73.42053621485375
AUVERGNE-RHONE-ALPES;84;2020-08-22;74.0197564500013
AUVERGNE-RHONE-ALPES;84;2020-08-23;74.61560734281404
AUVERGNE-RHONE-ALPES;84;2020-08-24;75.20814053401888
AUVERGNE-RHONE-ALPES;84;2020-08-25;75.79740744706135
AUVERGNE-RHONE-ALPES;84;2020-08-26;76.38345928458993
AUVERGNE-RHONE-ALPES;84;2020-08-27;76.96634702444403
AUVERGNE-RHONE-ALPES;84;2020-08-28;77.54612141551534
AUVERGNE-RHONE-ALPES;84;2020-08-29;78.12283297383586
AUVERGNE-RHONE-ALPES;84;2020-08-30;78.69653197920188
AUVERGNE-RHONE-ALPES;84;2020-08-31;79.26726847258264
AUVERGNE-RHONE-ALPES;84;2020-09-01;79.83509225448313
AUVERGNE-RHONE-ALPES;84;2020-09-02;80.40005288434583
AUVERGNE-RHONE-ALPES;84;2020-09-03;80.96219968098853
AUVERGNE-RHONE-ALPES;84;2020-09-04;81.52158172400354
AUVERGNE-RHONE-ALPES;84;2020-09-05;82.07824785598581
AUVERGNE-RHONE-ALPES;84;2020-09-06;82.63224668542786
AUVERGNE-RHONE-ALPES;84;2020-09-07;83.18362659011142
AUVERGNE-RHONE-ALPES;84;2020-09-08;83.73243572083841
AUVERGNE-RHONE-ALPES;84;2020-09-09;84.27872200537163
AUVERGNE-RHONE-ALPES;84;2020-09-10;84.82253315248717
AUVERGNE-RHONE-ALPES;84;2020-09-11;85.36391665607567
AUVERGNE-RHONE-ALPES;84;2020-09-12;85.90291979925472
AUVERGNE-RHONE-ALPES;84;2020-09-13;86.49292323378285
AUVERGNE-RHONE-ALPES;84;2020-09-14;87.18736530369219
AUVERGNE-RHONE-ALPES;84;2020-09-15;88.03861580175423
AUVERGNE-RHONE-ALPES;84;2020-09-16;89.04359291879177
AUVERGNE-RHONE-ALPES;84;2020-09-17;90.19613601309936
AUVERGNE-RHONE-ALPES;84;2020-09-18;91.48742481303377
AUVERGNE-RHONE-ALPES;84;2020-09-19;92.90654203262574
AUVERGNE-RHONE-ALPES;84;2020-09-20;94.40377409967329
AUVERGNE-RHONE-ALPES;84;2020-09-21;95.93336180835064
AUVERGNE-RHONE-ALPES;84;2020-09-22;97.4539697306847
AUVERGNE-RHONE-ALPES;84;2020-09-23;98.96627275822556
AUVERGNE-RHONE-ALPES;84;2020-09-24;100.47089844448617
AUVERGNE-RHONE-ALPES;84;2020-09-25;101.96843181281142
AUVERGNE-RHONE-ALPES;84;2020-09-26;103.45941960205393
AUVERGNE-RHONE-ALPES;84;2020-09-27;104.99382923273464
AUVERGNE-RHONE-ALPES;84;2020-09-28;106.6191202849157
AUVERGNE-RHONE-ALPES;84;2020-09-29;108.37962478021393
AUVERGNE-RHONE-ALPES;84;2020-09-30;110.26663481473601
AUVERGNE-RHONE-ALPES;84;2020-10-01;112.2700468935852
AUVERGNE-RHONE-ALPES;84;2020-10-02;114.37885847958415
AUVERGNE-RHONE-ALPES;84;2020-10-03;116.58164339164436
AUVERGNE-RHONE-ALPES;84;2020-10-04;118.76657919727764
AUVERGNE-RHONE-ALPES;84;2020-10-05;120.83589530999599
AUVERGNE-RHONE-ALPES;84;2020-10-06;122.70296932670306
AUVERGNE-RHONE-ALPES;84;2020-10-07;124.39045420245394
AUVERGNE-RHONE-ALPES;84;2020-10-08;125.91429459554077
AUVERGNE-RHONE-ALPES;84;2020-10-09;127.28524324568156
AUVERGNE-RHONE-ALPES;84;2020-10-10;128.50978795126068
AUVERGNE-RHONE-ALPES;84;2020-10-11;129.65024247411682
AUVERGNE-RHONE-ALPES;84;2020-10-12;130.76633138192574
AUVERGNE-RHONE-ALPES;84;2020-10-13;131.95241377456668
AUVERGNE-RHONE-ALPES;84;2020-10-14;133.24181722593121
AUVERGNE-RHONE-ALPES;84;2020-10-15;134.66592431061886
AUVERGNE-RHONE-ALPES;84;2020-10-16;136.21758418835017
AUVERGNE-RHONE-ALPES;84;2020-10-17;137.81513927089952
AUVERGNE-RHONE-ALPES;84;2020-10-18;139.37666457292565
AUVERGNE-RHONE-ALPES;84;2020-10-19;140.82714260640628
AUVERGNE-RHONE-ALPES;84;2020-10-20;141.97706135823745
AUVERGNE-RHONE-ALPES;84;2020-10-21;142.67027054236462
AUVERGNE-RHONE-ALPES;84;2020-10-22;142.756336005912
AUVERGNE-RHONE-ALPES;84;2020-10-23;142.2671836201776
AUVERGNE-RHONE-ALPES;84;2020-10-24;141.29487076597772
AUVERGNE-RHONE-ALPES;84;2020-10-25;139.90246158451143
AUVERGNE-RHONE-ALPES;84;2020-10-26;138.131851471368
AUVERGNE-RHONE-ALPES;84;2020-10-27;136.20670360935992
AUVERGNE-RHONE-ALPES;84;2020-10-28;134.38502481574048
AUVERGNE-RHONE-ALPES;84;2020-10-29;132.96295937002506
AUVERGNE-RHONE-ALPES;84;2020-10-30;131.96482235934232
AUVERGNE-RHONE-ALPES;84;2020-10-31;131.25962608100718
AUVERGNE-RHONE-ALPES;84;2020-11-01;130.70777863682068
AUVERGNE-RHONE-ALPES;84;2020-11-02;130.16895064455954
AUVERGNE-RHONE-ALPES;84;2020-11-03;129.6330572785784
AUVERGNE-RHONE-ALPES;84;2020-11-04;129.08964064215905
AUVERGNE-RHONE-ALPES;84;2020-11-05;128.5278390339017
AUVERGNE-RHONE-ALPES;84;2020-11-06;127.94643843424973
AUVERGNE-RHONE-ALPES;84;2020-11-07;127.31751675826948
AUVERGNE-RHONE-ALPES;84;2020-11-08;126.61622276599935
AUVERGNE-RHONE-ALPES;84;2020-11-09;125.82018157857269
AUVERGNE-RHONE-ALPES;84;2020-11-10;124.84963454399653
AUVERGNE-RHONE-ALPES;84;2020-11-11;123.61530690936786
AUVERGNE-RHONE-ALPES;84;2020-11-12;122.01126772835646
AUVERGNE-RHONE-ALPES;84;2020-11-13;119.9906096053124
AUVERGNE-RHONE-ALPES;84;2020-11-14;117.71311005956976
AUVERGNE-RHONE-ALPES;84;2020-11-15;115.362230994449
AUVERGNE-RHONE-ALPES;84;2020-11-16;113.15625377951693
AUVERGNE-RHONE-ALPES;84;2020-11-17;111.18536766136695
AUVERGNE-RHONE-ALPES;84;2020-11-18;109.54180822990752
AUVERGNE-RHONE-ALPES;84;2020-11-19;108.31224175332909
AUVERGNE-RHONE-ALPES;84;2020-11-20;107.50737514482277
AUVERGNE-RHONE-ALPES;84;2020-11-21;107.08465698926676
AUVERGNE-RHONE-ALPES;84;2020-11-22;107.00195819390366
AUVERGNE-RHONE-ALPES;84;2020-11-23;107.22142364118713
AUVERGNE-RHONE-ALPES;84;2020-11-24;107.75971124254148
AUVERGNE-RHONE-ALPES;84;2020-11-25;108.62633990651639
AUVERGNE-RHONE-ALPES;84;2020-11-26;109.82311741904422
AUVERGNE-RHONE-ALPES;84;2020-11-27;111.32818952526554
AUVERGNE-RHONE-ALPES;84;2020-11-28;112.9151838792996
AUVERGNE-RHONE-ALPES;84;2020-11-29;114.38280258530172
AUVERGNE-RHONE-ALPES;84;2020-11-30;115.55265348249183
AUVERGNE-RHONE-ALPES;84;2020-12-01;116.41502326094972
AUVERGNE-RHONE-ALPES;84;2020-12-02;116.94572509843674
AUVERGNE-RHONE-ALPES;84;2020-12-03;117.1047068313422
AUVERGNE-RHONE-ALPES;84;2020-12-04;116.87833569596188
AUVERGNE-RHONE-ALPES;84;2020-12-05;116.35665889010126
AUVERGNE-RHONE-ALPES;84;2020-12-06;115.63284868220335
AUVERGNE-RHONE-ALPES;84;2020-12-07;114.81073692896628
AUVERGNE-RHONE-ALPES;84;2020-12-08;113.9779158058214
AUVERGNE-RHONE-ALPES;84;2020-12-09;110.0678978015177
AUVERGNE-RHONE-ALPES;84;2020-12-10;106.41919510964772
AUVERGNE-RHONE-ALPES;84;2020-12-11;103.02408470590599
AUVERGNE-RHONE-ALPES;84;2020-12-12;102.89666835699404
AUVERGNE-RHONE-ALPES;84;2020-12-13;102.70649312585206
AUVERGNE-RHONE-ALPES;84;2020-12-14;102.38481674614842
AUVERGNE-RHONE-ALPES;84;2020-12-15;101.98668441808842
AUVERGNE-RHONE-ALPES;84;2020-12-16;101.50279581939587
AUVERGNE-RHONE-ALPES;84;2020-12-17;100.90957106425924
AUVERGNE-RHONE-ALPES;84;2020-12-18;100.1807021901388
AUVERGNE-RHONE-ALPES;84;2020-12-19;99.51630665167104
AUVERGNE-RHONE-ALPES;84;2020-12-20;99.08666465086118
AUVERGNE-RHONE-ALPES;84;2020-12-21;96.01696421495527
AUVERGNE-RHONE-ALPES;84;2020-12-22;93.57944822433451
AUVERGNE-RHONE-ALPES;84;2020-12-23;91.95475321536716
AUVERGNE-RHONE-ALPES;84;2020-12-24;93.72771463066601
AUVERGNE-RHONE-ALPES;84;2020-12-25;95.4010295358702
AUVERGNE-RHONE-ALPES;84;2020-12-26;96.57791114690474
AUVERGNE-RHONE-ALPES;84;2020-12-27;97.5122502240996
AUVERGNE-RHONE-ALPES;84;2020-12-28;98.19851794226817
AUVERGNE-RHONE-ALPES;84;2020-12-29;98.67247119305073
AUVERGNE-RHONE-ALPES;84;2020-12-30;98.97525990623792
AUVERGNE-RHONE-ALPES;84;2020-12-31;99.11062153571682
AUVERGNE-RHONE-ALPES;84;2021-01-01;99.05527933407257
AUVERGNE-RHONE-ALPES;84;2021-01-02;100.53981029343979
AUVERGNE-RHONE-ALPES;84;2021-01-03;101.94519504200186
AUVERGNE-RHONE-ALPES;84;2021-01-04;103.50979016541977
AUVERGNE-RHONE-ALPES;84;2021-01-05;103.48363240975435
AUVERGNE-RHONE-ALPES;84;2021-01-06;103.52578567580237
AUVERGNE-RHONE-ALPES;84;2021-01-07;103.49041921727192
AUVERGNE-RHONE-ALPES;84;2021-01-08;103.46573875775114
AUVERGNE-RHONE-ALPES;84;2021-01-09;103.52524041023891
AUVERGNE-RHONE-ALPES;84;2021-01-10;103.68693698460959
AUVERGNE-RHONE-ALPES;84;2021-01-11;103.94957463257714
AUVERGNE-RHONE-ALPES;84;2021-01-12;104.24873155054891
AUVERGNE-RHONE-ALPES;84;2021-01-13;104.53907057908441
AUVERGNE-RHONE-ALPES;84;2021-01-14;104.84444452219631
AUVERGNE-RHONE-ALPES;84;2021-01-15;105.22627832115684
AUVERGNE-RHONE-ALPES;84;2021-01-16;105.72422651254772
AUVERGNE-RHONE-ALPES;84;2021-01-17;106.300405581529
AUVERGNE-RHONE-ALPES;84;2021-01-18;106.9234013525673
AUVERGNE-RHONE-ALPES;84;2021-01-19;107.61610376074059
AUVERGNE-RHONE-ALPES;84;2021-01-20;105.96962593177382
AUVERGNE-RHONE-ALPES;84;2021-01-21;104.53914275026695
AUVERGNE-RHONE-ALPES;84;2021-01-22;103.25023597175505
AUVERGNE-RHONE-ALPES;84;2021-01-23;104.31269837950852
AUVERGNE-RHONE-ALPES;84;2021-01-24;105.11605968074707
AUVERGNE-RHONE-ALPES;84;2021-01-25;105.6165841182456
AUVERGNE-RHONE-ALPES;84;2021-01-26;105.93941883877022
AUVERGNE-RHONE-ALPES;84;2021-01-27;106.08215815082222
AUVERGNE-RHONE-ALPES;84;2021-01-28;106.093167270223
AUVERGNE-RHONE-ALPES;84;2021-01-29;105.9947531803813
AUVERGNE-RHONE-ALPES;84;2021-01-30;105.83057300498385
AUVERGNE-RHONE-ALPES;84;2021-01-31;105.63756417166542
AUVERGNE-RHONE-ALPES;84;2021-02-01;105.47802700008238
AUVERGNE-RHONE-ALPES;84;2021-02-02;105.37307422148014
AUVERGNE-RHONE-ALPES;84;2021-02-03;105.32457548033037
AUVERGNE-RHONE-ALPES;84;2021-02-04;105.18192111395534
AUVERGNE-RHONE-ALPES;84;2021-02-05;105.11853656769243
AUVERGNE-RHONE-ALPES;84;2021-02-06;105.11923124070032
AUVERGNE-RHONE-ALPES;84;2021-02-07;105.29267656129116
AUVERGNE-RHONE-ALPES;84;2021-02-08;105.23321801732578
AUVERGNE-RHONE-ALPES;84;2021-02-09;105.10166860833857
AUVERGNE-RHONE-ALPES;84;2021-02-10;104.91843150633495
AUVERGNE-RHONE-ALPES;84;2021-02-11;104.92115516806085
AUVERGNE-RHONE-ALPES;84;2021-02-12;105.00016419591336
AUVERGNE-RHONE-ALPES;84;2021-02-13;105.23022113045236
AUVERGNE-RHONE-ALPES;84;2021-02-14;105.55852373982188
AUVERGNE-RHONE-ALPES;84;2021-02-15;105.87702518305805
AUVERGNE-RHONE-ALPES;84;2021-02-16;106.08506806728023
AUVERGNE-RHONE-ALPES;84;2021-02-17;106.1773585514877
AUVERGNE-RHONE-ALPES;84;2021-02-18;106.14139814116993
AUVERGNE-RHONE-ALPES;84;2021-02-19;105.92528649161686
AUVERGNE-RHONE-ALPES;84;2021-02-20;105.44887421217851
AUVERGNE-RHONE-ALPES;84;2021-02-21;104.79185164402253
AUVERGNE-RHONE-ALPES;84;2021-02-22;104.10671865425722
AUVERGNE-RHONE-ALPES;84;2021-02-23;103.57776294223356
AUVERGNE-RHONE-ALPES;84;2021-02-24;103.27539329102363
AUVERGNE-RHONE-ALPES;84;2021-02-25;103.201733809177
AUVERGNE-RHONE-ALPES;84;2021-02-26;103.34489569791384
AUVERGNE-RHONE-ALPES;84;2021-02-27;103.66061630847591
AUVERGNE-RHONE-ALPES;84;2021-02-28;104.08503269116173
AUVERGNE-RHONE-ALPES;84;2021-03-01;104.53627010946471
AUVERGNE-RHONE-ALPES;84;2021-03-02;104.93431054197066
AUVERGNE-RHONE-ALPES;84;2021-03-03;105.24109710587601
AUVERGNE-RHONE-ALPES;84;2021-03-04;105.4754352587216
AUVERGNE-RHONE-ALPES;84;2021-03-05;105.69138325112893
AUVERGNE-RHONE-ALPES;84;2021-03-06;105.93792638856873
AUVERGNE-RHONE-ALPES;84;2021-03-07;106.20913930123392
AUVERGNE-RHONE-ALPES;84;2021-03-08;106.51257595643793
AUVERGNE-RHONE-ALPES;84;2021-03-09;106.39718240594459
AUVERGNE-RHONE-ALPES;84;2021-03-10;106.38879308672912
AUVERGNE-RHONE-ALPES;84;2021-03-11;106.48664381088284
AUVERGNE-RHONE-ALPES;84;2021-03-12;107.11118319385422
AUVERGNE-RHONE-ALPES;84;2021-03-13;107.74175982551873
AUVERGNE-RHONE-ALPES;84;2021-03-14;108.3533954656483
AUVERGNE-RHONE-ALPES;84;2021-03-15;108.92118826861626
AUVERGNE-RHONE-ALPES;84;2021-03-16;109.40666172945612
AUVERGNE-RHONE-ALPES;84;2021-03-17;109.78019255022413
AUVERGNE-RHONE-ALPES;84;2021-03-18;110.05930927758527
AUVERGNE-RHONE-ALPES;84;2021-03-19;110.27453999852108
AUVERGNE-RHONE-ALPES;84;2021-03-20;110.45030468137458
AUVERGNE-RHONE-ALPES;84;2021-03-21;110.59635671145253
AUVERGNE-RHONE-ALPES;84;2021-03-22;110.76201140569296
AUVERGNE-RHONE-ALPES;84;2021-03-23;111.00384834700552
AUVERGNE-RHONE-ALPES;84;2021-03-24;111.37655519055302
AUVERGNE-RHONE-ALPES;84;2021-03-25;111.82619746888649
AUVERGNE-RHONE-ALPES;84;2021-03-26;112.28219311432548
AUVERGNE-RHONE-ALPES;84;2021-03-27;112.67302784052721
AUVERGNE-RHONE-ALPES;84;2021-03-28;112.99592952701288
AUVERGNE-RHONE-ALPES;84;2021-03-29;113.22338361387736
AUVERGNE-RHONE-ALPES;84;2021-03-30;113.32549144726288
AUVERGNE-RHONE-ALPES;84;2021-03-31;113.25576184321442
AUVERGNE-RHONE-ALPES;84;2021-04-01;113.04018999448765
AUVERGNE-RHONE-ALPES;84;2021-04-02;112.73240109876387
AUVERGNE-RHONE-ALPES;84;2021-04-03;112.41104863301705
AUVERGNE-RHONE-ALPES;84;2021-04-04;112.09909529843624
AUVERGNE-RHONE-ALPES;84;2021-04-05;111.80199916466957
AUVERGNE-RHONE-ALPES;84;2021-04-06;111.50615445344842
AUVERGNE-RHONE-ALPES;84;2021-04-07;111.22128595194843
AUVERGNE-RHONE-ALPES;84;2021-04-08;110.96804149931877
AUVERGNE-RHONE-ALPES;84;2021-04-09;110.75762338172682
AUVERGNE-RHONE-ALPES;84;2021-04-10;110.57165064523883
AUVERGNE-RHONE-ALPES;84;2021-04-11;110.3843880067712
AUVERGNE-RHONE-ALPES;84;2021-04-12;110.18577649775972
AUVERGNE-RHONE-ALPES;84;2021-04-13;109.98526507417563
AUVERGNE-RHONE-ALPES;84;2021-04-14;109.78783280288445
AUVERGNE-RHONE-ALPES;84;2021-04-15;109.5902394968333
AUVERGNE-RHONE-ALPES;84;2021-04-16;109.38071125627701
AUVERGNE-RHONE-ALPES;84;2021-04-17;109.15104567888253
AUVERGNE-RHONE-ALPES;84;2021-04-18;108.86930409522604
AUVERGNE-RHONE-ALPES;84;2021-04-19;108.48186853401212
AUVERGNE-RHONE-ALPES;84;2021-04-20;107.94194144419914
AUVERGNE-RHONE-ALPES;84;2021-04-21;107.219506472217
AUVERGNE-RHONE-ALPES;84;2021-04-22;106.27851626768476
AUVERGNE-RHONE-ALPES;84;2021-04-23;105.08793849781901
AUVERGNE-RHONE-ALPES;84;2021-04-24;103.61516546402588
AUVERGNE-RHONE-ALPES;84;2021-04-25;101.91351819771765
AUVERGNE-RHONE-ALPES;84;2021-04-26;100.0808446633336
AUVERGNE-RHONE-ALPES;84;2021-04-27;98.2333797531686
AUVERGNE-RHONE-ALPES;84;2021-04-28;96.46111131694772
AUVERGNE-RHONE-ALPES;84;2021-04-29;94.81862310448051
AUVERGNE-RHONE-ALPES;84;2021-04-30;93.34218468760328
AUVERGNE-RHONE-ALPES;84;2021-05-01;92.05336869735758
AUVERGNE-RHONE-ALPES;84;2021-05-02;90.92647832764423
AUVERGNE-RHONE-ALPES;84;2021-05-03;89.90737947202534
AUVERGNE-RHONE-ALPES;84;2021-05-04;88.93642430485892
AUVERGNE-RHONE-ALPES;84;2021-05-05;87.97036074565978
AUVERGNE-RHONE-ALPES;84;2021-05-06;86.99144690577984
AUVERGNE-RHONE-ALPES;84;2021-05-07;86.0134402491285
AUVERGNE-RHONE-ALPES;84;2021-05-08;85.06527723408483
AUVERGNE-RHONE-ALPES;84;2021-05-09;84.18889396290555
AUVERGNE-RHONE-ALPES;84;2021-05-10;83.40878323528527
AUVERGNE-RHONE-ALPES;84;2021-05-11;82.73976249663991
AUVERGNE-RHONE-ALPES;84;2021-05-12;82.15297928253545
PROVENCE-ALPES-COTE D'AZUR;93;2020-05-29;-0.4283155592286546
PROVENCE-ALPES-COTE D'AZUR;93;2020-05-30;-0.4430580159073603
PROVENCE-ALPES-COTE D'AZUR;93;2020-05-31;-0.9628678550893494
PROVENCE-ALPES-COTE D'AZUR;93;2020-06-01;-1.400398801479925
PROVENCE-ALPES-COTE D'AZUR;93;2020-06-02;-1.6939080765789116
PROVENCE-ALPES-COTE D'AZUR;93;2020-06-03;-1.8377433537636143
PROVENCE-ALPES-COTE D'AZUR;93;2020-06-04;-1.846477813901012
PROVENCE-ALPES-COTE D'AZUR;93;2020-06-05;-1.7260497518132054
PROVENCE-ALPES-COTE D'AZUR;93;2020-06-06;-1.48254688282527
PROVENCE-ALPES-COTE D'AZUR;93;2020-06-07;-1.183613328509815
PROVENCE-ALPES-COTE D'AZUR;93;2020-06-08;-0.8940168640145417
PROVENCE-ALPES-COTE D'AZUR;93;2020-06-09;-0.6756401307852656
PROVENCE-ALPES-COTE D'AZUR;93;2020-06-10;-0.5262086931653751
PROVENCE-ALPES-COTE D'AZUR;93;2020-06-11;-0.4437590464022453
PROVENCE-ALPES-COTE D'AZUR;93;2020-06-12;-0.4265664361213209
PROVENCE-ALPES-COTE D'AZUR;93;2020-06-13;-0.3896067321524386
PROVENCE-ALPES-COTE D'AZUR;93;2020-06-14;-0.2446010065083418
PROVENCE-ALPES-COTE D'AZUR;93;2020-06-15;0.09839899929295833
PROVENCE-ALPES-COTE D'AZUR;93;2020-06-16;0.6457555522270512
PROVENCE-ALPES-COTE D'AZUR;93;2020-06-17;1.3984741070939604
PROVENCE-ALPES-COTE D'AZUR;93;2020-06-18;2.352008145513143
PROVENCE-ALPES-COTE D'AZUR;93;2020-06-19;3.4965213260318118
PROVENCE-ALPES-COTE D'AZUR;93;2020-06-20;4.754171312416723
PROVENCE-ALPES-COTE D'AZUR;93;2020-06-21;6.051711710931626
PROVENCE-ALPES-COTE D'AZUR;93;2020-06-22;7.3218118932469345
PROVENCE-ALPES-COTE D'AZUR;93;2020-06-23;8.567481843957715
PROVENCE-ALPES-COTE D'AZUR;93;2020-06-24;9.791131079495507
PROVENCE-ALPES-COTE D'AZUR;93;2020-06-25;10.994707569132204
PROVENCE-ALPES-COTE D'AZUR;93;2020-06-26;12.17980474187894
PROVENCE-ALPES-COTE D'AZUR;93;2020-06-27;13.347741583188991
PROVENCE-ALPES-COTE D'AZUR;93;2020-06-28;14.499622310628082
PROVENCE-ALPES-COTE D'AZUR;93;2020-06-29;15.636381088965033
PROVENCE-ALPES-COTE D'AZUR;93;2020-06-30;16.75881586829125
PROVENCE-ALPES-COTE D'AZUR;93;2020-07-01;17.867614282708136
PROVENCE-ALPES-COTE D'AZUR;93;2020-07-02;18.963373702022665
PROVENCE-ALPES-COTE D'AZUR;93;2020-07-03;20.046616930554137
PROVENCE-ALPES-COTE D'AZUR;93;2020-07-04;21.117804628361828
PROVENCE-ALPES-COTE D'AZUR;93;2020-07-05;22.177345236793823
PROVENCE-ALPES-COTE D'AZUR;93;2020-07-06;23.225602983287192
PROVENCE-ALPES-COTE D'AZUR;93;2020-07-07;24.26290439298717
PROVENCE-ALPES-COTE D'AZUR;93;2020-07-08;25.289543628710547
PROVENCE-ALPES-COTE D'AZUR;93;2020-07-09;26.305786903654557
PROVENCE-ALPES-COTE D'AZUR;93;2020-07-10;27.311876154548532
PROVENCE-ALPES-COTE D'AZUR;93;2020-07-11;28.308032120828212
PROVENCE-ALPES-COTE D'AZUR;93;2020-07-12;29.29445694381389
PROVENCE-ALPES-COTE D'AZUR;93;2020-07-13;30.27133637594548
PROVENCE-ALPES-COTE D'AZUR;93;2020-07-14;31.238841671836852
PROVENCE-ALPES-COTE D'AZUR;93;2020-07-15;32.19713121881168
PROVENCE-ALPES-COTE D'AZUR;93;2020-07-16;33.146351953609376
PROVENCE-ALPES-COTE D'AZUR;93;2020-07-17;34.08664060333587
PROVENCE-ALPES-COTE D'AZUR;93;2020-07-18;35.01812478189672
PROVENCE-ALPES-COTE D'AZUR;93;2020-07-19;35.94092396766097
PROVENCE-ALPES-COTE D'AZUR;93;2020-07-20;36.85515038362935
PROVENCE-ALPES-COTE D'AZUR;93;2020-07-21;37.76090979766436
PROVENCE-ALPES-COTE D'AZUR;93;2020-07-22;38.65830225718035
PROVENCE-ALPES-COTE D'AZUR;93;2020-07-23;39.54742276992668
PROVENCE-ALPES-COTE D'AZUR;93;2020-07-24;40.428361940001906
PROVENCE-ALPES-COTE D'AZUR;93;2020-07-25;41.3012065659074
PROVENCE-ALPES-COTE D'AZUR;93;2020-07-26;42.16604020521281
PROVENCE-ALPES-COTE D'AZUR;93;2020-07-27;43.02294370821276
PROVENCE-ALPES-COTE D'AZUR;93;2020-07-28;43.87199572079606
PROVENCE-ALPES-COTE D'AZUR;93;2020-07-29;44.71327315464904
PROVENCE-ALPES-COTE D'AZUR;93;2020-07-30;45.54685162095236
PROVENCE-ALPES-COTE D'AZUR;93;2020-07-31;46.37280582203987
PROVENCE-ALPES-COTE D'AZUR;93;2020-08-01;47.19120989427003
PROVENCE-ALPES-COTE D'AZUR;93;2020-08-02;48.00213769486444
PROVENCE-ALPES-COTE D'AZUR;93;2020-08-03;48.80566302597638
PROVENCE-ALPES-COTE D'AZUR;93;2020-08-04;49.601859791006774
PROVENCE-ALPES-COTE D'AZUR;93;2020-08-05;50.39080208130764
PROVENCE-ALPES-COTE D'AZUR;93;2020-08-06;51.17256419576745
PROVENCE-ALPES-COTE D'AZUR;93;2020-08-07;51.94722060086904
PROVENCE-ALPES-COTE D'AZUR;93;2020-08-08;52.7148458437591
PROVENCE-ALPES-COTE D'AZUR;93;2020-08-09;53.475514434538056
PROVENCE-ALPES-COTE D'AZUR;93;2020-08-10;54.22930071534646
PROVENCE-ALPES-COTE D'AZUR;93;2020-08-11;54.97627873245284
PROVENCE-ALPES-COTE D'AZUR;93;2020-08-12;55.71652212385536
PROVENCE-ALPES-COTE D'AZUR;93;2020-08-13;56.45010402997535
PROVENCE-ALPES-COTE D'AZUR;93;2020-08-14;57.17709703001388
PROVENCE-ALPES-COTE D'AZUR;93;2020-08-15;57.926809837560995
PROVENCE-ALPES-COTE D'AZUR;93;2020-08-16;58.72803125234068
PROVENCE-ALPES-COTE D'AZUR;93;2020-08-17;59.608778157979785
PROVENCE-ALPES-COTE D'AZUR;93;2020-08-18;60.566830654024685
PROVENCE-ALPES-COTE D'AZUR;93;2020-08-19;61.59928989844078
PROVENCE-ALPES-COTE D'AZUR;93;2020-08-20;62.702666093312246
PROVENCE-ALPES-COTE D'AZUR;93;2020-08-21;63.87297906173319
PROVENCE-ALPES-COTE D'AZUR;93;2020-08-22;64.9673205509975
PROVENCE-ALPES-COTE D'AZUR;93;2020-08-23;65.85572139150474
PROVENCE-ALPES-COTE D'AZUR;93;2020-08-24;66.41620561674074
PROVENCE-ALPES-COTE D'AZUR;93;2020-08-25;66.6692582216956
PROVENCE-ALPES-COTE D'AZUR;93;2020-08-26;66.62226335374477
PROVENCE-ALPES-COTE D'AZUR;93;2020-08-27;66.270522030479
PROVENCE-ALPES-COTE D'AZUR;93;2020-08-28;65.59660452231817
PROVENCE-ALPES-COTE D'AZUR;93;2020-08-29;64.83196353188121
PROVENCE-ALPES-COTE D'AZUR;93;2020-08-30;64.22953241393876
PROVENCE-ALPES-COTE D'AZUR;93;2020-08-31;64.06181289746709
PROVENCE-ALPES-COTE D'AZUR;93;2020-09-01;64.35479644066682
PROVENCE-ALPES-COTE D'AZUR;93;2020-09-02;65.11094648731168
PROVENCE-ALPES-COTE D'AZUR;93;2020-09-03;66.30879962164111
PROVENCE-ALPES-COTE D'AZUR;93;2020-09-04;67.90654014029356
PROVENCE-ALPES-COTE D'AZUR;93;2020-09-05;69.79270775362811
PROVENCE-ALPES-COTE D'AZUR;93;2020-09-06;71.86802829914083
PROVENCE-ALPES-COTE D'AZUR;93;2020-09-07;76.8800492851578
PROVENCE-ALPES-COTE D'AZUR;93;2020-09-08;81.51898841134656
PROVENCE-ALPES-COTE D'AZUR;93;2020-09-09;85.72687866517471
PROVENCE-ALPES-COTE D'AZUR;93;2020-09-10;86.61760886304981
PROVENCE-ALPES-COTE D'AZUR;93;2020-09-11;87.45271660620237
PROVENCE-ALPES-COTE D'AZUR;93;2020-09-12;88.32590271340106
PROVENCE-ALPES-COTE D'AZUR;93;2020-09-13;89.23547513854608
PROVENCE-ALPES-COTE D'AZUR;93;2020-09-14;90.21469614113079
PROVENCE-ALPES-COTE D'AZUR;93;2020-09-15;91.23507890452872
PROVENCE-ALPES-COTE D'AZUR;93;2020-09-16;92.35543413087936
PROVENCE-ALPES-COTE D'AZUR;93;2020-09-17;93.55734385057968
PROVENCE-ALPES-COTE D'AZUR;93;2020-09-18;94.76465666693008
PROVENCE-ALPES-COTE D'AZUR;93;2020-09-19;95.75573593400007
PROVENCE-ALPES-COTE D'AZUR;93;2020-09-20;96.47542766510969
PROVENCE-ALPES-COTE D'AZUR;93;2020-09-21;96.92325632231413
PROVENCE-ALPES-COTE D'AZUR;93;2020-09-22;97.26055143937876
PROVENCE-ALPES-COTE D'AZUR;93;2020-09-23;97.51147517252345
PROVENCE-ALPES-COTE D'AZUR;93;2020-09-24;97.67637956658272
PROVENCE-ALPES-COTE D'AZUR;93;2020-09-25;97.73186449443676
PROVENCE-ALPES-COTE D'AZUR;93;2020-09-26;97.6935240522993
PROVENCE-ALPES-COTE D'AZUR;93;2020-09-27;97.58182871881628
PROVENCE-ALPES-COTE D'AZUR;93;2020-09-28;97.43132710033548
PROVENCE-ALPES-COTE D'AZUR;93;2020-09-29;97.23532091139963
PROVENCE-ALPES-COTE D'AZUR;93;2020-09-30;96.9874592320599
PROVENCE-ALPES-COTE D'AZUR;93;2020-10-01;96.68202579374909
PROVENCE-ALPES-COTE D'AZUR;93;2020-10-02;96.31440395017808
PROVENCE-ALPES-COTE D'AZUR;93;2020-10-03;96.07556969407116
PROVENCE-ALPES-COTE D'AZUR;93;2020-10-04;96.2003689686096
PROVENCE-ALPES-COTE D'AZUR;93;2020-10-05;96.95143839573832
PROVENCE-ALPES-COTE D'AZUR;93;2020-10-06;98.39710644691313
PROVENCE-ALPES-COTE D'AZUR;93;2020-10-07;100.53455795137316
PROVENCE-ALPES-COTE D'AZUR;93;2020-10-08;103.28869467979709
PROVENCE-ALPES-COTE D'AZUR;93;2020-10-09;106.53770759088059
PROVENCE-ALPES-COTE D'AZUR;93;2020-10-10;109.9691032031667
PROVENCE-ALPES-COTE D'AZUR;93;2020-10-11;113.33753528003687
PROVENCE-ALPES-COTE D'AZUR;93;2020-10-12;116.27623355635104
PROVENCE-ALPES-COTE D'AZUR;93;2020-10-13;118.70443056476509
PROVENCE-ALPES-COTE D'AZUR;93;2020-10-14;120.55025164054977
PROVENCE-ALPES-COTE D'AZUR;93;2020-10-15;121.92166817306988
PROVENCE-ALPES-COTE D'AZUR;93;2020-10-16;122.85630443714584
PROVENCE-ALPES-COTE D'AZUR;93;2020-10-17;123.4430771675385
PROVENCE-ALPES-COTE D'AZUR;93;2020-10-18;123.76881809462408
PROVENCE-ALPES-COTE D'AZUR;93;2020-10-19;124.094088474258
PROVENCE-ALPES-COTE D'AZUR;93;2020-10-20;124.59958245479622
PROVENCE-ALPES-COTE D'AZUR;93;2020-10-21;125.39430881143015
PROVENCE-ALPES-COTE D'AZUR;93;2020-10-22;126.41385080455036
PROVENCE-ALPES-COTE D'AZUR;93;2020-10-23;127.58402769057257
PROVENCE-ALPES-COTE D'AZUR;93;2020-10-24;128.8052801815565
PROVENCE-ALPES-COTE D'AZUR;93;2020-10-25;129.81323955727208
PROVENCE-ALPES-COTE D'AZUR;93;2020-10-26;130.38970597708376
PROVENCE-ALPES-COTE D'AZUR;93;2020-10-27;130.4153569136773
PROVENCE-ALPES-COTE D'AZUR;93;2020-10-28;130.06524552224144
PROVENCE-ALPES-COTE D'AZUR;93;2020-10-29;129.46588869757662
PROVENCE-ALPES-COTE D'AZUR;93;2020-10-30;128.71712177372135
PROVENCE-ALPES-COTE D'AZUR;93;2020-10-31;127.71735599039431
PROVENCE-ALPES-COTE D'AZUR;93;2020-11-01;126.67440099859976
PROVENCE-ALPES-COTE D'AZUR;93;2020-11-02;125.78945918134018
PROVENCE-ALPES-COTE D'AZUR;93;2020-11-03;125.28834032210062
PROVENCE-ALPES-COTE D'AZUR;93;2020-11-04;125.0589749504096
PROVENCE-ALPES-COTE D'AZUR;93;2020-11-05;125.01773012971552
PROVENCE-ALPES-COTE D'AZUR;93;2020-11-06;125.13160484252876
PROVENCE-ALPES-COTE D'AZUR;93;2020-11-07;125.45426064673843
PROVENCE-ALPES-COTE D'AZUR;93;2020-11-08;125.88899544563179
PROVENCE-ALPES-COTE D'AZUR;93;2020-11-09;126.35990775396841
PROVENCE-ALPES-COTE D'AZUR;93;2020-11-10;126.7562358586797
PROVENCE-ALPES-COTE D'AZUR;93;2020-11-11;126.98473331561364
PROVENCE-ALPES-COTE D'AZUR;93;2020-11-12;126.93716472248876
PROVENCE-ALPES-COTE D'AZUR;93;2020-11-13;126.48663820211384
PROVENCE-ALPES-COTE D'AZUR;93;2020-11-14;125.65449395005291
PROVENCE-ALPES-COTE D'AZUR;93;2020-11-15;124.45243147333858
PROVENCE-ALPES-COTE D'AZUR;93;2020-11-16;122.90265922084909
PROVENCE-ALPES-COTE D'AZUR;93;2020-11-17;120.99933249821159
PROVENCE-ALPES-COTE D'AZUR;93;2020-11-18;118.83044901872525
PROVENCE-ALPES-COTE D'AZUR;93;2020-11-19;116.46507060811659
PROVENCE-ALPES-COTE D'AZUR;93;2020-11-20;113.95640914176359
PROVENCE-ALPES-COTE D'AZUR;93;2020-11-21;111.31331510855163
PROVENCE-ALPES-COTE D'AZUR;93;2020-11-22;108.89647198089241
PROVENCE-ALPES-COTE D'AZUR;93;2020-11-23;107.19616128451166
PROVENCE-ALPES-COTE D'AZUR;93;2020-11-24;106.70439869779638
PROVENCE-ALPES-COTE D'AZUR;93;2020-11-25;107.21855781524398
PROVENCE-ALPES-COTE D'AZUR;93;2020-11-26;108.40175361007178
PROVENCE-ALPES-COTE D'AZUR;93;2020-11-27;109.84576178611827
PROVENCE-ALPES-COTE D'AZUR;93;2020-11-28;111.32691394702424
PROVENCE-ALPES-COTE D'AZUR;93;2020-11-29;112.59146081708988
PROVENCE-ALPES-COTE D'AZUR;93;2020-11-30;113.41244887045792
PROVENCE-ALPES-COTE D'AZUR;93;2020-12-01;113.72476801751381
PROVENCE-ALPES-COTE D'AZUR;93;2020-12-02;113.644643592057
PROVENCE-ALPES-COTE D'AZUR;93;2020-12-03;113.29010875472557
PROVENCE-ALPES-COTE D'AZUR;93;2020-12-04;112.79153460686943
PROVENCE-ALPES-COTE D'AZUR;93;2020-12-05;112.26540649405183
PROVENCE-ALPES-COTE D'AZUR;93;2020-12-06;111.77653795403593
PROVENCE-ALPES-COTE D'AZUR;93;2020-12-07;111.38551484953574
PROVENCE-ALPES-COTE D'AZUR;93;2020-12-08;111.0290648433773
PROVENCE-ALPES-COTE D'AZUR;93;2020-12-09;110.75105997538107
PROVENCE-ALPES-COTE D'AZUR;93;2020-12-10;110.62362795525856
PROVENCE-ALPES-COTE D'AZUR;93;2020-12-11;110.75451758256304
PROVENCE-ALPES-COTE D'AZUR;93;2020-12-12;111.14570121947315
PROVENCE-ALPES-COTE D'AZUR;93;2020-12-13;111.51651061136806
PROVENCE-ALPES-COTE D'AZUR;93;2020-12-14;111.61561860606943
PROVENCE-ALPES-COTE D'AZUR;93;2020-12-15;111.26293337089722
PROVENCE-ALPES-COTE D'AZUR;93;2020-12-16;110.63602518857141
PROVENCE-ALPES-COTE D'AZUR;93;2020-12-17;109.8525669023106
PROVENCE-ALPES-COTE D'AZUR;93;2020-12-18;108.9873332278122
PROVENCE-ALPES-COTE D'AZUR;93;2020-12-19;108.06540527114052
PROVENCE-ALPES-COTE D'AZUR;93;2020-12-20;107.37913011579036
PROVENCE-ALPES-COTE D'AZUR;93;2020-12-21;106.73580179237824
PROVENCE-ALPES-COTE D'AZUR;93;2020-12-22;106.63757898329919
PROVENCE-ALPES-COTE D'AZUR;93;2020-12-23;106.7704598248461
PROVENCE-ALPES-COTE D'AZUR;93;2020-12-24;107.31332496099758
PROVENCE-ALPES-COTE D'AZUR;93;2020-12-25;107.67813427067257
PROVENCE-ALPES-COTE D'AZUR;93;2020-12-26;107.84089676866142
PROVENCE-ALPES-COTE D'AZUR;93;2020-12-27;107.81425294369068
PROVENCE-ALPES-COTE D'AZUR;93;2020-12-28;107.25122930499893
PROVENCE-ALPES-COTE D'AZUR;93;2020-12-29;106.56872611903692
PROVENCE-ALPES-COTE D'AZUR;93;2020-12-30;105.58340740157615
PROVENCE-ALPES-COTE D'AZUR;93;2020-12-31;105.17646716212927
PROVENCE-ALPES-COTE D'AZUR;93;2021-01-01;105.06312701196585
PROVENCE-ALPES-COTE D'AZUR;93;2021-01-02;105.53321339002943
PROVENCE-ALPES-COTE D'AZUR;93;2021-01-03;106.22210288963322
PROVENCE-ALPES-COTE D'AZUR;93;2021-01-04;106.85557159554985
PROVENCE-ALPES-COTE D'AZUR;93;2021-01-05;107.57852402347132
PROVENCE-ALPES-COTE D'AZUR;93;2021-01-06;108.16258753034141
PROVENCE-ALPES-COTE D'AZUR;93;2021-01-07;108.71864676920052
PROVENCE-ALPES-COTE D'AZUR;93;2021-01-08;108.97209219925944
PROVENCE-ALPES-COTE D'AZUR;93;2021-01-09;109.00181272161508
PROVENCE-ALPES-COTE D'AZUR;93;2021-01-10;108.91320691312792
PROVENCE-ALPES-COTE D'AZUR;93;2021-01-11;108.79305558332514
PROVENCE-ALPES-COTE D'AZUR;93;2021-01-12;108.67344124372643
PROVENCE-ALPES-COTE D'AZUR;93;2021-01-13;108.6143191482525
PROVENCE-ALPES-COTE D'AZUR;93;2021-01-14;108.69280778759216
PROVENCE-ALPES-COTE D'AZUR;93;2021-01-15;109.02209470509796
PROVENCE-ALPES-COTE D'AZUR;93;2021-01-16;109.61546618922635
PROVENCE-ALPES-COTE D'AZUR;93;2021-01-17;110.50630310583452
PROVENCE-ALPES-COTE D'AZUR;93;2021-01-18;111.75246981321878
PROVENCE-ALPES-COTE D'AZUR;93;2021-01-19;113.46491574204857
PROVENCE-ALPES-COTE D'AZUR;93;2021-01-20;115.30695360599108
PROVENCE-ALPES-COTE D'AZUR;93;2021-01-21;117.02184134983386
PROVENCE-ALPES-COTE D'AZUR;93;2021-01-22;118.33952940533857
PROVENCE-ALPES-COTE D'AZUR;93;2021-01-23;119.38590023037442
PROVENCE-ALPES-COTE D'AZUR;93;2021-01-24;120.15550461781773
PROVENCE-ALPES-COTE D'AZUR;93;2021-01-25;120.58397735727348
PROVENCE-ALPES-COTE D'AZUR;93;2021-01-26;120.53649615193912
PROVENCE-ALPES-COTE D'AZUR;93;2021-01-27;120.19806899126593
PROVENCE-ALPES-COTE D'AZUR;93;2021-01-28;119.74415188018412
PROVENCE-ALPES-COTE D'AZUR;93;2021-01-29;119.382005584078
PROVENCE-ALPES-COTE D'AZUR;93;2021-01-30;119.03815603958333
PROVENCE-ALPES-COTE D'AZUR;93;2021-01-31;118.63593172866888
PROVENCE-ALPES-COTE D'AZUR;93;2021-02-01;118.1458899278584
PROVENCE-ALPES-COTE D'AZUR;93;2021-02-02;117.53689018967025
PROVENCE-ALPES-COTE D'AZUR;93;2021-02-03;116.8333421925585
PROVENCE-ALPES-COTE D'AZUR;93;2021-02-04;116.04247083064718
PROVENCE-ALPES-COTE D'AZUR;93;2021-02-05;115.20616920613381
PROVENCE-ALPES-COTE D'AZUR;93;2021-02-06;114.37389035851858
PROVENCE-ALPES-COTE D'AZUR;93;2021-02-07;113.62441459754906
PROVENCE-ALPES-COTE D'AZUR;93;2021-02-08;112.99783021834222
PROVENCE-ALPES-COTE D'AZUR;93;2021-02-09;112.51277767870913
PROVENCE-ALPES-COTE D'AZUR;93;2021-02-10;112.19582976398192
PROVENCE-ALPES-COTE D'AZUR;93;2021-02-11;112.09050681988508
PROVENCE-ALPES-COTE D'AZUR;93;2021-02-12;112.22426461160771
PROVENCE-ALPES-COTE D'AZUR;93;2021-02-13;112.57688556860474
PROVENCE-ALPES-COTE D'AZUR;93;2021-02-14;113.11055873660955
PROVENCE-ALPES-COTE D'AZUR;93;2021-02-15;113.7684244467642
PROVENCE-ALPES-COTE D'AZUR;93;2021-02-16;114.5225146154483
PROVENCE-ALPES-COTE D'AZUR;93;2021-02-17;115.19419174307345
PROVENCE-ALPES-COTE D'AZUR;93;2021-02-18;115.66457853763092
PROVENCE-ALPES-COTE D'AZUR;93;2021-02-19;115.56372280104357
PROVENCE-ALPES-COTE D'AZUR;93;2021-02-20;115.09374390472158
PROVENCE-ALPES-COTE D'AZUR;93;2021-02-21;113.90265505013842
PROVENCE-ALPES-COTE D'AZUR;93;2021-02-22;112.7442851208453
PROVENCE-ALPES-COTE D'AZUR;93;2021-02-23;111.5810025636873
PROVENCE-ALPES-COTE D'AZUR;93;2021-02-24;110.9038372382464
PROVENCE-ALPES-COTE D'AZUR;93;2021-02-25;110.27049764887022
PROVENCE-ALPES-COTE D'AZUR;93;2021-02-26;109.85323434162304
PROVENCE-ALPES-COTE D'AZUR;93;2021-02-27;109.7388673550199
PROVENCE-ALPES-COTE D'AZUR;93;2021-02-28;109.99504455637712
PROVENCE-ALPES-COTE D'AZUR;93;2021-03-01;110.38283864811632
PROVENCE-ALPES-COTE D'AZUR;93;2021-03-02;110.74532853644962
PROVENCE-ALPES-COTE D'AZUR;93;2021-03-03;111.03746950444624
PROVENCE-ALPES-COTE D'AZUR;93;2021-03-04;111.27850569007003
PROVENCE-ALPES-COTE D'AZUR;93;2021-03-05;111.47182166812438
PROVENCE-ALPES-COTE D'AZUR;93;2021-03-06;111.60081901984964
PROVENCE-ALPES-COTE D'AZUR;93;2021-03-07;111.61258460220378
PROVENCE-ALPES-COTE D'AZUR;93;2021-03-08;111.5059567769623
PROVENCE-ALPES-COTE D'AZUR;93;2021-03-09;111.29488018800687
PROVENCE-ALPES-COTE D'AZUR;93;2021-03-10;111.09331769887045
PROVENCE-ALPES-COTE D'AZUR;93;2021-03-11;110.98891146542543
PROVENCE-ALPES-COTE D'AZUR;93;2021-03-12;111.09154059041825
PROVENCE-ALPES-COTE D'AZUR;93;2021-03-13;111.46300029878073
PROVENCE-ALPES-COTE D'AZUR;93;2021-03-14;112.00653858377744
PROVENCE-ALPES-COTE D'AZUR;93;2021-03-15;112.58949547695342
PROVENCE-ALPES-COTE D'AZUR;93;2021-03-16;113.04350532948558
PROVENCE-ALPES-COTE D'AZUR;93;2021-03-17;113.38368109153878
PROVENCE-ALPES-COTE D'AZUR;93;2021-03-18;113.61784327647301
PROVENCE-ALPES-COTE D'AZUR;93;2021-03-19;113.74935877126819
PROVENCE-ALPES-COTE D'AZUR;93;2021-03-20;113.74319649454294
PROVENCE-ALPES-COTE D'AZUR;93;2021-03-21;113.6733477559287
PROVENCE-ALPES-COTE D'AZUR;93;2021-03-22;113.65478884537791
PROVENCE-ALPES-COTE D'AZUR;93;2021-03-23;113.82807726791799
PROVENCE-ALPES-COTE D'AZUR;93;2021-03-24;114.15581108678705
PROVENCE-ALPES-COTE D'AZUR;93;2021-03-25;114.57320976520676
PROVENCE-ALPES-COTE D'AZUR;93;2021-03-26;114.96618225431114
PROVENCE-ALPES-COTE D'AZUR;93;2021-03-27;115.25816816026064
PROVENCE-ALPES-COTE D'AZUR;93;2021-03-28;115.50936247832851
PROVENCE-ALPES-COTE D'AZUR;93;2021-03-29;115.8110652929641
PROVENCE-ALPES-COTE D'AZUR;93;2021-03-30;116.29036105041912
PROVENCE-ALPES-COTE D'AZUR;93;2021-03-31;116.77473252495184
PROVENCE-ALPES-COTE D'AZUR;93;2021-04-01;117.12682647600106
PROVENCE-ALPES-COTE D'AZUR;93;2021-04-02;117.23644380982368
PROVENCE-ALPES-COTE D'AZUR;93;2021-04-03;117.21001099287201
PROVENCE-ALPES-COTE D'AZUR;93;2021-04-04;117.10068802108658
PROVENCE-ALPES-COTE D'AZUR;93;2021-04-05;116.89471016067823
PROVENCE-ALPES-COTE D'AZUR;93;2021-04-06;116.48377404028109
PROVENCE-ALPES-COTE D'AZUR;93;2021-04-07;115.98906125976579
PROVENCE-ALPES-COTE D'AZUR;93;2021-04-08;115.56990119689806
PROVENCE-ALPES-COTE D'AZUR;93;2021-04-09;115.37226336477393
PROVENCE-ALPES-COTE D'AZUR;93;2021-04-10;115.28039554851343
PROVENCE-ALPES-COTE D'AZUR;93;2021-04-11;115.15756033197664
PROVENCE-ALPES-COTE D'AZUR;93;2021-04-12;114.94660703916092
PROVENCE-ALPES-COTE D'AZUR;93;2021-04-13;114.6380272245051
PROVENCE-ALPES-COTE D'AZUR;93;2021-04-14;114.26581227855154
PROVENCE-ALPES-COTE D'AZUR;93;2021-04-15;113.83955552112208
PROVENCE-ALPES-COTE D'AZUR;93;2021-04-16;113.40497241183401
PROVENCE-ALPES-COTE D'AZUR;93;2021-04-17;112.98859286394985
PROVENCE-ALPES-COTE D'AZUR;93;2021-04-18;112.52156369844221
PROVENCE-ALPES-COTE D'AZUR;93;2021-04-19;111.90752811197369
PROVENCE-ALPES-COTE D'AZUR;93;2021-04-20;111.04554131950137
PROVENCE-ALPES-COTE D'AZUR;93;2021-04-21;109.97991416728743
PROVENCE-ALPES-COTE D'AZUR;93;2021-04-22;108.73976883524062
PROVENCE-ALPES-COTE D'AZUR;93;2021-04-23;107.39053439776713
PROVENCE-ALPES-COTE D'AZUR;93;2021-04-24;105.95474122935688
PROVENCE-ALPES-COTE D'AZUR;93;2021-04-25;104.53210974103952
PROVENCE-ALPES-COTE D'AZUR;93;2021-04-26;103.1919123320347
PROVENCE-ALPES-COTE D'AZUR;93;2021-04-27;102.00447176567052
PROVENCE-ALPES-COTE D'AZUR;93;2021-04-28;100.8721023709773
PROVENCE-ALPES-COTE D'AZUR;93;2021-04-29;99.71311046118122
PROVENCE-ALPES-COTE D'AZUR;93;2021-04-30;98.41139798843855
PROVENCE-ALPES-COTE D'AZUR;93;2021-05-01;96.94566341169252
PROVENCE-ALPES-COTE D'AZUR;93;2021-05-02;95.35469608430193
PROVENCE-ALPES-COTE D'AZUR;93;2021-05-03;93.75468690333496
PROVENCE-ALPES-COTE D'AZUR;93;2021-05-04;92.29038570498035
PROVENCE-ALPES-COTE D'AZUR;93;2021-05-05;91.020903456707
PROVENCE-ALPES-COTE D'AZUR;93;2021-05-06;89.94366256002182
PROVENCE-ALPES-COTE D'AZUR;93;2021-05-07;89.01342604831802
PROVENCE-ALPES-COTE D'AZUR;93;2021-05-08;88.18467702798687
PROVENCE-ALPES-COTE D'AZUR;93;2021-05-09;87.36712583117294
PROVENCE-ALPES-COTE D'AZUR;93;2021-05-10;86.48396806545851
PROVENCE-ALPES-COTE D'AZUR;93;2021-05-11;85.47573894748757
PROVENCE-ALPES-COTE D'AZUR;93;2021-05-12;84.38350389048753
CORSE;94;2021-03-14;91.20129741934737
CORSE;94;2021-03-15;91.26096255897842
CORSE;94;2021-03-16;91.31117101953396
CORSE;94;2021-03-17;91.42832359714436
CORSE;94;2021-03-18;91.56414316283052
CORSE;94;2021-03-19;91.6563536058844
CORSE;94;2021-03-20;91.66199714844942
CORSE;94;2021-03-21;91.51516084484638
CORSE;94;2021-03-22;91.17350188122481
CORSE;94;2021-03-23;90.60673320152945
CORSE;94;2021-03-24;89.80259805997622
CORSE;94;2021-03-25;88.77241669130808
CORSE;94;2021-03-26;82.09704648403546
CORSE;94;2021-03-27;75.83070779224512
CORSE;94;2021-03-28;70.04445411711876
CORSE;94;2021-03-29;70.19012143079351
CORSE;94;2021-03-30;70.44490507137961
CORSE;94;2021-03-31;70.83249048766733
CORSE;94;2021-04-01;71.42764388457826
CORSE;94;2021-04-02;72.12868120598719
CORSE;94;2021-04-03;72.94958927345402
CORSE;94;2021-04-04;73.7596788442133
CORSE;94;2021-04-05;74.40835964229788
CORSE;94;2021-04-06;74.74607981676456
CORSE;94;2021-04-07;74.88768701197664
CORSE;94;2021-04-08;74.9186842433665
CORSE;94;2021-04-09;74.8999308493532
CORSE;94;2021-04-10;74.82608790255283
CORSE;94;2021-04-11;74.86164206303633
CORSE;94;2021-04-12;75.22255165606275
CORSE;94;2021-04-13;76.00111823722234
CORSE;94;2021-04-14;77.06149783657258
CORSE;94;2021-04-15;78.26202732555656
CORSE;94;2021-04-16;79.43259754530528
CORSE;94;2021-04-17;80.44051592301777
CORSE;94;2021-04-18;81.0916524317915
CORSE;94;2021-04-19;81.22496258397096
CORSE;94;2021-04-20;80.77758644516182
CORSE;94;2021-04-21;79.6979060537839
CORSE;94;2021-04-22;77.98085125530491
CORSE;94;2021-04-23;75.59362256599672
CORSE;94;2021-04-24;72.55829162230356
CORSE;94;2021-04-25;68.93442671727031
CORSE;94;2021-04-26;64.92907113958752
CORSE;94;2021-04-27;60.74990015596262
CORSE;94;2021-04-28;56.710769732867
CORSE;94;2021-04-29;52.93417625466874
CORSE;94;2021-04-30;49.59387541802726
CORSE;94;2021-05-01;46.701150588785495
CORSE;94;2021-05-02;44.236278193100624
CORSE;94;2021-05-03;42.05549975251049
CORSE;94;2021-05-04;40.240459493917285
CORSE;94;2021-05-05;38.88824047335886
CORSE;94;2021-05-06;37.964080716251424
REUNION;974;2021-04-28;52.65085230476038
REUNION;974;2021-04-29;53.56119674290367
REUNION;974;2021-04-30;54.11031368165063
REUNION;974;2021-05-01;55.643801014706646
REUNION;974;2021-05-02;57.30736638475626
REUNION;974;2021-05-03;58.61381739180188
REUNION;974;2021-05-04;59.70187437273463
REUNION;974;2021-05-05;60.32516532672029
REUNION;974;2021-05-06;60.35991082432799
REUNION;974;2021-05-07;59.78382793115625
REUNION;974;2021-05-08;58.5938929774397
REUNION;974;2021-05-09;56.774864778661474
REUNION;974;2021-05-10;54.51275898679639
REUNION;974;2021-05-11;51.821856898988955
REUNION;974;2021-05-12;48.41058436353444
REUNION;974;2021-05-13;44.316383391714524
