reg;jour;n_dose1;n_complet;n_cum_dose1;n_cum_complet;couv_dose1;couv_complet
01;2020-12-27;0;0;0;0;0.0;0.0
01;2020-12-28;0;0;0;0;0.0;0.0
01;2020-12-29;0;0;0;0;0.0;0.0
01;2020-12-30;0;0;0;0;0.0;0.0
01;2020-12-31;0;0;0;0;0.0;0.0
01;2021-01-01;1;0;1;0;0.0;0.0
01;2021-01-02;0;0;1;0;0.0;0.0
01;2021-01-03;0;0;1;0;0.0;0.0
01;2021-01-04;1;0;2;0;0.0;0.0
01;2021-01-05;0;0;2;0;0.0;0.0
01;2021-01-06;1;0;3;0;0.0;0.0
01;2021-01-07;0;0;3;0;0.0;0.0
01;2021-01-08;56;1;59;1;0.0;0.0
01;2021-01-09;20;0;79;1;0.0;0.0
01;2021-01-10;0;0;79;1;0.0;0.0
01;2021-01-11;60;0;139;1;0.0;0.0
01;2021-01-12;45;0;184;1;0.0;0.0
01;2021-01-13;47;1;231;2;0.1;0.0
01;2021-01-14;63;0;294;2;0.1;0.0
01;2021-01-15;77;0;371;2;0.1;0.0
01;2021-01-16;0;0;371;2;0.1;0.0
01;2021-01-17;0;0;371;2;0.1;0.0
01;2021-01-18;80;1;451;3;0.1;0.0
01;2021-01-19;145;0;596;3;0.2;0.0
01;2021-01-20;135;0;731;3;0.2;0.0
01;2021-01-21;154;1;885;4;0.2;0.0
01;2021-01-22;135;0;1020;4;0.3;0.0
01;2021-01-23;1;0;1021;4;0.3;0.0
01;2021-01-24;0;0;1021;4;0.3;0.0
01;2021-01-25;202;1;1223;5;0.3;0.0
01;2021-01-26;217;1;1440;6;0.4;0.0
01;2021-01-27;236;0;1676;6;0.4;0.0
01;2021-01-28;241;4;1917;10;0.5;0.0
01;2021-01-29;197;2;2114;12;0.6;0.0
01;2021-01-30;24;0;2138;12;0.6;0.0
01;2021-01-31;1;0;2139;12;0.6;0.0
01;2021-02-01;229;4;2368;16;0.6;0.0
01;2021-02-02;243;24;2611;40;0.7;0.0
01;2021-02-03;225;3;2836;43;0.8;0.0
01;2021-02-04;302;23;3138;66;0.8;0.0
01;2021-02-05;278;33;3416;99;0.9;0.0
01;2021-02-06;49;1;3465;100;0.9;0.0
01;2021-02-07;0;0;3465;100;0.9;0.0
01;2021-02-08;256;22;3721;122;1.0;0.0
01;2021-02-09;316;28;4037;150;1.1;0.0
01;2021-02-10;245;29;4282;179;1.1;0.0
01;2021-02-11;297;111;4579;290;1.2;0.1
01;2021-02-12;288;27;4867;317;1.3;0.1
01;2021-02-13;50;7;4917;324;1.3;0.1
01;2021-02-14;19;36;4936;360;1.3;0.1
01;2021-02-15;85;46;5021;406;1.3;0.1
01;2021-02-16;16;1;5037;407;1.3;0.1
01;2021-02-17;17;1;5054;408;1.3;0.1
01;2021-02-18;246;16;5300;424;1.4;0.1
01;2021-02-19;245;21;5545;445;1.5;0.1
01;2021-02-20;49;0;5594;445;1.5;0.1
01;2021-02-21;1;0;5595;445;1.5;0.1
01;2021-02-22;182;65;5777;510;1.5;0.1
01;2021-02-23;199;74;5976;584;1.6;0.2
01;2021-02-24;336;126;6312;710;1.7;0.2
01;2021-02-25;378;81;6690;791;1.8;0.2
01;2021-02-26;224;84;6914;875;1.8;0.2
01;2021-02-27;65;0;6979;875;1.9;0.2
01;2021-02-28;1;0;6980;875;1.9;0.2
01;2021-03-01;172;82;7152;957;1.9;0.3
01;2021-03-02;274;134;7426;1091;2.0;0.3
01;2021-03-03;240;121;7666;1212;2.0;0.3
01;2021-03-04;328;85;7994;1297;2.1;0.3
01;2021-03-05;365;152;8359;1449;2.2;0.4
01;2021-03-06;599;9;8958;1458;2.4;0.4
01;2021-03-07;1;0;8959;1458;2.4;0.4
01;2021-03-08;319;140;9278;1598;2.5;0.4
01;2021-03-09;387;156;9665;1754;2.6;0.5
01;2021-03-10;424;163;10089;1917;2.7;0.5
01;2021-03-11;123;46;10212;1963;2.7;0.5
01;2021-03-12;506;228;10718;2191;2.8;0.6
01;2021-03-13;137;3;10855;2194;2.9;0.6
01;2021-03-14;14;23;10869;2217;2.9;0.6
01;2021-03-15;425;46;11294;2263;3.0;0.6
01;2021-03-16;485;84;11779;2347;3.1;0.6
01;2021-03-17;471;73;12250;2420;3.3;0.6
01;2021-03-18;583;85;12833;2505;3.4;0.7
01;2021-03-19;582;91;13415;2596;3.6;0.7
01;2021-03-20;177;19;13592;2615;3.6;0.7
01;2021-03-21;8;0;13600;2615;3.6;0.7
01;2021-03-22;358;88;13958;2703;3.7;0.7
01;2021-03-23;538;157;14496;2860;3.8;0.8
01;2021-03-24;472;109;14968;2969;4.0;0.8
01;2021-03-25;759;183;15727;3152;4.2;0.8
01;2021-03-26;644;123;16371;3275;4.3;0.9
01;2021-03-27;290;35;16661;3310;4.4;0.9
01;2021-03-28;24;2;16685;3312;4.4;0.9
01;2021-03-29;384;83;17069;3395;4.5;0.9
01;2021-03-30;624;164;17693;3559;4.7;0.9
01;2021-03-31;546;133;18239;3692;4.8;1.0
01;2021-04-01;660;198;18899;3890;5.0;1.0
01;2021-04-02;38;35;18937;3925;5.0;1.0
01;2021-04-03;58;2;18995;3927;5.0;1.0
01;2021-04-04;4;18;18999;3945;5.0;1.0
01;2021-04-05;13;0;19012;3945;5.0;1.0
01;2021-04-06;481;193;19493;4138;5.2;1.1
01;2021-04-07;579;118;20072;4256;5.3;1.1
01;2021-04-08;514;159;20586;4415;5.5;1.2
01;2021-04-09;490;210;21076;4625;5.6;1.2
01;2021-04-10;101;5;21177;4630;5.6;1.2
01;2021-04-11;8;12;21185;4642;5.6;1.2
01;2021-04-12;304;263;21489;4905;5.7;1.3
01;2021-04-13;555;325;22044;5230;5.8;1.4
01;2021-04-14;438;226;22482;5456;6.0;1.4
01;2021-04-15;553;312;23035;5768;6.1;1.5
01;2021-04-16;564;274;23599;6042;6.3;1.6
01;2021-04-17;211;4;23810;6046;6.3;1.6
01;2021-04-18;6;14;23816;6060;6.3;1.6
01;2021-04-19;404;243;24220;6303;6.4;1.7
01;2021-04-20;726;347;24946;6650;6.6;1.8
01;2021-04-21;625;316;25571;6966;6.8;1.8
01;2021-04-22;811;336;26382;7302;7.0;1.9
01;2021-04-23;846;250;27228;7552;7.2;2.0
01;2021-04-24;389;75;27617;7627;7.3;2.0
01;2021-04-25;601;64;28218;7691;7.5;2.0
01;2021-04-26;967;217;29185;7908;7.7;2.1
01;2021-04-27;708;236;29893;8144;7.9;2.2
01;2021-04-28;864;267;30757;8411;8.2;2.2
01;2021-04-29;1202;207;31959;8618;8.5;2.3
01;2021-04-30;1269;186;33228;8804;8.8;2.3
01;2021-05-01;604;42;33832;8846;9.0;2.3
01;2021-05-02;355;18;34187;8864;9.1;2.4
01;2021-05-03;920;188;35107;9052;9.3;2.4
01;2021-05-04;959;206;36066;9258;9.6;2.5
01;2021-05-05;1014;252;37080;9510;9.8;2.5
01;2021-05-06;1146;176;38226;9686;10.1;2.6
01;2021-05-07;1262;272;39488;9958;10.5;2.6
01;2021-05-08;322;36;39810;9994;10.6;2.7
01;2021-05-09;183;10;39993;10004;10.6;2.7
01;2021-05-10;840;217;40833;10221;10.8;2.7
01;2021-05-11;964;317;41797;10538;11.1;2.8
01;2021-05-12;907;325;42704;10863;11.3;2.9
01;2021-05-13;211;79;42915;10942;11.4;2.9
01;2021-05-14;862;275;43777;11217;11.6;3.0
01;2021-05-15;486;15;44263;11232;11.7;3.0
01;2021-05-16;182;36;44445;11268;11.8;3.0
01;2021-05-17;720;278;45165;11546;12.0;3.1
01;2021-05-18;743;389;45908;11935;12.2;3.2
01;2021-05-19;700;531;46608;12466;12.4;3.3
01;2021-05-20;807;378;47415;12844;12.6;3.4
01;2021-05-21;824;409;48239;13253;12.8;3.5
01;2021-05-22;504;216;48743;13469;12.9;3.6
01;2021-05-23;201;114;48944;13583;13.0;3.6
01;2021-05-24;201;174;49145;13757;13.0;3.7
01;2021-05-25;548;664;49693;14421;13.2;3.8
01;2021-05-26;595;493;50288;14914;13.3;4.0
01;2021-05-27;132;183;50420;15097;13.4;4.0
01;2021-05-28;518;528;50938;15625;13.5;4.1
01;2021-05-29;237;139;51175;15764;13.6;4.2
01;2021-05-30;75;113;51250;15877;13.6;4.2
01;2021-05-31;449;537;51699;16414;13.7;4.4
01;2021-06-01;592;710;52291;17124;13.9;4.5
01;2021-06-02;577;707;52868;17831;14.0;4.7
01;2021-06-03;507;563;53375;18394;14.2;4.9
01;2021-06-04;808;805;54183;19199;14.4;5.1
01;2021-06-05;317;645;54500;19844;14.5;5.3
01;2021-06-06;139;531;54639;20375;14.5;5.4
01;2021-06-07;420;783;55059;21158;14.6;5.6
01;2021-06-08;497;894;55556;22052;14.7;5.9
01;2021-06-09;503;862;56059;22914;14.9;6.1
01;2021-06-10;537;848;56596;23762;15.0;6.3
01;2021-06-11;467;1243;57063;25005;15.1;6.6
01;2021-06-12;299;659;57362;25664;15.2;6.8
01;2021-06-13;128;313;57490;25977;15.3;6.9
01;2021-06-14;372;3786;57862;29763;15.4;7.9
01;2021-06-15;483;2000;58345;31763;15.5;8.4
01;2021-06-16;478;1477;58823;33240;15.6;8.8
01;2021-06-17;431;1013;59254;34253;15.7;9.1
01;2021-06-18;480;1019;59734;35272;15.8;9.4
01;2021-06-19;316;509;60050;35781;15.9;9.5
01;2021-06-20;111;231;60161;36012;16.0;9.6
01;2021-06-21;336;679;60497;36691;16.1;9.7
01;2021-06-22;330;873;60827;37564;16.1;10.0
01;2021-06-23;368;891;61195;38455;16.2;10.2
01;2021-06-24;416;734;61611;39189;16.3;10.4
01;2021-06-25;453;761;62064;39950;16.5;10.6
01;2021-06-26;301;514;62365;40464;16.5;10.7
01;2021-06-27;116;149;62481;40613;16.6;10.8
01;2021-06-28;303;688;62784;41301;16.7;11.0
01;2021-06-29;382;783;63166;42084;16.8;11.2
01;2021-06-30;437;923;63603;43007;16.9;11.4
01;2021-07-01;361;650;63964;43657;17.0;11.6
01;2021-07-02;423;693;64387;44350;17.1;11.8
01;2021-07-03;275;466;64662;44816;17.2;11.9
01;2021-07-04;112;239;64774;45055;17.2;12.0
01;2021-07-05;328;510;65102;45565;17.3;12.1
01;2021-07-06;381;768;65483;46333;17.4;12.3
01;2021-07-07;377;844;65860;47177;17.5;12.5
01;2021-07-08;412;790;66272;47967;17.6;12.7
01;2021-07-09;432;795;66704;48762;17.7;12.9
01;2021-07-10;245;294;66949;49056;17.8;13.0
01;2021-07-11;170;136;67119;49192;17.8;13.1
01;2021-07-12;477;607;67596;49799;17.9;13.2
01;2021-07-13;864;1008;68460;50807;18.2;13.5
01;2021-07-14;473;282;68933;51089;18.3;13.6
01;2021-07-15;871;842;69804;51931;18.5;13.8
01;2021-07-16;1087;1038;70891;52969;18.8;14.1
01;2021-07-17;649;443;71540;53412;19.0;14.2
01;2021-07-18;400;217;71940;53629;19.1;14.2
01;2021-07-19;574;580;72514;54209;19.2;14.4
01;2021-07-20;825;733;73339;54942;19.5;14.6
01;2021-07-21;763;496;74102;55438;19.7;14.7
01;2021-07-22;975;871;75077;56309;19.9;14.9
01;2021-07-23;1017;757;76094;57066;20.2;15.1
01;2021-07-24;415;381;76509;57447;20.3;15.2
01;2021-07-25;248;259;76757;57706;20.4;15.3
01;2021-07-26;634;559;77391;58265;20.5;15.5
01;2021-07-27;830;577;78221;58842;20.8;15.6
01;2021-07-28;783;648;79004;59490;21.0;15.8
01;2021-07-29;894;659;79898;60149;21.2;16.0
01;2021-07-30;1291;748;81189;60897;21.5;16.2
01;2021-07-31;553;411;81742;61308;21.7;16.3
01;2021-08-01;308;247;82050;61555;21.8;16.3
01;2021-08-02;749;420;82799;61975;22.0;16.4
01;2021-08-03;717;669;83516;62644;22.2;16.6
01;2021-08-04;657;665;84173;63309;22.3;16.8
01;2021-08-05;617;581;84790;63890;22.5;17.0
01;2021-08-06;897;632;85687;64522;22.7;17.1
01;2021-08-07;447;391;86134;64913;22.9;17.2
01;2021-08-08;271;313;86405;65226;22.9;17.3
01;2021-08-09;581;586;86986;65812;23.1;17.5
01;2021-08-10;738;800;87724;66612;23.3;17.7
01;2021-08-11;917;788;88641;67400;23.5;17.9
01;2021-08-12;932;788;89573;68188;23.8;18.1
01;2021-08-13;889;438;90462;68626;24.0;18.2
01;2021-08-14;618;696;91080;69322;24.2;18.4
01;2021-08-15;435;410;91515;69732;24.3;18.5
01;2021-08-16;750;733;92265;70465;24.5;18.7
01;2021-08-17;860;866;93125;71331;24.7;18.9
01;2021-08-18;1215;957;94340;72288;25.0;19.2
01;2021-08-19;1260;917;95600;73205;25.4;19.4
01;2021-08-20;1446;1029;97046;74234;25.7;19.7
01;2021-08-21;697;508;97743;74742;25.9;19.8
01;2021-08-22;349;269;98092;75011;26.0;19.9
01;2021-08-23;791;616;98883;75627;26.2;20.1
02;2020-12-27;0;0;0;0;0.0;0.0
02;2020-12-28;0;0;0;0;0.0;0.0
02;2020-12-29;0;0;0;0;0.0;0.0
02;2020-12-30;0;0;0;0;0.0;0.0
02;2020-12-31;0;0;0;0;0.0;0.0
02;2021-01-01;0;0;0;0;0.0;0.0
02;2021-01-02;0;0;0;0;0.0;0.0
02;2021-01-03;0;0;0;0;0.0;0.0
02;2021-01-04;0;0;0;0;0.0;0.0
02;2021-01-05;0;0;0;0;0.0;0.0
02;2021-01-06;5;0;5;0;0.0;0.0
02;2021-01-07;31;0;36;0;0.0;0.0
02;2021-01-08;90;1;126;1;0.0;0.0
02;2021-01-09;20;0;146;1;0.0;0.0
02;2021-01-10;0;0;146;1;0.0;0.0
02;2021-01-11;122;0;268;1;0.1;0.0
02;2021-01-12;79;0;347;1;0.1;0.0
02;2021-01-13;65;0;412;1;0.1;0.0
02;2021-01-14;88;1;500;2;0.1;0.0
02;2021-01-15;164;0;664;2;0.2;0.0
02;2021-01-16;51;0;715;2;0.2;0.0
02;2021-01-17;0;0;715;2;0.2;0.0
02;2021-01-18;158;0;873;2;0.2;0.0
02;2021-01-19;168;1;1041;3;0.3;0.0
02;2021-01-20;170;0;1211;3;0.3;0.0
02;2021-01-21;181;2;1392;5;0.4;0.0
02;2021-01-22;173;0;1565;5;0.4;0.0
02;2021-01-23;58;0;1623;5;0.5;0.0
02;2021-01-24;0;0;1623;5;0.5;0.0
02;2021-01-25;161;0;1784;5;0.5;0.0
02;2021-01-26;137;1;1921;6;0.5;0.0
02;2021-01-27;163;5;2084;11;0.6;0.0
02;2021-01-28;152;12;2236;23;0.6;0.0
02;2021-01-29;143;41;2379;64;0.7;0.0
02;2021-01-30;96;16;2475;80;0.7;0.0
02;2021-01-31;0;0;2475;80;0.7;0.0
02;2021-02-01;119;73;2594;153;0.7;0.0
02;2021-02-02;184;96;2778;249;0.8;0.1
02;2021-02-03;132;78;2910;327;0.8;0.1
02;2021-02-04;160;71;3070;398;0.9;0.1
02;2021-02-05;123;96;3193;494;0.9;0.1
02;2021-02-06;62;26;3255;520;0.9;0.1
02;2021-02-07;1;0;3256;520;0.9;0.1
02;2021-02-08;137;79;3393;599;0.9;0.2
02;2021-02-09;176;77;3569;676;1.0;0.2
02;2021-02-10;153;90;3722;766;1.0;0.2
02;2021-02-11;150;101;3872;867;1.1;0.2
02;2021-02-12;148;130;4020;997;1.1;0.3
02;2021-02-13;47;37;4067;1034;1.1;0.3
02;2021-02-14;0;0;4067;1034;1.1;0.3
02;2021-02-15;51;67;4118;1101;1.1;0.3
02;2021-02-16;0;1;4118;1102;1.1;0.3
02;2021-02-17;1;3;4119;1105;1.1;0.3
02;2021-02-18;69;127;4188;1232;1.2;0.3
02;2021-02-19;69;131;4257;1363;1.2;0.4
02;2021-02-20;48;68;4305;1431;1.2;0.4
02;2021-02-21;0;0;4305;1431;1.2;0.4
02;2021-02-22;102;60;4407;1491;1.2;0.4
02;2021-02-23;113;237;4520;1728;1.3;0.5
02;2021-02-24;106;221;4626;1949;1.3;0.5
02;2021-02-25;93;150;4719;2099;1.3;0.6
02;2021-02-26;132;168;4851;2267;1.4;0.6
02;2021-02-27;69;52;4920;2319;1.4;0.6
02;2021-02-28;0;0;4920;2319;1.4;0.6
02;2021-03-01;137;144;5057;2463;1.4;0.7
02;2021-03-02;158;79;5215;2542;1.5;0.7
02;2021-03-03;179;145;5394;2687;1.5;0.7
02;2021-03-04;152;135;5546;2822;1.5;0.8
02;2021-03-05;238;128;5784;2950;1.6;0.8
02;2021-03-06;119;58;5903;3008;1.6;0.8
02;2021-03-07;100;3;6003;3011;1.7;0.8
02;2021-03-08;196;133;6199;3144;1.7;0.9
02;2021-03-09;283;100;6482;3244;1.8;0.9
02;2021-03-10;322;134;6804;3378;1.9;0.9
02;2021-03-11;336;81;7140;3459;2.0;1.0
02;2021-03-12;413;55;7553;3514;2.1;1.0
02;2021-03-13;155;21;7708;3535;2.1;1.0
02;2021-03-14;4;1;7712;3536;2.1;1.0
02;2021-03-15;277;90;7989;3626;2.2;1.0
02;2021-03-16;305;56;8294;3682;2.3;1.0
02;2021-03-17;388;48;8682;3730;2.4;1.0
02;2021-03-18;435;44;9117;3774;2.5;1.1
02;2021-03-19;401;63;9518;3837;2.7;1.1
02;2021-03-20;149;48;9667;3885;2.7;1.1
02;2021-03-21;25;1;9692;3886;2.7;1.1
02;2021-03-22;362;118;10054;4004;2.8;1.1
02;2021-03-23;403;122;10457;4126;2.9;1.2
02;2021-03-24;429;108;10886;4234;3.0;1.2
02;2021-03-25;485;99;11371;4333;3.2;1.2
02;2021-03-26;634;102;12005;4435;3.3;1.2
02;2021-03-27;154;71;12159;4506;3.4;1.3
02;2021-03-28;81;2;12240;4508;3.4;1.3
02;2021-03-29;422;164;12662;4672;3.5;1.3
02;2021-03-30;469;244;13131;4916;3.7;1.4
02;2021-03-31;1150;192;14281;5108;4.0;1.4
02;2021-04-01;955;172;15236;5280;4.2;1.5
02;2021-04-02;895;14;16131;5294;4.5;1.5
02;2021-04-03;788;55;16919;5349;4.7;1.5
02;2021-04-04;751;13;17670;5362;4.9;1.5
02;2021-04-05;829;45;18499;5407;5.2;1.5
02;2021-04-06;885;136;19384;5543;5.4;1.5
02;2021-04-07;1436;326;20820;5869;5.8;1.6
02;2021-04-08;1308;271;22128;6140;6.2;1.7
02;2021-04-09;1240;316;23368;6456;6.5;1.8
02;2021-04-10;838;165;24206;6621;6.7;1.8
02;2021-04-11;620;14;24826;6635;6.9;1.8
02;2021-04-12;867;317;25693;6952;7.2;1.9
02;2021-04-13;881;327;26574;7279;7.4;2.0
02;2021-04-14;960;321;27534;7600;7.7;2.1
02;2021-04-15;959;298;28493;7898;7.9;2.2
02;2021-04-16;995;300;29488;8198;8.2;2.3
02;2021-04-17;530;161;30018;8359;8.4;2.3
02;2021-04-18;339;56;30357;8415;8.5;2.3
02;2021-04-19;668;343;31025;8758;8.6;2.4
02;2021-04-20;868;309;31893;9067;8.9;2.5
02;2021-04-21;1002;354;32895;9421;9.2;2.6
02;2021-04-22;605;312;33500;9733;9.3;2.7
02;2021-04-23;613;465;34113;10198;9.5;2.8
02;2021-04-24;363;197;34476;10395;9.6;2.9
02;2021-04-25;168;199;34644;10594;9.7;3.0
02;2021-04-26;516;541;35160;11135;9.8;3.1
02;2021-04-27;568;608;35728;11743;10.0;3.3
02;2021-04-28;448;691;36176;12434;10.1;3.5
02;2021-04-29;653;642;36829;13076;10.3;3.6
02;2021-04-30;771;687;37600;13763;10.5;3.8
02;2021-05-01;244;246;37844;14009;10.5;3.9
02;2021-05-02;227;513;38071;14522;10.6;4.0
02;2021-05-03;569;771;38640;15293;10.8;4.3
02;2021-05-04;526;678;39166;15971;10.9;4.5
02;2021-05-05;548;896;39714;16867;11.1;4.7
02;2021-05-06;546;785;40260;17652;11.2;4.9
02;2021-05-07;629;1014;40889;18666;11.4;5.2
02;2021-05-08;226;526;41115;19192;11.5;5.3
02;2021-05-09;172;506;41287;19698;11.5;5.5
02;2021-05-10;519;856;41806;20554;11.7;5.7
02;2021-05-11;476;871;42282;21425;11.8;6.0
02;2021-05-12;559;910;42841;22335;11.9;6.2
02;2021-05-13;274;533;43115;22868;12.0;6.4
02;2021-05-14;389;752;43504;23620;12.1;6.6
02;2021-05-15;233;578;43737;24198;12.2;6.7
02;2021-05-16;155;442;43892;24640;12.2;6.9
02;2021-05-17;474;753;44366;25393;12.4;7.1
02;2021-05-18;446;680;44812;26073;12.5;7.3
02;2021-05-19;453;743;45265;26816;12.6;7.5
02;2021-05-20;594;500;45859;27316;12.8;7.6
02;2021-05-21;545;704;46404;28020;12.9;7.8
02;2021-05-22;186;364;46590;28384;13.0;7.9
02;2021-05-23;111;182;46701;28566;13.0;8.0
02;2021-05-24;136;241;46837;28807;13.1;8.0
02;2021-05-25;351;698;47188;29505;13.2;8.2
02;2021-05-26;382;714;47570;30219;13.3;8.4
02;2021-05-27;270;647;47840;30866;13.3;8.6
02;2021-05-28;279;816;48119;31682;13.4;8.8
02;2021-05-29;154;513;48273;32195;13.5;9.0
02;2021-05-30;17;33;48290;32228;13.5;9.0
02;2021-05-31;347;682;48637;32910;13.6;9.2
02;2021-06-01;300;547;48937;33457;13.6;9.3
02;2021-06-02;325;575;49262;34032;13.7;9.5
02;2021-06-03;247;425;49509;34457;13.8;9.6
02;2021-06-04;350;643;49859;35100;13.9;9.8
02;2021-06-05;260;373;50119;35473;14.0;9.9
02;2021-06-06;25;32;50144;35505;14.0;9.9
02;2021-06-07;260;736;50404;36241;14.0;10.1
02;2021-06-08;256;589;50660;36830;14.1;10.3
02;2021-06-09;303;699;50963;37529;14.2;10.5
02;2021-06-10;307;453;51270;37982;14.3;10.6
02;2021-06-11;361;534;51631;38516;14.4;10.7
02;2021-06-12;246;322;51877;38838;14.5;10.8
02;2021-06-13;32;29;51909;38867;14.5;10.8
02;2021-06-14;367;551;52276;39418;14.6;11.0
02;2021-06-15;410;488;52686;39906;14.7;11.1
02;2021-06-16;436;436;53122;40342;14.8;11.2
02;2021-06-17;355;576;53477;40918;14.9;11.4
02;2021-06-18;458;538;53935;41456;15.0;11.6
02;2021-06-19;225;196;54160;41652;15.1;11.6
02;2021-06-20;25;17;54185;41669;15.1;11.6
02;2021-06-21;332;581;54517;42250;15.2;11.8
02;2021-06-22;297;464;54814;42714;15.3;11.9
02;2021-06-23;425;562;55239;43276;15.4;12.1
02;2021-06-24;327;437;55566;43713;15.5;12.2
02;2021-06-25;313;387;55879;44100;15.6;12.3
02;2021-06-26;221;201;56100;44301;15.6;12.3
02;2021-06-27;16;23;56116;44324;15.6;12.4
02;2021-06-28;337;425;56453;44749;15.7;12.5
02;2021-06-29;329;431;56782;45180;15.8;12.6
02;2021-06-30;441;421;57223;45601;16.0;12.7
02;2021-07-01;350;393;57573;45994;16.0;12.8
02;2021-07-02;124;201;57697;46195;16.1;12.9
02;2021-07-03;100;118;57797;46313;16.1;12.9
02;2021-07-04;24;36;57821;46349;16.1;12.9
02;2021-07-05;494;580;58315;46929;16.3;13.1
02;2021-07-06;486;428;58801;47357;16.4;13.2
02;2021-07-07;611;493;59412;47850;16.6;13.3
02;2021-07-08;494;422;59906;48272;16.7;13.5
02;2021-07-09;626;582;60532;48854;16.9;13.6
02;2021-07-10;404;308;60936;49162;17.0;13.7
02;2021-07-11;52;38;60988;49200;17.0;13.7
02;2021-07-12;847;698;61835;49898;17.2;13.9
02;2021-07-13;1472;710;63307;50608;17.6;14.1
02;2021-07-14;133;63;63440;50671;17.7;14.1
02;2021-07-15;1604;680;65044;51351;18.1;14.3
02;2021-07-16;1638;656;66682;52007;18.6;14.5
02;2021-07-17;1096;369;67778;52376;18.9;14.6
02;2021-07-18;56;39;67834;52415;18.9;14.6
02;2021-07-19;1142;653;68976;53068;19.2;14.8
02;2021-07-20;1131;576;70107;53644;19.5;15.0
02;2021-07-21;1093;596;71200;54240;19.8;15.1
02;2021-07-22;904;519;72104;54759;20.1;15.3
02;2021-07-23;957;483;73061;55242;20.4;15.4
02;2021-07-24;500;223;73561;55465;20.5;15.5
02;2021-07-25;51;63;73612;55528;20.5;15.5
02;2021-07-26;685;519;74297;56047;20.7;15.6
02;2021-07-27;1023;511;75320;56558;21.0;15.8
02;2021-07-28;635;563;75955;57121;21.2;15.9
02;2021-07-29;836;543;76791;57664;21.4;16.1
02;2021-07-30;892;618;77683;58282;21.7;16.2
02;2021-07-31;556;271;78239;58553;21.8;16.3
02;2021-08-01;82;33;78321;58586;21.8;16.3
02;2021-08-02;805;812;79126;59398;22.1;16.6
02;2021-08-03;725;741;79851;60139;22.3;16.8
02;2021-08-04;758;567;80609;60706;22.5;16.9
02;2021-08-05;902;590;81511;61296;22.7;17.1
02;2021-08-06;1176;893;82687;62189;23.0;17.3
02;2021-08-07;667;570;83354;62759;23.2;17.5
02;2021-08-08;84;83;83438;62842;23.3;17.5
02;2021-08-09;1120;1064;84558;63906;23.6;17.8
02;2021-08-10;1188;1041;85746;64947;23.9;18.1
02;2021-08-11;1231;920;86977;65867;24.2;18.4
02;2021-08-12;1445;926;88422;66793;24.6;18.6
02;2021-08-13;1273;633;89695;67426;25.0;18.8
02;2021-08-14;757;315;90452;67741;25.2;18.9
02;2021-08-15;70;55;90522;67796;25.2;18.9
02;2021-08-16;1263;1038;91785;68834;25.6;19.2
02;2021-08-17;1153;1182;92938;70016;25.9;19.5
02;2021-08-18;1217;1173;94155;71189;26.2;19.8
02;2021-08-19;1217;888;95372;72077;26.6;20.1
02;2021-08-20;1309;889;96681;72966;26.9;20.3
02;2021-08-21;743;622;97424;73588;27.2;20.5
02;2021-08-22;46;81;97470;73669;27.2;20.5
02;2021-08-23;1109;854;98579;74523;27.5;20.8
03;2020-12-27;0;0;0;0;0.0;0.0
03;2020-12-28;0;0;0;0;0.0;0.0
03;2020-12-29;0;0;0;0;0.0;0.0
03;2020-12-30;0;0;0;0;0.0;0.0
03;2020-12-31;0;0;0;0;0.0;0.0
03;2021-01-01;0;0;0;0;0.0;0.0
03;2021-01-02;2;2;2;2;0.0;0.0
03;2021-01-03;0;0;2;2;0.0;0.0
03;2021-01-04;0;0;2;2;0.0;0.0
03;2021-01-05;0;0;2;2;0.0;0.0
03;2021-01-06;0;0;2;2;0.0;0.0
03;2021-01-07;0;0;2;2;0.0;0.0
03;2021-01-08;0;0;2;2;0.0;0.0
03;2021-01-09;0;0;2;2;0.0;0.0
03;2021-01-10;0;0;2;2;0.0;0.0
03;2021-01-11;0;0;2;2;0.0;0.0
03;2021-01-12;0;0;2;2;0.0;0.0
03;2021-01-13;30;0;32;2;0.0;0.0
03;2021-01-14;46;0;78;2;0.0;0.0
03;2021-01-15;35;0;113;2;0.0;0.0
03;2021-01-16;18;1;131;3;0.0;0.0
03;2021-01-17;0;0;131;3;0.0;0.0
03;2021-01-18;63;0;194;3;0.1;0.0
03;2021-01-19;150;1;344;4;0.1;0.0
03;2021-01-20;134;0;478;4;0.2;0.0
03;2021-01-21;118;0;596;4;0.2;0.0
03;2021-01-22;76;0;672;4;0.2;0.0
03;2021-01-23;0;0;672;4;0.2;0.0
03;2021-01-24;0;0;672;4;0.2;0.0
03;2021-01-25;56;0;728;4;0.3;0.0
03;2021-01-26;100;2;828;6;0.3;0.0
03;2021-01-27;109;1;937;7;0.3;0.0
03;2021-01-28;96;3;1033;10;0.4;0.0
03;2021-01-29;104;3;1137;13;0.4;0.0
03;2021-01-30;0;0;1137;13;0.4;0.0
03;2021-01-31;0;0;1137;13;0.4;0.0
03;2021-02-01;54;0;1191;13;0.4;0.0
03;2021-02-02;122;4;1313;17;0.5;0.0
03;2021-02-03;119;7;1432;24;0.5;0.0
03;2021-02-04;79;26;1511;50;0.5;0.0
03;2021-02-05;66;8;1577;58;0.5;0.0
03;2021-02-06;0;0;1577;58;0.5;0.0
03;2021-02-07;0;0;1577;58;0.5;0.0
03;2021-02-08;52;12;1629;70;0.6;0.0
03;2021-02-09;92;39;1721;109;0.6;0.0
03;2021-02-10;101;41;1822;150;0.6;0.1
03;2021-02-11;105;93;1927;243;0.7;0.1
03;2021-02-12;88;64;2015;307;0.7;0.1
03;2021-02-13;0;0;2015;307;0.7;0.1
03;2021-02-14;0;0;2015;307;0.7;0.1
03;2021-02-15;27;65;2042;372;0.7;0.1
03;2021-02-16;123;54;2165;426;0.7;0.1
03;2021-02-17;145;120;2310;546;0.8;0.2
03;2021-02-18;103;141;2413;687;0.8;0.2
03;2021-02-19;122;74;2535;761;0.9;0.3
03;2021-02-20;0;0;2535;761;0.9;0.3
03;2021-02-21;0;0;2535;761;0.9;0.3
03;2021-02-22;78;48;2613;809;0.9;0.3
03;2021-02-23;158;102;2771;911;1.0;0.3
03;2021-02-24;190;123;2961;1034;1.0;0.4
03;2021-02-25;259;92;3220;1126;1.1;0.4
03;2021-02-26;264;70;3484;1196;1.2;0.4
03;2021-02-27;120;1;3604;1197;1.2;0.4
03;2021-02-28;0;0;3604;1197;1.2;0.4
03;2021-03-01;182;87;3786;1284;1.3;0.4
03;2021-03-02;255;108;4041;1392;1.4;0.5
03;2021-03-03;255;132;4296;1524;1.5;0.5
03;2021-03-04;281;83;4577;1607;1.6;0.6
03;2021-03-05;274;48;4851;1655;1.7;0.6
03;2021-03-06;118;2;4969;1657;1.7;0.6
03;2021-03-07;0;0;4969;1657;1.7;0.6
03;2021-03-08;188;41;5157;1698;1.8;0.6
03;2021-03-09;350;93;5507;1791;1.9;0.6
03;2021-03-10;359;105;5866;1896;2.0;0.7
03;2021-03-11;270;112;6136;2008;2.1;0.7
03;2021-03-12;287;91;6423;2099;2.2;0.7
03;2021-03-13;112;4;6535;2103;2.2;0.7
03;2021-03-14;0;0;6535;2103;2.2;0.7
03;2021-03-15;181;27;6716;2130;2.3;0.7
03;2021-03-16;243;139;6959;2269;2.4;0.8
03;2021-03-17;274;129;7233;2398;2.5;0.8
03;2021-03-18;249;155;7482;2553;2.6;0.9
03;2021-03-19;283;129;7765;2682;2.7;0.9
03;2021-03-20;259;17;8024;2699;2.8;0.9
03;2021-03-21;119;2;8143;2701;2.8;0.9
03;2021-03-22;219;110;8362;2811;2.9;1.0
03;2021-03-23;275;194;8637;3005;3.0;1.0
03;2021-03-24;235;215;8872;3220;3.1;1.1
03;2021-03-25;168;180;9040;3400;3.1;1.2
03;2021-03-26;189;308;9229;3708;3.2;1.3
03;2021-03-27;58;94;9287;3802;3.2;1.3
03;2021-03-28;0;0;9287;3802;3.2;1.3
03;2021-03-29;175;248;9462;4050;3.3;1.4
03;2021-03-30;445;237;9907;4287;3.4;1.5
03;2021-03-31;320;293;10227;4580;3.5;1.6
03;2021-04-01;446;261;10673;4841;3.7;1.7
03;2021-04-02;307;279;10980;5120;3.8;1.8
03;2021-04-03;153;121;11133;5241;3.8;1.8
03;2021-04-04;1;0;11134;5241;3.8;1.8
03;2021-04-05;118;14;11252;5255;3.9;1.8
03;2021-04-06;438;335;11690;5590;4.0;1.9
03;2021-04-07;503;345;12193;5935;4.2;2.0
03;2021-04-08;514;269;12707;6204;4.4;2.1
03;2021-04-09;497;226;13204;6430;4.5;2.2
03;2021-04-10;146;90;13350;6520;4.6;2.2
03;2021-04-11;2;0;13352;6520;4.6;2.2
03;2021-04-12;551;268;13903;6788;4.8;2.3
03;2021-04-13;673;244;14576;7032;5.0;2.4
03;2021-04-14;721;314;15297;7346;5.3;2.5
03;2021-04-15;777;247;16074;7593;5.5;2.6
03;2021-04-16;760;301;16834;7894;5.8;2.7
03;2021-04-17;499;135;17333;8029;6.0;2.8
03;2021-04-18;499;46;17832;8075;6.1;2.8
03;2021-04-19;714;251;18546;8326;6.4;2.9
03;2021-04-20;607;280;19153;8606;6.6;3.0
03;2021-04-21;874;251;20027;8857;6.9;3.0
03;2021-04-22;728;231;20755;9088;7.1;3.1
03;2021-04-23;705;232;21460;9320;7.4;3.2
03;2021-04-24;524;97;21984;9417;7.6;3.2
03;2021-04-25;611;50;22595;9467;7.8;3.3
03;2021-04-26;780;232;23375;9699;8.0;3.3
03;2021-04-27;819;345;24194;10044;8.3;3.5
03;2021-04-28;745;332;24939;10376;8.6;3.6
03;2021-04-29;664;285;25603;10661;8.8;3.7
03;2021-04-30;710;261;26313;10922;9.1;3.8
03;2021-05-01;211;27;26524;10949;9.1;3.8
03;2021-05-02;602;85;27126;11034;9.3;3.8
03;2021-05-03;556;391;27682;11425;9.5;3.9
03;2021-05-04;666;325;28348;11750;9.8;4.0
03;2021-05-05;700;450;29048;12200;10.0;4.2
03;2021-05-06;694;475;29742;12675;10.2;4.4
03;2021-05-07;595;473;30337;13148;10.4;4.5
03;2021-05-08;343;59;30680;13207;10.6;4.5
03;2021-05-09;263;72;30943;13279;10.6;4.6
03;2021-05-10;440;612;31383;13891;10.8;4.8
03;2021-05-11;398;497;31781;14388;10.9;4.9
03;2021-05-12;513;648;32294;15036;11.1;5.2
03;2021-05-13;334;98;32628;15134;11.2;5.2
03;2021-05-14;486;555;33114;15689;11.4;5.4
03;2021-05-15;258;348;33372;16037;11.5;5.5
03;2021-05-16;207;210;33579;16247;11.6;5.6
03;2021-05-17;447;600;34026;16847;11.7;5.8
03;2021-05-18;563;568;34589;17415;11.9;6.0
03;2021-05-19;534;553;35123;17968;12.1;6.2
03;2021-05-20;642;452;35765;18420;12.3;6.3
03;2021-05-21;502;609;36267;19029;12.5;6.5
03;2021-05-22;167;501;36434;19530;12.5;6.7
03;2021-05-23;271;474;36705;20004;12.6;6.9
03;2021-05-24;562;248;37267;20252;12.8;7.0
03;2021-05-25;500;744;37767;20996;13.0;7.2
03;2021-05-26;449;683;38216;21679;13.1;7.5
03;2021-05-27;707;525;38923;22204;13.4;7.6
03;2021-05-28;580;553;39503;22757;13.6;7.8
03;2021-05-29;257;360;39760;23117;13.7;8.0
03;2021-05-30;151;399;39911;23516;13.7;8.1
03;2021-05-31;356;574;40267;24090;13.9;8.3
03;2021-06-01;421;466;40688;24556;14.0;8.4
03;2021-06-02;562;555;41250;25111;14.2;8.6
03;2021-06-03;525;470;41775;25581;14.4;8.8
03;2021-06-04;599;495;42374;26076;14.6;9.0
03;2021-06-05;273;292;42647;26368;14.7;9.1
03;2021-06-06;211;301;42858;26669;14.7;9.2
03;2021-06-07;488;452;43346;27121;14.9;9.3
03;2021-06-08;546;313;43892;27434;15.1;9.4
03;2021-06-09;520;389;44412;27823;15.3;9.6
03;2021-06-10;357;291;44769;28114;15.4;9.7
03;2021-06-11;434;467;45203;28581;15.6;9.8
03;2021-06-12;170;283;45373;28864;15.6;9.9
03;2021-06-13;214;268;45587;29132;15.7;10.0
03;2021-06-14;377;549;45964;29681;15.8;10.2
03;2021-06-15;376;444;46340;30125;15.9;10.4
03;2021-06-16;486;459;46826;30584;16.1;10.5
03;2021-06-17;436;579;47262;31163;16.3;10.7
03;2021-06-18;394;565;47656;31728;16.4;10.9
03;2021-06-19;235;260;47891;31988;16.5;11.0
03;2021-06-20;127;270;48018;32258;16.5;11.1
03;2021-06-21;331;603;48349;32861;16.6;11.3
03;2021-06-22;370;462;48719;33323;16.8;11.5
03;2021-06-23;341;538;49060;33861;16.9;11.6
03;2021-06-24;442;500;49502;34361;17.0;11.8
03;2021-06-25;443;556;49945;34917;17.2;12.0
03;2021-06-26;172;320;50117;35237;17.2;12.1
03;2021-06-27;121;170;50238;35407;17.3;12.2
03;2021-06-28;316;593;50554;36000;17.4;12.4
03;2021-06-29;378;507;50932;36507;17.5;12.6
03;2021-06-30;405;680;51337;37187;17.7;12.8
03;2021-07-01;422;399;51759;37586;17.8;12.9
03;2021-07-02;489;524;52248;38110;18.0;13.1
03;2021-07-03;209;274;52457;38384;18.0;13.2
03;2021-07-04;86;243;52543;38627;18.1;13.3
03;2021-07-05;360;547;52903;39174;18.2;13.5
03;2021-07-06;348;472;53251;39646;18.3;13.6
03;2021-07-07;347;415;53598;40061;18.4;13.8
03;2021-07-08;298;329;53896;40390;18.5;13.9
03;2021-07-09;388;435;54284;40825;18.7;14.0
03;2021-07-10;166;277;54450;41102;18.7;14.1
03;2021-07-11;102;163;54552;41265;18.8;14.2
03;2021-07-12;398;497;54950;41762;18.9;14.4
03;2021-07-13;668;559;55618;42321;19.1;14.6
03;2021-07-14;389;162;56007;42483;19.3;14.6
03;2021-07-15;647;527;56654;43010;19.5;14.8
03;2021-07-16;592;486;57246;43496;19.7;15.0
03;2021-07-17;346;284;57592;43780;19.8;15.1
03;2021-07-18;252;123;57844;43903;19.9;15.1
03;2021-07-19;516;457;58360;44360;20.1;15.3
03;2021-07-20;554;492;58914;44852;20.3;15.4
03;2021-07-21;633;397;59547;45249;20.5;15.6
03;2021-07-22;651;450;60198;45699;20.7;15.7
03;2021-07-23;590;367;60788;46066;20.9;15.8
03;2021-07-24;327;240;61115;46306;21.0;15.9
03;2021-07-25;165;110;61280;46416;21.1;16.0
03;2021-07-26;428;345;61708;46761;21.2;16.1
03;2021-07-27;473;356;62181;47117;21.4;16.2
03;2021-07-28;388;371;62569;47488;21.5;16.3
03;2021-07-29;471;428;63040;47916;21.7;16.5
03;2021-07-30;440;404;63480;48320;21.8;16.6
03;2021-07-31;204;163;63684;48483;21.9;16.7
03;2021-08-01;139;132;63823;48615;22.0;16.7
03;2021-08-02;382;430;64205;49045;22.1;16.9
03;2021-08-03;411;402;64616;49447;22.2;17.0
03;2021-08-04;281;372;64897;49819;22.3;17.1
03;2021-08-05;319;355;65216;50174;22.4;17.3
03;2021-08-06;329;519;65545;50693;22.5;17.4
03;2021-08-07;161;267;65706;50960;22.6;17.5
03;2021-08-08;114;177;65820;51137;22.6;17.6
03;2021-08-09;314;471;66134;51608;22.8;17.8
03;2021-08-10;331;514;66465;52122;22.9;17.9
03;2021-08-11;513;508;66978;52630;23.0;18.1
03;2021-08-12;496;579;67474;53209;23.2;18.3
03;2021-08-13;334;232;67808;53441;23.3;18.4
03;2021-08-14;253;400;68061;53841;23.4;18.5
03;2021-08-15;121;139;68182;53980;23.5;18.6
03;2021-08-16;290;469;68472;54449;23.6;18.7
03;2021-08-17;343;396;68815;54845;23.7;18.9
03;2021-08-18;286;439;69101;55284;23.8;19.0
03;2021-08-19;317;477;69418;55761;23.9;19.2
03;2021-08-20;301;398;69719;56159;24.0;19.3
03;2021-08-21;159;256;69878;56415;24.0;19.4
03;2021-08-22;114;182;69992;56597;24.1;19.5
03;2021-08-23;255;374;70247;56971;24.2;19.6
04;2020-12-27;0;0;0;0;0.0;0.0
04;2020-12-28;0;0;0;0;0.0;0.0
04;2020-12-29;0;0;0;0;0.0;0.0
04;2020-12-30;0;0;0;0;0.0;0.0
04;2020-12-31;0;0;0;0;0.0;0.0
04;2021-01-01;1;0;1;0;0.0;0.0
04;2021-01-02;0;0;1;0;0.0;0.0
04;2021-01-03;0;0;1;0;0.0;0.0
04;2021-01-04;0;0;1;0;0.0;0.0
04;2021-01-05;2;0;3;0;0.0;0.0
04;2021-01-06;0;0;3;0;0.0;0.0
04;2021-01-07;0;0;3;0;0.0;0.0
04;2021-01-08;0;0;3;0;0.0;0.0
04;2021-01-09;1;0;4;0;0.0;0.0
04;2021-01-10;0;0;4;0;0.0;0.0
04;2021-01-11;0;0;4;0;0.0;0.0
04;2021-01-12;0;0;4;0;0.0;0.0
04;2021-01-13;0;0;4;0;0.0;0.0
04;2021-01-14;0;0;4;0;0.0;0.0
04;2021-01-15;333;0;337;0;0.0;0.0
04;2021-01-16;27;0;364;0;0.0;0.0
04;2021-01-17;0;0;364;0;0.0;0.0
04;2021-01-18;49;1;413;1;0.0;0.0
04;2021-01-19;393;0;806;1;0.1;0.0
04;2021-01-20;482;1;1288;2;0.1;0.0
04;2021-01-21;614;2;1902;4;0.2;0.0
04;2021-01-22;414;1;2316;5;0.3;0.0
04;2021-01-23;75;0;2391;5;0.3;0.0
04;2021-01-24;0;0;2391;5;0.3;0.0
04;2021-01-25;273;2;2664;7;0.3;0.0
04;2021-01-26;429;0;3093;7;0.4;0.0
04;2021-01-27;316;0;3409;7;0.4;0.0
04;2021-01-28;409;0;3818;7;0.4;0.0
04;2021-01-29;422;3;4240;10;0.5;0.0
04;2021-01-30;421;1;4661;11;0.5;0.0
04;2021-01-31;0;0;4661;11;0.5;0.0
04;2021-02-01;373;4;5034;15;0.6;0.0
04;2021-02-02;500;4;5534;19;0.6;0.0
04;2021-02-03;602;14;6136;33;0.7;0.0
04;2021-02-04;628;21;6764;54;0.8;0.0
04;2021-02-05;564;97;7328;151;0.9;0.0
04;2021-02-06;501;5;7829;156;0.9;0.0
04;2021-02-07;0;8;7829;164;0.9;0.0
04;2021-02-08;470;34;8299;198;1.0;0.0
04;2021-02-09;787;93;9086;291;1.1;0.0
04;2021-02-10;820;87;9906;378;1.2;0.0
04;2021-02-11;796;88;10702;466;1.2;0.1
04;2021-02-12;638;93;11340;559;1.3;0.1
04;2021-02-13;653;75;11993;634;1.4;0.1
04;2021-02-14;1;0;11994;634;1.4;0.1
04;2021-02-15;526;126;12520;760;1.5;0.1
04;2021-02-16;651;533;13171;1293;1.5;0.2
04;2021-02-17;592;326;13763;1619;1.6;0.2
04;2021-02-18;494;408;14257;2027;1.7;0.2
04;2021-02-19;497;319;14754;2346;1.7;0.3
04;2021-02-20;577;117;15331;2463;1.8;0.3
04;2021-02-21;0;0;15331;2463;1.8;0.3
04;2021-02-22;403;236;15734;2699;1.8;0.3
04;2021-02-23;607;240;16341;2939;1.9;0.3
04;2021-02-24;584;251;16925;3190;2.0;0.4
04;2021-02-25;648;295;17573;3485;2.0;0.4
04;2021-02-26;485;470;18058;3955;2.1;0.5
04;2021-02-27;384;467;18442;4422;2.1;0.5
04;2021-02-28;0;0;18442;4422;2.1;0.5
04;2021-03-01;293;385;18735;4807;2.2;0.6
04;2021-03-02;486;502;19221;5309;2.2;0.6
04;2021-03-03;757;537;19978;5846;2.3;0.7
04;2021-03-04;777;492;20755;6338;2.4;0.7
04;2021-03-05;729;522;21484;6860;2.5;0.8
04;2021-03-06;812;525;22296;7385;2.6;0.9
04;2021-03-07;0;0;22296;7385;2.6;0.9
04;2021-03-08;436;555;22732;7940;2.6;0.9
04;2021-03-09;671;770;23403;8710;2.7;1.0
04;2021-03-10;643;836;24046;9546;2.8;1.1
04;2021-03-11;701;628;24747;10174;2.9;1.2
04;2021-03-12;731;654;25478;10828;3.0;1.3
04;2021-03-13;669;600;26147;11428;3.0;1.3
04;2021-03-14;2;0;26149;11428;3.0;1.3
04;2021-03-15;507;494;26656;11922;3.1;1.4
04;2021-03-16;681;691;27337;12613;3.2;1.5
04;2021-03-17;848;529;28185;13142;3.3;1.5
04;2021-03-18;1022;512;29207;13654;3.4;1.6
04;2021-03-19;786;529;29993;14183;3.5;1.6
04;2021-03-20;578;594;30571;14777;3.6;1.7
04;2021-03-21;0;0;30571;14777;3.6;1.7
04;2021-03-22;566;467;31137;15244;3.6;1.8
04;2021-03-23;780;636;31917;15880;3.7;1.8
04;2021-03-24;792;644;32709;16524;3.8;1.9
04;2021-03-25;933;539;33642;17063;3.9;2.0
04;2021-03-26;922;451;34564;17514;4.0;2.0
04;2021-03-27;782;336;35346;17850;4.1;2.1
04;2021-03-28;1;0;35347;17850;4.1;2.1
04;2021-03-29;961;270;36308;18120;4.2;2.1
04;2021-03-30;884;495;37192;18615;4.3;2.2
04;2021-03-31;740;660;37932;19275;4.4;2.2
04;2021-04-01;718;707;38650;19982;4.5;2.3
04;2021-04-02;688;757;39338;20739;4.6;2.4
04;2021-04-03;699;698;40037;21437;4.7;2.5
04;2021-04-04;0;0;40037;21437;4.7;2.5
04;2021-04-05;0;0;40037;21437;4.7;2.5
04;2021-04-06;796;635;40833;22072;4.7;2.6
04;2021-04-07;1368;783;42201;22855;4.9;2.7
04;2021-04-08;1791;769;43992;23624;5.1;2.7
04;2021-04-09;1509;775;45501;24399;5.3;2.8
04;2021-04-10;1138;648;46639;25047;5.4;2.9
04;2021-04-11;2;0;46641;25047;5.4;2.9
04;2021-04-12;1238;545;47879;25592;5.6;3.0
04;2021-04-13;1440;751;49319;26343;5.7;3.1
04;2021-04-14;2070;764;51389;27107;6.0;3.2
04;2021-04-15;2506;954;53895;28061;6.3;3.3
04;2021-04-16;1935;783;55830;28844;6.5;3.4
04;2021-04-17;1290;603;57120;29447;6.6;3.4
04;2021-04-18;0;0;57120;29447;6.6;3.4
04;2021-04-19;1375;563;58495;30010;6.8;3.5
04;2021-04-20;1651;805;60146;30815;7.0;3.6
04;2021-04-21;2126;626;62272;31441;7.2;3.7
04;2021-04-22;2953;821;65225;32262;7.6;3.8
04;2021-04-23;2312;818;67537;33080;7.9;3.8
04;2021-04-24;1109;804;68646;33884;8.0;3.9
04;2021-04-25;3;0;68649;33884;8.0;3.9
04;2021-04-26;1173;914;69822;34798;8.1;4.0
04;2021-04-27;1685;1026;71507;35824;8.3;4.2
04;2021-04-28;2900;749;74407;36573;8.7;4.3
04;2021-04-29;3950;815;78357;37388;9.1;4.3
04;2021-04-30;3447;906;81804;38294;9.5;4.5
04;2021-05-01;2106;226;83910;38520;9.8;4.5
04;2021-05-02;1;0;83911;38520;9.8;4.5
04;2021-05-03;1865;574;85776;39094;10.0;4.5
04;2021-05-04;2127;1094;87903;40188;10.2;4.7
04;2021-05-05;3120;1642;91023;41830;10.6;4.9
04;2021-05-06;4005;1586;95028;43416;11.1;5.0
04;2021-05-07;3229;1524;98257;44940;11.4;5.2
04;2021-05-08;1575;503;99832;45443;11.6;5.3
04;2021-05-09;2;1;99834;45444;11.6;5.3
04;2021-05-10;2413;1000;102247;46444;11.9;5.4
04;2021-05-11;3653;1639;105900;48083;12.3;5.6
04;2021-05-12;4724;2399;110624;50482;12.9;5.9
04;2021-05-13;3557;596;114181;51078;13.3;5.9
04;2021-05-14;5277;2515;119458;53593;13.9;6.2
04;2021-05-15;3159;1536;122617;55129;14.3;6.4
04;2021-05-16;16;19;122633;55148;14.3;6.4
04;2021-05-17;2998;1499;125631;56647;14.6;6.6
04;2021-05-18;3764;1796;129395;58443;15.0;6.8
04;2021-05-19;4693;2419;134088;60862;15.6;7.1
04;2021-05-20;5139;2853;139227;63715;16.2;7.4
04;2021-05-21;4994;2636;144221;66351;16.8;7.7
04;2021-05-22;3371;1256;147592;67607;17.2;7.9
04;2021-05-23;5;3;147597;67610;17.2;7.9
04;2021-05-24;3645;1077;151242;68687;17.6;8.0
04;2021-05-25;4248;1913;155490;70600;18.1;8.2
04;2021-05-26;4992;2992;160482;73592;18.7;8.6
04;2021-05-27;4619;4097;165101;77689;19.2;9.0
04;2021-05-28;4386;3835;169487;81524;19.7;9.5
04;2021-05-29;2555;2455;172042;83979;20.0;9.8
04;2021-05-30;8;14;172050;83993;20.0;9.8
04;2021-05-31;2348;2254;174398;86247;20.3;10.0
04;2021-06-01;3302;2762;177700;89009;20.7;10.4
04;2021-06-02;3971;3363;181671;92372;21.1;10.7
04;2021-06-03;4043;3651;185714;96023;21.6;11.2
04;2021-06-04;3849;3758;189563;99781;22.0;11.6
04;2021-06-05;2214;1925;191777;101706;22.3;11.8
04;2021-06-06;1073;134;192850;101840;22.4;11.8
04;2021-06-07;2013;2527;194863;104367;22.7;12.1
04;2021-06-08;2557;3339;197420;107706;23.0;12.5
04;2021-06-09;2982;4834;200402;112540;23.3;13.1
04;2021-06-10;3414;4464;203816;117004;23.7;13.6
04;2021-06-11;2842;4623;206658;121627;24.0;14.1
04;2021-06-12;1727;3379;208385;125006;24.2;14.5
04;2021-06-13;1324;246;209709;125252;24.4;14.6
04;2021-06-14;1490;3183;211199;128435;24.6;14.9
04;2021-06-15;2058;3617;213257;132052;24.8;15.4
04;2021-06-16;2751;4655;216008;136707;25.1;15.9
04;2021-06-17;2521;4896;218529;141603;25.4;16.5
04;2021-06-18;2600;4893;221129;146496;25.7;17.0
04;2021-06-19;1303;3517;222432;150013;25.9;17.4
04;2021-06-20;632;288;223064;150301;25.9;17.5
04;2021-06-21;1265;3234;224329;153535;26.1;17.9
04;2021-06-22;1624;3763;225953;157298;26.3;18.3
04;2021-06-23;2256;4994;228209;162292;26.5;18.9
04;2021-06-24;2283;4070;230492;166362;26.8;19.3
04;2021-06-25;2189;4105;232681;170467;27.1;19.8
04;2021-06-26;1400;2711;234081;173178;27.2;20.1
04;2021-06-27;665;268;234746;173446;27.3;20.2
04;2021-06-28;1306;2478;236052;175924;27.4;20.5
04;2021-06-29;1757;2846;237809;178770;27.7;20.8
04;2021-06-30;2562;3846;240371;182616;28.0;21.2
04;2021-07-01;2698;3826;243069;186442;28.3;21.7
04;2021-07-02;2510;3714;245579;190156;28.6;22.1
04;2021-07-03;1614;2459;247193;192615;28.7;22.4
04;2021-07-04;881;1039;248074;193654;28.8;22.5
04;2021-07-05;1693;2222;249767;195876;29.0;22.8
04;2021-07-06;2576;2542;252343;198418;29.3;23.1
04;2021-07-07;2664;3137;255007;201555;29.7;23.4
04;2021-07-08;2410;3174;257417;204729;29.9;23.8
04;2021-07-09;2760;3427;260177;208156;30.3;24.2
04;2021-07-10;1621;2192;261798;210348;30.4;24.5
04;2021-07-11;729;1016;262527;211364;30.5;24.6
04;2021-07-12;1747;2604;264274;213968;30.7;24.9
04;2021-07-13;4430;3339;268704;217307;31.2;25.3
04;2021-07-14;3295;604;271999;217911;31.6;25.3
04;2021-07-15;5554;4017;277553;221928;32.3;25.8
04;2021-07-16;6237;3296;283790;225224;33.0;26.2
04;2021-07-17;4374;1909;288164;227133;33.5;26.4
04;2021-07-18;2673;764;290837;227897;33.8;26.5
04;2021-07-19;4649;2026;295486;229923;34.4;26.7
04;2021-07-20;6231;2426;301717;232349;35.1;27.0
04;2021-07-21;6740;2852;308457;235201;35.9;27.4
04;2021-07-22;7136;2805;315593;238006;36.7;27.7
04;2021-07-23;6630;2977;322223;240983;37.5;28.0
04;2021-07-24;3798;2057;326021;243040;37.9;28.3
04;2021-07-25;2521;756;328542;243796;38.2;28.3
04;2021-07-26;4369;2086;332911;245882;38.7;28.6
04;2021-07-27;5421;2556;338332;248438;39.3;28.9
04;2021-07-28;5373;2894;343705;251332;40.0;29.2
04;2021-07-29;5711;2804;349416;254136;40.6;29.6
04;2021-07-30;5848;2576;355264;256712;41.3;29.9
04;2021-07-31;3928;1639;359192;258351;41.8;30.0
04;2021-08-01;1896;716;361088;259067;42.0;30.1
04;2021-08-02;3380;1868;364468;260935;42.4;30.3
04;2021-08-03;4261;4075;368729;265010;42.9;30.8
04;2021-08-04;4832;4223;373561;269233;43.4;31.3
04;2021-08-05;4402;4672;377963;273905;44.0;31.9
04;2021-08-06;4048;5097;382011;279002;44.4;32.4
04;2021-08-07;2734;4046;384745;283048;44.7;32.9
04;2021-08-08;1469;2265;386214;285313;44.9;33.2
04;2021-08-09;2542;4531;388756;289844;45.2;33.7
04;2021-08-10;3747;4959;392503;294803;45.6;34.3
04;2021-08-11;4575;5429;397078;300232;46.2;34.9
04;2021-08-12;4679;5922;401757;306154;46.7;35.6
04;2021-08-13;4433;5830;406190;311984;47.2;36.3
04;2021-08-14;2568;4324;408758;316308;47.5;36.8
04;2021-08-15;1566;2177;410324;318485;47.7;37.0
04;2021-08-16;2326;4169;412650;322654;48.0;37.5
04;2021-08-17;3121;4528;415771;327182;48.3;38.0
04;2021-08-18;3293;5886;419064;333068;48.7;38.7
04;2021-08-19;3243;4886;422307;337954;49.1;39.3
04;2021-08-20;3405;5268;425712;343222;49.5;39.9
04;2021-08-21;1784;4607;427496;347829;49.7;40.4
04;2021-08-22;1016;1939;428512;349768;49.8;40.7
04;2021-08-23;1743;3308;430255;353076;50.0;41.1
05;2020-12-27;0;0;0;0;0.0;0.0
05;2020-12-28;0;0;0;0;0.0;0.0
05;2020-12-29;0;0;0;0;0.0;0.0
05;2020-12-30;0;0;0;0;0.0;0.0
05;2020-12-31;0;0;0;0;0.0;0.0
05;2021-01-01;0;0;0;0;0.0;0.0
05;2021-01-02;0;0;0;0;0.0;0.0
05;2021-01-03;0;0;0;0;0.0;0.0
05;2021-01-04;0;0;0;0;0.0;0.0
05;2021-01-05;0;0;0;0;0.0;0.0
05;2021-01-06;0;0;0;0;0.0;0.0
05;2021-01-07;0;0;0;0;0.0;0.0
05;2021-01-08;0;0;0;0;0.0;0.0
05;2021-01-09;0;0;0;0;0.0;0.0
05;2021-01-10;0;0;0;0;0.0;0.0
05;2021-01-11;0;0;0;0;0.0;0.0
05;2021-01-12;0;0;0;0;0.0;0.0
05;2021-01-13;0;0;0;0;0.0;0.0
05;2021-01-14;0;0;0;0;0.0;0.0
05;2021-01-15;0;0;0;0;0.0;0.0
05;2021-01-16;0;0;0;0;0.0;0.0
05;2021-01-17;0;0;0;0;0.0;0.0
05;2021-01-18;0;0;0;0;0.0;0.0
05;2021-01-19;0;0;0;0;0.0;0.0
05;2021-01-20;0;0;0;0;0.0;0.0
05;2021-01-21;0;0;0;0;0.0;0.0
05;2021-01-22;0;0;0;0;0.0;0.0
05;2021-01-23;0;0;0;0;0.0;0.0
05;2021-01-24;0;0;0;0;0.0;0.0
05;2021-01-25;0;0;0;0;0.0;0.0
05;2021-01-26;0;0;0;0;0.0;0.0
05;2021-01-27;0;0;0;0;0.0;0.0
05;2021-01-28;0;0;0;0;0.0;0.0
05;2021-01-29;0;0;0;0;0.0;0.0
05;2021-01-30;0;0;0;0;0.0;0.0
05;2021-01-31;0;0;0;0;0.0;0.0
05;2021-02-01;0;0;0;0;0.0;0.0
05;2021-02-02;0;0;0;0;0.0;0.0
05;2021-02-03;0;0;0;0;0.0;0.0
05;2021-02-04;0;0;0;0;0.0;0.0
05;2021-02-05;0;0;0;0;0.0;0.0
05;2021-02-06;0;0;0;0;0.0;0.0
05;2021-02-07;0;0;0;0;0.0;0.0
05;2021-02-08;0;0;0;0;0.0;0.0
05;2021-02-09;0;0;0;0;0.0;0.0
05;2021-02-10;0;0;0;0;0.0;0.0
05;2021-02-11;0;0;0;0;0.0;0.0
05;2021-02-12;0;0;0;0;0.0;0.0
05;2021-02-13;0;0;0;0;0.0;0.0
05;2021-02-14;0;0;0;0;0.0;0.0
05;2021-02-15;0;0;0;0;0.0;0.0
05;2021-02-16;0;0;0;0;0.0;0.0
05;2021-02-17;0;0;0;0;0.0;0.0
05;2021-02-18;0;0;0;0;0.0;0.0
05;2021-02-19;0;0;0;0;0.0;0.0
05;2021-02-20;0;0;0;0;0.0;0.0
05;2021-02-21;0;0;0;0;0.0;0.0
05;2021-02-22;0;0;0;0;0.0;0.0
05;2021-02-23;0;0;0;0;0.0;0.0
05;2021-02-24;0;0;0;0;0.0;0.0
05;2021-02-25;0;0;0;0;0.0;0.0
05;2021-02-26;0;0;0;0;0.0;0.0
05;2021-02-27;0;0;0;0;0.0;0.0
05;2021-02-28;0;0;0;0;0.0;0.0
05;2021-03-01;0;0;0;0;0.0;0.0
05;2021-03-02;0;0;0;0;0.0;0.0
05;2021-03-03;0;0;0;0;0.0;0.0
05;2021-03-04;0;0;0;0;0.0;0.0
05;2021-03-05;0;0;0;0;0.0;0.0
05;2021-03-06;0;0;0;0;0.0;0.0
05;2021-03-07;0;0;0;0;0.0;0.0
05;2021-03-08;0;0;0;0;0.0;0.0
05;2021-03-09;0;0;0;0;0.0;0.0
05;2021-03-10;0;0;0;0;0.0;0.0
05;2021-03-11;0;0;0;0;0.0;0.0
05;2021-03-12;0;0;0;0;0.0;0.0
05;2021-03-13;0;0;0;0;0.0;0.0
05;2021-03-14;0;0;0;0;0.0;0.0
05;2021-03-15;0;0;0;0;0.0;0.0
05;2021-03-16;0;0;0;0;0.0;0.0
05;2021-03-17;0;0;0;0;0.0;0.0
05;2021-03-18;0;0;0;0;0.0;0.0
05;2021-03-19;0;0;0;0;0.0;0.0
05;2021-03-20;0;0;0;0;0.0;0.0
05;2021-03-21;0;0;0;0;0.0;0.0
05;2021-03-22;0;0;0;0;0.0;0.0
05;2021-03-23;0;0;0;0;0.0;0.0
05;2021-03-24;0;0;0;0;0.0;0.0
05;2021-03-25;0;0;0;0;0.0;0.0
05;2021-03-26;0;0;0;0;0.0;0.0
05;2021-03-27;0;0;0;0;0.0;0.0
05;2021-03-28;0;0;0;0;0.0;0.0
05;2021-03-29;2;0;2;0;0.0;0.0
05;2021-03-30;0;0;2;0;0.0;0.0
05;2021-03-31;0;0;2;0;0.0;0.0
05;2021-04-01;0;0;2;0;0.0;0.0
05;2021-04-02;0;0;2;0;0.0;0.0
05;2021-04-03;0;0;2;0;0.0;0.0
05;2021-04-04;0;0;2;0;0.0;0.0
05;2021-04-05;0;0;2;0;0.0;0.0
05;2021-04-06;0;0;2;0;0.0;0.0
05;2021-04-07;0;0;2;0;0.0;0.0
05;2021-04-08;1;0;3;0;0.1;0.0
05;2021-04-09;0;0;3;0;0.1;0.0
05;2021-04-10;0;0;3;0;0.1;0.0
05;2021-04-11;0;0;3;0;0.1;0.0
05;2021-04-12;0;0;3;0;0.1;0.0
05;2021-04-13;0;0;3;0;0.1;0.0
05;2021-04-14;0;0;3;0;0.1;0.0
05;2021-04-15;0;0;3;0;0.1;0.0
05;2021-04-16;0;0;3;0;0.1;0.0
05;2021-04-17;0;0;3;0;0.1;0.0
05;2021-04-18;0;0;3;0;0.1;0.0
05;2021-04-19;0;0;3;0;0.1;0.0
05;2021-04-20;0;0;3;0;0.1;0.0
05;2021-04-21;0;0;3;0;0.1;0.0
05;2021-04-22;0;0;3;0;0.1;0.0
05;2021-04-23;0;0;3;0;0.1;0.0
05;2021-04-24;0;0;3;0;0.1;0.0
05;2021-04-25;0;0;3;0;0.1;0.0
05;2021-04-26;0;0;3;0;0.1;0.0
05;2021-04-27;0;0;3;0;0.1;0.0
05;2021-04-28;0;0;3;0;0.1;0.0
05;2021-04-29;0;0;3;0;0.1;0.0
05;2021-04-30;0;0;3;0;0.1;0.0
05;2021-05-01;0;0;3;0;0.1;0.0
05;2021-05-02;0;0;3;0;0.1;0.0
05;2021-05-03;0;0;3;0;0.1;0.0
05;2021-05-04;0;0;3;0;0.1;0.0
05;2021-05-05;0;0;3;0;0.1;0.0
05;2021-05-06;0;0;3;0;0.1;0.0
05;2021-05-07;0;0;3;0;0.1;0.0
05;2021-05-08;0;0;3;0;0.1;0.0
05;2021-05-09;0;0;3;0;0.1;0.0
05;2021-05-10;0;0;3;0;0.1;0.0
05;2021-05-11;0;0;3;0;0.1;0.0
05;2021-05-12;0;0;3;0;0.1;0.0
05;2021-05-13;0;0;3;0;0.1;0.0
05;2021-05-14;0;0;3;0;0.1;0.0
05;2021-05-15;0;0;3;0;0.1;0.0
05;2021-05-16;0;0;3;0;0.1;0.0
05;2021-05-17;0;0;3;0;0.1;0.0
05;2021-05-18;0;0;3;0;0.1;0.0
05;2021-05-19;0;0;3;0;0.1;0.0
05;2021-05-20;0;0;3;0;0.1;0.0
05;2021-05-21;0;0;3;0;0.1;0.0
05;2021-05-22;0;0;3;0;0.1;0.0
05;2021-05-23;0;0;3;0;0.1;0.0
05;2021-05-24;0;0;3;0;0.1;0.0
05;2021-05-25;0;0;3;0;0.1;0.0
05;2021-05-26;0;0;3;0;0.1;0.0
05;2021-05-27;0;0;3;0;0.1;0.0
05;2021-05-28;0;0;3;0;0.1;0.0
05;2021-05-29;0;2;3;2;0.1;0.0
05;2021-05-30;0;0;3;2;0.1;0.0
05;2021-05-31;0;0;3;2;0.1;0.0
05;2021-06-01;0;0;3;2;0.1;0.0
05;2021-06-02;0;0;3;2;0.1;0.0
05;2021-06-03;0;0;3;2;0.1;0.0
05;2021-06-04;0;0;3;2;0.1;0.0
05;2021-06-05;0;0;3;2;0.1;0.0
05;2021-06-06;0;0;3;2;0.1;0.0
05;2021-06-07;0;0;3;2;0.1;0.0
05;2021-06-08;0;0;3;2;0.1;0.0
05;2021-06-09;0;0;3;2;0.1;0.0
05;2021-06-10;0;0;3;2;0.1;0.0
05;2021-06-11;0;0;3;2;0.1;0.0
05;2021-06-12;0;0;3;2;0.1;0.0
05;2021-06-13;0;0;3;2;0.1;0.0
05;2021-06-14;0;0;3;2;0.1;0.0
05;2021-06-15;0;0;3;2;0.1;0.0
05;2021-06-16;0;0;3;2;0.1;0.0
05;2021-06-17;0;0;3;2;0.1;0.0
05;2021-06-18;0;0;3;2;0.1;0.0
05;2021-06-19;0;0;3;2;0.1;0.0
05;2021-06-20;0;0;3;2;0.1;0.0
05;2021-06-21;1;0;4;2;0.1;0.0
05;2021-06-22;0;0;4;2;0.1;0.0
05;2021-06-23;0;0;4;2;0.1;0.0
05;2021-06-24;0;0;4;2;0.1;0.0
05;2021-06-25;0;0;4;2;0.1;0.0
05;2021-06-26;0;0;4;2;0.1;0.0
05;2021-06-27;0;0;4;2;0.1;0.0
05;2021-06-28;0;0;4;2;0.1;0.0
05;2021-06-29;0;0;4;2;0.1;0.0
05;2021-06-30;0;0;4;2;0.1;0.0
05;2021-07-01;0;0;4;2;0.1;0.0
05;2021-07-02;0;0;4;2;0.1;0.0
05;2021-07-03;0;0;4;2;0.1;0.0
05;2021-07-04;0;0;4;2;0.1;0.0
05;2021-07-05;0;0;4;2;0.1;0.0
05;2021-07-06;1;0;5;2;0.1;0.0
05;2021-07-07;7;0;12;2;0.2;0.0
05;2021-07-08;0;0;12;2;0.2;0.0
05;2021-07-09;1;0;13;2;0.2;0.0
05;2021-07-10;0;0;13;2;0.2;0.0
05;2021-07-11;0;0;13;2;0.2;0.0
05;2021-07-12;1;0;14;2;0.2;0.0
05;2021-07-13;0;0;14;2;0.2;0.0
05;2021-07-14;0;0;14;2;0.2;0.0
05;2021-07-15;0;0;14;2;0.2;0.0
05;2021-07-16;0;0;14;2;0.2;0.0
05;2021-07-17;0;0;14;2;0.2;0.0
05;2021-07-18;0;0;14;2;0.2;0.0
05;2021-07-19;0;0;14;2;0.2;0.0
05;2021-07-20;0;0;14;2;0.2;0.0
05;2021-07-21;0;0;14;2;0.2;0.0
05;2021-07-22;0;0;14;2;0.2;0.0
05;2021-07-23;0;0;14;2;0.2;0.0
05;2021-07-24;0;0;14;2;0.2;0.0
05;2021-07-25;0;0;14;2;0.2;0.0
05;2021-07-26;0;0;14;2;0.2;0.0
05;2021-07-27;0;0;14;2;0.2;0.0
05;2021-07-28;0;0;14;2;0.2;0.0
05;2021-07-29;0;0;14;2;0.2;0.0
05;2021-07-30;0;0;14;2;0.2;0.0
05;2021-07-31;0;0;14;2;0.2;0.0
05;2021-08-01;0;0;14;2;0.2;0.0
05;2021-08-02;1;0;15;2;0.3;0.0
05;2021-08-03;0;0;15;2;0.3;0.0
05;2021-08-04;0;0;15;2;0.3;0.0
05;2021-08-05;0;0;15;2;0.3;0.0
05;2021-08-06;0;0;15;2;0.3;0.0
05;2021-08-07;0;0;15;2;0.3;0.0
05;2021-08-08;0;0;15;2;0.3;0.0
05;2021-08-09;0;0;15;2;0.3;0.0
05;2021-08-10;0;0;15;2;0.3;0.0
05;2021-08-11;0;0;15;2;0.3;0.0
05;2021-08-12;0;0;15;2;0.3;0.0
05;2021-08-13;0;0;15;2;0.3;0.0
05;2021-08-14;0;0;15;2;0.3;0.0
05;2021-08-15;0;0;15;2;0.3;0.0
05;2021-08-16;0;0;15;2;0.3;0.0
05;2021-08-17;0;0;15;2;0.3;0.0
05;2021-08-18;0;0;15;2;0.3;0.0
05;2021-08-19;0;1;15;3;0.3;0.1
05;2021-08-20;0;0;15;3;0.3;0.1
05;2021-08-21;0;0;15;3;0.3;0.1
05;2021-08-22;0;0;15;3;0.3;0.1
05;2021-08-23;0;0;15;3;0.3;0.1
06;2020-12-27;0;0;0;0;0.0;0.0
06;2020-12-28;0;0;0;0;0.0;0.0
06;2020-12-29;0;0;0;0;0.0;0.0
06;2020-12-30;0;0;0;0;0.0;0.0
06;2020-12-31;0;0;0;0;0.0;0.0
06;2021-01-01;0;0;0;0;0.0;0.0
06;2021-01-02;0;0;0;0;0.0;0.0
06;2021-01-03;0;0;0;0;0.0;0.0
06;2021-01-04;0;0;0;0;0.0;0.0
06;2021-01-05;0;0;0;0;0.0;0.0
06;2021-01-06;0;0;0;0;0.0;0.0
06;2021-01-07;0;0;0;0;0.0;0.0
06;2021-01-08;0;0;0;0;0.0;0.0
06;2021-01-09;0;0;0;0;0.0;0.0
06;2021-01-10;0;0;0;0;0.0;0.0
06;2021-01-11;9;0;9;0;0.0;0.0
06;2021-01-12;0;0;9;0;0.0;0.0
06;2021-01-13;0;0;9;0;0.0;0.0
06;2021-01-14;0;0;9;0;0.0;0.0
06;2021-01-15;1;0;10;0;0.0;0.0
06;2021-01-16;1;0;11;0;0.0;0.0
06;2021-01-17;0;0;11;0;0.0;0.0
06;2021-01-18;1;0;12;0;0.0;0.0
06;2021-01-19;0;0;12;0;0.0;0.0
06;2021-01-20;0;0;12;0;0.0;0.0
06;2021-01-21;1;1;13;1;0.0;0.0
06;2021-01-22;0;0;13;1;0.0;0.0
06;2021-01-23;1;0;14;1;0.0;0.0
06;2021-01-24;0;0;14;1;0.0;0.0
06;2021-01-25;143;3;157;4;0.1;0.0
06;2021-01-26;166;3;323;7;0.1;0.0
06;2021-01-27;250;3;573;10;0.2;0.0
06;2021-01-28;102;8;675;18;0.2;0.0
06;2021-01-29;231;2;906;20;0.3;0.0
06;2021-01-30;285;11;1191;31;0.4;0.0
06;2021-01-31;1;0;1192;31;0.4;0.0
06;2021-02-01;161;1;1353;32;0.5;0.0
06;2021-02-02;330;9;1683;41;0.6;0.0
06;2021-02-03;228;3;1911;44;0.7;0.0
06;2021-02-04;216;9;2127;53;0.8;0.0
06;2021-02-05;213;0;2340;53;0.8;0.0
06;2021-02-06;83;10;2423;63;0.9;0.0
06;2021-02-07;0;0;2423;63;0.9;0.0
06;2021-02-08;82;4;2505;67;0.9;0.0
06;2021-02-09;194;1;2699;68;1.0;0.0
06;2021-02-10;187;5;2886;73;1.0;0.0
06;2021-02-11;236;4;3122;77;1.1;0.0
06;2021-02-12;288;4;3410;81;1.2;0.0
06;2021-02-13;56;0;3466;81;1.2;0.0
06;2021-02-14;1;0;3467;81;1.2;0.0
06;2021-02-15;359;7;3826;88;1.4;0.0
06;2021-02-16;266;10;4092;98;1.5;0.0
06;2021-02-17;167;8;4259;106;1.5;0.0
06;2021-02-18;217;12;4476;118;1.6;0.0
06;2021-02-19;237;24;4713;142;1.7;0.1
06;2021-02-20;139;9;4852;151;1.7;0.1
06;2021-02-21;0;0;4852;151;1.7;0.1
06;2021-02-22;130;122;4982;273;1.8;0.1
06;2021-02-23;184;156;5166;429;1.8;0.2
06;2021-02-24;176;146;5342;575;1.9;0.2
06;2021-02-25;227;277;5569;852;2.0;0.3
06;2021-02-26;242;246;5811;1098;2.1;0.4
06;2021-02-27;0;0;5811;1098;2.1;0.4
06;2021-02-28;0;0;5811;1098;2.1;0.4
06;2021-03-01;146;259;5957;1357;2.1;0.5
06;2021-03-02;228;260;6185;1617;2.2;0.6
06;2021-03-03;202;189;6387;1806;2.3;0.6
06;2021-03-04;205;144;6592;1950;2.4;0.7
06;2021-03-05;224;116;6816;2066;2.4;0.7
06;2021-03-06;1;0;6817;2066;2.4;0.7
06;2021-03-07;1;0;6818;2066;2.4;0.7
06;2021-03-08;189;110;7007;2176;2.5;0.8
06;2021-03-09;391;163;7398;2339;2.6;0.8
06;2021-03-10;180;178;7578;2517;2.7;0.9
06;2021-03-11;167;207;7745;2724;2.8;1.0
06;2021-03-12;237;294;7982;3018;2.9;1.1
06;2021-03-13;2;0;7984;3018;2.9;1.1
06;2021-03-14;0;0;7984;3018;2.9;1.1
06;2021-03-15;157;294;8141;3312;2.9;1.2
06;2021-03-16;237;226;8378;3538;3.0;1.3
06;2021-03-17;264;145;8642;3683;3.1;1.3
06;2021-03-18;173;236;8815;3919;3.2;1.4
06;2021-03-19;173;298;8988;4217;3.2;1.5
06;2021-03-20;0;0;8988;4217;3.2;1.5
06;2021-03-21;0;0;8988;4217;3.2;1.5
06;2021-03-22;97;136;9085;4353;3.3;1.6
06;2021-03-23;136;239;9221;4592;3.3;1.6
06;2021-03-24;160;147;9381;4739;3.4;1.7
06;2021-03-25;185;206;9566;4945;3.4;1.8
06;2021-03-26;160;212;9726;5157;3.5;1.8
06;2021-03-27;18;0;9744;5157;3.5;1.8
06;2021-03-28;1;0;9745;5157;3.5;1.8
06;2021-03-29;0;2;9745;5159;3.5;1.8
06;2021-03-30;273;336;10018;5495;3.6;2.0
06;2021-03-31;225;125;10243;5620;3.7;2.0
06;2021-04-01;245;103;10488;5723;3.8;2.0
06;2021-04-02;289;262;10777;5985;3.9;2.1
06;2021-04-03;905;309;11682;6294;4.2;2.3
06;2021-04-04;2;0;11684;6294;4.2;2.3
06;2021-04-05;1;0;11685;6294;4.2;2.3
06;2021-04-06;162;277;11847;6571;4.2;2.4
06;2021-04-07;237;266;12084;6837;4.3;2.4
06;2021-04-08;285;140;12369;6977;4.4;2.5
06;2021-04-09;249;171;12618;7148;4.5;2.6
06;2021-04-10;181;114;12799;7262;4.6;2.6
06;2021-04-11;7;0;12806;7262;4.6;2.6
06;2021-04-12;0;19;12806;7281;4.6;2.6
06;2021-04-13;394;345;13200;7626;4.7;2.7
06;2021-04-14;239;205;13439;7831;4.8;2.8
06;2021-04-15;209;117;13648;7948;4.9;2.8
06;2021-04-16;214;127;13862;8075;5.0;2.9
06;2021-04-17;226;131;14088;8206;5.0;2.9
06;2021-04-18;1;0;14089;8206;5.0;2.9
06;2021-04-19;7;1;14096;8207;5.0;2.9
06;2021-04-20;369;223;14465;8430;5.2;3.0
06;2021-04-21;413;150;14878;8580;5.3;3.1
06;2021-04-22;410;150;15288;8730;5.5;3.1
06;2021-04-23;367;166;15655;8896;5.6;3.2
06;2021-04-24;413;128;16068;9024;5.7;3.2
06;2021-04-25;2;0;16070;9024;5.8;3.2
06;2021-04-26;55;8;16125;9032;5.8;3.2
06;2021-04-27;351;293;16476;9325;5.9;3.3
06;2021-04-28;357;513;16833;9838;6.0;3.5
06;2021-04-29;559;344;17392;10182;6.2;3.6
06;2021-04-30;405;238;17797;10420;6.4;3.7
06;2021-05-01;673;286;18470;10706;6.6;3.8
06;2021-05-02;0;0;18470;10706;6.6;3.8
06;2021-05-03;141;6;18611;10712;6.7;3.8
06;2021-05-04;353;426;18964;11138;6.8;4.0
06;2021-05-05;448;318;19412;11456;6.9;4.1
06;2021-05-06;320;202;19732;11658;7.1;4.2
06;2021-05-07;341;133;20073;11791;7.2;4.2
06;2021-05-08;305;139;20378;11930;7.3;4.3
06;2021-05-09;0;0;20378;11930;7.3;4.3
06;2021-05-10;9;9;20387;11939;7.3;4.3
06;2021-05-11;363;490;20750;12429;7.4;4.4
06;2021-05-12;334;310;21084;12739;7.5;4.6
06;2021-05-13;126;96;21210;12835;7.6;4.6
06;2021-05-14;0;0;21210;12835;7.6;4.6
06;2021-05-15;486;283;21696;13118;7.8;4.7
06;2021-05-16;1;0;21697;13118;7.8;4.7
06;2021-05-17;124;51;21821;13169;7.8;4.7
06;2021-05-18;517;430;22338;13599;8.0;4.9
06;2021-05-19;652;663;22990;14262;8.2;5.1
06;2021-05-20;1057;498;24047;14760;8.6;5.3
06;2021-05-21;1046;313;25093;15073;9.0;5.4
06;2021-05-22;1243;299;26336;15372;9.4;5.5
06;2021-05-23;0;0;26336;15372;9.4;5.5
06;2021-05-24;1;0;26337;15372;9.4;5.5
06;2021-05-25;890;623;27227;15995;9.7;5.7
06;2021-05-26;1036;842;28263;16837;10.1;6.0
06;2021-05-27;1325;512;29588;17349;10.6;6.2
06;2021-05-28;957;375;30545;17724;10.9;6.3
06;2021-05-29;1131;392;31676;18116;11.3;6.5
06;2021-05-30;1;1;31677;18117;11.3;6.5
06;2021-05-31;105;6;31782;18123;11.4;6.5
06;2021-06-01;1152;652;32934;18775;11.8;6.7
06;2021-06-02;1239;529;34173;19304;12.2;6.9
06;2021-06-03;809;351;34982;19655;12.5;7.0
06;2021-06-04;1002;323;35984;19978;12.9;7.1
06;2021-06-05;679;299;36663;20277;13.1;7.3
06;2021-06-06;1;0;36664;20277;13.1;7.3
06;2021-06-07;91;12;36755;20289;13.2;7.3
06;2021-06-08;959;444;37714;20733;13.5;7.4
06;2021-06-09;971;550;38685;21283;13.8;7.6
06;2021-06-10;703;231;39388;21514;14.1;7.7
06;2021-06-11;849;366;40237;21880;14.4;7.8
06;2021-06-12;585;276;40822;22156;14.6;7.9
06;2021-06-13;2;0;40824;22156;14.6;7.9
06;2021-06-14;187;112;41011;22268;14.7;8.0
06;2021-06-15;415;839;41426;23107;14.8;8.3
06;2021-06-16;892;1442;42318;24549;15.1;8.8
06;2021-06-17;792;660;43110;25209;15.4;9.0
06;2021-06-18;708;621;43818;25830;15.7;9.2
06;2021-06-19;538;643;44356;26473;15.9;9.5
06;2021-06-20;1;0;44357;26473;15.9;9.5
06;2021-06-21;128;132;44485;26605;15.9;9.5
06;2021-06-22;431;1150;44916;27755;16.1;9.9
06;2021-06-23;664;1186;45580;28941;16.3;10.4
06;2021-06-24;469;546;46049;29487;16.5;10.6
06;2021-06-25;544;478;46593;29965;16.7;10.7
06;2021-06-26;388;692;46981;30657;16.8;11.0
06;2021-06-27;1;0;46982;30657;16.8;11.0
06;2021-06-28;107;191;47089;30848;16.8;11.0
06;2021-06-29;732;974;47821;31822;17.1;11.4
06;2021-06-30;698;947;48519;32769;17.4;11.7
06;2021-07-01;580;546;49099;33315;17.6;11.9
06;2021-07-02;452;431;49551;33746;17.7;12.1
06;2021-07-03;446;422;49997;34168;17.9;12.2
06;2021-07-04;2;0;49999;34168;17.9;12.2
06;2021-07-05;121;224;50120;34392;17.9;12.3
06;2021-07-06;503;865;50623;35257;18.1;12.6
06;2021-07-07;771;1012;51394;36269;18.4;13.0
06;2021-07-08;808;634;52202;36903;18.7;13.2
06;2021-07-09;791;518;52993;37421;19.0;13.4
06;2021-07-10;441;320;53434;37741;19.1;13.5
06;2021-07-11;0;0;53434;37741;19.1;13.5
06;2021-07-12;164;172;53598;37913;19.2;13.6
06;2021-07-13;856;1001;54454;38914;19.5;13.9
06;2021-07-14;0;5;54454;38919;19.5;13.9
06;2021-07-15;1229;816;55683;39735;19.9;14.2
06;2021-07-16;1308;660;56991;40395;20.4;14.5
06;2021-07-17;1048;376;58039;40771;20.8;14.6
06;2021-07-18;0;0;58039;40771;20.8;14.6
06;2021-07-19;205;134;58244;40905;20.8;14.6
06;2021-07-20;1160;878;59404;41783;21.3;15.0
06;2021-07-21;32;28;59436;41811;21.3;15.0
06;2021-07-22;1127;664;60563;42475;21.7;15.2
06;2021-07-23;1209;543;61772;43018;22.1;15.4
06;2021-07-24;860;440;62632;43458;22.4;15.6
06;2021-07-25;0;0;62632;43458;22.4;15.6
06;2021-07-26;180;36;62812;43494;22.5;15.6
06;2021-07-27;1135;823;63947;44317;22.9;15.9
06;2021-07-28;1018;635;64965;44952;23.2;16.1
06;2021-07-29;1202;560;66167;45512;23.7;16.3
06;2021-07-30;1201;410;67368;45922;24.1;16.4
06;2021-07-31;760;276;68128;46198;24.4;16.5
06;2021-08-01;0;0;68128;46198;24.4;16.5
06;2021-08-02;309;180;68437;46378;24.5;16.6
06;2021-08-03;1499;931;69936;47309;25.0;16.9
06;2021-08-04;1820;810;71756;48119;25.7;17.2
06;2021-08-05;1461;499;73217;48618;26.2;17.4
06;2021-08-06;1676;500;74893;49118;26.8;17.6
06;2021-08-07;912;355;75805;49473;27.1;17.7
06;2021-08-08;6;1;75811;49474;27.1;17.7
06;2021-08-09;518;235;76329;49709;27.3;17.8
06;2021-08-10;1619;1376;77948;51085;27.9;18.3
06;2021-08-11;2024;1237;79972;52322;28.6;18.7
06;2021-08-12;1692;611;81664;52933;29.2;18.9
06;2021-08-13;1530;530;83194;53463;29.8;19.1
06;2021-08-14;827;450;84021;53913;30.1;19.3
06;2021-08-15;0;0;84021;53913;30.1;19.3
06;2021-08-16;537;287;84558;54200;30.3;19.4
06;2021-08-17;1788;1299;86346;55499;30.9;19.9
06;2021-08-18;2183;1205;88529;56704;31.7;20.3
06;2021-08-19;1940;542;90469;57246;32.4;20.5
06;2021-08-20;1722;537;92191;57783;33.0;20.7
06;2021-08-21;1026;516;93217;58299;33.4;20.9
06;2021-08-22;0;0;93217;58299;33.4;20.9
06;2021-08-23;443;269;93660;58568;33.5;21.0
07;2020-12-27;0;0;0;0;0.0;0.0
07;2020-12-28;0;0;0;0;0.0;0.0
07;2020-12-29;0;0;0;0;0.0;0.0
07;2020-12-30;0;0;0;0;0.0;0.0
07;2020-12-31;0;0;0;0;0.0;0.0
07;2021-01-01;0;0;0;0;0.0;0.0
07;2021-01-02;0;0;0;0;0.0;0.0
07;2021-01-03;0;0;0;0;0.0;0.0
07;2021-01-04;0;0;0;0;0.0;0.0
07;2021-01-05;0;0;0;0;0.0;0.0
07;2021-01-06;0;0;0;0;0.0;0.0
07;2021-01-07;0;0;0;0;0.0;0.0
07;2021-01-08;0;0;0;0;0.0;0.0
07;2021-01-09;0;0;0;0;0.0;0.0
07;2021-01-10;0;0;0;0;0.0;0.0
07;2021-01-11;0;0;0;0;0.0;0.0
07;2021-01-12;0;0;0;0;0.0;0.0
07;2021-01-13;0;0;0;0;0.0;0.0
07;2021-01-14;0;0;0;0;0.0;0.0
07;2021-01-15;0;0;0;0;0.0;0.0
07;2021-01-16;0;0;0;0;0.0;0.0
07;2021-01-17;0;0;0;0;0.0;0.0
07;2021-01-18;1;0;1;0;0.0;0.0
07;2021-01-19;0;0;1;0;0.0;0.0
07;2021-01-20;0;0;1;0;0.0;0.0
07;2021-01-21;12;0;13;0;0.1;0.0
07;2021-01-22;12;0;25;0;0.3;0.0
07;2021-01-23;0;0;25;0;0.3;0.0
07;2021-01-24;0;0;25;0;0.3;0.0
07;2021-01-25;0;0;25;0;0.3;0.0
07;2021-01-26;0;0;25;0;0.3;0.0
07;2021-01-27;12;0;37;0;0.4;0.0
07;2021-01-28;1;0;38;0;0.4;0.0
07;2021-01-29;6;0;44;0;0.4;0.0
07;2021-01-30;0;0;44;0;0.4;0.0
07;2021-01-31;0;0;44;0;0.4;0.0
07;2021-02-01;0;0;44;0;0.4;0.0
07;2021-02-02;0;0;44;0;0.4;0.0
07;2021-02-03;11;0;55;0;0.6;0.0
07;2021-02-04;12;0;67;0;0.7;0.0
07;2021-02-05;11;0;78;0;0.8;0.0
07;2021-02-06;0;0;78;0;0.8;0.0
07;2021-02-07;0;0;78;0;0.8;0.0
07;2021-02-08;0;0;78;0;0.8;0.0
07;2021-02-09;13;0;91;0;0.9;0.0
07;2021-02-10;0;0;91;0;0.9;0.0
07;2021-02-11;17;0;108;0;1.1;0.0
07;2021-02-12;45;0;153;0;1.5;0.0
07;2021-02-13;0;0;153;0;1.5;0.0
07;2021-02-14;0;0;153;0;1.5;0.0
07;2021-02-15;0;0;153;0;1.5;0.0
07;2021-02-16;0;0;153;0;1.5;0.0
07;2021-02-17;0;0;153;0;1.5;0.0
07;2021-02-18;18;0;171;0;1.7;0.0
07;2021-02-19;35;0;206;0;2.1;0.0
07;2021-02-20;0;0;206;0;2.1;0.0
07;2021-02-21;0;0;206;0;2.1;0.0
07;2021-02-22;0;0;206;0;2.1;0.0
07;2021-02-23;0;21;206;21;2.1;0.2
07;2021-02-24;0;0;206;21;2.1;0.2
07;2021-02-25;15;10;221;31;2.2;0.3
07;2021-02-26;33;20;254;51;2.5;0.5
07;2021-02-27;0;0;254;51;2.5;0.5
07;2021-02-28;0;0;254;51;2.5;0.5
07;2021-03-01;0;0;254;51;2.5;0.5
07;2021-03-02;19;11;273;62;2.7;0.6
07;2021-03-03;0;0;273;62;2.7;0.6
07;2021-03-04;16;12;289;74;2.9;0.7
07;2021-03-05;35;19;324;93;3.3;0.9
07;2021-03-06;0;0;324;93;3.3;0.9
07;2021-03-07;0;0;324;93;3.3;0.9
07;2021-03-08;0;0;324;93;3.3;0.9
07;2021-03-09;1;0;325;93;3.3;0.9
07;2021-03-10;0;0;325;93;3.3;0.9
07;2021-03-11;20;30;345;123;3.5;1.2
07;2021-03-12;62;41;407;164;4.1;1.6
07;2021-03-13;0;0;407;164;4.1;1.6
07;2021-03-14;0;0;407;164;4.1;1.6
07;2021-03-15;0;0;407;164;4.1;1.6
07;2021-03-16;30;9;437;173;4.4;1.7
07;2021-03-17;0;0;437;173;4.4;1.7
07;2021-03-18;30;16;467;189;4.7;1.9
07;2021-03-19;57;27;524;216;5.3;2.2
07;2021-03-20;0;0;524;216;5.3;2.2
07;2021-03-21;0;0;524;216;5.3;2.2
07;2021-03-22;0;0;524;216;5.3;2.2
07;2021-03-23;0;0;524;216;5.3;2.2
07;2021-03-24;0;0;524;216;5.3;2.2
07;2021-03-25;65;17;589;233;5.9;2.3
07;2021-03-26;73;26;662;259;6.6;2.6
07;2021-03-27;0;0;662;259;6.6;2.6
07;2021-03-28;0;0;662;259;6.6;2.6
07;2021-03-29;0;0;662;259;6.6;2.6
07;2021-03-30;40;18;702;277;7.0;2.8
07;2021-03-31;26;15;728;292;7.3;2.9
07;2021-04-01;25;32;753;324;7.6;3.3
07;2021-04-02;0;0;753;324;7.6;3.3
07;2021-04-03;0;0;753;324;7.6;3.3
07;2021-04-04;0;0;753;324;7.6;3.3
07;2021-04-05;9;0;762;324;7.6;3.3
07;2021-04-06;0;0;762;324;7.6;3.3
07;2021-04-07;0;0;762;324;7.6;3.3
07;2021-04-08;57;46;819;370;8.2;3.7
07;2021-04-09;58;31;877;401;8.8;4.0
07;2021-04-10;0;0;877;401;8.8;4.0
07;2021-04-11;0;0;877;401;8.8;4.0
07;2021-04-12;0;0;877;401;8.8;4.0
07;2021-04-13;0;0;877;401;8.8;4.0
07;2021-04-14;5;5;882;406;8.9;4.1
07;2021-04-15;56;70;938;476;9.4;4.8
07;2021-04-16;90;35;1028;511;10.3;5.1
07;2021-04-17;0;1;1028;512;10.3;5.1
07;2021-04-18;0;0;1028;512;10.3;5.1
07;2021-04-19;1;0;1029;512;10.3;5.1
07;2021-04-20;335;63;1364;575;13.7;5.8
07;2021-04-21;337;30;1701;605;17.1;6.1
07;2021-04-22;284;49;1985;654;19.9;6.6
07;2021-04-23;260;42;2245;696;22.5;7.0
07;2021-04-24;231;1;2476;697;24.9;7.0
07;2021-04-25;0;0;2476;697;24.9;7.0
07;2021-04-26;283;19;2759;716;27.7;7.2
07;2021-04-27;224;68;2983;784;29.9;7.9
07;2021-04-28;192;26;3175;810;31.9;8.1
07;2021-04-29;170;23;3345;833;33.6;8.4
07;2021-04-30;172;17;3517;850;35.3;8.5
07;2021-05-01;203;11;3720;861;37.3;8.6
07;2021-05-02;0;0;3720;861;37.3;8.6
07;2021-05-03;135;9;3855;870;38.7;8.7
07;2021-05-04;161;53;4016;923;40.3;9.3
07;2021-05-05;221;28;4237;951;42.5;9.5
07;2021-05-06;175;33;4412;984;44.3;9.9
07;2021-05-07;149;31;4561;1015;45.8;10.2
07;2021-05-08;1;0;4562;1015;45.8;10.2
07;2021-05-09;0;0;4562;1015;45.8;10.2
07;2021-05-10;0;0;4562;1015;45.8;10.2
07;2021-05-11;3;41;4565;1056;45.8;10.6
07;2021-05-12;6;36;4571;1092;45.9;11.0
07;2021-05-13;0;0;4571;1092;45.9;11.0
07;2021-05-14;28;98;4599;1190;46.2;11.9
07;2021-05-15;0;0;4599;1190;46.2;11.9
07;2021-05-16;1;0;4600;1190;46.2;11.9
07;2021-05-17;1;14;4601;1204;46.2;12.1
07;2021-05-18;17;32;4618;1236;46.4;12.4
07;2021-05-19;0;1;4618;1237;46.4;12.4
07;2021-05-20;0;8;4618;1245;46.4;12.5
07;2021-05-21;12;31;4630;1276;46.5;12.8
07;2021-05-22;0;0;4630;1276;46.5;12.8
07;2021-05-23;0;0;4630;1276;46.5;12.8
07;2021-05-24;0;0;4630;1276;46.5;12.8
07;2021-05-25;50;331;4680;1607;47.0;16.1
07;2021-05-26;54;360;4734;1967;47.5;19.7
07;2021-05-27;34;317;4768;2284;47.9;22.9
07;2021-05-28;27;256;4795;2540;48.1;25.5
07;2021-05-29;35;375;4830;2915;48.5;29.3
07;2021-05-30;1;0;4831;2915;48.5;29.3
07;2021-05-31;45;216;4876;3131;49.0;31.4
07;2021-06-01;48;227;4924;3358;49.4;33.7
07;2021-06-02;69;273;4993;3631;50.1;36.5
07;2021-06-03;41;252;5034;3883;50.5;39.0
07;2021-06-04;81;270;5115;4153;51.4;41.7
07;2021-06-05;1;0;5116;4153;51.4;41.7
07;2021-06-06;0;0;5116;4153;51.4;41.7
07;2021-06-07;1;1;5117;4154;51.4;41.7
07;2021-06-08;8;2;5125;4156;51.5;41.7
07;2021-06-09;0;3;5125;4159;51.5;41.8
07;2021-06-10;8;4;5133;4163;51.5;41.8
07;2021-06-11;4;8;5137;4171;51.6;41.9
07;2021-06-12;16;59;5153;4230;51.7;42.5
07;2021-06-13;0;0;5153;4230;51.7;42.5
07;2021-06-14;0;0;5153;4230;51.7;42.5
07;2021-06-15;0;1;5153;4231;51.7;42.5
07;2021-06-16;0;0;5153;4231;51.7;42.5
07;2021-06-17;2;6;5155;4237;51.8;42.5
07;2021-06-18;0;2;5155;4239;51.8;42.6
07;2021-06-19;25;49;5180;4288;52.0;43.0
07;2021-06-20;0;0;5180;4288;52.0;43.0
07;2021-06-21;1;2;5181;4290;52.0;43.1
07;2021-06-22;9;0;5190;4290;52.1;43.1
07;2021-06-23;15;9;5205;4299;52.3;43.2
07;2021-06-24;10;5;5215;4304;52.4;43.2
07;2021-06-25;0;0;5215;4304;52.4;43.2
07;2021-06-26;25;45;5240;4349;52.6;43.7
07;2021-06-27;0;0;5240;4349;52.6;43.7
07;2021-06-28;0;0;5240;4349;52.6;43.7
07;2021-06-29;0;0;5240;4349;52.6;43.7
07;2021-06-30;0;0;5240;4349;52.6;43.7
07;2021-07-01;27;36;5267;4385;52.9;44.0
07;2021-07-02;26;31;5293;4416;53.1;44.3
07;2021-07-03;27;213;5320;4629;53.4;46.5
07;2021-07-04;0;0;5320;4629;53.4;46.5
07;2021-07-05;4;8;5324;4637;53.4;46.6
07;2021-07-06;0;0;5324;4637;53.4;46.6
07;2021-07-07;8;0;5332;4637;53.5;46.6
07;2021-07-08;33;23;5365;4660;53.9;46.8
07;2021-07-09;23;32;5388;4692;54.1;47.1
07;2021-07-10;33;45;5421;4737;54.4;47.6
07;2021-07-11;0;0;5421;4737;54.4;47.6
07;2021-07-12;0;1;5421;4738;54.4;47.6
07;2021-07-13;10;10;5431;4748;54.5;47.7
07;2021-07-14;0;0;5431;4748;54.5;47.7
07;2021-07-15;1;11;5432;4759;54.5;47.8
07;2021-07-16;44;51;5476;4810;55.0;48.3
07;2021-07-17;34;39;5510;4849;55.3;48.7
07;2021-07-18;1;0;5511;4849;55.3;48.7
07;2021-07-19;3;2;5514;4851;55.4;48.7
07;2021-07-20;3;1;5517;4852;55.4;48.7
07;2021-07-21;33;16;5550;4868;55.7;48.9
07;2021-07-22;36;33;5586;4901;56.1;49.2
07;2021-07-23;32;29;5618;4930;56.4;49.5
07;2021-07-24;43;26;5661;4956;56.8;49.8
07;2021-07-25;0;0;5661;4956;56.8;49.8
07;2021-07-26;13;9;5674;4965;57.0;49.8
07;2021-07-27;0;10;5674;4975;57.0;49.9
07;2021-07-28;31;14;5705;4989;57.3;50.1
07;2021-07-29;33;32;5738;5021;57.6;50.4
07;2021-07-30;31;29;5769;5050;57.9;50.7
07;2021-07-31;53;24;5822;5074;58.4;50.9
07;2021-08-01;0;0;5822;5074;58.4;50.9
07;2021-08-02;11;1;5833;5075;58.6;50.9
07;2021-08-03;0;0;5833;5075;58.6;50.9
07;2021-08-04;40;14;5873;5089;59.0;51.1
07;2021-08-05;28;30;5901;5119;59.2;51.4
07;2021-08-06;35;35;5936;5154;59.6;51.7
07;2021-08-07;56;27;5992;5181;60.2;52.0
07;2021-08-08;0;0;5992;5181;60.2;52.0
07;2021-08-09;7;5;5999;5186;60.2;52.1
07;2021-08-10;14;9;6013;5195;60.4;52.2
07;2021-08-11;36;18;6049;5213;60.7;52.3
07;2021-08-12;24;30;6073;5243;61.0;52.6
07;2021-08-13;32;14;6105;5257;61.3;52.8
07;2021-08-14;20;27;6125;5284;61.5;53.0
07;2021-08-15;0;0;6125;5284;61.5;53.0
07;2021-08-16;14;31;6139;5315;61.6;53.4
07;2021-08-17;15;8;6154;5323;61.8;53.4
07;2021-08-18;24;28;6178;5351;62.0;53.7
07;2021-08-19;31;35;6209;5386;62.3;54.1
07;2021-08-20;27;41;6236;5427;62.6;54.5
07;2021-08-21;34;39;6270;5466;62.9;54.9
07;2021-08-22;6;0;6276;5466;63.0;54.9
07;2021-08-23;3;11;6279;5477;63.0;55.0
08;2020-12-27;0;0;0;0;0.0;0.0
08;2020-12-28;0;0;0;0;0.0;0.0
08;2020-12-29;0;0;0;0;0.0;0.0
08;2020-12-30;0;0;0;0;0.0;0.0
08;2020-12-31;0;0;0;0;0.0;0.0
08;2021-01-01;0;0;0;0;0.0;0.0
08;2021-01-02;0;0;0;0;0.0;0.0
08;2021-01-03;0;0;0;0;0.0;0.0
08;2021-01-04;0;0;0;0;0.0;0.0
08;2021-01-05;0;0;0;0;0.0;0.0
08;2021-01-06;0;0;0;0;0.0;0.0
08;2021-01-07;0;0;0;0;0.0;0.0
08;2021-01-08;0;0;0;0;0.0;0.0
08;2021-01-09;0;0;0;0;0.0;0.0
08;2021-01-10;0;0;0;0;0.0;0.0
08;2021-01-11;0;0;0;0;0.0;0.0
08;2021-01-12;0;0;0;0;0.0;0.0
08;2021-01-13;10;0;10;0;0.0;0.0
08;2021-01-14;12;0;22;0;0.1;0.0
08;2021-01-15;9;0;31;0;0.1;0.0
08;2021-01-16;0;0;31;0;0.1;0.0
08;2021-01-17;0;0;31;0;0.1;0.0
08;2021-01-18;0;0;31;0;0.1;0.0
08;2021-01-19;12;0;43;0;0.1;0.0
08;2021-01-20;13;0;56;0;0.2;0.0
08;2021-01-21;6;0;62;0;0.2;0.0
08;2021-01-22;0;0;62;0;0.2;0.0
08;2021-01-23;0;0;62;0;0.2;0.0
08;2021-01-24;0;0;62;0;0.2;0.0
08;2021-01-25;0;0;62;0;0.2;0.0
08;2021-01-26;9;0;71;0;0.2;0.0
08;2021-01-27;10;0;81;0;0.2;0.0
08;2021-01-28;6;1;87;1;0.2;0.0
08;2021-01-29;0;0;87;1;0.2;0.0
08;2021-01-30;0;0;87;1;0.2;0.0
08;2021-01-31;0;0;87;1;0.2;0.0
08;2021-02-01;1;0;88;1;0.2;0.0
08;2021-02-02;39;0;127;1;0.4;0.0
08;2021-02-03;11;0;138;1;0.4;0.0
08;2021-02-04;31;0;169;1;0.5;0.0
08;2021-02-05;6;0;175;1;0.5;0.0
08;2021-02-06;0;0;175;1;0.5;0.0
08;2021-02-07;0;0;175;1;0.5;0.0
08;2021-02-08;0;0;175;1;0.5;0.0
08;2021-02-09;38;0;213;1;0.6;0.0
08;2021-02-10;27;1;240;2;0.7;0.0
08;2021-02-11;0;0;240;2;0.7;0.0
08;2021-02-12;36;0;276;2;0.8;0.0
08;2021-02-13;0;0;276;2;0.8;0.0
08;2021-02-14;0;0;276;2;0.8;0.0
08;2021-02-15;50;1;326;3;0.9;0.0
08;2021-02-16;0;0;326;3;0.9;0.0
08;2021-02-17;0;0;326;3;0.9;0.0
08;2021-02-18;28;0;354;3;1.0;0.0
08;2021-02-19;44;0;398;3;1.1;0.0
08;2021-02-20;0;0;398;3;1.1;0.0
08;2021-02-21;0;0;398;3;1.1;0.0
08;2021-02-22;45;4;443;7;1.3;0.0
08;2021-02-23;41;29;484;36;1.4;0.1
08;2021-02-24;35;1;519;37;1.5;0.1
08;2021-02-25;55;36;574;73;1.6;0.2
08;2021-02-26;39;5;613;78;1.7;0.2
08;2021-02-27;0;0;613;78;1.7;0.2
08;2021-02-28;0;0;613;78;1.7;0.2
08;2021-03-01;49;5;662;83;1.9;0.2
08;2021-03-02;7;27;669;110;1.9;0.3
08;2021-03-03;52;28;721;138;2.0;0.4
08;2021-03-04;31;26;752;164;2.1;0.5
08;2021-03-05;46;10;798;174;2.3;0.5
08;2021-03-06;0;0;798;174;2.3;0.5
08;2021-03-07;0;0;798;174;2.3;0.5
08;2021-03-08;32;7;830;181;2.3;0.5
08;2021-03-09;19;27;849;208;2.4;0.6
08;2021-03-10;35;28;884;236;2.5;0.7
08;2021-03-11;2;0;886;236;2.5;0.7
08;2021-03-12;52;21;938;257;2.7;0.7
08;2021-03-13;13;0;951;257;2.7;0.7
08;2021-03-14;0;0;951;257;2.7;0.7
08;2021-03-15;31;41;982;298;2.8;0.8
08;2021-03-16;73;6;1055;304;3.0;0.9
08;2021-03-17;67;13;1122;317;3.2;0.9
08;2021-03-18;82;39;1204;356;3.4;1.0
08;2021-03-19;32;50;1236;406;3.5;1.1
08;2021-03-20;0;0;1236;406;3.5;1.1
08;2021-03-21;0;0;1236;406;3.5;1.1
08;2021-03-22;35;45;1271;451;3.6;1.3
08;2021-03-23;30;43;1301;494;3.7;1.4
08;2021-03-24;38;42;1339;536;3.8;1.5
08;2021-03-25;95;34;1434;570;4.1;1.6
08;2021-03-26;45;33;1479;603;4.2;1.7
08;2021-03-27;94;3;1573;606;4.5;1.7
08;2021-03-28;0;0;1573;606;4.5;1.7
08;2021-03-29;69;48;1642;654;4.6;1.9
08;2021-03-30;98;24;1740;678;4.9;1.9
08;2021-03-31;90;49;1830;727;5.2;2.1
08;2021-04-01;57;48;1887;775;5.3;2.2
08;2021-04-02;0;0;1887;775;5.3;2.2
08;2021-04-03;1;0;1888;775;5.3;2.2
08;2021-04-04;0;0;1888;775;5.3;2.2
08;2021-04-05;2;0;1890;775;5.3;2.2
08;2021-04-06;49;63;1939;838;5.5;2.4
08;2021-04-07;93;33;2032;871;5.8;2.5
08;2021-04-08;120;7;2152;878;6.1;2.5
08;2021-04-09;90;39;2242;917;6.3;2.6
08;2021-04-10;169;12;2411;929;6.8;2.6
08;2021-04-11;0;0;2411;929;6.8;2.6
08;2021-04-12;42;75;2453;1004;6.9;2.8
08;2021-04-13;49;71;2502;1075;7.1;3.0
08;2021-04-14;82;45;2584;1120;7.3;3.2
08;2021-04-15;92;22;2676;1142;7.6;3.2
08;2021-04-16;77;42;2753;1184;7.8;3.4
08;2021-04-17;165;4;2918;1188;8.3;3.4
08;2021-04-18;0;0;2918;1188;8.3;3.4
08;2021-04-19;52;67;2970;1255;8.4;3.6
08;2021-04-20;83;27;3053;1282;8.6;3.6
08;2021-04-21;91;29;3144;1311;8.9;3.7
08;2021-04-22;101;20;3245;1331;9.2;3.8
08;2021-04-23;45;66;3290;1397;9.3;4.0
08;2021-04-24;99;78;3389;1475;9.6;4.2
08;2021-04-25;0;0;3389;1475;9.6;4.2
08;2021-04-26;29;91;3418;1566;9.7;4.4
08;2021-04-27;59;63;3477;1629;9.8;4.6
08;2021-04-28;93;39;3570;1668;10.1;4.7
08;2021-04-29;89;31;3659;1699;10.4;4.8
08;2021-04-30;104;14;3763;1713;10.6;4.8
08;2021-05-01;0;8;3763;1721;10.6;4.9
08;2021-05-02;0;0;3763;1721;10.6;4.9
08;2021-05-03;25;99;3788;1820;10.7;5.2
08;2021-05-04;159;102;3947;1922;11.2;5.4
08;2021-05-05;142;59;4089;1981;11.6;5.6
08;2021-05-06;199;49;4288;2030;12.1;5.7
08;2021-05-07;127;71;4415;2101;12.5;5.9
08;2021-05-08;69;122;4484;2223;12.7;6.3
08;2021-05-09;0;0;4484;2223;12.7;6.3
08;2021-05-10;124;99;4608;2322;13.0;6.6
08;2021-05-11;132;72;4740;2394;13.4;6.8
08;2021-05-12;156;78;4896;2472;13.9;7.0
08;2021-05-13;83;6;4979;2478;14.1;7.0
08;2021-05-14;130;62;5109;2540;14.5;7.2
08;2021-05-15;87;4;5196;2544;14.7;7.2
08;2021-05-16;0;0;5196;2544;14.7;7.2
08;2021-05-17;146;115;5342;2659;15.1;7.5
08;2021-05-18;151;94;5493;2753;15.5;7.8
08;2021-05-19;84;69;5577;2822;15.8;8.0
08;2021-05-20;104;26;5681;2848;16.1;8.1
08;2021-05-21;98;52;5779;2900;16.4;8.2
08;2021-05-22;100;11;5879;2911;16.6;8.2
08;2021-05-23;0;0;5879;2911;16.6;8.2
08;2021-05-24;33;7;5912;2918;16.7;8.3
08;2021-05-25;119;78;6031;2996;17.1;8.5
08;2021-05-26;109;49;6140;3045;17.4;8.6
08;2021-05-27;112;42;6252;3087;17.7;8.7
08;2021-05-28;33;1;6285;3088;17.8;8.7
08;2021-05-29;60;213;6345;3301;18.0;9.3
08;2021-05-30;0;0;6345;3301;18.0;9.3
08;2021-05-31;112;63;6457;3364;18.3;9.5
08;2021-06-01;116;62;6573;3426;18.6;9.7
08;2021-06-02;131;33;6704;3459;19.0;9.8
08;2021-06-03;102;38;6806;3497;19.3;9.9
08;2021-06-04;128;70;6934;3567;19.6;10.1
08;2021-06-05;83;21;7017;3588;19.9;10.2
08;2021-06-06;0;0;7017;3588;19.9;10.2
08;2021-06-07;96;96;7113;3684;20.1;10.4
08;2021-06-08;82;89;7195;3773;20.4;10.7
08;2021-06-09;99;73;7294;3846;20.6;10.9
08;2021-06-10;112;63;7406;3909;21.0;11.1
08;2021-06-11;116;106;7522;4015;21.3;11.4
08;2021-06-12;57;30;7579;4045;21.4;11.4
08;2021-06-13;0;0;7579;4045;21.4;11.4
08;2021-06-14;106;127;7685;4172;21.7;11.8
08;2021-06-15;88;120;7773;4292;22.0;12.1
08;2021-06-16;105;148;7878;4440;22.3;12.6
08;2021-06-17;85;72;7963;4512;22.5;12.8
08;2021-06-18;67;99;8030;4611;22.7;13.0
08;2021-06-19;65;79;8095;4690;22.9;13.3
08;2021-06-20;0;0;8095;4690;22.9;13.3
08;2021-06-21;78;150;8173;4840;23.1;13.7
08;2021-06-22;71;103;8244;4943;23.3;14.0
08;2021-06-23;68;115;8312;5058;23.5;14.3
08;2021-06-24;44;75;8356;5133;23.6;14.5
08;2021-06-25;63;100;8419;5233;23.8;14.8
08;2021-06-26;35;61;8454;5294;23.9;15.0
08;2021-06-27;0;0;8454;5294;23.9;15.0
08;2021-06-28;74;131;8528;5425;24.1;15.4
08;2021-06-29;62;104;8590;5529;24.3;15.6
08;2021-06-30;56;110;8646;5639;24.5;16.0
08;2021-07-01;42;87;8688;5726;24.6;16.2
08;2021-07-02;52;90;8740;5816;24.7;16.5
08;2021-07-03;40;90;8780;5906;24.8;16.7
08;2021-07-04;0;1;8780;5907;24.8;16.7
08;2021-07-05;67;93;8847;6000;25.0;17.0
08;2021-07-06;55;75;8902;6075;25.2;17.2
08;2021-07-07;55;123;8957;6198;25.3;17.5
08;2021-07-08;54;107;9011;6305;25.5;17.8
08;2021-07-09;46;92;9057;6397;25.6;18.1
08;2021-07-10;38;85;9095;6482;25.7;18.3
08;2021-07-11;0;4;9095;6486;25.7;18.4
08;2021-07-12;71;130;9166;6616;25.9;18.7
08;2021-07-13;146;162;9312;6778;26.4;19.2
08;2021-07-14;3;0;9315;6778;26.4;19.2
08;2021-07-15;162;195;9477;6973;26.8;19.7
08;2021-07-16;113;113;9590;7086;27.1;20.1
08;2021-07-17;52;100;9642;7186;27.3;20.3
08;2021-07-18;0;0;9642;7186;27.3;20.3
08;2021-07-19;99;133;9741;7319;27.6;20.7
08;2021-07-20;80;74;9821;7393;27.8;20.9
08;2021-07-21;63;50;9884;7443;28.0;21.1
08;2021-07-22;99;115;9983;7558;28.3;21.4
08;2021-07-23;67;99;10050;7657;28.4;21.7
08;2021-07-24;20;35;10070;7692;28.5;21.8
08;2021-07-25;0;0;10070;7692;28.5;21.8
08;2021-07-26;94;116;10164;7808;28.8;22.1
08;2021-07-27;68;145;10232;7953;29.0;22.5
08;2021-07-28;72;127;10304;8080;29.2;22.9
08;2021-07-29;80;99;10384;8179;29.4;23.1
08;2021-07-30;82;116;10466;8295;29.6;23.5
08;2021-07-31;48;67;10514;8362;29.8;23.7
08;2021-08-01;0;0;10514;8362;29.8;23.7
08;2021-08-02;65;95;10579;8457;29.9;23.9
08;2021-08-03;60;94;10639;8551;30.1;24.2
08;2021-08-04;63;55;10702;8606;30.3;24.4
08;2021-08-05;48;70;10750;8676;30.4;24.6
08;2021-08-06;74;128;10824;8804;30.6;24.9
08;2021-08-07;43;44;10867;8848;30.8;25.0
08;2021-08-08;0;0;10867;8848;30.8;25.0
08;2021-08-09;138;150;11005;8998;31.1;25.5
08;2021-08-10;82;93;11087;9091;31.4;25.7
08;2021-08-11;106;100;11193;9191;31.7;26.0
08;2021-08-12;99;99;11292;9290;32.0;26.3
08;2021-08-13;131;74;11423;9364;32.3;26.5
08;2021-08-14;74;99;11497;9463;32.5;26.8
08;2021-08-15;0;0;11497;9463;32.5;26.8
08;2021-08-16;45;70;11542;9533;32.7;27.0
08;2021-08-17;32;33;11574;9566;32.8;27.1
08;2021-08-18;35;55;11609;9621;32.9;27.2
08;2021-08-19;34;25;11643;9646;33.0;27.3
08;2021-08-20;46;60;11689;9706;33.1;27.5
08;2021-08-21;0;0;11689;9706;33.1;27.5
08;2021-08-22;0;0;11689;9706;33.1;27.5
08;2021-08-23;51;86;11740;9792;33.2;27.7
11;2020-12-27;92;4;92;4;0.0;0.0
11;2020-12-28;86;0;178;4;0.0;0.0
11;2020-12-29;79;0;257;4;0.0;0.0
11;2020-12-30;160;1;417;5;0.0;0.0
11;2020-12-31;69;0;486;5;0.0;0.0
11;2021-01-01;88;3;574;8;0.0;0.0
11;2021-01-02;76;1;650;9;0.0;0.0
11;2021-01-03;112;1;762;10;0.0;0.0
11;2021-01-04;600;7;1362;17;0.0;0.0
11;2021-01-05;2144;18;3506;35;0.0;0.0
11;2021-01-06;3091;30;6597;65;0.1;0.0
11;2021-01-07;5437;47;12034;112;0.1;0.0
11;2021-01-08;7194;52;19228;164;0.2;0.0
11;2021-01-09;1921;7;21149;171;0.2;0.0
11;2021-01-10;1780;8;22929;179;0.2;0.0
11;2021-01-11;8099;73;31028;252;0.3;0.0
11;2021-01-12;10463;111;41491;363;0.3;0.0
11;2021-01-13;10104;117;51595;480;0.4;0.0
11;2021-01-14;10412;165;62007;645;0.5;0.0
11;2021-01-15;9056;107;71063;752;0.6;0.0
11;2021-01-16;2459;34;73522;786;0.6;0.0
11;2021-01-17;1144;20;74666;806;0.6;0.0
11;2021-01-18;12400;168;87066;974;0.7;0.0
11;2021-01-19;15969;183;103035;1157;0.8;0.0
11;2021-01-20;18554;160;121589;1317;1.0;0.0
11;2021-01-21;22513;207;144102;1524;1.2;0.0
11;2021-01-22;17303;195;161405;1719;1.3;0.0
11;2021-01-23;5026;27;166431;1746;1.4;0.0
11;2021-01-24;1333;7;167764;1753;1.4;0.0
11;2021-01-25;8971;176;176735;1929;1.4;0.0
11;2021-01-26;12442;400;189177;2329;1.5;0.0
11;2021-01-27;16421;735;205598;3064;1.7;0.0
11;2021-01-28;20579;1257;226177;4321;1.8;0.0
11;2021-01-29;15526;1403;241703;5724;2.0;0.0
11;2021-01-30;4503;114;246206;5838;2.0;0.0
11;2021-01-31;638;22;246844;5860;2.0;0.0
11;2021-02-01;7474;1956;254318;7816;2.1;0.1
11;2021-02-02;8413;2813;262731;10629;2.1;0.1
11;2021-02-03;8183;3758;270914;14387;2.2;0.1
11;2021-02-04;8857;4577;279771;18964;2.3;0.2
11;2021-02-05;9020;4398;288791;23362;2.4;0.2
11;2021-02-06;3344;746;292135;24108;2.4;0.2
11;2021-02-07;617;540;292752;24648;2.4;0.2
11;2021-02-08;6295;5897;299047;30545;2.4;0.2
11;2021-02-09;8535;9630;307582;40175;2.5;0.3
11;2021-02-10;10062;11168;317644;51343;2.6;0.4
11;2021-02-11;12479;16415;330123;67758;2.7;0.6
11;2021-02-12;11972;10591;342095;78349;2.8;0.6
11;2021-02-13;2631;2569;344726;80918;2.8;0.7
11;2021-02-14;361;559;345087;81477;2.8;0.7
11;2021-02-15;4527;11951;349614;93428;2.8;0.8
11;2021-02-16;5746;18347;355360;111775;2.9;0.9
11;2021-02-17;5755;15563;361115;127338;2.9;1.0
11;2021-02-18;8740;20705;369855;148043;3.0;1.2
11;2021-02-19;9141;15366;378996;163409;3.1;1.3
11;2021-02-20;1726;4829;380722;168238;3.1;1.4
11;2021-02-21;437;833;381159;169071;3.1;1.4
11;2021-02-22;4295;9849;385454;178920;3.1;1.5
11;2021-02-23;5018;10558;390472;189478;3.2;1.5
11;2021-02-24;5544;9864;396016;199342;3.2;1.6
11;2021-02-25;8766;14053;404782;213395;3.3;1.7
11;2021-02-26;11315;10185;416097;223580;3.4;1.8
11;2021-02-27;5130;3390;421227;226970;3.4;1.8
11;2021-02-28;789;664;422016;227634;3.4;1.9
11;2021-03-01;8991;8037;431007;235671;3.5;1.9
11;2021-03-02;14539;9772;445546;245443;3.6;2.0
11;2021-03-03;18874;10349;464420;255792;3.8;2.1
11;2021-03-04;28559;11523;492979;267315;4.0;2.2
11;2021-03-05;36802;11730;529781;279045;4.3;2.3
11;2021-03-06;46628;4108;576409;283153;4.7;2.3
11;2021-03-07;34444;3211;610853;286364;5.0;2.3
11;2021-03-08;17951;7667;628804;294031;5.1;2.4
11;2021-03-09;27102;8127;655906;302158;5.3;2.5
11;2021-03-10;27914;8846;683820;311004;5.6;2.5
11;2021-03-11;37337;10532;721157;321536;5.9;2.6
11;2021-03-12;45086;10165;766243;331701;6.2;2.7
11;2021-03-13;40026;3214;806269;334915;6.6;2.7
11;2021-03-14;14364;1054;820633;335969;6.7;2.7
11;2021-03-15;29437;4376;850070;340345;6.9;2.8
11;2021-03-16;23966;4109;874036;344454;7.1;2.8
11;2021-03-17;24652;3963;898688;348417;7.3;2.8
11;2021-03-18;29282;4438;927970;352855;7.6;2.9
11;2021-03-19;39931;4765;967901;357620;7.9;2.9
11;2021-03-20;26038;1875;993939;359495;8.1;2.9
11;2021-03-21;5751;1424;999690;360919;8.1;2.9
11;2021-03-22;32441;4574;1032131;365493;8.4;3.0
11;2021-03-23;43625;5921;1075756;371414;8.8;3.0
11;2021-03-24;43017;5494;1118773;376908;9.1;3.1
11;2021-03-25;58296;5899;1177069;382807;9.6;3.1
11;2021-03-26;58125;6746;1235194;389553;10.1;3.2
11;2021-03-27;34653;2522;1269847;392075;10.3;3.2
11;2021-03-28;10281;609;1280128;392684;10.4;3.2
11;2021-03-29;33307;8541;1313435;401225;10.7;3.3
11;2021-03-30;45154;12153;1358589;413378;11.1;3.4
11;2021-03-31;40188;14459;1398777;427837;11.4;3.5
11;2021-04-01;45765;22495;1444542;450332;11.8;3.7
11;2021-04-02;39762;24630;1484304;474962;12.1;3.9
11;2021-04-03;18492;21314;1502796;496276;12.2;4.0
11;2021-04-04;6203;7457;1508999;503733;12.3;4.1
11;2021-04-05;6102;2227;1515101;505960;12.3;4.1
11;2021-04-06;30262;18790;1545363;524750;12.6;4.3
11;2021-04-07;37866;20478;1583229;545228;12.9;4.4
11;2021-04-08;47080;21775;1630309;567003;13.3;4.6
11;2021-04-09;54210;22385;1684519;589388;13.7;4.8
11;2021-04-10;29118;19972;1713637;609360;14.0;5.0
11;2021-04-11;6645;7307;1720282;616667;14.0;5.0
11;2021-04-12;30559;19624;1750841;636291;14.3;5.2
11;2021-04-13;37559;27846;1788400;664137;14.6;5.4
11;2021-04-14;35342;24811;1823742;688948;14.9;5.6
11;2021-04-15;39494;28942;1863236;717890;15.2;5.8
11;2021-04-16;41397;28402;1904633;746292;15.5;6.1
11;2021-04-17;22947;15144;1927580;761436;15.7;6.2
11;2021-04-18;5420;3798;1933000;765234;15.7;6.2
11;2021-04-19;25326;23530;1958326;788764;15.9;6.4
11;2021-04-20;30796;28210;1989122;816974;16.2;6.7
11;2021-04-21;32470;28556;2021592;845530;16.5;6.9
11;2021-04-22;34764;35258;2056356;880788;16.7;7.2
11;2021-04-23;38593;33277;2094949;914065;17.1;7.4
11;2021-04-24;38102;23455;2133051;937520;17.4;7.6
11;2021-04-25;20589;8166;2153640;945686;17.5;7.7
11;2021-04-26;34124;25581;2187764;971267;17.8;7.9
11;2021-04-27;45978;30621;2233742;1001888;18.2;8.2
11;2021-04-28;48651;30383;2282393;1032271;18.6;8.4
11;2021-04-29;58079;32958;2340472;1065229;19.1;8.7
11;2021-04-30;61654;31681;2402126;1096910;19.6;8.9
11;2021-05-01;24236;6275;2426362;1103185;19.8;9.0
11;2021-05-02;14733;5125;2441095;1108310;19.9;9.0
11;2021-05-03;54730;35431;2495825;1143741;20.3;9.3
11;2021-05-04;59977;34304;2555802;1178045;20.8;9.6
11;2021-05-05;60691;34475;2616493;1212520;21.3;9.9
11;2021-05-06;67636;38505;2684129;1251025;21.9;10.2
11;2021-05-07;65925;40348;2750054;1291373;22.4;10.5
11;2021-05-08;51434;17147;2801488;1308520;22.8;10.7
11;2021-05-09;33305;10398;2834793;1318918;23.1;10.7
11;2021-05-10;71089;30926;2905882;1349844;23.7;11.0
11;2021-05-11;82108;38512;2987990;1388356;24.3;11.3
11;2021-05-12;84061;32887;3072051;1421243;25.0;11.6
11;2021-05-13;68483;10214;3140534;1431457;25.6;11.7
11;2021-05-14;84907;22510;3225441;1453967;26.3;11.8
11;2021-05-15;67001;15667;3292442;1469634;26.8;12.0
11;2021-05-16;36866;5314;3329308;1474948;27.1;12.0
11;2021-05-17;83187;17273;3412495;1492221;27.8;12.2
11;2021-05-18;100207;20607;3512702;1512828;28.6;12.3
11;2021-05-19;98755;28535;3611457;1541363;29.4;12.6
11;2021-05-20;107762;29535;3719219;1570898;30.3;12.8
11;2021-05-21;102090;26700;3821309;1597598;31.1;13.0
11;2021-05-22;80344;15234;3901653;1612832;31.8;13.1
11;2021-05-23;42249;6296;3943902;1619128;32.1;13.2
11;2021-05-24;60323;9041;4004225;1628169;32.6;13.3
11;2021-05-25;86556;32797;4090781;1660966;33.3;13.5
11;2021-05-26;85598;33166;4176379;1694132;34.0;13.8
11;2021-05-27;93288;41118;4269667;1735250;34.8;14.1
11;2021-05-28;87947;46176;4357614;1781426;35.5;14.5
11;2021-05-29;68979;27879;4426593;1809305;36.1;14.7
11;2021-05-30;36465;8761;4463058;1818066;36.3;14.8
11;2021-05-31;78845;40411;4541903;1858477;37.0;15.1
11;2021-06-01;89212;51527;4631115;1910004;37.7;15.6
11;2021-06-02;86405;46155;4717520;1956159;38.4;15.9
11;2021-06-03;90493;54224;4808013;2010383;39.2;16.4
11;2021-06-04;86340;59216;4894353;2069599;39.9;16.9
11;2021-06-05;64499;50181;4958852;2119780;40.4;17.3
11;2021-06-06;38684;17779;4997536;2137559;40.7;17.4
11;2021-06-07;70568;54082;5068104;2191641;41.3;17.8
11;2021-06-08;74336;62366;5142440;2254007;41.9;18.4
11;2021-06-09;72469;63502;5214909;2317509;42.5;18.9
11;2021-06-10;73867;81236;5288776;2398745;43.1;19.5
11;2021-06-11;67259;72507;5356035;2471252;43.6;20.1
11;2021-06-12;64924;48011;5420959;2519263;44.2;20.5
11;2021-06-13;30264;23013;5451223;2542276;44.4;20.7
11;2021-06-14;45638;75484;5496861;2617760;44.8;21.3
11;2021-06-15;54464;83275;5551325;2701035;45.2;22.0
11;2021-06-16;54063;78564;5605388;2779599;45.7;22.6
11;2021-06-17;55329;82111;5660717;2861710;46.1;23.3
11;2021-06-18;52975;96296;5713692;2958006;46.5;24.1
11;2021-06-19;44265;69462;5757957;3027468;46.9;24.7
11;2021-06-20;16772;36144;5774729;3063612;47.0;25.0
11;2021-06-21;36036;84542;5810765;3148154;47.3;25.6
11;2021-06-22;40456;101453;5851221;3249607;47.7;26.5
11;2021-06-23;40865;98473;5892086;3348080;48.0;27.3
11;2021-06-24;43685;96503;5935771;3444583;48.3;28.1
11;2021-06-25;40430;111088;5976201;3555671;48.7;29.0
11;2021-06-26;36056;86349;6012257;3642020;49.0;29.7
11;2021-06-27;13648;40445;6025905;3682465;49.1;30.0
11;2021-06-28;31286;96259;6057191;3778724;49.3;30.8
11;2021-06-29;35145;108751;6092336;3887475;49.6;31.7
11;2021-06-30;38510;106164;6130846;3993639;49.9;32.5
11;2021-07-01;43958;106508;6174804;4100147;50.3;33.4
11;2021-07-02;42671;110690;6217475;4210837;50.6;34.3
11;2021-07-03;32934;93617;6250409;4304454;50.9;35.1
11;2021-07-04;14497;43096;6264906;4347550;51.0;35.4
11;2021-07-05;34984;87057;6299890;4434607;51.3;36.1
11;2021-07-06;38428;101232;6338318;4535839;51.6;36.9
11;2021-07-07;39941;97816;6378259;4633655;51.9;37.7
11;2021-07-08;43573;99184;6421832;4732839;52.3;38.5
11;2021-07-09;46444;106259;6468276;4839098;52.7;39.4
11;2021-07-10;35762;86674;6504038;4925772;53.0;40.1
11;2021-07-11;17412;40490;6521450;4966262;53.1;40.4
11;2021-07-12;35843;102940;6557293;5069202;53.4;41.3
11;2021-07-13;60577;112048;6617870;5181250;53.9;42.2
11;2021-07-14;40926;48278;6658796;5229528;54.2;42.6
11;2021-07-15;69117;114495;6727913;5344023;54.8;43.5
11;2021-07-16;74627;103728;6802540;5447751;55.4;44.4
11;2021-07-17;56766;80941;6859306;5528692;55.9;45.0
11;2021-07-18;30265;34654;6889571;5563346;56.1;45.3
11;2021-07-19;57029;89545;6946600;5652891;56.6;46.0
11;2021-07-20;75215;92637;7021815;5745528;57.2;46.8
11;2021-07-21;79832;87816;7101647;5833344;57.8;47.5
11;2021-07-22;85936;86808;7187583;5920152;58.5;48.2
11;2021-07-23;86060;86346;7273643;6006498;59.2;48.9
11;2021-07-24;59251;65346;7332894;6071844;59.7;49.5
11;2021-07-25;31274;24554;7364168;6096398;60.0;49.7
11;2021-07-26;68511;65430;7432679;6161828;60.5;50.2
11;2021-07-27;87496;67769;7520175;6229597;61.2;50.7
11;2021-07-28;85333;64181;7605508;6293778;61.9;51.3
11;2021-07-29;82562;59867;7688070;6353645;62.6;51.7
11;2021-07-30;79319;63899;7767389;6417544;63.3;52.3
11;2021-07-31;53141;46878;7820530;6464422;63.7;52.6
11;2021-08-01;24030;14914;7844560;6479336;63.9;52.8
11;2021-08-02;46988;44018;7891548;6523354;64.3;53.1
11;2021-08-03;50933;47918;7942481;6571272;64.7;53.5
11;2021-08-04;48535;44781;7991016;6616053;65.1;53.9
11;2021-08-05;43623;43546;8034639;6659599;65.4;54.2
11;2021-08-06;46490;51671;8081129;6711270;65.8;54.7
11;2021-08-07;33668;40699;8114797;6751969;66.1;55.0
11;2021-08-08;12888;16767;8127685;6768736;66.2;55.1
11;2021-08-09;37393;47746;8165078;6816482;66.5;55.5
11;2021-08-10;40758;50398;8205836;6866880;66.8;55.9
11;2021-08-11;37638;50681;8243474;6917561;67.1;56.3
11;2021-08-12;34662;49844;8278136;6967405;67.4;56.7
11;2021-08-13;32367;47097;8310503;7014502;67.7;57.1
11;2021-08-14;25428;43374;8335931;7057876;67.9;57.5
11;2021-08-15;6015;8772;8341946;7066648;67.9;57.6
11;2021-08-16;26073;58724;8368019;7125372;68.2;58.0
11;2021-08-17;30129;64174;8398148;7189546;68.4;58.6
11;2021-08-18;28122;61106;8426270;7250652;68.6;59.1
11;2021-08-19;26694;55856;8452964;7306508;68.8;59.5
11;2021-08-20;25795;60282;8478759;7366790;69.1;60.0
11;2021-08-21;20877;50523;8499636;7417313;69.2;60.4
11;2021-08-22;7803;23662;8507439;7440975;69.3;60.6
11;2021-08-23;23365;64198;8530804;7505173;69.5;61.1
24;2020-12-27;0;0;0;0;0.0;0.0
24;2020-12-28;18;0;18;0;0.0;0.0
24;2020-12-29;10;0;28;0;0.0;0.0
24;2020-12-30;1;0;29;0;0.0;0.0
24;2020-12-31;1;0;30;0;0.0;0.0
24;2021-01-01;1;0;31;0;0.0;0.0
24;2021-01-02;2;0;33;0;0.0;0.0
24;2021-01-03;0;0;33;0;0.0;0.0
24;2021-01-04;26;0;59;0;0.0;0.0
24;2021-01-05;163;0;222;0;0.0;0.0
24;2021-01-06;328;0;550;0;0.0;0.0
24;2021-01-07;507;1;1057;1;0.0;0.0
24;2021-01-08;952;4;2009;5;0.1;0.0
24;2021-01-09;507;0;2516;5;0.1;0.0
24;2021-01-10;395;0;2911;5;0.1;0.0
24;2021-01-11;1280;2;4191;7;0.2;0.0
24;2021-01-12;2579;10;6770;17;0.3;0.0
24;2021-01-13;2192;9;8962;26;0.4;0.0
24;2021-01-14;2513;53;11475;79;0.4;0.0
24;2021-01-15;2119;11;13594;90;0.5;0.0
24;2021-01-16;861;8;14455;98;0.6;0.0
24;2021-01-17;327;3;14782;101;0.6;0.0
24;2021-01-18;3220;17;18002;118;0.7;0.0
24;2021-01-19;6349;27;24351;145;1.0;0.0
24;2021-01-20;7185;20;31536;165;1.2;0.0
24;2021-01-21;7426;17;38962;182;1.5;0.0
24;2021-01-22;5127;10;44089;192;1.7;0.0
24;2021-01-23;1287;2;45376;194;1.8;0.0
24;2021-01-24;225;1;45601;195;1.8;0.0
24;2021-01-25;3121;27;48722;222;1.9;0.0
24;2021-01-26;4880;95;53602;317;2.1;0.0
24;2021-01-27;5065;194;58667;511;2.3;0.0
24;2021-01-28;5646;511;64313;1022;2.5;0.0
24;2021-01-29;3432;733;67745;1755;2.6;0.1
24;2021-01-30;1211;395;68956;2150;2.7;0.1
24;2021-01-31;251;365;69207;2515;2.7;0.1
24;2021-02-01;2173;917;71380;3432;2.8;0.1
24;2021-02-02;3038;1883;74418;5315;2.9;0.2
24;2021-02-03;3118;1761;77536;7076;3.0;0.3
24;2021-02-04;3236;1611;80772;8687;3.2;0.3
24;2021-02-05;2398;1370;83170;10057;3.3;0.4
24;2021-02-06;713;262;83883;10319;3.3;0.4
24;2021-02-07;138;33;84021;10352;3.3;0.4
24;2021-02-08;1971;1563;85992;11915;3.4;0.5
24;2021-02-09;3422;3309;89414;15224;3.5;0.6
24;2021-02-10;4099;3760;93513;18984;3.7;0.7
24;2021-02-11;4664;4781;98177;23765;3.8;0.9
24;2021-02-12;3487;3274;101664;27039;4.0;1.1
24;2021-02-13;842;766;102506;27805;4.0;1.1
24;2021-02-14;428;253;102934;28058;4.0;1.1
24;2021-02-15;1963;2839;104897;30897;4.1;1.2
24;2021-02-16;2851;4481;107748;35378;4.2;1.4
24;2021-02-17;2698;5114;110446;40492;4.3;1.6
24;2021-02-18;3538;5147;113984;45639;4.5;1.8
24;2021-02-19;3277;3550;117261;49189;4.6;1.9
24;2021-02-20;1294;986;118555;50175;4.6;2.0
24;2021-02-21;432;239;118987;50414;4.6;2.0
24;2021-02-22;1655;3026;120642;53440;4.7;2.1
24;2021-02-23;2344;3075;122986;56515;4.8;2.2
24;2021-02-24;2099;3408;125085;59923;4.9;2.3
24;2021-02-25;3629;3107;128714;63030;5.0;2.5
24;2021-02-26;4475;2604;133189;65634;5.2;2.6
24;2021-02-27;1883;997;135072;66631;5.3;2.6
24;2021-02-28;98;218;135170;66849;5.3;2.6
24;2021-03-01;2191;1982;137361;68831;5.4;2.7
24;2021-03-02;3442;2843;140803;71674;5.5;2.8
24;2021-03-03;3559;3373;144362;75047;5.6;2.9
24;2021-03-04;5353;3717;149715;78764;5.9;3.1
24;2021-03-05;7055;3189;156770;81953;6.1;3.2
24;2021-03-06;7379;813;164149;82766;6.4;3.2
24;2021-03-07;2433;318;166582;83084;6.5;3.2
24;2021-03-08;2701;2609;169283;85693;6.6;3.3
24;2021-03-09;5789;2876;175072;88569;6.8;3.5
24;2021-03-10;6425;3518;181497;92087;7.1;3.6
24;2021-03-11;7841;3504;189338;95591;7.4;3.7
24;2021-03-12;10804;2741;200142;98332;7.8;3.8
24;2021-03-13;7134;768;207276;99100;8.1;3.9
24;2021-03-14;1554;285;208830;99385;8.2;3.9
24;2021-03-15;4571;1970;213401;101355;8.3;4.0
24;2021-03-16;4607;2385;218008;103740;8.5;4.1
24;2021-03-17;4466;2003;222474;105743;8.7;4.1
24;2021-03-18;5083;2089;227557;107832;8.9;4.2
24;2021-03-19;7799;1702;235356;109534;9.2;4.3
24;2021-03-20;4449;909;239805;110443;9.4;4.3
24;2021-03-21;561;355;240366;110798;9.4;4.3
24;2021-03-22;4876;1723;245242;112521;9.6;4.4
24;2021-03-23;8059;2326;253301;114847;9.9;4.5
24;2021-03-24;8828;2031;262129;116878;10.2;4.6
24;2021-03-25;12174;2013;274303;118891;10.7;4.6
24;2021-03-26;13280;2066;287583;120957;11.2;4.7
24;2021-03-27;5789;709;293372;121666;11.5;4.8
24;2021-03-28;524;98;293896;121764;11.5;4.8
24;2021-03-29;6774;1930;300670;123694;11.7;4.8
24;2021-03-30;10182;2824;310852;126518;12.1;4.9
24;2021-03-31;9912;2463;320764;128981;12.5;5.0
24;2021-04-01;12083;3460;332847;132441;13.0;5.2
24;2021-04-02;10659;3426;343506;135867;13.4;5.3
24;2021-04-03;3418;1737;346924;137604;13.6;5.4
24;2021-04-04;402;343;347326;137947;13.6;5.4
24;2021-04-05;412;53;347738;138000;13.6;5.4
24;2021-04-06;8350;3371;356088;141371;13.9;5.5
24;2021-04-07;11082;4591;367170;145962;14.3;5.7
24;2021-04-08;14233;4800;381403;150762;14.9;5.9
24;2021-04-09;17794;3811;399197;154573;15.6;6.0
24;2021-04-10;9411;2129;408608;156702;16.0;6.1
24;2021-04-11;2918;1256;411526;157958;16.1;6.2
24;2021-04-12;10862;3515;422388;161473;16.5;6.3
24;2021-04-13;15020;4888;437408;166361;17.1;6.5
24;2021-04-14;13498;4943;450906;171304;17.6;6.7
24;2021-04-15;15403;5170;466309;176474;18.2;6.9
24;2021-04-16;15720;4398;482029;180872;18.8;7.1
24;2021-04-17;8208;1374;490237;182246;19.2;7.1
24;2021-04-18;1107;292;491344;182538;19.2;7.1
24;2021-04-19;9448;4224;500792;186762;19.6;7.3
24;2021-04-20;12744;6068;513536;192830;20.1;7.5
24;2021-04-21;12347;6128;525883;198958;20.5;7.8
24;2021-04-22;13892;7631;539775;206589;21.1;8.1
24;2021-04-23;13743;7130;553518;213719;21.6;8.4
24;2021-04-24;10264;3321;563782;217040;22.0;8.5
24;2021-04-25;3056;456;566838;217496;22.2;8.5
24;2021-04-26;10225;5462;577063;222958;22.5;8.7
24;2021-04-27;13890;7808;590953;230766;23.1;9.0
24;2021-04-28;13045;8521;603998;239287;23.6;9.4
24;2021-04-29;16627;8682;620625;247969;24.3;9.7
24;2021-04-30;17504;7349;638129;255318;24.9;10.0
24;2021-05-01;2916;680;641045;255998;25.0;10.0
24;2021-05-02;2144;342;643189;256340;25.1;10.0
24;2021-05-03;11322;6185;654511;262525;25.6;10.3
24;2021-05-04;12858;10374;667369;272899;26.1;10.7
24;2021-05-05;13942;9612;681311;282511;26.6;11.0
24;2021-05-06;17530;9817;698841;292328;27.3;11.4
24;2021-05-07;14587;11989;713428;304317;27.9;11.9
24;2021-05-08;3729;2400;717157;306717;28.0;12.0
24;2021-05-09;2353;3735;719510;310452;28.1;12.1
24;2021-05-10;11572;12238;731082;322690;28.6;12.6
24;2021-05-11;16432;14300;747514;336990;29.2;13.2
24;2021-05-12;18322;13213;765836;350203;29.9;13.7
24;2021-05-13;6972;3187;772808;353390;30.2;13.8
24;2021-05-14;14536;9223;787344;362613;30.8;14.2
24;2021-05-15;10476;5079;797820;367692;31.2;14.4
24;2021-05-16;3177;1193;800997;368885;31.3;14.4
24;2021-05-17;13342;7687;814339;376572;31.8;14.7
24;2021-05-18;18533;8330;832872;384902;32.5;15.0
24;2021-05-19;19129;7587;852001;392489;33.3;15.3
24;2021-05-20;21405;8494;873406;400983;34.1;15.7
24;2021-05-21;18467;9187;891873;410170;34.9;16.0
24;2021-05-22;7646;4198;899519;414368;35.2;16.2
24;2021-05-23;2964;954;902483;415322;35.3;16.2
24;2021-05-24;8341;1619;910824;416941;35.6;16.3
24;2021-05-25;17843;8945;928667;425886;36.3;16.6
24;2021-05-26;19471;8437;948138;434323;37.1;17.0
24;2021-05-27;20952;10162;969090;444485;37.9;17.4
24;2021-05-28;20543;12362;989633;456847;38.7;17.9
24;2021-05-29;12455;5927;1002088;462774;39.2;18.1
24;2021-05-30;2043;1489;1004131;464263;39.2;18.1
24;2021-05-31;14623;8948;1018754;473211;39.8;18.5
24;2021-06-01;19786;12076;1038540;485287;40.6;19.0
24;2021-06-02;18001;10946;1056541;496233;41.3;19.4
24;2021-06-03;20987;11990;1077528;508223;42.1;19.9
24;2021-06-04;20003;13886;1097531;522109;42.9;20.4
24;2021-06-05;9902;8861;1107433;530970;43.3;20.7
24;2021-06-06;2005;3020;1109438;533990;43.4;20.9
24;2021-06-07;14475;12039;1123913;546029;43.9;21.3
24;2021-06-08;16202;15041;1140115;561070;44.6;21.9
24;2021-06-09;16532;12823;1156647;573893;45.2;22.4
24;2021-06-10;18134;12170;1174781;586063;45.9;22.9
24;2021-06-11;17244;15337;1192025;601400;46.6;23.5
24;2021-06-12;10124;7361;1202149;608761;47.0;23.8
24;2021-06-13;902;1304;1203051;610065;47.0;23.8
24;2021-06-14;10547;15249;1213598;625314;47.4;24.4
24;2021-06-15;13042;17133;1226640;642447;47.9;25.1
24;2021-06-16;13552;16310;1240192;658757;48.5;25.7
24;2021-06-17;13226;17320;1253418;676077;49.0;26.4
24;2021-06-18;14640;19837;1268058;695914;49.6;27.2
24;2021-06-19;7962;6653;1276020;702567;49.9;27.5
24;2021-06-20;572;867;1276592;703434;49.9;27.5
24;2021-06-21;8942;16495;1285534;719929;50.2;28.1
24;2021-06-22;10286;19404;1295820;739333;50.6;28.9
24;2021-06-23;9786;17892;1305606;757225;51.0;29.6
24;2021-06-24;9103;12904;1314709;770129;51.4;30.1
24;2021-06-25;10773;19942;1325482;790071;51.8;30.9
24;2021-06-26;5354;10983;1330836;801054;52.0;31.3
24;2021-06-27;800;2207;1331636;803261;52.0;31.4
24;2021-06-28;6529;18546;1338165;821807;52.3;32.1
24;2021-06-29;8031;24113;1346196;845920;52.6;33.1
24;2021-06-30;8241;22312;1354437;868232;52.9;33.9
24;2021-07-01;7881;19673;1362318;887905;53.2;34.7
24;2021-07-02;8310;23561;1370628;911466;53.6;35.6
24;2021-07-03;4211;11155;1374839;922621;53.7;36.1
24;2021-07-04;507;2801;1375346;925422;53.7;36.2
24;2021-07-05;6754;18675;1382100;944097;54.0;36.9
24;2021-07-06;8034;23568;1390134;967665;54.3;37.8
24;2021-07-07;7861;22711;1397995;990376;54.6;38.7
24;2021-07-08;9277;22342;1407272;1012718;55.0;39.6
24;2021-07-09;7554;26749;1414826;1039467;55.3;40.6
24;2021-07-10;4582;15066;1419408;1054533;55.5;41.2
24;2021-07-11;394;1228;1419802;1055761;55.5;41.3
24;2021-07-12;5667;22083;1425469;1077844;55.7;42.1
24;2021-07-13;9005;28329;1434474;1106173;56.1;43.2
24;2021-07-14;4037;6099;1438511;1112272;56.2;43.5
24;2021-07-15;12985;27070;1451496;1139342;56.7;44.5
24;2021-07-16;11359;27385;1462855;1166727;57.2;45.6
24;2021-07-17;5621;11347;1468476;1178074;57.4;46.0
24;2021-07-18;888;1788;1469364;1179862;57.4;46.1
24;2021-07-19;8115;21849;1477479;1201711;57.7;47.0
24;2021-07-20;14152;24490;1491631;1226201;58.3;47.9
24;2021-07-21;15438;21675;1507069;1247876;58.9;48.8
24;2021-07-22;19509;20749;1526578;1268625;59.7;49.6
24;2021-07-23;15481;22412;1542059;1291037;60.3;50.4
24;2021-07-24;7146;10782;1549205;1301819;60.5;50.9
24;2021-07-25;493;976;1549698;1302795;60.6;50.9
24;2021-07-26;13325;16959;1563023;1319754;61.1;51.6
24;2021-07-27;18930;17886;1581953;1337640;61.8;52.3
24;2021-07-28;18802;15594;1600755;1353234;62.6;52.9
24;2021-07-29;20995;14681;1621750;1367915;63.4;53.5
24;2021-07-30;18952;17226;1640702;1385141;64.1;54.1
24;2021-07-31;6070;7015;1646772;1392156;64.4;54.4
24;2021-08-01;725;401;1647497;1392557;64.4;54.4
24;2021-08-02;12736;11303;1660233;1403860;64.9;54.9
24;2021-08-03;18278;12795;1678511;1416655;65.6;55.4
24;2021-08-04;16579;9690;1695090;1426345;66.2;55.7
24;2021-08-05;16081;10369;1711171;1436714;66.9;56.1
24;2021-08-06;15373;11848;1726544;1448562;67.5;56.6
24;2021-08-07;5750;4796;1732294;1453358;67.7;56.8
24;2021-08-08;414;459;1732708;1453817;67.7;56.8
24;2021-08-09;9990;9426;1742698;1463243;68.1;57.2
24;2021-08-10;13043;12396;1755741;1475639;68.6;57.7
24;2021-08-11;10594;11182;1766335;1486821;69.0;58.1
24;2021-08-12;10496;11787;1776831;1498608;69.4;58.6
24;2021-08-13;9186;12264;1786017;1510872;69.8;59.0
24;2021-08-14;3626;4249;1789643;1515121;69.9;59.2
24;2021-08-15;733;293;1790376;1515414;70.0;59.2
24;2021-08-16;5753;11838;1796129;1527252;70.2;59.7
24;2021-08-17;8001;14834;1804130;1542086;70.5;60.3
24;2021-08-18;7365;14670;1811495;1556756;70.8;60.8
24;2021-08-19;7085;15048;1818580;1571804;71.1;61.4
24;2021-08-20;6196;16496;1824776;1588300;71.3;62.1
24;2021-08-21;2732;4740;1827508;1593040;71.4;62.3
24;2021-08-22;64;239;1827572;1593279;71.4;62.3
24;2021-08-23;5361;15487;1832933;1608766;71.6;62.9
27;2020-12-27;4;0;4;0;0.0;0.0
27;2020-12-28;4;0;8;0;0.0;0.0
27;2020-12-29;20;0;28;0;0.0;0.0
27;2020-12-30;23;0;51;0;0.0;0.0
27;2020-12-31;2;0;53;0;0.0;0.0
27;2021-01-01;1;0;54;0;0.0;0.0
27;2021-01-02;3;0;57;0;0.0;0.0
27;2021-01-03;3;0;60;0;0.0;0.0
27;2021-01-04;28;0;88;0;0.0;0.0
27;2021-01-05;268;2;356;2;0.0;0.0
27;2021-01-06;721;4;1077;6;0.0;0.0
27;2021-01-07;1585;3;2662;9;0.1;0.0
27;2021-01-08;1906;5;4568;14;0.2;0.0
27;2021-01-09;688;0;5256;14;0.2;0.0
27;2021-01-10;3;0;5259;14;0.2;0.0
27;2021-01-11;2469;9;7728;23;0.3;0.0
27;2021-01-12;3852;5;11580;28;0.4;0.0
27;2021-01-13;3879;23;15459;51;0.6;0.0
27;2021-01-14;4803;50;20262;101;0.7;0.0
27;2021-01-15;3612;30;23874;131;0.9;0.0
27;2021-01-16;794;8;24668;139;0.9;0.0
27;2021-01-17;118;1;24786;140;0.9;0.0
27;2021-01-18;6305;31;31091;171;1.1;0.0
27;2021-01-19;8441;33;39532;204;1.4;0.0
27;2021-01-20;7988;65;47520;269;1.7;0.0
27;2021-01-21;9542;36;57062;305;2.1;0.0
27;2021-01-22;7747;26;64809;331;2.3;0.0
27;2021-01-23;2994;10;67803;341;2.4;0.0
27;2021-01-24;354;0;68157;341;2.4;0.0
27;2021-01-25;5238;34;73395;375;2.6;0.0
27;2021-01-26;7447;240;80842;615;2.9;0.0
27;2021-01-27;7126;368;87968;983;3.2;0.0
27;2021-01-28;6362;906;94330;1889;3.4;0.1
27;2021-01-29;5939;1273;100269;3162;3.6;0.1
27;2021-01-30;2501;347;102770;3509;3.7;0.1
27;2021-01-31;253;20;103023;3529;3.7;0.1
27;2021-02-01;3367;1396;106390;4925;3.8;0.2
27;2021-02-02;4044;2216;110434;7141;4.0;0.3
27;2021-02-03;3626;2391;114060;9532;4.1;0.3
27;2021-02-04;3704;3137;117764;12669;4.2;0.5
27;2021-02-05;3243;2588;121007;15257;4.3;0.5
27;2021-02-06;1616;671;122623;15928;4.4;0.6
27;2021-02-07;8;87;122631;16015;4.4;0.6
27;2021-02-08;2912;2681;125543;18696;4.5;0.7
27;2021-02-09;3014;3661;128557;22357;4.6;0.8
27;2021-02-10;3065;3430;131622;25787;4.7;0.9
27;2021-02-11;3328;4669;134950;30456;4.8;1.1
27;2021-02-12;2730;4475;137680;34931;4.9;1.3
27;2021-02-13;985;1457;138665;36388;5.0;1.3
27;2021-02-14;262;304;138927;36692;5.0;1.3
27;2021-02-15;1244;5673;140171;42365;5.0;1.5
27;2021-02-16;1509;7407;141680;49772;5.1;1.8
27;2021-02-17;1821;6853;143501;56625;5.2;2.0
27;2021-02-18;2152;6425;145653;63050;5.2;2.3
27;2021-02-19;1737;5594;147390;68644;5.3;2.5
27;2021-02-20;717;2175;148107;70819;5.3;2.5
27;2021-02-21;7;279;148114;71098;5.3;2.6
27;2021-02-22;996;4869;149110;75967;5.4;2.7
27;2021-02-23;1205;5444;150315;81411;5.4;2.9
27;2021-02-24;1518;4861;151833;86272;5.5;3.1
27;2021-02-25;2940;5051;154773;91323;5.6;3.3
27;2021-02-26;3696;4200;158469;95523;5.7;3.4
27;2021-02-27;1917;1962;160386;97485;5.8;3.5
27;2021-02-28;109;284;160495;97769;5.8;3.5
27;2021-03-01;3675;3529;164170;101298;5.9;3.6
27;2021-03-02;5446;4421;169616;105719;6.1;3.8
27;2021-03-03;6001;3661;175617;109380;6.3;3.9
27;2021-03-04;7808;3680;183425;113060;6.6;4.1
27;2021-03-05;9729;3317;193154;116377;6.9;4.2
27;2021-03-06;6248;1175;199402;117552;7.2;4.2
27;2021-03-07;880;204;200282;117756;7.2;4.2
27;2021-03-08;4570;3469;204852;121225;7.4;4.4
27;2021-03-09;8453;3507;213305;124732;7.7;4.5
27;2021-03-10;8761;2896;222066;127628;8.0;4.6
27;2021-03-11;10286;3356;232352;130984;8.3;4.7
27;2021-03-12;11959;2652;244311;133636;8.8;4.8
27;2021-03-13;7097;767;251408;134403;9.0;4.8
27;2021-03-14;218;60;251626;134463;9.0;4.8
27;2021-03-15;7352;1476;258978;135939;9.3;4.9
27;2021-03-16;8271;1182;267249;137121;9.6;4.9
27;2021-03-17;8560;1279;275809;138400;9.9;5.0
27;2021-03-18;8649;1510;284458;139910;10.2;5.0
27;2021-03-19;9494;1197;293952;141107;10.6;5.1
27;2021-03-20;5679;454;299631;141561;10.8;5.1
27;2021-03-21;252;12;299883;141573;10.8;5.1
27;2021-03-22;9365;1048;309248;142621;11.1;5.1
27;2021-03-23;14757;1337;324005;143958;11.6;5.2
27;2021-03-24;15253;1366;339258;145324;12.2;5.2
27;2021-03-25;18488;1635;357746;146959;12.9;5.3
27;2021-03-26;18425;1429;376171;148388;13.5;5.3
27;2021-03-27;7711;478;383882;148866;13.8;5.3
27;2021-03-28;500;126;384382;148992;13.8;5.4
27;2021-03-29;10056;3460;394438;152452;14.2;5.5
27;2021-03-30;13018;4124;407456;156576;14.6;5.6
27;2021-03-31;12873;4332;420329;160908;15.1;5.8
27;2021-04-01;14591;4264;434920;165172;15.6;5.9
27;2021-04-02;12974;4155;447894;169327;16.1;6.1
27;2021-04-03;4493;1185;452387;170512;16.3;6.1
27;2021-04-04;79;36;452466;170548;16.3;6.1
27;2021-04-05;359;8;452825;170556;16.3;6.1
27;2021-04-06;9596;6240;462421;176796;16.6;6.4
27;2021-04-07;10219;6504;472640;183300;17.0;6.6
27;2021-04-08;15773;6311;488413;189611;17.5;6.8
27;2021-04-09;17885;6198;506298;195809;18.2;7.0
27;2021-04-10;6097;1998;512395;197807;18.4;7.1
27;2021-04-11;435;89;512830;197896;18.4;7.1
27;2021-04-12;9092;6849;521922;204745;18.8;7.4
27;2021-04-13;11771;8579;533693;213324;19.2;7.7
27;2021-04-14;10343;7891;544036;221215;19.5;7.9
27;2021-04-15;12995;7769;557031;228984;20.0;8.2
27;2021-04-16;12800;6553;569831;235537;20.5;8.5
27;2021-04-17;5938;3072;575769;238609;20.7;8.6
27;2021-04-18;366;193;576135;238802;20.7;8.6
27;2021-04-19;6976;8860;583111;247662;21.0;8.9
27;2021-04-20;8503;10572;591614;258234;21.3;9.3
27;2021-04-21;8355;10167;599969;268401;21.6;9.6
27;2021-04-22;9877;11596;609846;279997;21.9;10.1
27;2021-04-23;11385;10360;621231;290357;22.3;10.4
27;2021-04-24;5197;4002;626428;294359;22.5;10.6
27;2021-04-25;447;299;626875;294658;22.5;10.6
27;2021-04-26;9566;8835;636441;303493;22.9;10.9
27;2021-04-27;13501;10311;649942;313804;23.4;11.3
27;2021-04-28;14233;10492;664175;324296;23.9;11.7
27;2021-04-29;17893;11652;682068;335948;24.5;12.1
27;2021-04-30;18780;9609;700848;345557;25.2;12.4
27;2021-05-01;5437;1568;706285;347125;25.4;12.5
27;2021-05-02;611;78;706896;347203;25.4;12.5
27;2021-05-03;14932;6417;721828;353620;25.9;12.7
27;2021-05-04;13957;10890;735785;364510;26.4;13.1
27;2021-05-05;15579;10074;751364;374584;27.0;13.5
27;2021-05-06;18305;12453;769669;387037;27.7;13.9
27;2021-05-07;17228;11863;786897;398900;28.3;14.3
27;2021-05-08;5974;1549;792871;400449;28.5;14.4
27;2021-05-09;540;449;793411;400898;28.5;14.4
27;2021-05-10;15303;9991;808714;410889;29.1;14.8
27;2021-05-11;20796;13081;829510;423970;29.8;15.2
27;2021-05-12;19704;11879;849214;435849;30.5;15.7
27;2021-05-13;12309;2065;861523;437914;31.0;15.7
27;2021-05-14;22958;8472;884481;446386;31.8;16.0
27;2021-05-15;15444;3452;899925;449838;32.3;16.2
27;2021-05-16;1903;243;901828;450081;32.4;16.2
27;2021-05-17;18986;6888;920814;456969;33.1;16.4
27;2021-05-18;20729;9376;941543;466345;33.8;16.8
27;2021-05-19;22270;7396;963813;473741;34.6;17.0
27;2021-05-20;23288;8331;987101;482072;35.5;17.3
27;2021-05-21;21206;10134;1008307;492206;36.2;17.7
27;2021-05-22;8298;3624;1016605;495830;36.5;17.8
27;2021-05-23;928;309;1017533;496139;36.6;17.8
27;2021-05-24;4273;1100;1021806;497239;36.7;17.9
27;2021-05-25;15000;11682;1036806;508921;37.3;18.3
27;2021-05-26;15536;10741;1052342;519662;37.8;18.7
27;2021-05-27;18502;11905;1070844;531567;38.5;19.1
27;2021-05-28;16129;14186;1086973;545753;39.1;19.6
27;2021-05-29;6842;5178;1093815;550931;39.3;19.8
27;2021-05-30;401;256;1094216;551187;39.3;19.8
27;2021-05-31;13360;10962;1107576;562149;39.8;20.2
27;2021-06-01;16812;13508;1124388;575657;40.4;20.7
27;2021-06-02;16362;11494;1140750;587151;41.0;21.1
27;2021-06-03;17825;11877;1158575;599028;41.6;21.5
27;2021-06-04;16303;14667;1174878;613695;42.2;22.1
27;2021-06-05;8400;6793;1183278;620488;42.5;22.3
27;2021-06-06;1742;652;1185020;621140;42.6;22.3
27;2021-06-07;17516;13167;1202536;634307;43.2;22.8
27;2021-06-08;19872;15409;1222408;649716;43.9;23.3
27;2021-06-09;19171;12548;1241579;662264;44.6;23.8
27;2021-06-10;19234;13989;1260813;676253;45.3;24.3
27;2021-06-11;18234;17150;1279047;693403;46.0;24.9
27;2021-06-12;9542;7856;1288589;701259;46.3;25.2
27;2021-06-13;984;956;1289573;702215;46.3;25.2
27;2021-06-14;11117;17062;1300690;719277;46.7;25.8
27;2021-06-15;14211;17636;1314901;736913;47.2;26.5
27;2021-06-16;14819;15666;1329720;752579;47.8;27.0
27;2021-06-17;15255;17263;1344975;769842;48.3;27.7
27;2021-06-18;14907;20240;1359882;790082;48.9;28.4
27;2021-06-19;7722;8697;1367604;798779;49.1;28.7
27;2021-06-20;187;457;1367791;799236;49.1;28.7
27;2021-06-21;7784;19037;1375575;818273;49.4;29.4
27;2021-06-22;9645;24264;1385220;842537;49.8;30.3
27;2021-06-23;11407;19319;1396627;861856;50.2;31.0
27;2021-06-24;10623;17991;1407250;879847;50.6;31.6
27;2021-06-25;9450;27006;1416700;906853;50.9;32.6
27;2021-06-26;5122;15808;1421822;922661;51.1;33.2
27;2021-06-27;674;1893;1422496;924554;51.1;33.2
27;2021-06-28;6354;21990;1428850;946544;51.3;34.0
27;2021-06-29;7285;24654;1436135;971198;51.6;34.9
27;2021-06-30;9238;22774;1445373;993972;51.9;35.7
27;2021-07-01;9619;22557;1454992;1016529;52.3;36.5
27;2021-07-02;10942;21062;1465934;1037591;52.7;37.3
27;2021-07-03;4701;9324;1470635;1046915;52.8;37.6
27;2021-07-04;527;1068;1471162;1047983;52.9;37.7
27;2021-07-05;8804;17773;1479966;1065756;53.2;38.3
27;2021-07-06;9156;21465;1489122;1087221;53.5;39.1
27;2021-07-07;8568;18019;1497690;1105240;53.8;39.7
27;2021-07-08;9207;18179;1506897;1123419;54.1;40.4
27;2021-07-09;10495;22180;1517392;1145599;54.5;41.2
27;2021-07-10;4659;8399;1522051;1153998;54.7;41.5
27;2021-07-11;405;584;1522456;1154582;54.7;41.5
27;2021-07-12;7835;20826;1530291;1175408;55.0;42.2
27;2021-07-13;13438;26465;1543729;1201873;55.5;43.2
27;2021-07-14;4592;3397;1548321;1205270;55.6;43.3
27;2021-07-15;16684;24036;1565005;1229306;56.2;44.2
27;2021-07-16;20140;25191;1585145;1254497;57.0;45.1
27;2021-07-17;11392;12067;1596537;1266564;57.4;45.5
27;2021-07-18;2743;2286;1599280;1268850;57.5;45.6
27;2021-07-19;14464;23588;1613744;1292438;58.0;46.4
27;2021-07-20;17365;26156;1631109;1318594;58.6;47.4
27;2021-07-21;18135;23325;1649244;1341919;59.3;48.2
27;2021-07-22;18826;22061;1668070;1363980;59.9;49.0
27;2021-07-23;19484;24231;1687554;1388211;60.6;49.9
27;2021-07-24;10276;11705;1697830;1399916;61.0;50.3
27;2021-07-25;1077;1059;1698907;1400975;61.0;50.3
27;2021-07-26;15443;18459;1714350;1419434;61.6;51.0
27;2021-07-27;20028;19134;1734378;1438568;62.3;51.7
27;2021-07-28;20480;16938;1754858;1455506;63.1;52.3
27;2021-07-29;21624;16899;1776482;1472405;63.8;52.9
27;2021-07-30;21989;17099;1798471;1489504;64.6;53.5
27;2021-07-31;11222;8288;1809693;1497792;65.0;53.8
27;2021-08-01;1894;360;1811587;1498152;65.1;53.8
27;2021-08-02;15371;13930;1826958;1512082;65.6;54.3
27;2021-08-03;18403;14842;1845361;1526924;66.3;54.9
27;2021-08-04;15778;11749;1861139;1538673;66.9;55.3
27;2021-08-05;15091;13077;1876230;1551750;67.4;55.8
27;2021-08-06;15828;16343;1892058;1568093;68.0;56.3
27;2021-08-07;7188;7977;1899246;1576070;68.2;56.6
27;2021-08-08;603;755;1899849;1576825;68.3;56.7
27;2021-08-09;10525;13086;1910374;1589911;68.6;57.1
27;2021-08-10;12609;15031;1922983;1604942;69.1;57.7
27;2021-08-11;11519;13104;1934502;1618046;69.5;58.1
27;2021-08-12;11603;14764;1946105;1632810;69.9;58.7
27;2021-08-13;10866;15626;1956971;1648436;70.3;59.2
27;2021-08-14;3968;8233;1960939;1656669;70.5;59.5
27;2021-08-15;179;324;1961118;1656993;70.5;59.5
27;2021-08-16;7099;15240;1968217;1672233;70.7;60.1
27;2021-08-17;7568;16183;1975785;1688416;71.0;60.7
27;2021-08-18;6712;15444;1982497;1703860;71.2;61.2
27;2021-08-19;6274;15377;1988771;1719237;71.5;61.8
27;2021-08-20;6931;20295;1995702;1739532;71.7;62.5
27;2021-08-21;3019;9312;1998721;1748844;71.8;62.8
27;2021-08-22;332;1628;1999053;1750472;71.8;62.9
27;2021-08-23;5340;16466;2004393;1766938;72.0;63.5
28;2020-12-27;1;0;1;0;0.0;0.0
28;2020-12-28;1;1;2;1;0.0;0.0
28;2020-12-29;2;0;4;1;0.0;0.0
28;2020-12-30;0;0;4;1;0.0;0.0
28;2020-12-31;3;0;7;1;0.0;0.0
28;2021-01-01;2;0;9;1;0.0;0.0
28;2021-01-02;2;0;11;1;0.0;0.0
28;2021-01-03;2;0;13;1;0.0;0.0
28;2021-01-04;29;0;42;1;0.0;0.0
28;2021-01-05;180;0;222;1;0.0;0.0
28;2021-01-06;1394;2;1616;3;0.0;0.0
28;2021-01-07;2625;12;4241;15;0.1;0.0
28;2021-01-08;3444;7;7685;22;0.2;0.0
28;2021-01-09;1336;4;9021;26;0.3;0.0
28;2021-01-10;706;1;9727;27;0.3;0.0
28;2021-01-11;3195;5;12922;32;0.4;0.0
28;2021-01-12;3994;8;16916;40;0.5;0.0
28;2021-01-13;4309;12;21225;52;0.6;0.0
28;2021-01-14;8205;80;29430;132;0.9;0.0
28;2021-01-15;6271;40;35701;172;1.1;0.0
28;2021-01-16;2098;15;37799;187;1.1;0.0
28;2021-01-17;4093;34;41892;221;1.3;0.0
28;2021-01-18;8811;26;50703;247;1.5;0.0
28;2021-01-19;7155;20;57858;267;1.8;0.0
28;2021-01-20;6575;14;64433;281;2.0;0.0
28;2021-01-21;6003;16;70436;297;2.1;0.0
28;2021-01-22;5455;16;75891;313;2.3;0.0
28;2021-01-23;2020;8;77911;321;2.4;0.0
28;2021-01-24;1448;9;79359;330;2.4;0.0
28;2021-01-25;6307;176;85666;506;2.6;0.0
28;2021-01-26;4594;403;90260;909;2.7;0.0
28;2021-01-27;4064;765;94324;1674;2.9;0.1
28;2021-01-28;3764;1045;98088;2719;3.0;0.1
28;2021-01-29;3503;1305;101591;4024;3.1;0.1
28;2021-01-30;1387;514;102978;4538;3.1;0.1
28;2021-01-31;195;125;103173;4663;3.1;0.1
28;2021-02-01;2795;1653;105968;6316;3.2;0.2
28;2021-02-02;2994;2385;108962;8701;3.3;0.3
28;2021-02-03;2960;2658;111922;11359;3.4;0.3
28;2021-02-04;3739;5193;115661;16552;3.5;0.5
28;2021-02-05;3890;4383;119551;20935;3.6;0.6
28;2021-02-06;1161;1552;120712;22487;3.7;0.7
28;2021-02-07;717;1972;121429;24459;3.7;0.7
28;2021-02-08;3803;6856;125232;31315;3.8;0.9
28;2021-02-09;3473;6014;128705;37329;3.9;1.1
28;2021-02-10;3462;5058;132167;42387;4.0;1.3
28;2021-02-11;4215;4893;136382;47280;4.1;1.4
28;2021-02-12;4049;4611;140431;51891;4.3;1.6
28;2021-02-13;1127;1577;141558;53468;4.3;1.6
28;2021-02-14;286;1380;141844;54848;4.3;1.7
28;2021-02-15;2219;6278;144063;61126;4.4;1.9
28;2021-02-16;2664;5662;146727;66788;4.4;2.0
28;2021-02-17;1953;4532;148680;71320;4.5;2.2
28;2021-02-18;2579;4299;151259;75619;4.6;2.3
28;2021-02-19;2550;3725;153809;79344;4.7;2.4
28;2021-02-20;950;1241;154759;80585;4.7;2.4
28;2021-02-21;105;413;154864;80998;4.7;2.5
28;2021-02-22;1663;4210;156527;85208;4.7;2.6
28;2021-02-23;2169;3846;158696;89054;4.8;2.7
28;2021-02-24;2378;3882;161074;92936;4.9;2.8
28;2021-02-25;4775;4236;165849;97172;5.0;2.9
28;2021-02-26;5965;3777;171814;100949;5.2;3.1
28;2021-02-27;3016;1045;174830;101994;5.3;3.1
28;2021-02-28;342;389;175172;102383;5.3;3.1
28;2021-03-01;2542;4650;177714;107033;5.4;3.2
28;2021-03-02;3911;4117;181625;111150;5.5;3.4
28;2021-03-03;4811;3502;186436;114652;5.6;3.5
28;2021-03-04;7332;2924;193768;117576;5.9;3.6
28;2021-03-05;10167;2572;203935;120148;6.2;3.6
28;2021-03-06;9832;870;213767;121018;6.5;3.7
28;2021-03-07;3778;157;217545;121175;6.6;3.7
28;2021-03-08;5877;3313;223422;124488;6.8;3.8
28;2021-03-09;9321;2895;232743;127383;7.0;3.9
28;2021-03-10;9823;2514;242566;129897;7.3;3.9
28;2021-03-11;14013;2133;256579;132030;7.8;4.0
28;2021-03-12;18023;1720;274602;133750;8.3;4.0
28;2021-03-13;11186;639;285788;134389;8.7;4.1
28;2021-03-14;2259;127;288047;134516;8.7;4.1
28;2021-03-15;8668;921;296715;135437;9.0;4.1
28;2021-03-16;7504;1223;304219;136660;9.2;4.1
28;2021-03-17;7758;1281;311977;137941;9.4;4.2
28;2021-03-18;8189;1416;320166;139357;9.7;4.2
28;2021-03-19;11595;1510;331761;140867;10.0;4.3
28;2021-03-20;9690;613;341451;141480;10.3;4.3
28;2021-03-21;2415;38;343866;141518;10.4;4.3
28;2021-03-22;9403;1676;353269;143194;10.7;4.3
28;2021-03-23;12509;1581;365778;144775;11.1;4.4
28;2021-03-24;13308;1690;379086;146465;11.5;4.4
28;2021-03-25;17651;1932;396737;148397;12.0;4.5
28;2021-03-26;20861;2020;417598;150417;12.6;4.6
28;2021-03-27;11515;1216;429113;151633;13.0;4.6
28;2021-03-28;2968;110;432081;151743;13.1;4.6
28;2021-03-29;11789;3044;443870;154787;13.4;4.7
28;2021-03-30;14453;3169;458323;157956;13.9;4.8
28;2021-03-31;14422;3677;472745;161633;14.3;4.9
28;2021-04-01;18068;5621;490813;167254;14.9;5.1
28;2021-04-02;16835;6500;507648;173754;15.4;5.3
28;2021-04-03;7015;3996;514663;177750;15.6;5.4
28;2021-04-04;1780;805;516443;178555;15.6;5.4
28;2021-04-05;3301;744;519744;179299;15.7;5.4
28;2021-04-06;10838;7437;530582;186736;16.1;5.7
28;2021-04-07;12726;7033;543308;193769;16.4;5.9
28;2021-04-08;17688;7639;560996;201408;17.0;6.1
28;2021-04-09;23857;7955;584853;209363;17.7;6.3
28;2021-04-10;13873;4205;598726;213568;18.1;6.5
28;2021-04-11;3037;1206;601763;214774;18.2;6.5
28;2021-04-12;13802;8066;615565;222840;18.6;6.7
28;2021-04-13;16211;8113;631776;230953;19.1;7.0
28;2021-04-14;14354;8079;646130;239032;19.6;7.2
28;2021-04-15;17270;8435;663400;247467;20.1;7.5
28;2021-04-16;20293;7905;683693;255372;20.7;7.7
28;2021-04-17;12757;5100;696450;260472;21.1;7.9
28;2021-04-18;2294;1246;698744;261718;21.2;7.9
28;2021-04-19;10885;8877;709629;270595;21.5;8.2
28;2021-04-20;13917;9792;723546;280387;21.9;8.5
28;2021-04-21;13316;10044;736862;290431;22.3;8.8
28;2021-04-22;15339;11985;752201;302416;22.8;9.2
28;2021-04-23;16507;12507;768708;314923;23.3;9.5
28;2021-04-24;12609;7347;781317;322270;23.7;9.8
28;2021-04-25;3310;1954;784627;324224;23.8;9.8
28;2021-04-26;12573;10226;797200;334450;24.1;10.1
28;2021-04-27;14908;11817;812108;346267;24.6;10.5
28;2021-04-28;15079;10747;827187;357014;25.0;10.8
28;2021-04-29;18497;11858;845684;368872;25.6;11.2
28;2021-04-30;20433;12012;866117;380884;26.2;11.5
28;2021-05-01;12821;3012;878938;383896;26.6;11.6
28;2021-05-02;5994;1887;884932;385783;26.8;11.7
28;2021-05-03;12863;10022;897795;395805;27.2;12.0
28;2021-05-04;13829;13211;911624;409016;27.6;12.4
28;2021-05-05;13959;14568;925583;423584;28.0;12.8
28;2021-05-06;18338;15165;943921;438749;28.6;13.3
28;2021-05-07;17855;17451;961776;456200;29.1;13.8
28;2021-05-08;12684;4762;974460;460962;29.5;14.0
28;2021-05-09;7168;1857;981628;462819;29.7;14.0
28;2021-05-10;14227;14843;995855;477662;30.1;14.5
28;2021-05-11;18141;15411;1013996;493073;30.7;14.9
28;2021-05-12;18825;14055;1032821;507128;31.3;15.4
28;2021-05-13;19699;3766;1052520;510894;31.9;15.5
28;2021-05-14;26398;12554;1078918;523448;32.7;15.8
28;2021-05-15;26971;7178;1105889;530626;33.5;16.1
28;2021-05-16;14152;1605;1120041;532231;33.9;16.1
28;2021-05-17;16273;9491;1136314;541722;34.4;16.4
28;2021-05-18;21184;8860;1157498;550582;35.0;16.7
28;2021-05-19;21026;8613;1178524;559195;35.7;16.9
28;2021-05-20;23478;9791;1202002;568986;36.4;17.2
28;2021-05-21;21919;12201;1223921;581187;37.0;17.6
28;2021-05-22;17632;6075;1241553;587262;37.6;17.8
28;2021-05-23;9156;996;1250709;588258;37.9;17.8
28;2021-05-24;13640;3220;1264349;591478;38.3;17.9
28;2021-05-25;19615;11677;1283964;603155;38.9;18.3
28;2021-05-26;19909;10142;1303873;613297;39.5;18.6
28;2021-05-27;21977;12508;1325850;625805;40.1;18.9
28;2021-05-28;21723;16606;1347573;642411;40.8;19.4
28;2021-05-29;17612;10237;1365185;652648;41.3;19.8
28;2021-05-30;6288;1286;1371473;653934;41.5;19.8
28;2021-05-31;19937;11970;1391410;665904;42.1;20.2
28;2021-06-01;23975;13950;1415385;679854;42.8;20.6
28;2021-06-02;21235;12416;1436620;692270;43.5;21.0
28;2021-06-03;26793;14731;1463413;707001;44.3;21.4
28;2021-06-04;25006;19037;1488419;726038;45.1;22.0
28;2021-06-05;18486;12119;1506905;738157;45.6;22.3
28;2021-06-06;7731;2411;1514636;740568;45.8;22.4
28;2021-06-07;19503;14215;1534139;754783;46.4;22.8
28;2021-06-08;22937;15591;1557076;770374;47.1;23.3
28;2021-06-09;20019;14707;1577095;785081;47.7;23.8
28;2021-06-10;21675;14893;1598770;799974;48.4;24.2
28;2021-06-11;21361;21195;1620131;821169;49.0;24.9
28;2021-06-12;17988;17186;1638119;838355;49.6;25.4
28;2021-06-13;6376;5898;1644495;844253;49.8;25.6
28;2021-06-14;14468;17789;1658963;862042;50.2;26.1
28;2021-06-15;16532;18757;1675495;880799;50.7;26.7
28;2021-06-16;16815;18642;1692310;899441;51.2;27.2
28;2021-06-17;17352;20528;1709662;919969;51.8;27.8
28;2021-06-18;18931;24499;1728593;944468;52.3;28.6
28;2021-06-19;14862;15836;1743455;960304;52.8;29.1
28;2021-06-20;5018;5138;1748473;965442;52.9;29.2
28;2021-06-21;12042;20789;1760515;986231;53.3;29.9
28;2021-06-22;12980;23853;1773495;1010084;53.7;30.6
28;2021-06-23;12146;23665;1785641;1033749;54.1;31.3
28;2021-06-24;12866;24509;1798507;1058258;54.4;32.0
28;2021-06-25;12883;29484;1811390;1087742;54.8;32.9
28;2021-06-26;9283;23421;1820673;1111163;55.1;33.6
28;2021-06-27;2939;10114;1823612;1121277;55.2;33.9
28;2021-06-28;8459;22921;1832071;1144198;55.5;34.6
28;2021-06-29;9944;26229;1842015;1170427;55.8;35.4
28;2021-06-30;11362;24422;1853377;1194849;56.1;36.2
28;2021-07-01;12329;23862;1865706;1218711;56.5;36.9
28;2021-07-02;11295;29725;1877001;1248436;56.8;37.8
28;2021-07-03;8186;21233;1885187;1269669;57.1;38.4
28;2021-07-04;2931;9120;1888118;1278789;57.2;38.7
28;2021-07-05;8511;22826;1896629;1301615;57.4;39.4
28;2021-07-06;10083;26950;1906712;1328565;57.7;40.2
28;2021-07-07;10569;24787;1917281;1353352;58.0;41.0
28;2021-07-08;11681;25383;1928962;1378735;58.4;41.7
28;2021-07-09;11235;31079;1940197;1409814;58.7;42.7
28;2021-07-10;7834;21300;1948031;1431114;59.0;43.3
28;2021-07-11;3718;6337;1951749;1437451;59.1;43.5
28;2021-07-12;7796;28342;1959545;1465793;59.3;44.4
28;2021-07-13;13048;32304;1972593;1498097;59.7;45.3
28;2021-07-14;10202;13043;1982795;1511140;60.0;45.7
28;2021-07-15;15605;32785;1998400;1543925;60.5;46.7
28;2021-07-16;19200;32811;2017600;1576736;61.1;47.7
28;2021-07-17;12976;22752;2030576;1599488;61.5;48.4
28;2021-07-18;4371;7950;2034947;1607438;61.6;48.7
28;2021-07-19;13948;28652;2048895;1636090;62.0;49.5
28;2021-07-20;16220;30242;2065115;1666332;62.5;50.4
28;2021-07-21;17986;27741;2083101;1694073;63.1;51.3
28;2021-07-22;21514;27157;2104615;1721230;63.7;52.1
28;2021-07-23;20452;29852;2125067;1751082;64.3;53.0
28;2021-07-24;13949;19682;2139016;1770764;64.7;53.6
28;2021-07-25;5463;6364;2144479;1777128;64.9;53.8
28;2021-07-26;16708;22945;2161187;1800073;65.4;54.5
28;2021-07-27;22600;21964;2183787;1822037;66.1;55.2
28;2021-07-28;22358;20071;2206145;1842108;66.8;55.8
28;2021-07-29;26690;20166;2232835;1862274;67.6;56.4
28;2021-07-30;23059;20547;2255894;1882821;68.3;57.0
28;2021-07-31;16074;14376;2271968;1897197;68.8;57.4
28;2021-08-01;7267;4459;2279235;1901656;69.0;57.6
28;2021-08-02;18103;17827;2297338;1919483;69.5;58.1
28;2021-08-03;21624;16670;2318962;1936153;70.2;58.6
28;2021-08-04;20668;14834;2339630;1950987;70.8;59.1
28;2021-08-05;20351;15244;2359981;1966231;71.4;59.5
28;2021-08-06;20162;18888;2380143;1985119;72.0;60.1
28;2021-08-07;12531;12186;2392674;1997305;72.4;60.5
28;2021-08-08;4209;4181;2396883;2001486;72.6;60.6
28;2021-08-09;13693;15665;2410576;2017151;73.0;61.1
28;2021-08-10;17033;17313;2427609;2034464;73.5;61.6
28;2021-08-11;16042;15310;2443651;2049774;74.0;62.0
28;2021-08-12;15407;18069;2459058;2067843;74.4;62.6
28;2021-08-13;12691;16476;2471749;2084319;74.8;63.1
28;2021-08-14;8898;12081;2480647;2096400;75.1;63.5
28;2021-08-15;2471;4371;2483118;2100771;75.2;63.6
28;2021-08-16;9825;17064;2492943;2117835;75.5;64.1
28;2021-08-17;11267;19297;2504210;2137132;75.8;64.7
28;2021-08-18;9837;18077;2514047;2155209;76.1;65.2
28;2021-08-19;9795;19714;2523842;2174923;76.4;65.8
28;2021-08-20;9589;21517;2533431;2196440;76.7;66.5
28;2021-08-21;5299;13949;2538730;2210389;76.8;66.9
28;2021-08-22;1732;5970;2540462;2216359;76.9;67.1
28;2021-08-23;6466;20494;2546928;2236853;77.1;67.7
32;2020-12-27;3;0;3;0;0.0;0.0
32;2020-12-28;29;0;32;0;0.0;0.0
32;2020-12-29;12;0;44;0;0.0;0.0
32;2020-12-30;0;0;44;0;0.0;0.0
32;2020-12-31;1;0;45;0;0.0;0.0
32;2021-01-01;3;0;48;0;0.0;0.0
32;2021-01-02;6;0;54;0;0.0;0.0
32;2021-01-03;4;0;58;0;0.0;0.0
32;2021-01-04;82;0;140;0;0.0;0.0
32;2021-01-05;301;0;441;0;0.0;0.0
32;2021-01-06;793;6;1234;6;0.0;0.0
32;2021-01-07;2437;8;3671;14;0.1;0.0
32;2021-01-08;3173;16;6844;30;0.1;0.0
32;2021-01-09;958;4;7802;34;0.1;0.0
32;2021-01-10;641;0;8443;34;0.1;0.0
32;2021-01-11;3286;8;11729;42;0.2;0.0
32;2021-01-12;5037;9;16766;51;0.3;0.0
32;2021-01-13;4963;22;21729;73;0.4;0.0
32;2021-01-14;5755;51;27484;124;0.5;0.0
32;2021-01-15;5230;38;32714;162;0.5;0.0
32;2021-01-16;1638;10;34352;172;0.6;0.0
32;2021-01-17;863;3;35215;175;0.6;0.0
32;2021-01-18;7258;37;42473;212;0.7;0.0
32;2021-01-19;9961;46;52434;258;0.9;0.0
32;2021-01-20;10417;45;62851;303;1.1;0.0
32;2021-01-21;12829;70;75680;373;1.3;0.0
32;2021-01-22;9933;43;85613;416;1.4;0.0
32;2021-01-23;3424;11;89037;427;1.5;0.0
32;2021-01-24;1120;6;90157;433;1.5;0.0
32;2021-01-25;6881;97;97038;530;1.6;0.0
32;2021-01-26;7479;193;104517;723;1.8;0.0
32;2021-01-27;4864;518;109381;1241;1.8;0.0
32;2021-01-28;8642;1735;118023;2976;2.0;0.0
32;2021-01-29;5399;1872;123422;4848;2.1;0.1
32;2021-01-30;536;400;123958;5248;2.1;0.1
32;2021-01-31;68;74;124026;5322;2.1;0.1
32;2021-02-01;200;1794;124226;7116;2.1;0.1
32;2021-02-02;835;3152;125061;10268;2.1;0.2
32;2021-02-03;4109;3181;129170;13449;2.2;0.2
32;2021-02-04;3714;3603;132884;17052;2.2;0.3
32;2021-02-05;1970;3264;134854;20316;2.3;0.3
32;2021-02-06;531;872;135385;21188;2.3;0.4
32;2021-02-07;546;110;135931;21298;2.3;0.4
32;2021-02-08;1872;3659;137803;24957;2.3;0.4
32;2021-02-09;2564;4330;140367;29287;2.4;0.5
32;2021-02-10;3003;5342;143370;34629;2.4;0.6
32;2021-02-11;4806;6209;148176;40838;2.5;0.7
32;2021-02-12;5121;4715;153297;45553;2.6;0.8
32;2021-02-13;942;1879;154239;47432;2.6;0.8
32;2021-02-14;116;710;154355;48142;2.6;0.8
32;2021-02-15;3621;6889;157976;55031;2.6;0.9
32;2021-02-16;4036;8183;162012;63214;2.7;1.1
32;2021-02-17;4308;8675;166320;71889;2.8;1.2
32;2021-02-18;7082;11397;173402;83286;2.9;1.4
32;2021-02-19;7106;8355;180508;91641;3.0;1.5
32;2021-02-20;2527;3003;183035;94644;3.1;1.6
32;2021-02-21;438;497;183473;95141;3.1;1.6
32;2021-02-22;3265;5316;186738;100457;3.1;1.7
32;2021-02-23;5514;5923;192252;106380;3.2;1.8
32;2021-02-24;7477;6091;199729;112471;3.3;1.9
32;2021-02-25;12864;5134;212593;117605;3.6;2.0
32;2021-02-26;12572;3029;225165;120634;3.8;2.0
32;2021-02-27;6512;410;231677;121044;3.9;2.0
32;2021-02-28;371;137;232048;121181;3.9;2.0
32;2021-03-01;7274;929;239322;122110;4.0;2.0
32;2021-03-02;11009;1136;250331;123246;4.2;2.1
32;2021-03-03;12074;1842;262405;125088;4.4;2.1
32;2021-03-04;15170;2598;277575;127686;4.7;2.1
32;2021-03-05;17218;2340;294793;130026;4.9;2.2
32;2021-03-06;28155;1363;322948;131389;5.4;2.2
32;2021-03-07;19893;738;342841;132127;5.7;2.2
32;2021-03-08;8957;2653;351798;134780;5.9;2.3
32;2021-03-09;14342;3479;366140;138259;6.1;2.3
32;2021-03-10;15813;3476;381953;141735;6.4;2.4
32;2021-03-11;20994;5017;402947;146752;6.8;2.5
32;2021-03-12;26223;4681;429170;151433;7.2;2.5
32;2021-03-13;41710;2560;470880;153993;7.9;2.6
32;2021-03-14;20133;843;491013;154836;8.2;2.6
32;2021-03-15;13095;3738;504108;158574;8.5;2.7
32;2021-03-16;9802;3556;513910;162130;8.6;2.7
32;2021-03-17;9741;4184;523651;166314;8.8;2.8
32;2021-03-18;10050;5095;533701;171409;9.0;2.9
32;2021-03-19;18024;3977;551725;175386;9.3;2.9
32;2021-03-20;36582;2352;588307;177738;9.9;3.0
32;2021-03-21;19862;1023;608169;178761;10.2;3.0
32;2021-03-22;12185;4383;620354;183144;10.4;3.1
32;2021-03-23;18976;6016;639330;189160;10.7;3.2
32;2021-03-24;17961;6214;657291;195374;11.0;3.3
32;2021-03-25;25344;5928;682635;201302;11.4;3.4
32;2021-03-26;29032;6135;711667;207437;11.9;3.5
32;2021-03-27;36737;2556;748404;209993;12.6;3.5
32;2021-03-28;18682;830;767086;210823;12.9;3.5
32;2021-03-29;14595;7119;781681;217942;13.1;3.7
32;2021-03-30;18896;8754;800577;226696;13.4;3.8
32;2021-03-31;15839;9429;816416;236125;13.7;4.0
32;2021-04-01;18268;11147;834684;247272;14.0;4.1
32;2021-04-02;20016;12675;854700;259947;14.3;4.4
32;2021-04-03;30088;10370;884788;270317;14.8;4.5
32;2021-04-04;11664;4848;896452;275165;15.0;4.6
32;2021-04-05;9607;2415;906059;277580;15.2;4.7
32;2021-04-06;14312;10941;920371;288521;15.4;4.8
32;2021-04-07;18162;12680;938533;301201;15.7;5.1
32;2021-04-08;23560;13200;962093;314401;16.1;5.3
32;2021-04-09;30004;13367;992097;327768;16.6;5.5
32;2021-04-10;26206;18961;1018303;346729;17.1;5.8
32;2021-04-11;9156;12062;1027459;358791;17.2;6.0
32;2021-04-12;15412;9570;1042871;368361;17.5;6.2
32;2021-04-13;21839;11707;1064710;380068;17.9;6.4
32;2021-04-14;22591;11347;1087301;391415;18.2;6.6
32;2021-04-15;25834;11369;1113135;402784;18.7;6.8
32;2021-04-16;25364;12650;1138499;415434;19.1;7.0
32;2021-04-17;18048;23058;1156547;438492;19.4;7.4
32;2021-04-18;6401;14057;1162948;452549;19.5;7.6
32;2021-04-19;11675;9851;1174623;462400;19.7;7.8
32;2021-04-20;16462;12360;1191085;474760;20.0;8.0
32;2021-04-21;15835;12615;1206920;487375;20.2;8.2
32;2021-04-22;19103;15173;1226023;502548;20.6;8.4
32;2021-04-23;19730;16172;1245753;518720;20.9;8.7
32;2021-04-24;15486;21090;1261239;539810;21.2;9.1
32;2021-04-25;6986;12315;1268225;552125;21.3;9.3
32;2021-04-26;13241;10766;1281466;562891;21.5;9.4
32;2021-04-27;18732;14255;1300198;577146;21.8;9.7
32;2021-04-28;20211;16197;1320409;593343;22.1;10.0
32;2021-04-29;22457;20162;1342866;613505;22.5;10.3
32;2021-04-30;25073;21752;1367939;635257;22.9;10.7
32;2021-05-01;23056;14074;1390995;649331;23.3;10.9
32;2021-05-02;20972;10455;1411967;659786;23.7;11.1
32;2021-05-03;21965;11439;1433932;671225;24.0;11.3
32;2021-05-04;23861;16379;1457793;687604;24.4;11.5
32;2021-05-05;23980;17606;1481773;705210;24.9;11.8
32;2021-05-06;25759;20186;1507532;725396;25.3;12.2
32;2021-05-07;30778;21717;1538310;747113;25.8;12.5
32;2021-05-08;34680;9336;1572990;756449;26.4;12.7
32;2021-05-09;26808;6621;1599798;763070;26.8;12.8
32;2021-05-10;24257;16283;1624055;779353;27.2;13.1
32;2021-05-11;31348;19244;1655403;798597;27.8;13.4
32;2021-05-12;37347;19004;1692750;817601;28.4;13.7
32;2021-05-13;40559;7482;1733309;825083;29.1;13.8
32;2021-05-14;41838;14802;1775147;839885;29.8;14.1
32;2021-05-15;59696;12453;1834843;852338;30.8;14.3
32;2021-05-16;47916;5040;1882759;857378;31.6;14.4
32;2021-05-17;31488;11098;1914247;868476;32.1;14.6
32;2021-05-18;36884;12723;1951131;881199;32.7;14.8
32;2021-05-19;38905;11835;1990036;893034;33.4;15.0
32;2021-05-20;39852;15118;2029888;908152;34.0;15.2
32;2021-05-21;42451;17244;2072339;925396;34.8;15.5
32;2021-05-22;57925;13337;2130264;938733;35.7;15.7
32;2021-05-23;39009;4570;2169273;943303;36.4;15.8
32;2021-05-24;28559;3953;2197832;947256;36.9;15.9
32;2021-05-25;31234;15068;2229066;962324;37.4;16.1
32;2021-05-26;34467;16998;2263533;979322;38.0;16.4
32;2021-05-27;34772;20833;2298305;1000155;38.5;16.8
32;2021-05-28;34414;25320;2332719;1025475;39.1;17.2
32;2021-05-29;37615;19759;2370334;1045234;39.8;17.5
32;2021-05-30;16160;3563;2386494;1048797;40.0;17.6
32;2021-05-31;28015;16605;2414509;1065402;40.5;17.9
32;2021-06-01;32954;24123;2447463;1089525;41.0;18.3
32;2021-06-02;32615;21874;2480078;1111399;41.6;18.6
32;2021-06-03;34515;25187;2514593;1136586;42.2;19.1
32;2021-06-04;36102;27807;2550695;1164393;42.8;19.5
32;2021-06-05;34559;22811;2585254;1187204;43.4;19.9
32;2021-06-06;16657;5760;2601911;1192964;43.6;20.0
32;2021-06-07;21288;19416;2623199;1212380;44.0;20.3
32;2021-06-08;26583;24426;2649782;1236806;44.4;20.7
32;2021-06-09;24572;24471;2674354;1261277;44.9;21.2
32;2021-06-10;25340;26604;2699694;1287881;45.3;21.6
32;2021-06-11;26488;36055;2726182;1323936;45.7;22.2
32;2021-06-12;26146;31529;2752328;1355465;46.2;22.7
32;2021-06-13;11883;14851;2764211;1370316;46.4;23.0
32;2021-06-14;13335;28025;2777546;1398341;46.6;23.5
32;2021-06-15;19760;34552;2797306;1432893;46.9;24.0
32;2021-06-16;20637;32442;2817943;1465335;47.3;24.6
32;2021-06-17;21545;34975;2839488;1500310;47.6;25.2
32;2021-06-18;21756;42629;2861244;1542939;48.0;25.9
32;2021-06-19;22728;43826;2883972;1586765;48.4;26.6
32;2021-06-20;9277;19093;2893249;1605858;48.5;26.9
32;2021-06-21;11482;34758;2904731;1640616;48.7;27.5
32;2021-06-22;13828;41758;2918559;1682374;48.9;28.2
32;2021-06-23;14498;43532;2933057;1725906;49.2;28.9
32;2021-06-24;15512;45764;2948569;1771670;49.5;29.7
32;2021-06-25;14911;53377;2963480;1825047;49.7;30.6
32;2021-06-26;15176;59567;2978656;1884614;50.0;31.6
32;2021-06-27;7523;33852;2986179;1918466;50.1;32.2
32;2021-06-28;10495;39029;2996674;1957495;50.3;32.8
32;2021-06-29;13381;44857;3010055;2002352;50.5;33.6
32;2021-06-30;15336;44216;3025391;2046568;50.7;34.3
32;2021-07-01;15982;44829;3041373;2091397;51.0;35.1
32;2021-07-02;16608;52245;3057981;2143642;51.3;36.0
32;2021-07-03;13287;60099;3071268;2203741;51.5;37.0
32;2021-07-04;7858;31736;3079126;2235477;51.6;37.5
32;2021-07-05;11306;35712;3090432;2271189;51.8;38.1
32;2021-07-06;15108;40359;3105540;2311548;52.1;38.8
32;2021-07-07;15929;39727;3121469;2351275;52.4;39.4
32;2021-07-08;19429;40372;3140898;2391647;52.7;40.1
32;2021-07-09;18707;46399;3159605;2438046;53.0;40.9
32;2021-07-10;17952;44928;3177557;2482974;53.3;41.6
32;2021-07-11;7891;17034;3185448;2500008;53.4;41.9
32;2021-07-12;11978;37020;3197426;2537028;53.6;42.5
32;2021-07-13;22151;46690;3219577;2583718;54.0;43.3
32;2021-07-14;20555;16369;3240132;2600087;54.3;43.6
32;2021-07-15;28170;45648;3268302;2645735;54.8;44.4
32;2021-07-16;31589;46916;3299891;2692651;55.3;45.2
32;2021-07-17;33107;41608;3332998;2734259;55.9;45.9
32;2021-07-18;15764;16775;3348762;2751034;56.2;46.1
32;2021-07-19;24539;33290;3373301;2784324;56.6;46.7
32;2021-07-20;32341;40957;3405642;2825281;57.1;47.4
32;2021-07-21;36028;36714;3441670;2861995;57.7;48.0
32;2021-07-22;39143;35928;3480813;2897923;58.4;48.6
32;2021-07-23;39895;37546;3520708;2935469;59.0;49.2
32;2021-07-24;39110;35335;3559818;2970804;59.7;49.8
32;2021-07-25;23426;12747;3583244;2983551;60.1;50.0
32;2021-07-26;29189;26338;3612433;3009889;60.6;50.5
32;2021-07-27;38418;30586;3650851;3040475;61.2;51.0
32;2021-07-28;40681;27811;3691532;3068286;61.9;51.5
32;2021-07-29;41786;28468;3733318;3096754;62.6;51.9
32;2021-07-30;38275;28099;3771593;3124853;63.3;52.4
32;2021-07-31;32960;22361;3804553;3147214;63.8;52.8
32;2021-08-01;16703;7550;3821256;3154764;64.1;52.9
32;2021-08-02;26154;20875;3847410;3175639;64.5;53.3
32;2021-08-03;31716;24679;3879126;3200318;65.1;53.7
32;2021-08-04;29782;20744;3908908;3221062;65.6;54.0
32;2021-08-05;28961;22506;3937869;3243568;66.0;54.4
32;2021-08-06;28874;25690;3966743;3269258;66.5;54.8
32;2021-08-07;23442;22756;3990185;3292014;66.9;55.2
32;2021-08-08;11968;9742;4002153;3301756;67.1;55.4
32;2021-08-09;19061;23574;4021214;3325330;67.4;55.8
32;2021-08-10;23902;26743;4045116;3352073;67.8;56.2
32;2021-08-11;20209;24518;4065325;3376591;68.2;56.6
32;2021-08-12;20725;26730;4086050;3403321;68.5;57.1
32;2021-08-13;19099;26827;4105149;3430148;68.8;57.5
32;2021-08-14;15324;25786;4120473;3455934;69.1;58.0
32;2021-08-15;6340;7655;4126813;3463589;69.2;58.1
32;2021-08-16;13196;29761;4140009;3493350;69.4;58.6
32;2021-08-17;16501;30285;4156510;3523635;69.7;59.1
32;2021-08-18;14919;28838;4171429;3552473;70.0;59.6
32;2021-08-19;14921;32531;4186350;3585004;70.2;60.1
32;2021-08-20;13410;34336;4199760;3619340;70.4;60.7
32;2021-08-21;10652;30235;4210412;3649575;70.6;61.2
32;2021-08-22;4329;14105;4214741;3663680;70.7;61.4
32;2021-08-23;10178;32732;4224919;3696412;70.9;62.0
44;2020-12-27;10;0;10;0;0.0;0.0
44;2020-12-28;4;0;14;0;0.0;0.0
44;2020-12-29;3;0;17;0;0.0;0.0
44;2020-12-30;1;0;18;0;0.0;0.0
44;2020-12-31;11;0;29;0;0.0;0.0
44;2021-01-01;5;0;34;0;0.0;0.0
44;2021-01-02;5;0;39;0;0.0;0.0
44;2021-01-03;4;0;43;0;0.0;0.0
44;2021-01-04;247;0;290;0;0.0;0.0
44;2021-01-05;776;0;1066;0;0.0;0.0
44;2021-01-06;1251;3;2317;3;0.0;0.0
44;2021-01-07;2438;7;4755;10;0.1;0.0
44;2021-01-08;3158;11;7913;21;0.1;0.0
44;2021-01-09;955;1;8868;22;0.2;0.0
44;2021-01-10;255;1;9123;23;0.2;0.0
44;2021-01-11;2999;8;12122;31;0.2;0.0
44;2021-01-12;5288;12;17410;43;0.3;0.0
44;2021-01-13;7747;24;25157;67;0.5;0.0
44;2021-01-14;9624;84;34781;151;0.6;0.0
44;2021-01-15;6777;37;41558;188;0.8;0.0
44;2021-01-16;1943;9;43501;197;0.8;0.0
44;2021-01-17;908;1;44409;198;0.8;0.0
44;2021-01-18;8757;42;53166;240;1.0;0.0
44;2021-01-19;10748;40;63914;280;1.2;0.0
44;2021-01-20;11110;68;75024;348;1.4;0.0
44;2021-01-21;11846;42;86870;390;1.6;0.0
44;2021-01-22;9683;42;96553;432;1.8;0.0
44;2021-01-23;3294;27;99847;459;1.8;0.0
44;2021-01-24;1572;5;101419;464;1.8;0.0
44;2021-01-25;6699;307;108118;771;2.0;0.0
44;2021-01-26;5661;434;113779;1205;2.1;0.0
44;2021-01-27;7428;620;121207;1825;2.2;0.0
44;2021-01-28;8867;1256;130074;3081;2.4;0.1
44;2021-01-29;6788;1807;136862;4888;2.5;0.1
44;2021-01-30;2554;497;139416;5385;2.5;0.1
44;2021-01-31;1256;56;140672;5441;2.6;0.1
44;2021-02-01;6403;2399;147075;7840;2.7;0.1
44;2021-02-02;6236;3803;153311;11643;2.8;0.2
44;2021-02-03;5646;4543;158957;16186;2.9;0.3
44;2021-02-04;6467;6941;165424;23127;3.0;0.4
44;2021-02-05;6408;5217;171832;28344;3.1;0.5
44;2021-02-06;1989;1202;173821;29546;3.2;0.5
44;2021-02-07;407;594;174228;30140;3.2;0.5
44;2021-02-08;3843;4454;178071;34594;3.2;0.6
44;2021-02-09;5738;5857;183809;40451;3.3;0.7
44;2021-02-10;6267;6047;190076;46498;3.4;0.8
44;2021-02-11;7115;6578;197191;53076;3.6;1.0
44;2021-02-12;7287;5573;204478;58649;3.7;1.1
44;2021-02-13;2548;1259;207026;59908;3.8;1.1
44;2021-02-14;1612;827;208638;60735;3.8;1.1
44;2021-02-15;4011;7197;212649;67932;3.9;1.2
44;2021-02-16;4577;7906;217226;75838;3.9;1.4
44;2021-02-17;4723;8398;221949;84236;4.0;1.5
44;2021-02-18;6109;9248;228058;93484;4.1;1.7
44;2021-02-19;5569;7458;233627;100942;4.2;1.8
44;2021-02-20;2346;2829;235973;103771;4.3;1.9
44;2021-02-21;547;1401;236520;105172;4.3;1.9
44;2021-02-22;4490;6975;241010;112147;4.4;2.0
44;2021-02-23;6046;7201;247056;119348;4.5;2.2
44;2021-02-24;6643;5891;253699;125239;4.6;2.3
44;2021-02-25;10577;7553;264276;132792;4.8;2.4
44;2021-02-26;12444;6420;276720;139212;5.0;2.5
44;2021-02-27;7916;2219;284636;141431;5.2;2.6
44;2021-02-28;2124;534;286760;141965;5.2;2.6
44;2021-03-01;6102;4700;292862;146665;5.3;2.7
44;2021-03-02;9438;5710;302300;152375;5.5;2.8
44;2021-03-03;11315;5683;313615;158058;5.7;2.9
44;2021-03-04;13337;5897;326952;163955;5.9;3.0
44;2021-03-05;17950;5812;344902;169767;6.3;3.1
44;2021-03-06;21490;2328;366392;172095;6.6;3.1
44;2021-03-07;12223;833;378615;172928;6.9;3.1
44;2021-03-08;9458;4365;388073;177293;7.0;3.2
44;2021-03-09;15253;5105;403326;182398;7.3;3.3
44;2021-03-10;16666;5297;419992;187695;7.6;3.4
44;2021-03-11;20422;5861;440414;193556;8.0;3.5
44;2021-03-12;26897;5768;467311;199324;8.5;3.6
44;2021-03-13;24290;2615;491601;201939;8.9;3.7
44;2021-03-14;6780;950;498381;202889;9.0;3.7
44;2021-03-15;12989;3566;511370;206455;9.3;3.7
44;2021-03-16;12871;4051;524241;210506;9.5;3.8
44;2021-03-17;14235;3735;538476;214241;9.8;3.9
44;2021-03-18;15446;3884;553922;218125;10.0;4.0
44;2021-03-19;21480;4071;575402;222196;10.4;4.0
44;2021-03-20;15598;2070;591000;224266;10.7;4.1
44;2021-03-21;4640;336;595640;224602;10.8;4.1
44;2021-03-22;12553;4028;608193;228630;11.0;4.1
44;2021-03-23;19516;5172;627709;233802;11.4;4.2
44;2021-03-24;22104;5335;649813;239137;11.8;4.3
44;2021-03-25;28302;5968;678115;245105;12.3;4.4
44;2021-03-26;30645;5708;708760;250813;12.9;4.6
44;2021-03-27;16274;4802;725034;255615;13.2;4.6
44;2021-03-28;4091;1998;729125;257613;13.2;4.7
44;2021-03-29;14342;6158;743467;263771;13.5;4.8
44;2021-03-30;21495;7921;764962;271692;13.9;4.9
44;2021-03-31;20167;8111;785129;279803;14.2;5.1
44;2021-04-01;23669;9534;808798;289337;14.7;5.2
44;2021-04-02;16275;7102;825073;296439;15.0;5.4
44;2021-04-03;10231;5835;835304;302274;15.2;5.5
44;2021-04-04;3146;1664;838450;303938;15.2;5.5
44;2021-04-05;4448;1447;842898;305385;15.3;5.5
44;2021-04-06;13472;10625;856370;316010;15.5;5.7
44;2021-04-07;17760;12229;874130;328239;15.9;6.0
44;2021-04-08;26203;12582;900333;340821;16.3;6.2
44;2021-04-09;32352;12963;932685;353784;16.9;6.4
44;2021-04-10;18349;10180;951034;363964;17.3;6.6
44;2021-04-11;3037;5972;954071;369936;17.3;6.7
44;2021-04-12;16988;11295;971059;381231;17.6;6.9
44;2021-04-13;22022;13888;993081;395119;18.0;7.2
44;2021-04-14;23247;14180;1016328;409299;18.4;7.4
44;2021-04-15;26396;15495;1042724;424794;18.9;7.7
44;2021-04-16;28201;15365;1070925;440159;19.4;8.0
44;2021-04-17;19910;9158;1090835;449317;19.8;8.2
44;2021-04-18;5060;4658;1095895;453975;19.9;8.2
44;2021-04-19;16972;11804;1112867;465779;20.2;8.5
44;2021-04-20;19127;14375;1131994;480154;20.5;8.7
44;2021-04-21;21203;15072;1153197;495226;20.9;9.0
44;2021-04-22;23801;16067;1176998;511293;21.4;9.3
44;2021-04-23;27905;16818;1204903;528111;21.9;9.6
44;2021-04-24;17024;9287;1221927;537398;22.2;9.8
44;2021-04-25;4841;3578;1226768;540976;22.3;9.8
44;2021-04-26;16748;12072;1243516;553048;22.6;10.0
44;2021-04-27;21266;14724;1264782;567772;22.9;10.3
44;2021-04-28;23897;15014;1288679;582786;23.4;10.6
44;2021-04-29;28274;17150;1316953;599936;23.9;10.9
44;2021-04-30;33196;16309;1350149;616245;24.5;11.2
44;2021-05-01;14904;7116;1365053;623361;24.8;11.3
44;2021-05-02;7916;4030;1372969;627391;24.9;11.4
44;2021-05-03;24046;12432;1397015;639823;25.3;11.6
44;2021-05-04;27009;17421;1424024;657244;25.8;11.9
44;2021-05-05;30901;19342;1454925;676586;26.4;12.3
44;2021-05-06;38037;21342;1492962;697928;27.1;12.7
44;2021-05-07;36225;24948;1529187;722876;27.7;13.1
44;2021-05-08;19661;6795;1548848;729671;28.1;13.2
44;2021-05-09;11327;2941;1560175;732612;28.3;13.3
44;2021-05-10;24542;20888;1584717;753500;28.8;13.7
44;2021-05-11;34500;23036;1619217;776536;29.4;14.1
44;2021-05-12;37205;24138;1656422;800674;30.1;14.5
44;2021-05-13;27916;6408;1684338;807082;30.6;14.6
44;2021-05-14;44266;19044;1728604;826126;31.4;15.0
44;2021-05-15;34081;14217;1762685;840343;32.0;15.2
44;2021-05-16;15631;3538;1778316;843881;32.3;15.3
44;2021-05-17;27246;14648;1805562;858529;32.8;15.6
44;2021-05-18;35338;15428;1840900;873957;33.4;15.9
44;2021-05-19;37001;16585;1877901;890542;34.1;16.2
44;2021-05-20;41007;16630;1918908;907172;34.8;16.5
44;2021-05-21;43017;21106;1961925;928278;35.6;16.8
44;2021-05-22;27857;11708;1989782;939986;36.1;17.1
44;2021-05-23;8712;1731;1998494;941717;36.3;17.1
44;2021-05-24;17981;4711;2016475;946428;36.6;17.2
44;2021-05-25;30654;17758;2047129;964186;37.1;17.5
44;2021-05-26;32878;19640;2080007;983826;37.7;17.8
44;2021-05-27;34720;20974;2114727;1004800;38.4;18.2
44;2021-05-28;37788;27985;2152515;1032785;39.1;18.7
44;2021-05-29;26932;20198;2179447;1052983;39.5;19.1
44;2021-05-30;6166;4223;2185613;1057206;39.7;19.2
44;2021-05-31;27168;19756;2212781;1076962;40.1;19.5
44;2021-06-01;31808;22990;2244589;1099952;40.7;20.0
44;2021-06-02;34013;23035;2278602;1122987;41.3;20.4
44;2021-06-03;34846;25348;2313448;1148335;42.0;20.8
44;2021-06-04;40364;32266;2353812;1180601;42.7;21.4
44;2021-06-05;23217;20181;2377029;1200782;43.1;21.8
44;2021-06-06;8416;4464;2385445;1205246;43.3;21.9
44;2021-06-07;28304;22070;2413749;1227316;43.8;22.3
44;2021-06-08;33500;26747;2447249;1254063;44.4;22.8
44;2021-06-09;35956;25032;2483205;1279095;45.1;23.2
44;2021-06-10;35049;25795;2518254;1304890;45.7;23.7
44;2021-06-11;32699;35471;2550953;1340361;46.3;24.3
44;2021-06-12;26101;23500;2577054;1363861;46.8;24.7
44;2021-06-13;6884;6074;2583938;1369935;46.9;24.9
44;2021-06-14;17871;29555;2601809;1399490;47.2;25.4
44;2021-06-15;23832;34970;2625641;1434460;47.6;26.0
44;2021-06-16;24551;36690;2650192;1471150;48.1;26.7
44;2021-06-17;24002;39281;2674194;1510431;48.5;27.4
44;2021-06-18;26719;43004;2700913;1553435;49.0;28.2
44;2021-06-19;21223;28214;2722136;1581649;49.4;28.7
44;2021-06-20;3725;6657;2725861;1588306;49.5;28.8
44;2021-06-21;14990;34042;2740851;1622348;49.7;29.4
44;2021-06-22;15638;41570;2756489;1663918;50.0;30.2
44;2021-06-23;20434;41364;2776923;1705282;50.4;30.9
44;2021-06-24;16761;34269;2793684;1739551;50.7;31.6
44;2021-06-25;19140;49522;2812824;1789073;51.0;32.5
44;2021-06-26;14336;37371;2827160;1826444;51.3;33.1
44;2021-06-27;3463;11558;2830623;1838002;51.4;33.3
44;2021-06-28;11570;37465;2842193;1875467;51.6;34.0
44;2021-06-29;12201;41969;2854394;1917436;51.8;34.8
44;2021-06-30;14931;43512;2869325;1960948;52.1;35.6
44;2021-07-01;15719;39541;2885044;2000489;52.3;36.3
44;2021-07-02;16594;51639;2901638;2052128;52.6;37.2
44;2021-07-03;13458;31351;2915096;2083479;52.9;37.8
44;2021-07-04;3126;8722;2918222;2092201;52.9;38.0
44;2021-07-05;10381;36558;2928603;2128759;53.1;38.6
44;2021-07-06;13483;39455;2942086;2168214;53.4;39.3
44;2021-07-07;15489;39611;2957575;2207825;53.7;40.1
44;2021-07-08;16420;34252;2973995;2242077;54.0;40.7
44;2021-07-09;18212;48422;2992207;2290499;54.3;41.6
44;2021-07-10;13265;32571;3005472;2323070;54.5;42.1
44;2021-07-11;3361;7586;3008833;2330656;54.6;42.3
44;2021-07-12;12661;39956;3021494;2370612;54.8;43.0
44;2021-07-13;20081;42853;3041575;2413465;55.2;43.8
44;2021-07-14;13747;14768;3055322;2428233;55.4;44.1
44;2021-07-15;23744;47235;3079066;2475468;55.9;44.9
44;2021-07-16;27269;51177;3106335;2526645;56.4;45.8
44;2021-07-17;23629;33264;3129964;2559909;56.8;46.4
44;2021-07-18;7442;10109;3137406;2570018;56.9;46.6
44;2021-07-19;19175;36596;3156581;2606614;57.3;47.3
44;2021-07-20;26386;39475;3182967;2646089;57.7;48.0
44;2021-07-21;29430;41307;3212397;2687396;58.3;48.8
44;2021-07-22;31613;37828;3244010;2725224;58.9;49.4
44;2021-07-23;35233;43822;3279243;2769046;59.5;50.2
44;2021-07-24;23764;30372;3303007;2799418;59.9;50.8
44;2021-07-25;7491;6671;3310498;2806089;60.1;50.9
44;2021-07-26;26234;28481;3336732;2834570;60.5;51.4
44;2021-07-27;38476;28970;3375208;2863540;61.2;52.0
44;2021-07-28;40278;30245;3415486;2893785;62.0;52.5
44;2021-07-29;42134;25614;3457620;2919399;62.7;53.0
44;2021-07-30;40178;31571;3497798;2950970;63.5;53.5
44;2021-07-31;28034;20870;3525832;2971840;64.0;53.9
44;2021-08-01;9387;4679;3535219;2976519;64.1;54.0
44;2021-08-02;27470;22215;3562689;2998734;64.6;54.4
44;2021-08-03;32110;20525;3594799;3019259;65.2;54.8
44;2021-08-04;31619;20355;3626418;3039614;65.8;55.1
44;2021-08-05;28467;19158;3654885;3058772;66.3;55.5
44;2021-08-06;33383;27356;3688268;3086128;66.9;56.0
44;2021-08-07;21246;19198;3709514;3105326;67.3;56.3
44;2021-08-08;5707;5517;3715221;3110843;67.4;56.4
44;2021-08-09;18032;20762;3733253;3131605;67.7;56.8
44;2021-08-10;19307;22767;3752560;3154372;68.1;57.2
44;2021-08-11;18525;21434;3771085;3175806;68.4;57.6
44;2021-08-12;16633;22587;3787718;3198393;68.7;58.0
44;2021-08-13;18531;28302;3806249;3226695;69.1;58.5
44;2021-08-14;10314;19405;3816563;3246100;69.2;58.9
44;2021-08-15;2246;4916;3818809;3251016;69.3;59.0
44;2021-08-16;11631;26737;3830440;3277753;69.5;59.5
44;2021-08-17;12974;28276;3843414;3306029;69.7;60.0
44;2021-08-18;12506;30141;3855920;3336170;70.0;60.5
44;2021-08-19;11129;27514;3867049;3363684;70.2;61.0
44;2021-08-20;13298;36829;3880347;3400513;70.4;61.7
44;2021-08-21;8068;24090;3888415;3424603;70.5;62.1
44;2021-08-22;1499;6849;3889914;3431452;70.6;62.3
44;2021-08-23;8600;29672;3898514;3461124;70.7;62.8
52;2020-12-27;2;0;2;0;0.0;0.0
52;2020-12-28;3;0;5;0;0.0;0.0
52;2020-12-29;1;0;6;0;0.0;0.0
52;2020-12-30;1;0;7;0;0.0;0.0
52;2020-12-31;0;0;7;0;0.0;0.0
52;2021-01-01;4;0;11;0;0.0;0.0
52;2021-01-02;1;1;12;1;0.0;0.0
52;2021-01-03;4;0;16;1;0.0;0.0
52;2021-01-04;36;0;52;1;0.0;0.0
52;2021-01-05;169;0;221;1;0.0;0.0
52;2021-01-06;386;2;607;3;0.0;0.0
52;2021-01-07;968;0;1575;3;0.0;0.0
52;2021-01-08;1666;4;3241;7;0.1;0.0
52;2021-01-09;1049;2;4290;9;0.1;0.0
52;2021-01-10;643;1;4933;10;0.1;0.0
52;2021-01-11;2202;2;7135;12;0.2;0.0
52;2021-01-12;3184;5;10319;17;0.3;0.0
52;2021-01-13;2986;6;13305;23;0.3;0.0
52;2021-01-14;3320;27;16625;50;0.4;0.0
52;2021-01-15;3021;10;19646;60;0.5;0.0
52;2021-01-16;900;5;20546;65;0.5;0.0
52;2021-01-17;500;4;21046;69;0.6;0.0
52;2021-01-18;3202;6;24248;75;0.6;0.0
52;2021-01-19;6617;24;30865;99;0.8;0.0
52;2021-01-20;8399;16;39264;115;1.0;0.0
52;2021-01-21;12210;29;51474;144;1.4;0.0
52;2021-01-22;7286;38;58760;182;1.5;0.0
52;2021-01-23;1687;5;60447;187;1.6;0.0
52;2021-01-24;175;0;60622;187;1.6;0.0
52;2021-01-25;3011;13;63633;200;1.7;0.0
52;2021-01-26;6790;155;70423;355;1.9;0.0
52;2021-01-27;7334;157;77757;512;2.0;0.0
52;2021-01-28;9757;482;87514;994;2.3;0.0
52;2021-01-29;5968;905;93482;1899;2.5;0.0
52;2021-01-30;1263;266;94745;2165;2.5;0.1
52;2021-01-31;79;309;94824;2474;2.5;0.1
52;2021-02-01;2530;1189;97354;3663;2.6;0.1
52;2021-02-02;2974;1847;100328;5510;2.6;0.1
52;2021-02-03;2693;2142;103021;7652;2.7;0.2
52;2021-02-04;2976;2108;105997;9760;2.8;0.3
52;2021-02-05;2974;2198;108971;11958;2.9;0.3
52;2021-02-06;1090;661;110061;12619;2.9;0.3
52;2021-02-07;151;294;110212;12913;2.9;0.3
52;2021-02-08;1936;2102;112148;15015;2.9;0.4
52;2021-02-09;3227;3707;115375;18722;3.0;0.5
52;2021-02-10;3360;4761;118735;23483;3.1;0.6
52;2021-02-11;6141;9335;124876;32818;3.3;0.9
52;2021-02-12;4715;5164;129591;37982;3.4;1.0
52;2021-02-13;1154;1238;130745;39220;3.4;1.0
52;2021-02-14;22;539;130767;39759;3.4;1.0
52;2021-02-15;2031;3511;132798;43270;3.5;1.1
52;2021-02-16;4143;6745;136941;50015;3.6;1.3
52;2021-02-17;3904;6951;140845;56966;3.7;1.5
52;2021-02-18;6187;9313;147032;66279;3.9;1.7
52;2021-02-19;5347;5884;152379;72163;4.0;1.9
52;2021-02-20;1034;1457;153413;73620;4.0;1.9
52;2021-02-21;8;272;153421;73892;4.0;1.9
52;2021-02-22;2666;3461;156087;77353;4.1;2.0
52;2021-02-23;3435;3660;159522;81013;4.2;2.1
52;2021-02-24;3389;3042;162911;84055;4.3;2.2
52;2021-02-25;6365;3224;169276;87279;4.5;2.3
52;2021-02-26;6235;2916;175511;90195;4.6;2.4
52;2021-02-27;2219;1016;177730;91211;4.7;2.4
52;2021-02-28;78;89;177808;91300;4.7;2.4
52;2021-03-01;3129;2341;180937;93641;4.8;2.5
52;2021-03-02;4734;3405;185671;97046;4.9;2.6
52;2021-03-03;5313;3374;190984;100420;5.0;2.6
52;2021-03-04;7821;4815;198805;105235;5.2;2.8
52;2021-03-05;9024;3930;207829;109165;5.5;2.9
52;2021-03-06;5659;1162;213488;110327;5.6;2.9
52;2021-03-07;2672;167;216160;110494;5.7;2.9
52;2021-03-08;5857;2421;222017;112915;5.8;3.0
52;2021-03-09;9563;3361;231580;116276;6.1;3.1
52;2021-03-10;9415;3402;240995;119678;6.3;3.1
52;2021-03-11;13607;5074;254602;124752;6.7;3.3
52;2021-03-12;15354;3848;269956;128600;7.1;3.4
52;2021-03-13;8310;811;278266;129411;7.3;3.4
52;2021-03-14;634;76;278900;129487;7.3;3.4
52;2021-03-15;8852;1946;287752;131433;7.6;3.5
52;2021-03-16;7598;2631;295350;134064;7.8;3.5
52;2021-03-17;6477;2397;301827;136461;7.9;3.6
52;2021-03-18;8334;2541;310161;139002;8.2;3.7
52;2021-03-19;11938;2189;322099;141191;8.5;3.7
52;2021-03-20;7100;785;329199;141976;8.7;3.7
52;2021-03-21;1704;47;330903;142023;8.7;3.7
52;2021-03-22;9032;2050;339935;144073;8.9;3.8
52;2021-03-23;13208;2666;353143;146739;9.3;3.9
52;2021-03-24;13272;2085;366415;148824;9.6;3.9
52;2021-03-25;18266;2875;384681;151699;10.1;4.0
52;2021-03-26;18965;2444;403646;154143;10.6;4.1
52;2021-03-27;7571;683;411217;154826;10.8;4.1
52;2021-03-28;2207;74;413424;154900;10.9;4.1
52;2021-03-29;10995;2756;424419;157656;11.2;4.1
52;2021-03-30;15707;3666;440126;161322;11.6;4.2
52;2021-03-31;13722;3320;453848;164642;11.9;4.3
52;2021-04-01;18920;3814;472768;168456;12.4;4.4
52;2021-04-02;17119;3636;489887;172092;12.9;4.5
52;2021-04-03;5525;1210;495412;173302;13.0;4.6
52;2021-04-04;1328;56;496740;173358;13.1;4.6
52;2021-04-05;1798;546;498538;173904;13.1;4.6
52;2021-04-06;11804;5266;510342;179170;13.4;4.7
52;2021-04-07;15224;5727;525566;184897;13.8;4.9
52;2021-04-08;21287;6467;546853;191364;14.4;5.0
52;2021-04-09;26694;5456;573547;196820;15.1;5.2
52;2021-04-10;10152;2415;583699;199235;15.4;5.2
52;2021-04-11;2586;447;586285;199682;15.4;5.3
52;2021-04-12;16368;6615;602653;206297;15.9;5.4
52;2021-04-13;20780;8230;623433;214527;16.4;5.6
52;2021-04-14;17687;6948;641120;221475;16.9;5.8
52;2021-04-15;21179;8060;662299;229535;17.4;6.0
52;2021-04-16;22619;7499;684918;237034;18.0;6.2
52;2021-04-17;10007;3087;694925;240121;18.3;6.3
52;2021-04-18;3043;1308;697968;241429;18.4;6.4
52;2021-04-19;14198;7829;712166;249258;18.7;6.6
52;2021-04-20;18284;9440;730450;258698;19.2;6.8
52;2021-04-21;16020;9264;746470;267962;19.6;7.0
52;2021-04-22;19459;10258;765929;278220;20.1;7.3
52;2021-04-23;20587;10106;786516;288326;20.7;7.6
52;2021-04-24;10040;5017;796556;293343;21.0;7.7
52;2021-04-25;3984;1960;800540;295303;21.1;7.8
52;2021-04-26;16862;9945;817402;305248;21.5;8.0
52;2021-04-27;21101;12614;838503;317862;22.1;8.4
52;2021-04-28;22783;10801;861286;328663;22.7;8.6
52;2021-04-29;25016;12833;886302;341496;23.3;9.0
52;2021-04-30;25682;12603;911984;354099;24.0;9.3
52;2021-05-01;8627;2504;920611;356603;24.2;9.4
52;2021-05-02;4312;1290;924923;357893;24.3;9.4
52;2021-05-03;19078;10727;944001;368620;24.8;9.7
52;2021-05-04;20105;14516;964106;383136;25.4;10.1
52;2021-05-05;20869;12804;984975;395940;25.9;10.4
52;2021-05-06;22493;13905;1007468;409845;26.5;10.8
52;2021-05-07;20749;18058;1028217;427903;27.0;11.3
52;2021-05-08;11243;2122;1039460;430025;27.3;11.3
52;2021-05-09;5413;2251;1044873;432276;27.5;11.4
52;2021-05-10;20804;17317;1065677;449593;28.0;11.8
52;2021-05-11;24904;19615;1090581;469208;28.7;12.3
52;2021-05-12;24844;17168;1115425;486376;29.3;12.8
52;2021-05-13;18607;2791;1134032;489167;29.8;12.9
52;2021-05-14;22798;12486;1156830;501653;30.4;13.2
52;2021-05-15;15669;5247;1172499;506900;30.8;13.3
52;2021-05-16;10301;1175;1182800;508075;31.1;13.4
52;2021-05-17;21149;14704;1203949;522779;31.7;13.8
52;2021-05-18;24867;15103;1228816;537882;32.3;14.1
52;2021-05-19;26859;11542;1255675;549424;33.0;14.5
52;2021-05-20;29426;12108;1285101;561532;33.8;14.8
52;2021-05-21;27373;13922;1312474;575454;34.5;15.1
52;2021-05-22;15451;4747;1327925;580201;34.9;15.3
52;2021-05-23;4480;1161;1332405;581362;35.0;15.3
52;2021-05-24;16037;2807;1348442;584169;35.5;15.4
52;2021-05-25;24483;14635;1372925;598804;36.1;15.8
52;2021-05-26;25350;12709;1398275;611513;36.8;16.1
52;2021-05-27;29146;14900;1427421;626413;37.5;16.5
52;2021-05-28;27983;17901;1455404;644314;38.3;16.9
52;2021-05-29;18385;7814;1473789;652128;38.8;17.2
52;2021-05-30;4247;1719;1478036;653847;38.9;17.2
52;2021-05-31;24473;15928;1502509;669775;39.5;17.6
52;2021-06-01;28954;17873;1531463;687648;40.3;18.1
52;2021-06-02;27674;15269;1559137;702917;41.0;18.5
52;2021-06-03;31821;16327;1590958;719244;41.8;18.9
52;2021-06-04;29341;20778;1620299;740022;42.6;19.5
52;2021-06-05;14591;11794;1634890;751816;43.0;19.8
52;2021-06-06;4819;3530;1639709;755346;43.1;19.9
52;2021-06-07;21798;20906;1661507;776252;43.7;20.4
52;2021-06-08;26709;22093;1688216;798345;44.4;21.0
52;2021-06-09;25825;18656;1714041;817001;45.1;21.5
52;2021-06-10;28971;17691;1743012;834692;45.8;22.0
52;2021-06-11;27137;24329;1770149;859021;46.6;22.6
52;2021-06-12;14712;11830;1784861;870851;46.9;22.9
52;2021-06-13;4430;4530;1789291;875381;47.1;23.0
52;2021-06-14;17791;25438;1807082;900819;47.5;23.7
52;2021-06-15;24318;25364;1831400;926183;48.2;24.4
52;2021-06-16;23466;22549;1854866;948732;48.8;25.0
52;2021-06-17;26075;23177;1880941;971909;49.5;25.6
52;2021-06-18;23665;28800;1904606;1000709;50.1;26.3
52;2021-06-19;12511;14257;1917117;1014966;50.4;26.7
52;2021-06-20;3045;4417;1920162;1019383;50.5;26.8
52;2021-06-21;15041;28896;1935203;1048279;50.9;27.6
52;2021-06-22;17528;31817;1952731;1080096;51.4;28.4
52;2021-06-23;18569;27058;1971300;1107154;51.9;29.1
52;2021-06-24;21111;24150;1992411;1131304;52.4;29.8
52;2021-06-25;16813;31325;2009224;1162629;52.8;30.6
52;2021-06-26;8488;18089;2017712;1180718;53.1;31.1
52;2021-06-27;1355;7437;2019067;1188155;53.1;31.3
52;2021-06-28;10749;31154;2029816;1219309;53.4;32.1
52;2021-06-29;13592;34627;2043408;1253936;53.7;33.0
52;2021-06-30;13942;29146;2057350;1283082;54.1;33.7
52;2021-07-01;16305;29869;2073655;1312951;54.5;34.5
52;2021-07-02;15264;34381;2088919;1347332;54.9;35.4
52;2021-07-03;7344;19345;2096263;1366677;55.1;35.9
52;2021-07-04;1730;5329;2097993;1372006;55.2;36.1
52;2021-07-05;9845;31826;2107838;1403832;55.4;36.9
52;2021-07-06;11849;35391;2119687;1439223;55.8;37.9
52;2021-07-07;12808;30852;2132495;1470075;56.1;38.7
52;2021-07-08;15057;31203;2147552;1501278;56.5;39.5
52;2021-07-09;13438;37609;2160990;1538887;56.8;40.5
52;2021-07-10;6804;18877;2167794;1557764;57.0;41.0
52;2021-07-11;2231;5192;2170025;1562956;57.1;41.1
52;2021-07-12;9796;36283;2179821;1599239;57.3;42.1
52;2021-07-13;13335;40090;2193156;1639329;57.7;43.1
52;2021-07-14;9413;13882;2202569;1653211;57.9;43.5
52;2021-07-15;17603;36555;2220172;1689766;58.4;44.4
52;2021-07-16;19345;38096;2239517;1727862;58.9;45.4
52;2021-07-17;10969;17272;2250486;1745134;59.2;45.9
52;2021-07-18;8059;5125;2258545;1750259;59.4;46.0
52;2021-07-19;14460;35308;2273005;1785567;59.8;47.0
52;2021-07-20;17760;37783;2290765;1823350;60.3;48.0
52;2021-07-21;17537;33515;2308302;1856865;60.7;48.8
52;2021-07-22;20560;32231;2328862;1889096;61.3;49.7
52;2021-07-23;20739;36533;2349601;1925629;61.8;50.7
52;2021-07-24;11290;17761;2360891;1943390;62.1;51.1
52;2021-07-25;2978;4526;2363869;1947916;62.2;51.2
52;2021-07-26;19363;28818;2383232;1976734;62.7;52.0
52;2021-07-27;26750;29685;2409982;2006419;63.4;52.8
52;2021-07-28;25830;26129;2435812;2032548;64.1;53.5
52;2021-07-29;28719;24992;2464531;2057540;64.8;54.1
52;2021-07-30;26776;26696;2491307;2084236;65.5;54.8
52;2021-07-31;13096;12620;2504403;2096856;65.9;55.2
52;2021-08-01;4901;2083;2509304;2098939;66.0;55.2
52;2021-08-02;20774;22095;2530078;2121034;66.5;55.8
52;2021-08-03;25892;20913;2555970;2141947;67.2;56.3
52;2021-08-04;27064;18520;2583034;2160467;67.9;56.8
52;2021-08-05;29440;18407;2612474;2178874;68.7;57.3
52;2021-08-06;26919;21398;2639393;2200272;69.4;57.9
52;2021-08-07;12764;9792;2652157;2210064;69.8;58.1
52;2021-08-08;4498;2707;2656655;2212771;69.9;58.2
52;2021-08-09;20904;20236;2677559;2233007;70.4;58.7
52;2021-08-10;24368;19403;2701927;2252410;71.1;59.2
52;2021-08-11;22932;17687;2724859;2270097;71.7;59.7
52;2021-08-12;21740;18257;2746599;2288354;72.2;60.2
52;2021-08-13;20094;17628;2766693;2305982;72.8;60.7
52;2021-08-14;7694;9065;2774387;2315047;73.0;60.9
52;2021-08-15;1520;1808;2775907;2316855;73.0;60.9
52;2021-08-16;14348;22083;2790255;2338938;73.4;61.5
52;2021-08-17;15037;21973;2805292;2360911;73.8;62.1
52;2021-08-18;14115;20278;2819407;2381189;74.2;62.6
52;2021-08-19;11795;21143;2831202;2402332;74.5;63.2
52;2021-08-20;12375;25138;2843577;2427470;74.8;63.9
52;2021-08-21;4882;12520;2848459;2439990;74.9;64.2
52;2021-08-22;1300;4647;2849759;2444637;75.0;64.3
52;2021-08-23;10275;25724;2860034;2470361;75.2;65.0
53;2020-12-27;0;0;0;0;0.0;0.0
53;2020-12-28;1;0;1;0;0.0;0.0
53;2020-12-29;2;0;3;0;0.0;0.0
53;2020-12-30;0;0;3;0;0.0;0.0
53;2020-12-31;1;0;4;0;0.0;0.0
53;2021-01-01;5;0;9;0;0.0;0.0
53;2021-01-02;4;0;13;0;0.0;0.0
53;2021-01-03;1;0;14;0;0.0;0.0
53;2021-01-04;48;0;62;0;0.0;0.0
53;2021-01-05;203;0;265;0;0.0;0.0
53;2021-01-06;334;1;599;1;0.0;0.0
53;2021-01-07;842;1;1441;2;0.0;0.0
53;2021-01-08;1213;1;2654;3;0.1;0.0
53;2021-01-09;35;0;2689;3;0.1;0.0
53;2021-01-10;5;0;2694;3;0.1;0.0
53;2021-01-11;1681;3;4375;6;0.1;0.0
53;2021-01-12;3387;2;7762;8;0.2;0.0
53;2021-01-13;3380;5;11142;13;0.3;0.0
53;2021-01-14;3841;33;14983;46;0.4;0.0
53;2021-01-15;3321;16;18304;62;0.5;0.0
53;2021-01-16;686;6;18990;68;0.6;0.0
53;2021-01-17;183;1;19173;69;0.6;0.0
53;2021-01-18;3376;7;22549;76;0.7;0.0
53;2021-01-19;8230;16;30779;92;0.9;0.0
53;2021-01-20;7110;11;37889;103;1.1;0.0
53;2021-01-21;11691;14;49580;117;1.5;0.0
53;2021-01-22;7870;20;57450;137;1.7;0.0
53;2021-01-23;1496;3;58946;140;1.8;0.0
53;2021-01-24;257;1;59203;141;1.8;0.0
53;2021-01-25;3065;34;62268;175;1.9;0.0
53;2021-01-26;4134;237;66402;412;2.0;0.0
53;2021-01-27;7257;352;73659;764;2.2;0.0
53;2021-01-28;7204;642;80863;1406;2.4;0.0
53;2021-01-29;4274;733;85137;2139;2.5;0.1
53;2021-01-30;846;43;85983;2182;2.6;0.1
53;2021-01-31;83;5;86066;2187;2.6;0.1
53;2021-02-01;2219;1018;88285;3205;2.6;0.1
53;2021-02-02;3448;2003;91733;5208;2.7;0.2
53;2021-02-03;3185;2174;94918;7382;2.8;0.2
53;2021-02-04;7119;2287;102037;9669;3.1;0.3
53;2021-02-05;5613;2143;107650;11812;3.2;0.4
53;2021-02-06;1218;278;108868;12090;3.3;0.4
53;2021-02-07;215;131;109083;12221;3.3;0.4
53;2021-02-08;1656;1526;110739;13747;3.3;0.4
53;2021-02-09;3986;5258;114725;19005;3.4;0.6
53;2021-02-10;3806;4647;118531;23652;3.5;0.7
53;2021-02-11;5801;8801;124332;32453;3.7;1.0
53;2021-02-12;5731;5211;130063;37664;3.9;1.1
53;2021-02-13;1235;849;131298;38513;3.9;1.2
53;2021-02-14;25;348;131323;38861;3.9;1.2
53;2021-02-15;2331;3566;133654;42427;4.0;1.3
53;2021-02-16;4069;3525;137723;45952;4.1;1.4
53;2021-02-17;4083;5368;141806;51320;4.2;1.5
53;2021-02-18;6037;5735;147843;57055;4.4;1.7
53;2021-02-19;5383;4832;153226;61887;4.6;1.9
53;2021-02-20;1191;890;154417;62777;4.6;1.9
53;2021-02-21;173;218;154590;62995;4.6;1.9
53;2021-02-22;2327;2810;156917;65805;4.7;2.0
53;2021-02-23;3964;3671;160881;69476;4.8;2.1
53;2021-02-24;4483;3773;165364;73249;5.0;2.2
53;2021-02-25;7987;7156;173351;80405;5.2;2.4
53;2021-02-26;8699;4423;182050;84828;5.4;2.5
53;2021-02-27;3462;1117;185512;85945;5.6;2.6
53;2021-02-28;240;194;185752;86139;5.6;2.6
53;2021-03-01;3510;2260;189262;88399;5.7;2.6
53;2021-03-02;5635;4459;194897;92858;5.8;2.8
53;2021-03-03;6479;3761;201376;96619;6.0;2.9
53;2021-03-04;9327;4940;210703;101559;6.3;3.0
53;2021-03-05;11942;5266;222645;106825;6.7;3.2
53;2021-03-06;5661;1044;228306;107869;6.8;3.2
53;2021-03-07;914;148;229220;108017;6.9;3.2
53;2021-03-08;5176;2227;234396;110244;7.0;3.3
53;2021-03-09;9703;2971;244099;113215;7.3;3.4
53;2021-03-10;9321;3376;253420;116591;7.6;3.5
53;2021-03-11;14344;4111;267764;120702;8.0;3.6
53;2021-03-12;18628;3359;286392;124061;8.6;3.7
53;2021-03-13;8847;985;295239;125046;8.8;3.7
53;2021-03-14;823;53;296062;125099;8.9;3.7
53;2021-03-15;6916;2034;302978;127133;9.1;3.8
53;2021-03-16;7015;3357;309993;130490;9.3;3.9
53;2021-03-17;8263;2801;318256;133291;9.5;4.0
53;2021-03-18;8749;4619;327005;137910;9.8;4.1
53;2021-03-19;13032;3590;340037;141500;10.2;4.2
53;2021-03-20;7153;826;347190;142326;10.4;4.3
53;2021-03-21;394;34;347584;142360;10.4;4.3
53;2021-03-22;7371;2167;354955;144527;10.6;4.3
53;2021-03-23;13015;3694;367970;148221;11.0;4.4
53;2021-03-24;14446;3230;382416;151451;11.4;4.5
53;2021-03-25;18346;3401;400762;154852;12.0;4.6
53;2021-03-26;20363;3251;421125;158103;12.6;4.7
53;2021-03-27;7433;1018;428558;159121;12.8;4.8
53;2021-03-28;533;62;429091;159183;12.8;4.8
53;2021-03-29;9820;3146;438911;162329;13.1;4.9
53;2021-03-30;15351;4597;454262;166926;13.6;5.0
53;2021-03-31;14197;4299;468459;171225;14.0;5.1
53;2021-04-01;18288;4330;486747;175555;14.6;5.3
53;2021-04-02;17951;4363;504698;179918;15.1;5.4
53;2021-04-03;6446;1424;511144;181342;15.3;5.4
53;2021-04-04;420;36;511564;181378;15.3;5.4
53;2021-04-05;1251;340;512815;181718;15.4;5.4
53;2021-04-06;12590;5644;525405;187362;15.7;5.6
53;2021-04-07;15068;5343;540473;192705;16.2;5.8
53;2021-04-08;20836;6134;561309;198839;16.8;6.0
53;2021-04-09;26749;5618;588058;204457;17.6;6.1
53;2021-04-10;10381;1750;598439;206207;17.9;6.2
53;2021-04-11;833;214;599272;206421;17.9;6.2
53;2021-04-12;15908;4919;615180;211340;18.4;6.3
53;2021-04-13;22764;7324;637944;218664;19.1;6.5
53;2021-04-14;19413;7959;657357;226623;19.7;6.8
53;2021-04-15;25489;8112;682846;234735;20.4;7.0
53;2021-04-16;26258;7616;709104;242351;21.2;7.3
53;2021-04-17;10449;3625;719553;245976;21.5;7.4
53;2021-04-18;1044;151;720597;246127;21.6;7.4
53;2021-04-19;15439;6548;736036;252675;22.0;7.6
53;2021-04-20;16974;9548;753010;262223;22.5;7.9
53;2021-04-21;16789;9458;769799;271681;23.0;8.1
53;2021-04-22;21839;10237;791638;281918;23.7;8.4
53;2021-04-23;21764;10145;813402;292063;24.4;8.7
53;2021-04-24;10041;4189;823443;296252;24.7;8.9
53;2021-04-25;923;335;824366;296587;24.7;8.9
53;2021-04-26;18283;8560;842649;305147;25.2;9.1
53;2021-04-27;19890;12098;862539;317245;25.8;9.5
53;2021-04-28;19985;10864;882524;328109;26.4;9.8
53;2021-04-29;23629;12316;906153;340425;27.1;10.2
53;2021-04-30;23979;12493;930132;352918;27.8;10.6
53;2021-05-01;5151;1648;935283;354566;28.0;10.6
53;2021-05-02;2808;530;938091;355096;28.1;10.6
53;2021-05-03;15747;9402;953838;364498;28.6;10.9
53;2021-05-04;15720;15885;969558;380383;29.0;11.4
53;2021-05-05;14973;14745;984531;395128;29.5;11.8
53;2021-05-06;19296;17929;1003827;413057;30.1;12.4
53;2021-05-07;18702;18300;1022529;431357;30.6;12.9
53;2021-05-08;5503;1139;1028032;432496;30.8;12.9
53;2021-05-09;3519;875;1031551;433371;30.9;13.0
53;2021-05-10;16708;15269;1048259;448640;31.4;13.4
53;2021-05-11;18764;18768;1067023;467408;31.9;14.0
53;2021-05-12;21257;15682;1088280;483090;32.6;14.5
53;2021-05-13;9067;3976;1097347;487066;32.9;14.6
53;2021-05-14;21744;13741;1119091;500807;33.5;15.0
53;2021-05-15;13452;5356;1132543;506163;33.9;15.2
53;2021-05-16;3243;879;1135786;507042;34.0;15.2
53;2021-05-17;18220;11204;1154006;518246;34.5;15.5
53;2021-05-18;21099;12459;1175105;530705;35.2;15.9
53;2021-05-19;21735;10704;1196840;541409;35.8;16.2
53;2021-05-20;24011;14780;1220851;556189;36.5;16.7
53;2021-05-21;22996;15278;1243847;571467;37.2;17.1
53;2021-05-22;13248;5850;1257095;577317;37.6;17.3
53;2021-05-23;3010;324;1260105;577641;37.7;17.3
53;2021-05-24;14060;2553;1274165;580194;38.1;17.4
53;2021-05-25;20153;12968;1294318;593162;38.7;17.8
53;2021-05-26;19578;13874;1313896;607036;39.3;18.2
53;2021-05-27;22220;17481;1336116;624517;40.0;18.7
53;2021-05-28;21900;20430;1358016;644947;40.7;19.3
53;2021-05-29;12190;7360;1370206;652307;41.0;19.5
53;2021-05-30;2329;473;1372535;652780;41.1;19.5
53;2021-05-31;20850;14226;1393385;667006;41.7;20.0
53;2021-06-01;23154;16551;1416539;683557;42.4;20.5
53;2021-06-02;22111;14272;1438650;697829;43.1;20.9
53;2021-06-03;25236;16935;1463886;714764;43.8;21.4
53;2021-06-04;23278;22584;1487164;737348;44.5;22.1
53;2021-06-05;17376;9030;1504540;746378;45.0;22.3
53;2021-06-06;5050;1331;1509590;747709;45.2;22.4
53;2021-06-07;18588;17769;1528178;765478;45.7;22.9
53;2021-06-08;23641;18073;1551819;783551;46.5;23.5
53;2021-06-09;23847;15894;1575666;799445;47.2;23.9
53;2021-06-10;27117;16945;1602783;816390;48.0;24.4
53;2021-06-11;26431;21452;1629214;837842;48.8;25.1
53;2021-06-12;18772;7538;1647986;845380;49.3;25.3
53;2021-06-13;7851;3129;1655837;848509;49.6;25.4
53;2021-06-14;16217;19905;1672054;868414;50.1;26.0
53;2021-06-15;20283;21053;1692337;889467;50.7;26.6
53;2021-06-16;21395;18573;1713732;908040;51.3;27.2
53;2021-06-17;22077;20149;1735809;928189;52.0;27.8
53;2021-06-18;22450;25681;1758259;953870;52.6;28.6
53;2021-06-19;12950;9635;1771209;963505;53.0;28.8
53;2021-06-20;5506;2684;1776715;966189;53.2;28.9
53;2021-06-21;14781;22360;1791496;988549;53.6;29.6
53;2021-06-22;17213;24926;1808709;1013475;54.1;30.3
53;2021-06-23;16971;23542;1825680;1037017;54.7;31.0
53;2021-06-24;19228;21905;1844908;1058922;55.2;31.7
53;2021-06-25;15677;29107;1860585;1088029;55.7;32.6
53;2021-06-26;7222;13940;1867807;1101969;55.9;33.0
53;2021-06-27;3914;3335;1871721;1105304;56.0;33.1
53;2021-06-28;9765;24189;1881486;1129493;56.3;33.8
53;2021-06-29;11713;27435;1893199;1156928;56.7;34.6
53;2021-06-30;12272;26700;1905471;1183628;57.0;35.4
53;2021-07-01;14475;26965;1919946;1210593;57.5;36.2
53;2021-07-02;13305;31830;1933251;1242423;57.9;37.2
53;2021-07-03;6619;15397;1939870;1257820;58.1;37.7
53;2021-07-04;3893;4500;1943763;1262320;58.2;37.8
53;2021-07-05;9111;26613;1952874;1288933;58.5;38.6
53;2021-07-06;10821;29417;1963695;1318350;58.8;39.5
53;2021-07-07;11890;25940;1975585;1344290;59.1;40.2
53;2021-07-08;13417;27830;1989002;1372120;59.5;41.1
53;2021-07-09;11248;33102;2000250;1405222;59.9;42.1
53;2021-07-10;5746;15614;2005996;1420836;60.1;42.5
53;2021-07-11;2490;3837;2008486;1424673;60.1;42.7
53;2021-07-12;9604;28861;2018090;1453534;60.4;43.5
53;2021-07-13;13754;31935;2031844;1485469;60.8;44.5
53;2021-07-14;6712;12903;2038556;1498372;61.0;44.9
53;2021-07-15;15810;31601;2054366;1529973;61.5;45.8
53;2021-07-16;17296;33593;2071662;1563566;62.0;46.8
53;2021-07-17;10071;17116;2081733;1580682;62.3;47.3
53;2021-07-18;2332;4212;2084065;1584894;62.4;47.4
53;2021-07-19;12019;26984;2096084;1611878;62.7;48.3
53;2021-07-20;15381;32083;2111465;1643961;63.2;49.2
53;2021-07-21;15043;28048;2126508;1672009;63.7;50.1
53;2021-07-22;17468;29932;2143976;1701941;64.2;51.0
53;2021-07-23;17404;34353;2161380;1736294;64.7;52.0
53;2021-07-24;8050;17442;2169430;1753736;64.9;52.5
53;2021-07-25;2136;7276;2171566;1761012;65.0;52.7
53;2021-07-26;13932;25405;2185498;1786417;65.4;53.5
53;2021-07-27;17997;27892;2203495;1814309;66.0;54.3
53;2021-07-28;17829;23823;2221324;1838132;66.5;55.0
53;2021-07-29;21383;24112;2242707;1862244;67.1;55.7
53;2021-07-30;20681;25446;2263388;1887690;67.8;56.5
53;2021-07-31;9750;14088;2273138;1901778;68.1;56.9
53;2021-08-01;3468;4467;2276606;1906245;68.2;57.1
53;2021-08-02;18109;19316;2294715;1925561;68.7;57.6
53;2021-08-03;23223;20381;2317938;1945942;69.4;58.3
53;2021-08-04;23985;17042;2341923;1962984;70.1;58.8
53;2021-08-05;23377;19497;2365300;1982481;70.8;59.3
53;2021-08-06;21523;20370;2386823;2002851;71.5;60.0
53;2021-08-07;11530;10591;2398353;2013442;71.8;60.3
53;2021-08-08;4596;3637;2402949;2017079;71.9;60.4
53;2021-08-09;14245;17241;2417194;2034320;72.4;60.9
53;2021-08-10;18600;18340;2435794;2052660;72.9;61.4
53;2021-08-11;17301;16294;2453095;2068954;73.4;61.9
53;2021-08-12;18181;18083;2471276;2087037;74.0;62.5
53;2021-08-13;16777;16550;2488053;2103587;74.5;63.0
53;2021-08-14;9072;8860;2497125;2112447;74.8;63.2
53;2021-08-15;3235;2339;2500360;2114786;74.9;63.3
53;2021-08-16;12621;17352;2512981;2132138;75.2;63.8
53;2021-08-17;16198;17977;2529179;2150115;75.7;64.4
53;2021-08-18;15220;17137;2544399;2167252;76.2;64.9
53;2021-08-19;14496;19049;2558895;2186301;76.6;65.5
53;2021-08-20;12915;19785;2571810;2206086;77.0;66.0
53;2021-08-21;6578;10431;2578388;2216517;77.2;66.4
53;2021-08-22;2245;3010;2580633;2219527;77.3;66.4
53;2021-08-23;9366;19174;2589999;2238701;77.5;67.0
75;2020-12-27;3;0;3;0;0.0;0.0
75;2020-12-28;14;0;17;0;0.0;0.0
75;2020-12-29;4;0;21;0;0.0;0.0
75;2020-12-30;2;0;23;0;0.0;0.0
75;2020-12-31;2;0;25;0;0.0;0.0
75;2021-01-01;5;0;30;0;0.0;0.0
75;2021-01-02;3;0;33;0;0.0;0.0
75;2021-01-03;2;0;35;0;0.0;0.0
75;2021-01-04;92;0;127;0;0.0;0.0
75;2021-01-05;132;0;259;0;0.0;0.0
75;2021-01-06;741;0;1000;0;0.0;0.0
75;2021-01-07;4937;5;5937;5;0.1;0.0
75;2021-01-08;5493;13;11430;18;0.2;0.0
75;2021-01-09;850;1;12280;19;0.2;0.0
75;2021-01-10;482;0;12762;19;0.2;0.0
75;2021-01-11;3608;3;16370;22;0.3;0.0
75;2021-01-12;5974;12;22344;34;0.4;0.0
75;2021-01-13;6560;19;28904;53;0.5;0.0
75;2021-01-14;8163;81;37067;134;0.6;0.0
75;2021-01-15;7673;45;44740;179;0.7;0.0
75;2021-01-16;1619;16;46359;195;0.8;0.0
75;2021-01-17;435;6;46794;201;0.8;0.0
75;2021-01-18;6948;37;53742;238;0.9;0.0
75;2021-01-19;14195;24;67937;262;1.1;0.0
75;2021-01-20;15634;47;83571;309;1.4;0.0
75;2021-01-21;17019;34;100590;343;1.7;0.0
75;2021-01-22;13022;34;113612;377;1.9;0.0
75;2021-01-23;4439;7;118051;384;2.0;0.0
75;2021-01-24;706;2;118757;386;2.0;0.0
75;2021-01-25;8889;221;127646;607;2.1;0.0
75;2021-01-26;11779;461;139425;1068;2.3;0.0
75;2021-01-27;12329;775;151754;1843;2.5;0.0
75;2021-01-28;12970;2650;164724;4493;2.7;0.1
75;2021-01-29;10029;2984;174753;7477;2.9;0.1
75;2021-01-30;3386;510;178139;7987;3.0;0.1
75;2021-01-31;651;419;178790;8406;3.0;0.1
75;2021-02-01;5732;2622;184522;11028;3.1;0.2
75;2021-02-02;9669;4360;194191;15388;3.2;0.3
75;2021-02-03;9686;4374;203877;19762;3.4;0.3
75;2021-02-04;10837;5679;214714;25441;3.6;0.4
75;2021-02-05;7510;5608;222224;31049;3.7;0.5
75;2021-02-06;2414;1104;224638;32153;3.7;0.5
75;2021-02-07;675;262;225313;32415;3.8;0.5
75;2021-02-08;5149;3644;230462;36059;3.8;0.6
75;2021-02-09;7355;8060;237817;44119;4.0;0.7
75;2021-02-10;7578;8679;245395;52798;4.1;0.9
75;2021-02-11;8921;10179;254316;62977;4.2;1.0
75;2021-02-12;7421;8724;261737;71701;4.4;1.2
75;2021-02-13;1971;1760;263708;73461;4.4;1.2
75;2021-02-14;283;360;263991;73821;4.4;1.2
75;2021-02-15;3195;7772;267186;81593;4.5;1.4
75;2021-02-16;4653;10490;271839;92083;4.5;1.5
75;2021-02-17;4767;11276;276606;103359;4.6;1.7
75;2021-02-18;5477;12784;282083;116143;4.7;1.9
75;2021-02-19;5435;9569;287518;125712;4.8;2.1
75;2021-02-20;998;2612;288516;128324;4.8;2.1
75;2021-02-21;200;663;288716;128987;4.8;2.1
75;2021-02-22;3655;8426;292371;137413;4.9;2.3
75;2021-02-23;5384;10886;297755;148299;5.0;2.5
75;2021-02-24;6201;10216;303956;158515;5.1;2.6
75;2021-02-25;10073;11721;314029;170236;5.2;2.8
75;2021-02-26;12306;8874;326335;179110;5.4;3.0
75;2021-02-27;5803;2499;332138;181609;5.5;3.0
75;2021-02-28;329;690;332467;182299;5.5;3.0
75;2021-03-01;5111;6971;337578;189270;5.6;3.2
75;2021-03-02;9372;8163;346950;197433;5.8;3.3
75;2021-03-03;10875;7786;357825;205219;6.0;3.4
75;2021-03-04;16806;8255;374631;213474;6.2;3.6
75;2021-03-05;20870;7528;395501;221002;6.6;3.7
75;2021-03-06;13453;2282;408954;223284;6.8;3.7
75;2021-03-07;3748;492;412702;223776;6.9;3.7
75;2021-03-08;10040;5393;422742;229169;7.0;3.8
75;2021-03-09;16929;6533;439671;235702;7.3;3.9
75;2021-03-10;18306;6381;457977;242083;7.6;4.0
75;2021-03-11;26500;6787;484477;248870;8.1;4.1
75;2021-03-12;31401;5422;515878;254292;8.6;4.2
75;2021-03-13;17931;1285;533809;255577;8.9;4.3
75;2021-03-14;1740;269;535549;255846;8.9;4.3
75;2021-03-15;14134;3444;549683;259290;9.2;4.3
75;2021-03-16;13729;3766;563412;263056;9.4;4.4
75;2021-03-17;14812;3928;578224;266984;9.6;4.4
75;2021-03-18;16445;4766;594669;271750;9.9;4.5
75;2021-03-19;22515;4387;617184;276137;10.3;4.6
75;2021-03-20;14097;873;631281;277010;10.5;4.6
75;2021-03-21;2508;115;633789;277125;10.6;4.6
75;2021-03-22;16882;3542;650671;280667;10.8;4.7
75;2021-03-23;25365;3923;676036;284590;11.3;4.7
75;2021-03-24;27215;4333;703251;288923;11.7;4.8
75;2021-03-25;35769;4736;739020;293659;12.3;4.9
75;2021-03-26;38735;4245;777755;297904;13.0;5.0
75;2021-03-27;15762;1343;793517;299247;13.2;5.0
75;2021-03-28;2748;409;796265;299656;13.3;5.0
75;2021-03-29;22917;4215;819182;303871;13.7;5.1
75;2021-03-30;31757;6059;850939;309930;14.2;5.2
75;2021-03-31;29826;6034;880765;315964;14.7;5.3
75;2021-04-01;35178;7092;915943;323056;15.3;5.4
75;2021-04-02;32431;6988;948374;330044;15.8;5.5
75;2021-04-03;12877;2693;961251;332737;16.0;5.5
75;2021-04-04;2160;348;963411;333085;16.1;5.6
75;2021-04-05;6410;636;969821;333721;16.2;5.6
75;2021-04-06;26474;10908;996295;344629;16.6;5.7
75;2021-04-07;32445;11128;1028740;355757;17.1;5.9
75;2021-04-08;39713;12527;1068453;368284;17.8;6.1
75;2021-04-09;49381;11191;1117834;379475;18.6;6.3
75;2021-04-10;24568;5073;1142402;384548;19.0;6.4
75;2021-04-11;5014;742;1147416;385290;19.1;6.4
75;2021-04-12;27466;11944;1174882;397234;19.6;6.6
75;2021-04-13;35840;14459;1210722;411693;20.2;6.9
75;2021-04-14;35560;14671;1246282;426364;20.8;7.1
75;2021-04-15;37868;15274;1284150;441638;21.4;7.4
75;2021-04-16;37292;15245;1321442;456883;22.0;7.6
75;2021-04-17;19638;7477;1341080;464360;22.4;7.7
75;2021-04-18;4093;2072;1345173;466432;22.4;7.8
75;2021-04-19;20949;15047;1366122;481479;22.8;8.0
75;2021-04-20;28587;19208;1394709;500687;23.2;8.3
75;2021-04-21;27938;18214;1422647;518901;23.7;8.6
75;2021-04-22;30507;19784;1453154;538685;24.2;9.0
75;2021-04-23;29227;20438;1482381;559123;24.7;9.3
75;2021-04-24;17116;9216;1499497;568339;25.0;9.5
75;2021-04-25;4621;1512;1504118;569851;25.1;9.5
75;2021-04-26;22384;19349;1526502;589200;25.4;9.8
75;2021-04-27;29261;24456;1555763;613656;25.9;10.2
75;2021-04-28;31226;24275;1586989;637931;26.4;10.6
75;2021-04-29;37417;26871;1624406;664802;27.1;11.1
75;2021-04-30;37899;26044;1662305;690846;27.7;11.5
75;2021-05-01;15741;5823;1678046;696669;28.0;11.6
75;2021-05-02;7282;2629;1685328;699298;28.1;11.7
75;2021-05-03;27357;21294;1712685;720592;28.5;12.0
75;2021-05-04;30402;29458;1743087;750050;29.1;12.5
75;2021-05-05;31571;31083;1774658;781133;29.6;13.0
75;2021-05-06;36062;32559;1810720;813692;30.2;13.6
75;2021-05-07;37546;34466;1848266;848158;30.8;14.1
75;2021-05-08;17789;8138;1866055;856296;31.1;14.3
75;2021-05-09;7335;4168;1873390;860464;31.2;14.3
75;2021-05-10;25287;29117;1898677;889581;31.6;14.8
75;2021-05-11;35667;33118;1934344;922699;32.2;15.4
75;2021-05-12;35736;30278;1970080;952977;32.8;15.9
75;2021-05-13;22763;7614;1992843;960591;33.2;16.0
75;2021-05-14;33943;20996;2026786;981587;33.8;16.4
75;2021-05-15;23005;11176;2049791;992763;34.2;16.5
75;2021-05-16;7449;2073;2057240;994836;34.3;16.6
75;2021-05-17;33986;19387;2091226;1014223;34.9;16.9
75;2021-05-18;43001;20179;2134227;1034402;35.6;17.2
75;2021-05-19;42910;17763;2177137;1052165;36.3;17.5
75;2021-05-20;46147;20600;2223284;1072765;37.1;17.9
75;2021-05-21;43072;21554;2266356;1094319;37.8;18.2
75;2021-05-22;23370;9880;2289726;1104199;38.2;18.4
75;2021-05-23;7873;1441;2297599;1105640;38.3;18.4
75;2021-05-24;18940;4152;2316539;1109792;38.6;18.5
75;2021-05-25;37035;21137;2353574;1130929;39.2;18.8
75;2021-05-26;38861;21710;2392435;1152639;39.9;19.2
75;2021-05-27;43127;27279;2435562;1179918;40.6;19.7
75;2021-05-28;39103;32406;2474665;1212324;41.2;20.2
75;2021-05-29;19763;18154;2494428;1230478;41.6;20.5
75;2021-05-30;5822;2306;2500250;1232784;41.7;20.5
75;2021-05-31;31778;23204;2532028;1255988;42.2;20.9
75;2021-06-01;41399;29779;2573427;1285767;42.9;21.4
75;2021-06-02;41931;28366;2615358;1314133;43.6;21.9
75;2021-06-03;47914;31320;2663272;1345453;44.4;22.4
75;2021-06-04;44646;37144;2707918;1382597;45.1;23.0
75;2021-06-05;24554;18536;2732472;1401133;45.5;23.4
75;2021-06-06;8854;4337;2741326;1405470;45.7;23.4
75;2021-06-07;31640;31637;2772966;1437107;46.2;24.0
75;2021-06-08;38868;36023;2811834;1473130;46.9;24.6
75;2021-06-09;39616;33036;2851450;1506166;47.5;25.1
75;2021-06-10;43581;31997;2895031;1538163;48.3;25.6
75;2021-06-11;40704;40355;2935735;1578518;48.9;26.3
75;2021-06-12;23410;21551;2959145;1600069;49.3;26.7
75;2021-06-13;8203;5666;2967348;1605735;49.5;26.8
75;2021-06-14;24144;38018;2991492;1643753;49.9;27.4
75;2021-06-15;33447;41785;3024939;1685538;50.4;28.1
75;2021-06-16;34969;37439;3059908;1722977;51.0;28.7
75;2021-06-17;36451;38676;3096359;1761653;51.6;29.4
75;2021-06-18;34998;45369;3131357;1807022;52.2;30.1
75;2021-06-19;20347;23293;3151704;1830315;52.5;30.5
75;2021-06-20;6307;5750;3158011;1836065;52.6;30.6
75;2021-06-21;21709;37368;3179720;1873433;53.0;31.2
75;2021-06-22;25506;43696;3205226;1917129;53.4;32.0
75;2021-06-23;26514;40890;3231740;1958019;53.9;32.6
75;2021-06-24;28280;35709;3260020;1993728;54.3;33.2
75;2021-06-25;24372;48700;3284392;2042428;54.7;34.0
75;2021-06-26;13770;26826;3298162;2069254;55.0;34.5
75;2021-06-27;4637;8579;3302799;2077833;55.0;34.6
75;2021-06-28;14991;44660;3317790;2122493;55.3;35.4
75;2021-06-29;18855;52026;3336645;2174519;55.6;36.2
75;2021-06-30;20410;48242;3357055;2222761;56.0;37.0
75;2021-07-01;23101;46764;3380156;2269525;56.3;37.8
75;2021-07-02;21373;53755;3401529;2323280;56.7;38.7
75;2021-07-03;10115;29217;3411644;2352497;56.9;39.2
75;2021-07-04;3442;7811;3415086;2360308;56.9;39.3
75;2021-07-05;14394;42451;3429480;2402759;57.2;40.0
75;2021-07-06;18445;52214;3447925;2454973;57.5;40.9
75;2021-07-07;20953;48703;3468878;2503676;57.8;41.7
75;2021-07-08;23365;46789;3492243;2550465;58.2;42.5
75;2021-07-09;20938;55183;3513181;2605648;58.6;43.4
75;2021-07-10;10812;28088;3523993;2633736;58.7;43.9
75;2021-07-11;3852;6914;3527845;2640650;58.8;44.0
75;2021-07-12;13486;49469;3541331;2690119;59.0;44.8
75;2021-07-13;22884;58916;3564215;2749035;59.4;45.8
75;2021-07-14;12752;17730;3576967;2766765;59.6;46.1
75;2021-07-15;25237;56799;3602204;2823564;60.0;47.1
75;2021-07-16;29593;55144;3631797;2878708;60.5;48.0
75;2021-07-17;15335;29362;3647132;2908070;60.8;48.5
75;2021-07-18;4815;10275;3651947;2918345;60.9;48.6
75;2021-07-19;21917;49079;3673864;2967424;61.2;49.5
75;2021-07-20;28643;53635;3702507;3021059;61.7;50.4
75;2021-07-21;30581;49541;3733088;3070600;62.2;51.2
75;2021-07-22;36089;50954;3769177;3121554;62.8;52.0
75;2021-07-23;35521;53454;3804698;3175008;63.4;52.9
75;2021-07-24;19919;26357;3824617;3201365;63.7;53.4
75;2021-07-25;6729;6927;3831346;3208292;63.9;53.5
75;2021-07-26;27150;41669;3858496;3249961;64.3;54.2
75;2021-07-27;39829;43689;3898325;3293650;65.0;54.9
75;2021-07-28;41313;39262;3939638;3332912;65.7;55.5
75;2021-07-29;45357;39884;3984995;3372796;66.4;56.2
75;2021-07-30;41497;40885;4026492;3413681;67.1;56.9
75;2021-07-31;21554;21075;4048046;3434756;67.5;57.2
75;2021-08-01;7666;4730;4055712;3439486;67.6;57.3
75;2021-08-02;32978;30024;4088690;3469510;68.1;57.8
75;2021-08-03;41837;31270;4130527;3500780;68.8;58.3
75;2021-08-04;42121;26713;4172648;3527493;69.5;58.8
75;2021-08-05;43552;27979;4216200;3555472;70.3;59.3
75;2021-08-06;39092;31551;4255292;3587023;70.9;59.8
75;2021-08-07;20913;16688;4276205;3603711;71.3;60.1
75;2021-08-08;7363;4481;4283568;3608192;71.4;60.1
75;2021-08-09;30193;27584;4313761;3635776;71.9;60.6
75;2021-08-10;35651;29644;4349412;3665420;72.5;61.1
75;2021-08-11;32662;27672;4382074;3693092;73.0;61.6
75;2021-08-12;32018;29979;4414092;3723071;73.6;62.1
75;2021-08-13;29462;29207;4443554;3752278;74.1;62.5
75;2021-08-14;13975;17378;4457529;3769656;74.3;62.8
75;2021-08-15;3280;4510;4460809;3774166;74.3;62.9
75;2021-08-16;21548;30519;4482357;3804685;74.7;63.4
75;2021-08-17;23474;33233;4505831;3837918;75.1;64.0
75;2021-08-18;20704;32562;4526535;3870480;75.4;64.5
75;2021-08-19;19608;34318;4546143;3904798;75.8;65.1
75;2021-08-20;18103;37425;4564246;3942223;76.1;65.7
75;2021-08-21;8631;20264;4572877;3962487;76.2;66.0
75;2021-08-22;1883;6415;4574760;3968902;76.2;66.1
75;2021-08-23;12694;35537;4587454;4004439;76.5;66.7
76;2020-12-27;6;0;6;0;0.0;0.0
76;2020-12-28;9;0;15;0;0.0;0.0
76;2020-12-29;1;0;16;0;0.0;0.0
76;2020-12-30;0;0;16;0;0.0;0.0
76;2020-12-31;2;0;18;0;0.0;0.0
76;2021-01-01;6;0;24;0;0.0;0.0
76;2021-01-02;7;0;31;0;0.0;0.0
76;2021-01-03;3;0;34;0;0.0;0.0
76;2021-01-04;63;1;97;1;0.0;0.0
76;2021-01-05;477;2;574;3;0.0;0.0
76;2021-01-06;786;2;1360;5;0.0;0.0
76;2021-01-07;2574;3;3934;8;0.1;0.0
76;2021-01-08;3227;4;7161;12;0.1;0.0
76;2021-01-09;1544;2;8705;14;0.1;0.0
76;2021-01-10;525;1;9230;15;0.2;0.0
76;2021-01-11;3544;12;12774;27;0.2;0.0
76;2021-01-12;5771;12;18545;39;0.3;0.0
76;2021-01-13;6482;20;25027;59;0.4;0.0
76;2021-01-14;9045;98;34072;157;0.6;0.0
76;2021-01-15;7269;34;41341;191;0.7;0.0
76;2021-01-16;1959;22;43300;213;0.7;0.0
76;2021-01-17;719;3;44019;216;0.7;0.0
76;2021-01-18;7743;29;51762;245;0.9;0.0
76;2021-01-19;11249;43;63011;288;1.1;0.0
76;2021-01-20;13786;46;76797;334;1.3;0.0
76;2021-01-21;16818;33;93615;367;1.6;0.0
76;2021-01-22;11954;38;105569;405;1.8;0.0
76;2021-01-23;3900;12;109469;417;1.8;0.0
76;2021-01-24;774;12;110243;429;1.9;0.0
76;2021-01-25;7862;101;118105;530;2.0;0.0
76;2021-01-26;10381;283;128486;813;2.2;0.0
76;2021-01-27;10935;510;139421;1323;2.4;0.0
76;2021-01-28;10208;1689;149629;3012;2.5;0.1
76;2021-01-29;8123;1990;157752;5002;2.7;0.1
76;2021-01-30;3206;766;160958;5768;2.7;0.1
76;2021-01-31;532;265;161490;6033;2.7;0.1
76;2021-02-01;5873;2586;167363;8619;2.8;0.1
76;2021-02-02;10161;4010;177524;12629;3.0;0.2
76;2021-02-03;9566;4052;187090;16681;3.2;0.3
76;2021-02-04;10169;5954;197259;22635;3.3;0.4
76;2021-02-05;7812;5009;205071;27644;3.5;0.5
76;2021-02-06;2733;1042;207804;28686;3.5;0.5
76;2021-02-07;546;494;208350;29180;3.5;0.5
76;2021-02-08;4867;4520;213217;33700;3.6;0.6
76;2021-02-09;6362;6818;219579;40518;3.7;0.7
76;2021-02-10;7228;9226;226807;49744;3.8;0.8
76;2021-02-11;9190;10690;235997;60434;4.0;1.0
76;2021-02-12;8104;7703;244101;68137;4.1;1.2
76;2021-02-13;2669;2256;246770;70393;4.2;1.2
76;2021-02-14;369;987;247139;71380;4.2;1.2
76;2021-02-15;3402;6433;250541;77813;4.2;1.3
76;2021-02-16;4258;8661;254799;86474;4.3;1.5
76;2021-02-17;4401;9543;259200;96017;4.4;1.6
76;2021-02-18;5887;9869;265087;105886;4.5;1.8
76;2021-02-19;4874;8092;269961;113978;4.6;1.9
76;2021-02-20;1540;3016;271501;116994;4.6;2.0
76;2021-02-21;272;591;271773;117585;4.6;2.0
76;2021-02-22;3294;7588;275067;125173;4.6;2.1
76;2021-02-23;4933;10192;280000;135365;4.7;2.3
76;2021-02-24;4671;10398;284671;145763;4.8;2.5
76;2021-02-25;8378;9859;293049;155622;4.9;2.6
76;2021-02-26;9660;8443;302709;164065;5.1;2.8
76;2021-02-27;3740;3097;306449;167162;5.2;2.8
76;2021-02-28;436;450;306885;167612;5.2;2.8
76;2021-03-01;5355;6131;312240;173743;5.3;2.9
76;2021-03-02;8241;7569;320481;181312;5.4;3.1
76;2021-03-03;9293;7515;329774;188827;5.6;3.2
76;2021-03-04;14380;7932;344154;196759;5.8;3.3
76;2021-03-05;16928;7230;361082;203989;6.1;3.4
76;2021-03-06;15942;2242;377024;206231;6.4;3.5
76;2021-03-07;11405;542;388429;206773;6.6;3.5
76;2021-03-08;10023;5579;398452;212352;6.7;3.6
76;2021-03-09;16282;6526;414734;218878;7.0;3.7
76;2021-03-10;16473;6601;431207;225479;7.3;3.8
76;2021-03-11;22674;6589;453881;232068;7.7;3.9
76;2021-03-12;26494;5414;480375;237482;8.1;4.0
76;2021-03-13;14972;2259;495347;239741;8.4;4.0
76;2021-03-14;2339;367;497686;240108;8.4;4.1
76;2021-03-15;13587;3398;511273;243506;8.6;4.1
76;2021-03-16;11794;4583;523067;248089;8.8;4.2
76;2021-03-17;12863;4048;535930;252137;9.0;4.3
76;2021-03-18;13768;5052;549698;257189;9.3;4.3
76;2021-03-19;18709;4133;568407;261322;9.6;4.4
76;2021-03-20;10703;1186;579110;262508;9.8;4.4
76;2021-03-21;3215;246;582325;262754;9.8;4.4
76;2021-03-22;14735;3650;597060;266404;10.1;4.5
76;2021-03-23;22320;4412;619380;270816;10.5;4.6
76;2021-03-24;23676;4306;643056;275122;10.9;4.6
76;2021-03-25;32078;4759;675134;279881;11.4;4.7
76;2021-03-26;30918;4201;706052;284082;11.9;4.8
76;2021-03-27;16298;1528;722350;285610;12.2;4.8
76;2021-03-28;4882;234;727232;285844;12.3;4.8
76;2021-03-29;22365;4989;749597;290833;12.7;4.9
76;2021-03-30;29782;5860;779379;296693;13.2;5.0
76;2021-03-31;26970;5764;806349;302457;13.6;5.1
76;2021-04-01;34551;6091;840900;308548;14.2;5.2
76;2021-04-02;29394;5934;870294;314482;14.7;5.3
76;2021-04-03;12178;2888;882472;317370;14.9;5.4
76;2021-04-04;4364;670;886836;318040;15.0;5.4
76;2021-04-05;4323;683;891159;318723;15.0;5.4
76;2021-04-06;22959;9823;914118;328546;15.4;5.5
76;2021-04-07;25339;9955;939457;338501;15.9;5.7
76;2021-04-08;33187;10324;972644;348825;16.4;5.9
76;2021-04-09;39037;9852;1011681;358677;17.1;6.1
76;2021-04-10;22750;5268;1034431;363945;17.5;6.1
76;2021-04-11;8882;1468;1043313;365413;17.6;6.2
76;2021-04-12;26127;10616;1069440;376029;18.1;6.3
76;2021-04-13;35853;13004;1105293;389033;18.7;6.6
76;2021-04-14;32977;13407;1138270;402440;19.2;6.8
76;2021-04-15;37560;14063;1175830;416503;19.8;7.0
76;2021-04-16;34541;13314;1210371;429817;20.4;7.3
76;2021-04-17;21473;6750;1231844;436567;20.8;7.4
76;2021-04-18;7738;2723;1239582;439290;20.9;7.4
76;2021-04-19;22093;12949;1261675;452239;21.3;7.6
76;2021-04-20;28042;16805;1289717;469044;21.8;7.9
76;2021-04-21;27123;17020;1316840;486064;22.2;8.2
76;2021-04-22;30427;18035;1347267;504099;22.7;8.5
76;2021-04-23;28834;16577;1376101;520676;23.2;8.8
76;2021-04-24;18536;10480;1394637;531156;23.5;9.0
76;2021-04-25;6927;4202;1401564;535358;23.7;9.0
76;2021-04-26;19990;18447;1421554;553805;24.0;9.3
76;2021-04-27;26812;21508;1448366;575313;24.4;9.7
76;2021-04-28;25982;21165;1474348;596478;24.9;10.1
76;2021-04-29;29807;23379;1504155;619857;25.4;10.5
76;2021-04-30;30861;20322;1535016;640179;25.9;10.8
76;2021-05-01;17455;7093;1552471;647272;26.2;10.9
76;2021-05-02;9520;4801;1561991;652073;26.4;11.0
76;2021-05-03;26583;16874;1588574;668947;26.8;11.3
76;2021-05-04;30036;25894;1618610;694841;27.3;11.7
76;2021-05-05;28273;26507;1646883;721348;27.8;12.2
76;2021-05-06;31150;31020;1678033;752368;28.3;12.7
76;2021-05-07;31708;30908;1709741;783276;28.9;13.2
76;2021-05-08;17401;10623;1727142;793899;29.2;13.4
76;2021-05-09;9718;8675;1736860;802574;29.3;13.5
76;2021-05-10;24124;28080;1760984;830654;29.7;14.0
76;2021-05-11;31699;33146;1792683;863800;30.3;14.6
76;2021-05-12;33438;29532;1826121;893332;30.8;15.1
76;2021-05-13;25999;9784;1852120;903116;31.3;15.2
76;2021-05-14;34579;21373;1886699;924489;31.8;15.6
76;2021-05-15;24529;12276;1911228;936765;32.3;15.8
76;2021-05-16;15491;3817;1926719;940582;32.5;15.9
76;2021-05-17;27886;19316;1954605;959898;33.0;16.2
76;2021-05-18;35499;19593;1990104;979491;33.6;16.5
76;2021-05-19;36906;16969;2027010;996460;34.2;16.8
76;2021-05-20;41076;18813;2068086;1015273;34.9;17.1
76;2021-05-21;37827;20105;2105913;1035378;35.5;17.5
76;2021-05-22;27010;9281;2132923;1044659;36.0;17.6
76;2021-05-23;13337;1846;2146260;1046505;36.2;17.7
76;2021-05-24;15456;4167;2161716;1050672;36.5;17.7
76;2021-05-25;31752;20878;2193468;1071550;37.0;18.1
76;2021-05-26;33794;19346;2227262;1090896;37.6;18.4
76;2021-05-27;36487;24579;2263749;1115475;38.2;18.8
76;2021-05-28;32588;28377;2296337;1143852;38.8;19.3
76;2021-05-29;20207;16827;2316544;1160679;39.1;19.6
76;2021-05-30;6675;6337;2323219;1167016;39.2;19.7
76;2021-05-31;25911;22956;2349130;1189972;39.6;20.1
76;2021-06-01;31388;29934;2380518;1219906;40.2;20.6
76;2021-06-02;31168;28247;2411686;1248153;40.7;21.1
76;2021-06-03;34445;33241;2446131;1281394;41.3;21.6
76;2021-06-04;35313;34309;2481444;1315703;41.9;22.2
76;2021-06-05;26352;19806;2507796;1335509;42.3;22.5
76;2021-06-06;14464;6534;2522260;1342043;42.6;22.7
76;2021-06-07;25912;27755;2548172;1369798;43.0;23.1
76;2021-06-08;32800;31723;2580972;1401521;43.6;23.7
76;2021-06-09;32510;29256;2613482;1430777;44.1;24.1
76;2021-06-10;32392;29681;2645874;1460458;44.7;24.6
76;2021-06-11;33786;36214;2679660;1496672;45.2;25.3
76;2021-06-12;23328;21972;2702988;1518644;45.6;25.6
76;2021-06-13;12133;7184;2715121;1525828;45.8;25.8
76;2021-06-14;21768;33647;2736889;1559475;46.2;26.3
76;2021-06-15;29000;39781;2765889;1599256;46.7;27.0
76;2021-06-16;27226;36329;2793115;1635585;47.1;27.6
76;2021-06-17;27036;34276;2820151;1669861;47.6;28.2
76;2021-06-18;27681;41217;2847832;1711078;48.1;28.9
76;2021-06-19;20945;23221;2868777;1734299;48.4;29.3
76;2021-06-20;8971;10353;2877748;1744652;48.6;29.4
76;2021-06-21;15180;35232;2892928;1779884;48.8;30.0
76;2021-06-22;18454;40520;2911382;1820404;49.1;30.7
76;2021-06-23;19185;38022;2930567;1858426;49.5;31.4
76;2021-06-24;17753;35435;2948320;1893861;49.8;32.0
76;2021-06-25;18630;44858;2966950;1938719;50.1;32.7
76;2021-06-26;12343;28764;2979293;1967483;50.3;33.2
76;2021-06-27;5761;14627;2985054;1982110;50.4;33.5
76;2021-06-28;12689;38258;2997743;2020368;50.6;34.1
76;2021-06-29;15069;43952;3012812;2064320;50.9;34.8
76;2021-06-30;17391;43581;3030203;2107901;51.1;35.6
76;2021-07-01;16883;40551;3047086;2148452;51.4;36.3
76;2021-07-02;18079;44296;3065165;2192748;51.7;37.0
76;2021-07-03;12019;32655;3077184;2225403;51.9;37.6
76;2021-07-04;5562;12892;3082746;2238295;52.0;37.8
76;2021-07-05;14011;34252;3096757;2272547;52.3;38.4
76;2021-07-06;17282;43849;3114039;2316396;52.6;39.1
76;2021-07-07;17577;40794;3131616;2357190;52.9;39.8
76;2021-07-08;16314;37109;3147930;2394299;53.1;40.4
76;2021-07-09;17761;43385;3165691;2437684;53.4;41.1
76;2021-07-10;12447;27282;3178138;2464966;53.6;41.6
76;2021-07-11;5597;11388;3183735;2476354;53.7;41.8
76;2021-07-12;14198;41576;3197933;2517930;54.0;42.5
76;2021-07-13;25703;47949;3223636;2565879;54.4;43.3
76;2021-07-14;13105;9218;3236741;2575097;54.6;43.5
76;2021-07-15;32021;43637;3268762;2618734;55.2;44.2
76;2021-07-16;32390;47205;3301152;2665939;55.7;45.0
76;2021-07-17;22310;31047;3323462;2696986;56.1;45.5
76;2021-07-18;9896;13695;3333358;2710681;56.3;45.8
76;2021-07-19;24594;40481;3357952;2751162;56.7;46.4
76;2021-07-20;35680;44471;3393632;2795633;57.3;47.2
76;2021-07-21;35606;41432;3429238;2837065;57.9;47.9
76;2021-07-22;40735;40458;3469973;2877523;58.6;48.6
76;2021-07-23;37300;45609;3507273;2923132;59.2;49.3
76;2021-07-24;31287;27231;3538560;2950363;59.7;49.8
76;2021-07-25;16650;12599;3555210;2962962;60.0;50.0
76;2021-07-26;29300;33170;3584510;2996132;60.5;50.6
76;2021-07-27;41003;36542;3625513;3032674;61.2;51.2
76;2021-07-28;39697;31794;3665210;3064468;61.9;51.7
76;2021-07-29;46307;31571;3711517;3096039;62.6;52.3
76;2021-07-30;42004;32765;3753521;3128804;63.4;52.8
76;2021-07-31;28720;18615;3782241;3147419;63.8;53.1
76;2021-08-01;12769;7516;3795010;3154935;64.1;53.2
76;2021-08-02;27592;22354;3822602;3177289;64.5;53.6
76;2021-08-03;36149;26738;3858751;3204027;65.1;54.1
76;2021-08-04;35374;21811;3894125;3225838;65.7;54.4
76;2021-08-05;32544;27730;3926669;3253568;66.3;54.9
76;2021-08-06;29346;28033;3956015;3281601;66.8;55.4
76;2021-08-07;18604;18902;3974619;3300503;67.1;55.7
76;2021-08-08;6197;8691;3980816;3309194;67.2;55.9
76;2021-08-09;20769;28359;4001585;3337553;67.5;56.3
76;2021-08-10;26167;32874;4027752;3370427;68.0;56.9
76;2021-08-11;22916;29173;4050668;3399600;68.4;57.4
76;2021-08-12;23057;31366;4073725;3430966;68.8;57.9
76;2021-08-13;19716;27754;4093441;3458720;69.1;58.4
76;2021-08-14;10828;21633;4104269;3480353;69.3;58.7
76;2021-08-15;2695;7697;4106964;3488050;69.3;58.9
76;2021-08-16;14138;33287;4121102;3521337;69.6;59.4
76;2021-08-17;18636;38938;4139738;3560275;69.9;60.1
76;2021-08-18;16286;32446;4156024;3592721;70.1;60.6
76;2021-08-19;16657;33889;4172681;3626610;70.4;61.2
76;2021-08-20;14547;35330;4187228;3661940;70.7;61.8
76;2021-08-21;7866;23642;4195094;3685582;70.8;62.2
76;2021-08-22;2661;9531;4197755;3695113;70.8;62.4
76;2021-08-23;10655;33754;4208410;3728867;71.0;62.9
84;2020-12-27;12;0;12;0;0.0;0.0
84;2020-12-28;13;0;25;0;0.0;0.0
84;2020-12-29;5;0;30;0;0.0;0.0
84;2020-12-30;9;0;39;0;0.0;0.0
84;2020-12-31;15;0;54;0;0.0;0.0
84;2021-01-01;14;0;68;0;0.0;0.0
84;2021-01-02;3;1;71;1;0.0;0.0
84;2021-01-03;4;0;75;1;0.0;0.0
84;2021-01-04;179;0;254;1;0.0;0.0
84;2021-01-05;478;1;732;2;0.0;0.0
84;2021-01-06;1142;2;1874;4;0.0;0.0
84;2021-01-07;2928;3;4802;7;0.1;0.0
84;2021-01-08;3107;6;7909;13;0.1;0.0
84;2021-01-09;517;2;8426;15;0.1;0.0
84;2021-01-10;168;1;8594;16;0.1;0.0
84;2021-01-11;4338;10;12932;26;0.2;0.0
84;2021-01-12;6418;21;19350;47;0.2;0.0
84;2021-01-13;6938;20;26288;67;0.3;0.0
84;2021-01-14;9212;61;35500;128;0.4;0.0
84;2021-01-15;7872;36;43372;164;0.5;0.0
84;2021-01-16;2939;10;46311;174;0.6;0.0
84;2021-01-17;918;3;47229;177;0.6;0.0
84;2021-01-18;9022;36;56251;213;0.7;0.0
84;2021-01-19;15122;71;71373;284;0.9;0.0
84;2021-01-20;15614;54;86987;338;1.1;0.0
84;2021-01-21;14868;72;101855;410;1.3;0.0
84;2021-01-22;12519;61;114374;471;1.4;0.0
84;2021-01-23;4779;12;119153;483;1.5;0.0
84;2021-01-24;816;3;119969;486;1.5;0.0
84;2021-01-25;8875;174;128844;660;1.6;0.0
84;2021-01-26;12020;338;140864;998;1.8;0.0
84;2021-01-27;12150;638;153014;1636;1.9;0.0
84;2021-01-28;13950;1553;166964;3189;2.1;0.0
84;2021-01-29;10861;1332;177825;4521;2.2;0.1
84;2021-01-30;4150;149;181975;4670;2.3;0.1
84;2021-01-31;507;4;182482;4674;2.3;0.1
84;2021-02-01;6606;1887;189088;6561;2.4;0.1
84;2021-02-02;10727;3542;199815;10103;2.5;0.1
84;2021-02-03;11585;3949;211400;14052;2.6;0.2
84;2021-02-04;12626;5562;224026;19614;2.8;0.2
84;2021-02-05;8661;4715;232687;24329;2.9;0.3
84;2021-02-06;2690;967;235377;25296;2.9;0.3
84;2021-02-07;458;444;235835;25740;2.9;0.3
84;2021-02-08;6239;4968;242074;30708;3.0;0.4
84;2021-02-09;9354;8300;251428;39008;3.1;0.5
84;2021-02-10;9747;8601;261175;47609;3.3;0.6
84;2021-02-11;10759;9932;271934;57541;3.4;0.7
84;2021-02-12;9757;7986;281691;65527;3.5;0.8
84;2021-02-13;3507;2385;285198;67912;3.6;0.8
84;2021-02-14;629;463;285827;68375;3.6;0.9
84;2021-02-15;4896;8360;290723;76735;3.6;1.0
84;2021-02-16;6142;10807;296865;87542;3.7;1.1
84;2021-02-17;6112;11583;302977;99125;3.8;1.2
84;2021-02-18;7149;11769;310126;110894;3.9;1.4
84;2021-02-19;6663;9326;316789;120220;3.9;1.5
84;2021-02-20;1831;3265;318620;123485;4.0;1.5
84;2021-02-21;184;500;318804;123985;4.0;1.5
84;2021-02-22;4300;8819;323104;132804;4.0;1.7
84;2021-02-23;7322;11439;330426;144243;4.1;1.8
84;2021-02-24;7863;12047;338289;156290;4.2;1.9
84;2021-02-25;12819;13830;351108;170120;4.4;2.1
84;2021-02-26;14932;10483;366040;180603;4.6;2.2
84;2021-02-27;5568;2989;371608;183592;4.6;2.3
84;2021-02-28;503;531;372111;184123;4.6;2.3
84;2021-03-01;9376;6487;381487;190610;4.7;2.4
84;2021-03-02;15053;8970;396540;199580;4.9;2.5
84;2021-03-03;14896;8791;411436;208371;5.1;2.6
84;2021-03-04;21142;8697;432578;217068;5.4;2.7
84;2021-03-05;25850;8086;458428;225154;5.7;2.8
84;2021-03-06;19546;2670;477974;227824;6.0;2.8
84;2021-03-07;8443;594;486417;228418;6.1;2.8
84;2021-03-08;12281;6970;498698;235388;6.2;2.9
84;2021-03-09;20754;7993;519452;243381;6.5;3.0
84;2021-03-10;20335;7853;539787;251234;6.7;3.1
84;2021-03-11;29570;8617;569357;259851;7.1;3.2
84;2021-03-12;36335;8229;605692;268080;7.5;3.3
84;2021-03-13;21479;2174;627171;270254;7.8;3.4
84;2021-03-14;4720;575;631891;270829;7.9;3.4
84;2021-03-15;18986;5008;650877;275837;8.1;3.4
84;2021-03-16;17148;6287;668025;282124;8.3;3.5
84;2021-03-17;17649;6734;685674;288858;8.5;3.6
84;2021-03-18;21577;7096;707251;295954;8.8;3.7
84;2021-03-19;29095;5801;736346;301755;9.2;3.8
84;2021-03-20;14568;1568;750914;303323;9.3;3.8
84;2021-03-21;3262;312;754176;303635;9.4;3.8
84;2021-03-22;19813;5276;773989;308911;9.6;3.8
84;2021-03-23;30889;6243;804878;315154;10.0;3.9
84;2021-03-24;30083;6154;834961;321308;10.4;4.0
84;2021-03-25;41673;6906;876634;328214;10.9;4.1
84;2021-03-26;43036;7202;919670;335416;11.4;4.2
84;2021-03-27;18258;3163;937928;338579;11.7;4.2
84;2021-03-28;6541;690;944469;339269;11.8;4.2
84;2021-03-29;23017;8116;967486;347385;12.0;4.3
84;2021-03-30;35041;10548;1002527;357933;12.5;4.5
84;2021-03-31;29672;11343;1032199;369276;12.9;4.6
84;2021-04-01;37485;11862;1069684;381138;13.3;4.7
84;2021-04-02;35026;11786;1104710;392924;13.8;4.9
84;2021-04-03;14839;6331;1119549;399255;13.9;5.0
84;2021-04-04;9969;2047;1129518;401302;14.1;5.0
84;2021-04-05;13584;1782;1143102;403084;14.2;5.0
84;2021-04-06;26422;13434;1169524;416518;14.6;5.2
84;2021-04-07;29631;14940;1199155;431458;14.9;5.4
84;2021-04-08;39839;15741;1238994;447199;15.4;5.6
84;2021-04-09;49645;15579;1288639;462778;16.0;5.8
84;2021-04-10;20536;8317;1309175;471095;16.3;5.9
84;2021-04-11;7257;2734;1316432;473829;16.4;5.9
84;2021-04-12;27404;15726;1343836;489555;16.7;6.1
84;2021-04-13;36262;19744;1380098;509299;17.2;6.3
84;2021-04-14;34799;18643;1414897;527942;17.6;6.6
84;2021-04-15;40334;20140;1455231;548082;18.1;6.8
84;2021-04-16;38333;20484;1493564;568566;18.6;7.1
84;2021-04-17;20522;9146;1514086;577712;18.8;7.2
84;2021-04-18;6858;2732;1520944;580444;18.9;7.2
84;2021-04-19;26292;18748;1547236;599192;19.3;7.5
84;2021-04-20;31271;22787;1578507;621979;19.7;7.7
84;2021-04-21;28150;21660;1606657;643639;20.0;8.0
84;2021-04-22;32353;22932;1639010;666571;20.4;8.3
84;2021-04-23;32880;23529;1671890;690100;20.8;8.6
84;2021-04-24;17916;12067;1689806;702167;21.0;8.7
84;2021-04-25;7170;4321;1696976;706488;21.1;8.8
84;2021-04-26;23782;20180;1720758;726668;21.4;9.0
84;2021-04-27;31870;25533;1752628;752201;21.8;9.4
84;2021-04-28;32579;25141;1785207;777342;22.2;9.7
84;2021-04-29;39722;26966;1824929;804308;22.7;10.0
84;2021-04-30;38246;28201;1863175;832509;23.2;10.4
84;2021-05-01;17216;5540;1880391;838049;23.4;10.4
84;2021-05-02;8023;8608;1888414;846657;23.5;10.5
84;2021-05-03;30479;27680;1918893;874337;23.9;10.9
84;2021-05-04;37235;34025;1956128;908362;24.4;11.3
84;2021-05-05;40375;30407;1996503;938769;24.9;11.7
84;2021-05-06;46779;33027;2043282;971796;25.4;12.1
84;2021-05-07;47220;37054;2090502;1008850;26.0;12.6
84;2021-05-08;22720;7816;2113222;1016666;26.3;12.7
84;2021-05-09;15952;8939;2129174;1025605;26.5;12.8
84;2021-05-10;36220;32173;2165394;1057778;27.0;13.2
84;2021-05-11;52797;36527;2218191;1094305;27.6;13.6
84;2021-05-12;57219;32198;2275410;1126503;28.3;14.0
84;2021-05-13;47622;10650;2323032;1137153;28.9;14.2
84;2021-05-14;57715;25266;2380747;1162419;29.6;14.5
84;2021-05-15;44445;13739;2425192;1176158;30.2;14.6
84;2021-05-16;30694;5226;2455886;1181384;30.6;14.7
84;2021-05-17;48647;25240;2504533;1206624;31.2;15.0
84;2021-05-18;59610;27745;2564143;1234369;31.9;15.4
84;2021-05-19;58915;23887;2623058;1258256;32.7;15.7
84;2021-05-20;62364;27435;2685422;1285691;33.4;16.0
84;2021-05-21;61642;29649;2747064;1315340;34.2;16.4
84;2021-05-22;40743;13026;2787807;1328366;34.7;16.5
84;2021-05-23;21569;4044;2809376;1332410;35.0;16.6
84;2021-05-24;40682;8641;2850058;1341051;35.5;16.7
84;2021-05-25;50891;31906;2900949;1372957;36.1;17.1
84;2021-05-26;50667;29252;2951616;1402209;36.7;17.5
84;2021-05-27;56214;32052;3007830;1434261;37.4;17.9
84;2021-05-28;55356;40716;3063186;1474977;38.1;18.4
84;2021-05-29;37988;22477;3101174;1497454;38.6;18.6
84;2021-05-30;16272;7309;3117446;1504763;38.8;18.7
84;2021-05-31;44833;29564;3162279;1534327;39.4;19.1
84;2021-06-01;50330;36815;3212609;1571142;40.0;19.6
84;2021-06-02;49547;31493;3262156;1602635;40.6;20.0
84;2021-06-03;57297;36754;3319453;1639389;41.3;20.4
84;2021-06-04;58344;42576;3377797;1681965;42.1;20.9
84;2021-06-05;38766;21757;3416563;1703722;42.5;21.2
84;2021-06-06;16118;6313;3432681;1710035;42.7;21.3
84;2021-06-07;42347;35280;3475028;1745315;43.3;21.7
84;2021-06-08;46559;38074;3521587;1783389;43.8;22.2
84;2021-06-09;41953;34045;3563540;1817434;44.4;22.6
84;2021-06-10;43300;34135;3606840;1851569;44.9;23.1
84;2021-06-11;45679;46482;3652519;1898051;45.5;23.6
84;2021-06-12;29193;23026;3681712;1921077;45.8;23.9
84;2021-06-13;9193;7169;3690905;1928246;46.0;24.0
84;2021-06-14;27013;44588;3717918;1972834;46.3;24.6
84;2021-06-15;33406;49452;3751324;2022286;46.7;25.2
84;2021-06-16;35130;45667;3786454;2067953;47.1;25.7
84;2021-06-17;32125;47113;3818579;2115066;47.5;26.3
84;2021-06-18;37879;60054;3856458;2175120;48.0;27.1
84;2021-06-19;24229;35776;3880687;2210896;48.3;27.5
84;2021-06-20;9243;14473;3889930;2225369;48.4;27.7
84;2021-06-21;21468;56241;3911398;2281610;48.7;28.4
84;2021-06-22;22756;62788;3934154;2344398;49.0;29.2
84;2021-06-23;23782;57683;3957936;2402081;49.3;29.9
84;2021-06-24;25305;55225;3983241;2457306;49.6;30.6
84;2021-06-25;24497;70386;4007738;2527692;49.9;31.5
84;2021-06-26;14753;46286;4022491;2573978;50.1;32.0
84;2021-06-27;7081;23522;4029572;2597500;50.2;32.3
84;2021-06-28;17085;64821;4046657;2662321;50.4;33.1
84;2021-06-29;20191;67371;4066848;2729692;50.6;34.0
84;2021-06-30;23170;62827;4090018;2792519;50.9;34.8
84;2021-07-01;25635;58484;4115653;2851003;51.2;35.5
84;2021-07-02;27354;69156;4143007;2920159;51.6;36.4
84;2021-07-03;16154;44877;4159161;2965036;51.8;36.9
84;2021-07-04;8359;17113;4167520;2982149;51.9;37.1
84;2021-07-05;20380;61944;4187900;3044093;52.1;37.9
84;2021-07-06;22065;62067;4209965;3106160;52.4;38.7
84;2021-07-07;25374;54924;4235339;3161084;52.7;39.4
84;2021-07-08;27897;52186;4263236;3213270;53.1;40.0
84;2021-07-09;26809;68361;4290045;3281631;53.4;40.9
84;2021-07-10;15013;46841;4305058;3328472;53.6;41.4
84;2021-07-11;8346;15283;4313404;3343755;53.7;41.6
84;2021-07-12;19244;68888;4332648;3412643;53.9;42.5
84;2021-07-13;36192;74310;4368840;3486953;54.4;43.4
84;2021-07-14;24030;21261;4392870;3508214;54.7;43.7
84;2021-07-15;45361;68912;4438231;3577126;55.3;44.5
84;2021-07-16;48566;70323;4486797;3647449;55.9;45.4
84;2021-07-17;29234;44721;4516031;3692170;56.2;46.0
84;2021-07-18;13093;16682;4529124;3708852;56.4;46.2
84;2021-07-19;39042;58858;4568166;3767710;56.9;46.9
84;2021-07-20;50298;62026;4618464;3829736;57.5;47.7
84;2021-07-21;51736;55294;4670200;3885030;58.1;48.4
84;2021-07-22;53560;50862;4723760;3935892;58.8;49.0
84;2021-07-23;56312;59325;4780072;3995217;59.5;49.7
84;2021-07-24;32431;36470;4812503;4031687;59.9;50.2
84;2021-07-25;13771;12276;4826274;4043963;60.1;50.3
84;2021-07-26;47319;47239;4873593;4091202;60.7;50.9
84;2021-07-27;59452;44318;4933045;4135520;61.4;51.5
84;2021-07-28;56257;40552;4989302;4176072;62.1;52.0
84;2021-07-29;58080;39334;5047382;4215406;62.8;52.5
84;2021-07-30;54778;45624;5102160;4261030;63.5;53.0
84;2021-07-31;34696;26157;5136856;4287187;64.0;53.4
84;2021-08-01;11918;10121;5148774;4297308;64.1;53.5
84;2021-08-02;41545;35757;5190319;4333065;64.6;53.9
84;2021-08-03;46520;36876;5236839;4369941;65.2;54.4
84;2021-08-04;45145;31606;5281984;4401547;65.8;54.8
84;2021-08-05;38085;33774;5320069;4435321;66.2;55.2
84;2021-08-06;37985;39591;5358054;4474912;66.7;55.7
84;2021-08-07;20890;24198;5378944;4499110;67.0;56.0
84;2021-08-08;7469;9559;5386413;4508669;67.1;56.1
84;2021-08-09;28192;41203;5414605;4549872;67.4;56.6
84;2021-08-10;33156;41782;5447761;4591654;67.8;57.2
84;2021-08-11;29503;39101;5477264;4630755;68.2;57.7
84;2021-08-12;26832;39364;5504096;4670119;68.5;58.1
84;2021-08-13;25967;39972;5530063;4710091;68.8;58.6
84;2021-08-14;14535;26261;5544598;4736352;69.0;59.0
84;2021-08-15;3843;7306;5548441;4743658;69.1;59.1
84;2021-08-16;19774;46084;5568215;4789742;69.3;59.6
84;2021-08-17;23611;43860;5591826;4833602;69.6;60.2
84;2021-08-18;22063;44526;5613889;4878128;69.9;60.7
84;2021-08-19;20972;40540;5634861;4918668;70.2;61.2
84;2021-08-20;21000;47219;5655861;4965887;70.4;61.8
84;2021-08-21;9904;27664;5665765;4993551;70.5;62.2
84;2021-08-22;3482;8542;5669247;5002093;70.6;62.3
84;2021-08-23;15807;50193;5685054;5052286;70.8;62.9
93;2020-12-27;15;0;15;0;0.0;0.0
93;2020-12-28;25;0;40;0;0.0;0.0
93;2020-12-29;11;0;51;0;0.0;0.0
93;2020-12-30;13;0;64;0;0.0;0.0
93;2020-12-31;34;0;98;0;0.0;0.0
93;2021-01-01;25;0;123;0;0.0;0.0
93;2021-01-02;13;0;136;0;0.0;0.0
93;2021-01-03;16;0;152;0;0.0;0.0
93;2021-01-04;155;1;307;1;0.0;0.0
93;2021-01-05;266;2;573;3;0.0;0.0
93;2021-01-06;447;0;1020;3;0.0;0.0
93;2021-01-07;1265;1;2285;4;0.0;0.0
93;2021-01-08;1611;2;3896;6;0.1;0.0
93;2021-01-09;549;2;4445;8;0.1;0.0
93;2021-01-10;82;0;4527;8;0.1;0.0
93;2021-01-11;2444;1;6971;9;0.1;0.0
93;2021-01-12;5201;13;12172;22;0.2;0.0
93;2021-01-13;4527;16;16699;38;0.3;0.0
93;2021-01-14;5757;54;22456;92;0.4;0.0
93;2021-01-15;5020;27;27476;119;0.5;0.0
93;2021-01-16;1719;9;29195;128;0.6;0.0
93;2021-01-17;326;1;29521;129;0.6;0.0
93;2021-01-18;7242;34;36763;163;0.7;0.0
93;2021-01-19;13754;56;50517;219;1.0;0.0
93;2021-01-20;12375;48;62892;267;1.2;0.0
93;2021-01-21;12407;69;75299;336;1.5;0.0
93;2021-01-22;10573;41;85872;377;1.7;0.0
93;2021-01-23;3353;9;89225;386;1.8;0.0
93;2021-01-24;546;5;89771;391;1.8;0.0
93;2021-01-25;7330;50;97101;441;1.9;0.0
93;2021-01-26;10181;151;107282;592;2.1;0.0
93;2021-01-27;9771;314;117053;906;2.3;0.0
93;2021-01-28;13791;850;130844;1756;2.6;0.0
93;2021-01-29;9887;1007;140731;2763;2.8;0.1
93;2021-01-30;2261;169;142992;2932;2.8;0.1
93;2021-01-31;311;6;143303;2938;2.8;0.1
93;2021-02-01;5260;1511;148563;4449;2.9;0.1
93;2021-02-02;6728;2371;155291;6820;3.1;0.1
93;2021-02-03;5053;1822;160344;8642;3.2;0.2
93;2021-02-04;5564;3153;165908;11795;3.3;0.2
93;2021-02-05;6147;4092;172055;15887;3.4;0.3
93;2021-02-06;1285;951;173340;16838;3.4;0.3
93;2021-02-07;290;81;173630;16919;3.4;0.3
93;2021-02-08;4338;3728;177968;20647;3.5;0.4
93;2021-02-09;5937;7073;183905;27720;3.6;0.5
93;2021-02-10;6021;5814;189926;33534;3.8;0.7
93;2021-02-11;6656;6689;196582;40223;3.9;0.8
93;2021-02-12;5768;6440;202350;46663;4.0;0.9
93;2021-02-13;1138;1441;203488;48104;4.0;1.0
93;2021-02-14;88;380;203576;48484;4.0;1.0
93;2021-02-15;2440;5606;206016;54090;4.1;1.1
93;2021-02-16;3214;7655;209230;61745;4.1;1.2
93;2021-02-17;3630;8410;212860;70155;4.2;1.4
93;2021-02-18;6090;11268;218950;81423;4.3;1.6
93;2021-02-19;5701;8557;224651;89980;4.4;1.8
93;2021-02-20;906;1797;225557;91777;4.5;1.8
93;2021-02-21;85;413;225642;92190;4.5;1.8
93;2021-02-22;3052;6924;228694;99114;4.5;2.0
93;2021-02-23;4010;7208;232704;106322;4.6;2.1
93;2021-02-24;4797;6776;237501;113098;4.7;2.2
93;2021-02-25;8322;6653;245823;119751;4.9;2.4
93;2021-02-26;8332;6214;254155;125965;5.0;2.5
93;2021-02-27;3341;1507;257496;127472;5.1;2.5
93;2021-02-28;324;242;257820;127714;5.1;2.5
93;2021-03-01;5711;4506;263531;132220;5.2;2.6
93;2021-03-02;7308;5980;270839;138200;5.4;2.7
93;2021-03-03;9080;6502;279919;144702;5.5;2.9
93;2021-03-04;12255;6494;292174;151196;5.8;3.0
93;2021-03-05;12291;6134;304465;157330;6.0;3.1
93;2021-03-06;23285;1505;327750;158835;6.5;3.1
93;2021-03-07;18216;782;345966;159617;6.8;3.2
93;2021-03-08;10338;5344;356304;164961;7.0;3.3
93;2021-03-09;14115;5639;370419;170600;7.3;3.4
93;2021-03-10;14638;5388;385057;175988;7.6;3.5
93;2021-03-11;20557;6361;405614;182349;8.0;3.6
93;2021-03-12;22057;5561;427671;187910;8.5;3.7
93;2021-03-13;24846;1450;452517;189360;9.0;3.7
93;2021-03-14;6528;330;459045;189690;9.1;3.8
93;2021-03-15;16040;3194;475085;192884;9.4;3.8
93;2021-03-16;12844;3779;487929;196663;9.7;3.9
93;2021-03-17;16160;4728;504089;201391;10.0;4.0
93;2021-03-18;17124;4962;521213;206353;10.3;4.1
93;2021-03-19;21152;4777;542365;211130;10.7;4.2
93;2021-03-20;11049;1393;553414;212523;10.9;4.2
93;2021-03-21;3294;148;556708;212671;11.0;4.2
93;2021-03-22;17218;3668;573926;216339;11.4;4.3
93;2021-03-23;22823;4049;596749;220388;11.8;4.4
93;2021-03-24;22114;6765;618863;227153;12.2;4.5
93;2021-03-25;29194;6717;648057;233870;12.8;4.6
93;2021-03-26;30031;5252;678088;239122;13.4;4.7
93;2021-03-27;12519;1693;690607;240815;13.7;4.8
93;2021-03-28;3598;119;694205;240934;13.7;4.8
93;2021-03-29;18636;5464;712841;246398;14.1;4.9
93;2021-03-30;28662;6910;741503;253308;14.7;5.0
93;2021-03-31;28968;6900;770471;260208;15.2;5.1
93;2021-04-01;30932;7733;801403;267941;15.9;5.3
93;2021-04-02;27084;8688;828487;276629;16.4;5.5
93;2021-04-03;9838;5043;838325;281672;16.6;5.6
93;2021-04-04;2148;1262;840473;282934;16.6;5.6
93;2021-04-05;6131;1602;846604;284536;16.7;5.6
93;2021-04-06;23623;10231;870227;294767;17.2;5.8
93;2021-04-07;26185;11862;896412;306629;17.7;6.1
93;2021-04-08;29047;15189;925459;321818;18.3;6.4
93;2021-04-09;33906;14927;959365;336745;19.0;6.7
93;2021-04-10;14895;8244;974260;344989;19.3;6.8
93;2021-04-11;3667;2978;977927;347967;19.3;6.9
93;2021-04-12;20733;12368;998660;360335;19.8;7.1
93;2021-04-13;25968;15484;1024628;375819;20.3;7.4
93;2021-04-14;25363;15437;1049991;391256;20.8;7.7
93;2021-04-15;27160;15876;1077151;407132;21.3;8.1
93;2021-04-16;28153;16698;1105304;423830;21.9;8.4
93;2021-04-17;12923;7770;1118227;431600;22.1;8.5
93;2021-04-18;5306;2980;1123533;434580;22.2;8.6
93;2021-04-19;19246;16110;1142779;450690;22.6;8.9
93;2021-04-20;21530;18945;1164309;469635;23.0;9.3
93;2021-04-21;24197;18551;1188506;488186;23.5;9.7
93;2021-04-22;26198;19562;1214704;507748;24.0;10.0
93;2021-04-23;25964;18709;1240668;526457;24.5;10.4
93;2021-04-24;11649;8759;1252317;535216;24.8;10.6
93;2021-04-25;3236;2150;1255553;537366;24.8;10.6
93;2021-04-26;16614;15967;1272167;553333;25.2;10.9
93;2021-04-27;19588;20333;1291755;573666;25.6;11.3
93;2021-04-28;21632;20305;1313387;593971;26.0;11.7
93;2021-04-29;28108;22086;1341495;616057;26.5;12.2
93;2021-04-30;27559;20877;1369054;636934;27.1;12.6
93;2021-05-01;11919;5440;1380973;642374;27.3;12.7
93;2021-05-02;4102;1908;1385075;644282;27.4;12.7
93;2021-05-03;20731;18361;1405806;662643;27.8;13.1
93;2021-05-04;20981;22876;1426787;685519;28.2;13.6
93;2021-05-05;19740;21673;1446527;707192;28.6;14.0
93;2021-05-06;25074;21850;1471601;729042;29.1;14.4
93;2021-05-07;22693;25166;1494294;754208;29.6;14.9
93;2021-05-08;13884;7058;1508178;761266;29.8;15.1
93;2021-05-09;3501;2336;1511679;763602;29.9;15.1
93;2021-05-10;18859;22685;1530538;786287;30.3;15.6
93;2021-05-11;25817;25812;1556355;812099;30.8;16.1
93;2021-05-12;33112;22853;1589467;834952;31.4;16.5
93;2021-05-13;28851;8190;1618318;843142;32.0;16.7
93;2021-05-14;35914;16743;1654232;859885;32.7;17.0
93;2021-05-15;30381;10443;1684613;870328;33.3;17.2
93;2021-05-16;12834;2568;1697447;872896;33.6;17.3
93;2021-05-17;26096;17659;1723543;890555;34.1;17.6
93;2021-05-18;30998;17048;1754541;907603;34.7;18.0
93;2021-05-19;30789;15546;1785330;923149;35.3;18.3
93;2021-05-20;33836;17109;1819166;940258;36.0;18.6
93;2021-05-21;34730;18211;1853896;958469;36.7;19.0
93;2021-05-22;18928;7745;1872824;966214;37.0;19.1
93;2021-05-23;5965;2045;1878789;968259;37.2;19.2
93;2021-05-24;18117;5067;1896906;973326;37.5;19.3
93;2021-05-25;23910;20556;1920816;993882;38.0;19.7
93;2021-05-26;25496;22134;1946312;1016016;38.5;20.1
93;2021-05-27;27004;23490;1973316;1039506;39.0;20.6
93;2021-05-28;23461;26841;1996777;1066347;39.5;21.1
93;2021-05-29;13274;14430;2010051;1080777;39.8;21.4
93;2021-05-30;2629;3192;2012680;1083969;39.8;21.4
93;2021-05-31;21278;21479;2033958;1105448;40.2;21.9
93;2021-06-01;25416;26409;2059374;1131857;40.7;22.4
93;2021-06-02;23391;26328;2082765;1158185;41.2;22.9
93;2021-06-03;28610;27428;2111375;1185613;41.8;23.5
93;2021-06-04;28580;28475;2139955;1214088;42.3;24.0
93;2021-06-05;16946;14335;2156901;1228423;42.7;24.3
93;2021-06-06;4981;2811;2161882;1231234;42.8;24.4
93;2021-06-07;18369;24468;2180251;1255702;43.1;24.8
93;2021-06-08;21819;24328;2202070;1280030;43.6;25.3
93;2021-06-09;21341;25961;2223411;1305991;44.0;25.8
93;2021-06-10;22921;24995;2246332;1330986;44.4;26.3
93;2021-06-11;20533;30917;2266865;1361903;44.8;26.9
93;2021-06-12;13212;15382;2280077;1377285;45.1;27.2
93;2021-06-13;2621;3352;2282698;1380637;45.2;27.3
93;2021-06-14;14398;29528;2297096;1410165;45.4;27.9
93;2021-06-15;17480;31125;2314576;1441290;45.8;28.5
93;2021-06-16;17787;25804;2332363;1467094;46.1;29.0
93;2021-06-17;18239;28433;2350602;1495527;46.5;29.6
93;2021-06-18;16909;28129;2367511;1523656;46.8;30.1
93;2021-06-19;9995;15479;2377506;1539135;47.0;30.4
93;2021-06-20;2458;3721;2379964;1542856;47.1;30.5
93;2021-06-21;10489;30548;2390453;1573404;47.3;31.1
93;2021-06-22;12277;34558;2402730;1607962;47.5;31.8
93;2021-06-23;12108;32431;2414838;1640393;47.8;32.4
93;2021-06-24;14204;34518;2429042;1674911;48.0;33.1
93;2021-06-25;12190;38109;2441232;1713020;48.3;33.9
93;2021-06-26;6856;21795;2448088;1734815;48.4;34.3
93;2021-06-27;2033;5823;2450121;1740638;48.5;34.4
93;2021-06-28;9408;32945;2459529;1773583;48.6;35.1
93;2021-06-29;10880;34109;2470409;1807692;48.9;35.8
93;2021-06-30;11245;33526;2481654;1841218;49.1;36.4
93;2021-07-01;14309;31496;2495963;1872714;49.4;37.0
93;2021-07-02;14776;34320;2510739;1907034;49.7;37.7
93;2021-07-03;7734;22088;2518473;1929122;49.8;38.2
93;2021-07-04;1944;4520;2520417;1933642;49.9;38.2
93;2021-07-05;11336;29066;2531753;1962708;50.1;38.8
93;2021-07-06;12449;29855;2544202;1992563;50.3;39.4
93;2021-07-07;14532;26576;2558734;2019139;50.6;39.9
93;2021-07-08;16269;27064;2575003;2046203;50.9;40.5
93;2021-07-09;15860;31131;2590863;2077334;51.2;41.1
93;2021-07-10;8159;18963;2599022;2096297;51.4;41.5
93;2021-07-11;2308;3540;2601330;2099837;51.5;41.5
93;2021-07-12;12456;31306;2613786;2131143;51.7;42.2
93;2021-07-13;22540;36678;2636326;2167821;52.1;42.9
93;2021-07-14;11425;8196;2647751;2176017;52.4;43.0
93;2021-07-15;27047;35088;2674798;2211105;52.9;43.7
93;2021-07-16;29953;36214;2704751;2247319;53.5;44.5
93;2021-07-17;16014;22932;2720765;2270251;53.8;44.9
93;2021-07-18;4816;8398;2725581;2278649;53.9;45.1
93;2021-07-19;23078;30672;2748659;2309321;54.4;45.7
93;2021-07-20;30631;34484;2779290;2343805;55.0;46.4
93;2021-07-21;31935;29884;2811225;2373689;55.6;47.0
93;2021-07-22;37947;29837;2849172;2403526;56.4;47.5
93;2021-07-23;36903;29773;2886075;2433299;57.1;48.1
93;2021-07-24;19187;19041;2905262;2452340;57.5;48.5
93;2021-07-25;4705;2680;2909967;2455020;57.6;48.6
93;2021-07-26;28478;25115;2938445;2480135;58.1;49.1
93;2021-07-27;35486;25161;2973931;2505296;58.8;49.6
93;2021-07-28;32619;23010;3006550;2528306;59.5;50.0
93;2021-07-29;37042;23875;3043592;2552181;60.2;50.5
93;2021-07-30;34819;23696;3078411;2575877;60.9;51.0
93;2021-07-31;19980;14481;3098391;2590358;61.3;51.2
93;2021-08-01;3950;2618;3102341;2592976;61.4;51.3
93;2021-08-02;25507;18275;3127848;2611251;61.9;51.7
93;2021-08-03;29708;21169;3157556;2632420;62.5;52.1
93;2021-08-04;26604;17922;3184160;2650342;63.0;52.4
93;2021-08-05;27516;20026;3211676;2670368;63.5;52.8
93;2021-08-06;25777;24007;3237453;2694375;64.0;53.3
93;2021-08-07;14186;14071;3251639;2708446;64.3;53.6
93;2021-08-08;3114;3259;3254753;2711705;64.4;53.6
93;2021-08-09;20954;23197;3275707;2734902;64.8;54.1
93;2021-08-10;24224;25414;3299931;2760316;65.3;54.6
93;2021-08-11;21508;24253;3321439;2784569;65.7;55.1
93;2021-08-12;21795;26884;3343234;2811453;66.1;55.6
93;2021-08-13;19079;25211;3362313;2836664;66.5;56.1
93;2021-08-14;10496;15170;3372809;2851834;66.7;56.4
93;2021-08-15;1538;2202;3374347;2854036;66.7;56.5
93;2021-08-16;15869;27603;3390216;2881639;67.1;57.0
93;2021-08-17;17387;28701;3407603;2910340;67.4;57.6
93;2021-08-18;16226;26554;3423829;2936894;67.7;58.1
93;2021-08-19;18111;30298;3441940;2967192;68.1;58.7
93;2021-08-20;15729;29852;3457669;2997044;68.4;59.3
93;2021-08-21;8286;18378;3465955;3015422;68.6;59.6
93;2021-08-22;1640;3839;3467595;3019261;68.6;59.7
93;2021-08-23;11612;27540;3479207;3046801;68.8;60.3
94;2020-12-27;0;0;0;0;0.0;0.0
94;2020-12-28;0;0;0;0;0.0;0.0
94;2020-12-29;0;0;0;0;0.0;0.0
94;2020-12-30;0;0;0;0;0.0;0.0
94;2020-12-31;0;0;0;0;0.0;0.0
94;2021-01-01;0;0;0;0;0.0;0.0
94;2021-01-02;1;0;1;0;0.0;0.0
94;2021-01-03;0;0;1;0;0.0;0.0
94;2021-01-04;2;0;3;0;0.0;0.0
94;2021-01-05;0;0;3;0;0.0;0.0
94;2021-01-06;54;1;57;1;0.0;0.0
94;2021-01-07;332;1;389;2;0.1;0.0
94;2021-01-08;309;2;698;4;0.2;0.0
94;2021-01-09;78;0;776;4;0.2;0.0
94;2021-01-10;34;0;810;4;0.2;0.0
94;2021-01-11;151;0;961;4;0.3;0.0
94;2021-01-12;213;1;1174;5;0.3;0.0
94;2021-01-13;204;0;1378;5;0.4;0.0
94;2021-01-14;263;1;1641;6;0.5;0.0
94;2021-01-15;407;0;2048;6;0.6;0.0
94;2021-01-16;200;1;2248;7;0.7;0.0
94;2021-01-17;93;1;2341;8;0.7;0.0
94;2021-01-18;471;2;2812;10;0.8;0.0
94;2021-01-19;988;0;3800;10;1.1;0.0
94;2021-01-20;816;2;4616;12;1.3;0.0
94;2021-01-21;811;1;5427;13;1.6;0.0
94;2021-01-22;740;0;6167;13;1.8;0.0
94;2021-01-23;244;0;6411;13;1.9;0.0
94;2021-01-24;147;1;6558;14;1.9;0.0
94;2021-01-25;423;2;6981;16;2.0;0.0
94;2021-01-26;793;8;7774;24;2.3;0.0
94;2021-01-27;666;53;8440;77;2.4;0.0
94;2021-01-28;700;228;9140;305;2.7;0.1
94;2021-01-29;633;226;9773;531;2.8;0.2
94;2021-01-30;207;71;9980;602;2.9;0.2
94;2021-01-31;152;12;10132;614;2.9;0.2
94;2021-02-01;461;144;10593;758;3.1;0.2
94;2021-02-02;645;195;11238;953;3.3;0.3
94;2021-02-03;785;166;12023;1119;3.5;0.3
94;2021-02-04;714;295;12737;1414;3.7;0.4
94;2021-02-05;660;200;13397;1614;3.9;0.5
94;2021-02-06;208;73;13605;1687;3.9;0.5
94;2021-02-07;128;56;13733;1743;4.0;0.5
94;2021-02-08;321;365;14054;2108;4.1;0.6
94;2021-02-09;714;615;14768;2723;4.3;0.8
94;2021-02-10;646;431;15414;3154;4.5;0.9
94;2021-02-11;678;494;16092;3648;4.7;1.1
94;2021-02-12;643;427;16735;4075;4.9;1.2
94;2021-02-13;302;72;17037;4147;4.9;1.2
94;2021-02-14;195;78;17232;4225;5.0;1.2
94;2021-02-15;381;310;17613;4535;5.1;1.3
94;2021-02-16;637;606;18250;5141;5.3;1.5
94;2021-02-17;599;484;18849;5625;5.5;1.6
94;2021-02-18;555;545;19404;6170;5.6;1.8
94;2021-02-19;309;608;19713;6778;5.7;2.0
94;2021-02-20;275;201;19988;6979;5.8;2.0
94;2021-02-21;85;83;20073;7062;5.8;2.0
94;2021-02-22;210;404;20283;7466;5.9;2.2
94;2021-02-23;353;646;20636;8112;6.0;2.4
94;2021-02-24;310;607;20946;8719;6.1;2.5
94;2021-02-25;350;605;21296;9324;6.2;2.7
94;2021-02-26;421;553;21717;9877;6.3;2.9
94;2021-02-27;368;153;22085;10030;6.4;2.9
94;2021-02-28;70;123;22155;10153;6.4;2.9
94;2021-03-01;362;413;22517;10566;6.5;3.1
94;2021-03-02;549;653;23066;11219;6.7;3.3
94;2021-03-03;541;692;23607;11911;6.8;3.5
94;2021-03-04;955;637;24562;12548;7.1;3.6
94;2021-03-05;1591;673;26153;13221;7.6;3.8
94;2021-03-06;1848;175;28001;13396;8.1;3.9
94;2021-03-07;1380;106;29381;13502;8.5;3.9
94;2021-03-08;1232;328;30613;13830;8.9;4.0
94;2021-03-09;1320;656;31933;14486;9.3;4.2
94;2021-03-10;1259;586;33192;15072;9.6;4.4
94;2021-03-11;1307;637;34499;15709;10.0;4.6
94;2021-03-12;1527;545;36026;16254;10.5;4.7
94;2021-03-13;1124;309;37150;16563;10.8;4.8
94;2021-03-14;538;188;37688;16751;10.9;4.9
94;2021-03-15;892;404;38580;17155;11.2;5.0
94;2021-03-16;1068;648;39648;17803;11.5;5.2
94;2021-03-17;1228;537;40876;18340;11.9;5.3
94;2021-03-18;998;536;41874;18876;12.1;5.5
94;2021-03-19;1293;353;43167;19229;12.5;5.6
94;2021-03-20;1735;298;44902;19527;13.0;5.7
94;2021-03-21;1124;90;46026;19617;13.4;5.7
94;2021-03-22;893;192;46919;19809;13.6;5.7
94;2021-03-23;1307;317;48226;20126;14.0;5.8
94;2021-03-24;1696;305;49922;20431;14.5;5.9
94;2021-03-25;1754;307;51676;20738;15.0;6.0
94;2021-03-26;2037;356;53713;21094;15.6;6.1
94;2021-03-27;2278;237;55991;21331;16.2;6.2
94;2021-03-28;1071;221;57062;21552;16.6;6.3
94;2021-03-29;1028;318;58090;21870;16.9;6.3
94;2021-03-30;1353;568;59443;22438;17.2;6.5
94;2021-03-31;1427;494;60870;22932;17.7;6.7
94;2021-04-01;1641;683;62511;23615;18.1;6.9
94;2021-04-02;1870;1200;64381;24815;18.7;7.2
94;2021-04-03;1893;1136;66274;25951;19.2;7.5
94;2021-04-04;776;844;67050;26795;19.5;7.8
94;2021-04-05;634;811;67684;27606;19.6;8.0
94;2021-04-06;1582;919;69266;28525;20.1;8.3
94;2021-04-07;2019;856;71285;29381;20.7;8.5
94;2021-04-08;2177;766;73462;30147;21.3;8.7
94;2021-04-09;2103;964;75565;31111;21.9;9.0
94;2021-04-10;2412;648;77977;31759;22.6;9.2
94;2021-04-11;1177;321;79154;32080;23.0;9.3
94;2021-04-12;1521;902;80675;32982;23.4;9.6
94;2021-04-13;1391;1011;82066;33993;23.8;9.9
94;2021-04-14;2094;1082;84160;35075;24.4;10.2
94;2021-04-15;1930;1042;86090;36117;25.0;10.5
94;2021-04-16;1781;1044;87871;37161;25.5;10.8
94;2021-04-17;1754;1385;89625;38546;26.0;11.2
94;2021-04-18;1235;1289;90860;39835;26.4;11.6
94;2021-04-19;1092;780;91952;40615;26.7;11.8
94;2021-04-20;1253;1191;93205;41806;27.0;12.1
94;2021-04-21;1784;1343;94989;43149;27.6;12.5
94;2021-04-22;1834;1379;96823;44528;28.1;12.9
94;2021-04-23;1648;1405;98471;45933;28.6;13.3
94;2021-04-24;2039;1756;100510;47689;29.2;13.8
94;2021-04-25;1260;782;101770;48471;29.5;14.1
94;2021-04-26;1016;1146;102786;49617;29.8;14.4
94;2021-04-27;1309;1224;104095;50841;30.2;14.8
94;2021-04-28;2593;1286;106688;52127;31.0;15.1
94;2021-04-29;1977;1227;108665;53354;31.5;15.5
94;2021-04-30;2262;1892;110927;55246;32.2;16.0
94;2021-05-01;1431;1690;112358;56936;32.6;16.5
94;2021-05-02;1010;952;113368;57888;32.9;16.8
94;2021-05-03;1601;1071;114969;58959;33.4;17.1
94;2021-05-04;1560;1686;116529;60645;33.8;17.6
94;2021-05-05;1809;2359;118338;63004;34.3;18.3
94;2021-05-06;2193;1817;120531;64821;35.0;18.8
94;2021-05-07;2218;1824;122749;66645;35.6;19.3
94;2021-05-08;881;1355;123630;68000;35.9;19.7
94;2021-05-09;1177;1322;124807;69322;36.2;20.1
94;2021-05-10;1378;1541;126185;70863;36.6;20.6
94;2021-05-11;1585;1577;127770;72440;37.1;21.0
94;2021-05-12;1784;1380;129554;73820;37.6;21.4
94;2021-05-13;1947;516;131501;74336;38.2;21.6
94;2021-05-14;1516;1258;133017;75594;38.6;21.9
94;2021-05-15;1483;1001;134500;76595;39.0;22.2
94;2021-05-16;1037;680;135537;77275;39.3;22.4
94;2021-05-17;1586;968;137123;78243;39.8;22.7
94;2021-05-18;1606;859;138729;79102;40.2;22.9
94;2021-05-19;1558;898;140287;80000;40.7;23.2
94;2021-05-20;1364;899;141651;80899;41.1;23.5
94;2021-05-21;1241;985;142892;81884;41.5;23.8
94;2021-05-22;1015;702;143907;82586;41.8;24.0
94;2021-05-23;703;330;144610;82916;42.0;24.1
94;2021-05-24;165;148;144775;83064;42.0;24.1
94;2021-05-25;965;857;145740;83921;42.3;24.3
94;2021-05-26;970;1953;146710;85874;42.6;24.9
94;2021-05-27;842;2242;147552;88116;42.8;25.6
94;2021-05-28;852;1822;148404;89938;43.1;26.1
94;2021-05-29;646;1253;149050;91191;43.2;26.5
94;2021-05-30;228;552;149278;91743;43.3;26.6
94;2021-05-31;567;1246;149845;92989;43.5;27.0
94;2021-06-01;756;1767;150601;94756;43.7;27.5
94;2021-06-02;648;1930;151249;96686;43.9;28.1
94;2021-06-03;804;1659;152053;98345;44.1;28.5
94;2021-06-04;614;2347;152667;100692;44.3;29.2
94;2021-06-05;576;1936;153243;102628;44.5;29.8
94;2021-06-06;224;1037;153467;103665;44.5;30.1
94;2021-06-07;452;1609;153919;105274;44.7;30.5
94;2021-06-08;722;1877;154641;107151;44.9;31.1
94;2021-06-09;815;2495;155456;109646;45.1;31.8
94;2021-06-10;696;1796;156152;111442;45.3;32.3
94;2021-06-11;710;2295;156862;113737;45.5;33.0
94;2021-06-12;382;1210;157244;114947;45.6;33.3
94;2021-06-13;216;856;157460;115803;45.7;33.6
94;2021-06-14;446;2036;157906;117839;45.8;34.2
94;2021-06-15;562;1726;158468;119565;46.0;34.7
94;2021-06-16;594;1712;159062;121277;46.1;35.2
94;2021-06-17;632;1639;159694;122916;46.3;35.7
94;2021-06-18;591;1874;160285;124790;46.5;36.2
94;2021-06-19;349;1018;160634;125808;46.6;36.5
94;2021-06-20;194;886;160828;126694;46.7;36.8
94;2021-06-21;446;1753;161274;128447;46.8;37.3
94;2021-06-22;551;1957;161825;130404;46.9;37.8
94;2021-06-23;425;1441;162250;131845;47.1;38.3
94;2021-06-24;486;1126;162736;132971;47.2;38.6
94;2021-06-25;379;1548;163115;134519;47.3;39.0
94;2021-06-26;308;1423;163423;135942;47.4;39.4
94;2021-06-27;206;1009;163629;136951;47.5;39.7
94;2021-06-28;522;1658;164151;138609;47.6;40.2
94;2021-06-29;485;1677;164636;140286;47.8;40.7
94;2021-06-30;622;1443;165258;141729;47.9;41.1
94;2021-07-01;436;995;165694;142724;48.1;41.4
94;2021-07-02;511;927;166205;143651;48.2;41.7
94;2021-07-03;302;1014;166507;144665;48.3;42.0
94;2021-07-04;180;664;166687;145329;48.4;42.2
94;2021-07-05;427;900;167114;146229;48.5;42.4
94;2021-07-06;700;1098;167814;147327;48.7;42.7
94;2021-07-07;808;1519;168622;148846;48.9;43.2
94;2021-07-08;775;1053;169397;149899;49.1;43.5
94;2021-07-09;628;795;170025;150694;49.3;43.7
94;2021-07-10;477;545;170502;151239;49.5;43.9
94;2021-07-11;104;176;170606;151415;49.5;43.9
94;2021-07-12;809;1095;171415;152510;49.7;44.2
94;2021-07-13;2000;1550;173415;154060;50.3;44.7
94;2021-07-14;1965;440;175380;154500;50.9;44.8
94;2021-07-15;2702;1417;178082;155917;51.7;45.2
94;2021-07-16;2286;1031;180368;156948;52.3;45.5
94;2021-07-17;1807;662;182175;157610;52.9;45.7
94;2021-07-18;814;182;182989;157792;53.1;45.8
94;2021-07-19;1769;1140;184758;158932;53.6;46.1
94;2021-07-20;2493;1157;187251;160089;54.3;46.4
94;2021-07-21;2822;1448;190073;161537;55.1;46.9
94;2021-07-22;2725;1372;192798;162909;55.9;47.3
94;2021-07-23;2760;963;195558;163872;56.7;47.5
94;2021-07-24;1426;605;196984;164477;57.1;47.7
94;2021-07-25;651;145;197635;164622;57.3;47.8
94;2021-07-26;2109;1139;199744;165761;58.0;48.1
94;2021-07-27;2859;1225;202603;166986;58.8;48.4
94;2021-07-28;2360;1213;204963;168199;59.5;48.8
94;2021-07-29;2354;1101;207317;169300;60.1;49.1
94;2021-07-30;1701;953;209018;170253;60.6;49.4
94;2021-07-31;1074;570;210092;170823;61.0;49.6
94;2021-08-01;791;179;210883;171002;61.2;49.6
94;2021-08-02;1244;962;212127;171964;61.5;49.9
94;2021-08-03;1921;1663;214048;173627;62.1;50.4
94;2021-08-04;1521;1610;215569;175237;62.5;50.8
94;2021-08-05;1912;1900;217481;177137;63.1;51.4
94;2021-08-06;1081;1332;218562;178469;63.4;51.8
94;2021-08-07;652;1296;219214;179765;63.6;52.2
94;2021-08-08;172;327;219386;180092;63.6;52.2
94;2021-08-09;1178;1881;220564;181973;64.0;52.8
94;2021-08-10;1370;2340;221934;184313;64.4;53.5
94;2021-08-11;1333;1951;223267;186264;64.8;54.0
94;2021-08-12;1421;2529;224688;188793;65.2;54.8
94;2021-08-13;951;2009;225639;190802;65.5;55.4
94;2021-08-14;603;1203;226242;192005;65.6;55.7
94;2021-08-15;136;199;226378;192204;65.7;55.8
94;2021-08-16;985;2355;227363;194559;66.0;56.4
94;2021-08-17;1508;2859;228871;197418;66.4;57.3
94;2021-08-18;1029;2316;229900;199734;66.7;57.9
94;2021-08-19;845;1905;230745;201639;66.9;58.5
94;2021-08-20;679;1376;231424;203015;67.1;58.9
94;2021-08-21;385;1010;231809;204025;67.3;59.2
94;2021-08-22;271;826;232080;204851;67.3;59.4
94;2021-08-23;674;1685;232754;206536;67.5;59.9
