dep;jour;n_dose1;n_complet;n_cum_dose1;n_cum_complet;couv_dose1;couv_complet
00;2020-12-27;0;0;0;0;;
00;2020-12-28;0;0;0;0;;
00;2020-12-29;0;0;0;0;;
00;2020-12-30;3;0;3;0;;
00;2020-12-31;0;0;3;0;;
00;2021-01-01;0;0;3;0;;
00;2021-01-02;0;0;3;0;;
00;2021-01-03;5;0;8;0;;
00;2021-01-04;0;0;8;0;;
00;2021-01-05;3;0;11;0;;
00;2021-01-06;0;0;11;0;;
00;2021-01-07;3;0;14;0;;
00;2021-01-08;0;0;14;0;;
00;2021-01-09;2;0;16;0;;
00;2021-01-10;0;0;16;0;;
00;2021-01-11;0;0;16;0;;
00;2021-01-12;1;0;17;0;;
00;2021-01-13;0;0;17;0;;
00;2021-01-14;2;0;19;0;;
00;2021-01-15;5;0;24;0;;
00;2021-01-16;1;0;25;0;;
00;2021-01-17;0;0;25;0;;
00;2021-01-18;4;0;29;0;;
00;2021-01-19;1;0;30;0;;
00;2021-01-20;1;0;31;0;;
00;2021-01-21;0;0;31;0;;
00;2021-01-22;3;0;34;0;;
00;2021-01-23;2;0;36;0;;
00;2021-01-24;2;0;38;0;;
00;2021-01-25;2;0;40;0;;
00;2021-01-26;3;0;43;0;;
00;2021-01-27;4;0;47;0;;
00;2021-01-28;4;0;51;0;;
00;2021-01-29;3;0;54;0;;
00;2021-01-30;1;0;55;0;;
00;2021-01-31;4;0;59;0;;
00;2021-02-01;0;0;59;0;;
00;2021-02-02;3;0;62;0;;
00;2021-02-03;1;0;63;0;;
00;2021-02-04;3;0;66;0;;
00;2021-02-05;4;0;70;0;;
00;2021-02-06;7;0;77;0;;
00;2021-02-07;1;0;78;0;;
00;2021-02-08;0;1;78;1;;
00;2021-02-09;5;1;83;2;;
00;2021-02-10;7;0;90;2;;
00;2021-02-11;4;0;94;2;;
00;2021-02-12;2;0;96;2;;
00;2021-02-13;5;0;101;2;;
00;2021-02-14;1;0;102;2;;
00;2021-02-15;1;0;103;2;;
00;2021-02-16;4;1;107;3;;
00;2021-02-17;1;0;108;3;;
00;2021-02-18;3;0;111;3;;
00;2021-02-19;3;0;114;3;;
00;2021-02-20;6;0;120;3;;
00;2021-02-21;2;0;122;3;;
00;2021-02-22;2;0;124;3;;
00;2021-02-23;1;0;125;3;;
00;2021-02-24;9;1;134;4;;
00;2021-02-25;10;0;144;4;;
00;2021-02-26;4;0;148;4;;
00;2021-02-27;6;0;154;4;;
00;2021-02-28;2;0;156;4;;
00;2021-03-01;5;0;161;4;;
00;2021-03-02;3;0;164;4;;
00;2021-03-03;11;0;175;4;;
00;2021-03-04;8;0;183;4;;
00;2021-03-05;9;0;192;4;;
00;2021-03-06;5;1;197;5;;
00;2021-03-07;4;0;201;5;;
00;2021-03-08;10;1;211;6;;
00;2021-03-09;4;0;215;6;;
00;2021-03-10;15;0;230;6;;
00;2021-03-11;9;0;239;6;;
00;2021-03-12;8;0;247;6;;
00;2021-03-13;7;0;254;6;;
00;2021-03-14;6;0;260;6;;
00;2021-03-15;7;0;267;6;;
00;2021-03-16;10;1;277;7;;
00;2021-03-17;4;0;281;7;;
00;2021-03-18;9;0;290;7;;
00;2021-03-19;18;0;308;7;;
00;2021-03-20;6;0;314;7;;
00;2021-03-21;2;0;316;7;;
00;2021-03-22;9;0;325;7;;
00;2021-03-23;10;1;335;8;;
00;2021-03-24;5;1;340;9;;
00;2021-03-25;10;0;350;9;;
00;2021-03-26;11;0;361;9;;
00;2021-03-27;9;0;370;9;;
00;2021-03-28;6;0;376;9;;
00;2021-03-29;9;0;385;9;;
00;2021-03-30;17;0;402;9;;
00;2021-03-31;10;0;412;9;;
00;2021-04-01;4;0;416;9;;
00;2021-04-02;8;0;424;9;;
00;2021-04-03;10;0;434;9;;
00;2021-04-04;8;0;442;9;;
00;2021-04-05;7;0;449;9;;
00;2021-04-06;17;0;466;9;;
00;2021-04-07;22;0;488;9;;
00;2021-04-08;10;0;498;9;;
00;2021-04-09;17;0;515;9;;
00;2021-04-10;7;0;522;9;;
00;2021-04-11;15;0;537;9;;
00;2021-04-12;10;1;547;10;;
00;2021-04-13;19;0;566;10;;
00;2021-04-14;9;0;575;10;;
00;2021-04-15;25;1;600;11;;
00;2021-04-16;21;0;621;11;;
00;2021-04-17;7;0;628;11;;
00;2021-04-18;18;2;646;13;;
00;2021-04-19;16;1;662;14;;
00;2021-04-20;17;0;679;14;;
00;2021-04-21;22;0;701;14;;
00;2021-04-22;17;0;718;14;;
00;2021-04-23;15;5;733;19;;
00;2021-04-24;8;0;741;19;;
00;2021-04-25;5;0;746;19;;
00;2021-04-26;12;1;758;20;;
00;2021-04-27;10;0;768;20;;
00;2021-04-28;13;0;781;20;;
00;2021-04-29;12;1;793;21;;
00;2021-04-30;21;1;814;22;;
00;2021-05-01;14;2;828;24;;
00;2021-05-02;12;0;840;24;;
00;2021-05-03;12;0;852;24;;
00;2021-05-04;17;2;869;26;;
00;2021-05-05;18;0;887;26;;
00;2021-05-06;24;3;911;29;;
00;2021-05-07;10;1;921;30;;
00;2021-05-08;12;0;933;30;;
00;2021-05-09;11;0;944;30;;
00;2021-05-10;13;4;957;34;;
00;2021-05-11;21;2;978;36;;
00;2021-05-12;23;0;1001;36;;
00;2021-05-13;27;1;1028;37;;
00;2021-05-14;30;2;1058;39;;
00;2021-05-15;24;1;1082;40;;
00;2021-05-16;13;0;1095;40;;
00;2021-05-17;29;2;1124;42;;
00;2021-05-18;14;1;1138;43;;
00;2021-05-19;24;1;1162;44;;
00;2021-05-20;27;1;1189;45;;
00;2021-05-21;21;10;1210;55;;
00;2021-05-22;19;1;1229;56;;
00;2021-05-23;23;0;1252;56;;
00;2021-05-24;18;4;1270;60;;
00;2021-05-25;28;3;1298;63;;
00;2021-05-26;24;2;1322;65;;
00;2021-05-27;40;3;1362;68;;
00;2021-05-28;21;1;1383;69;;
00;2021-05-29;44;12;1427;81;;
00;2021-05-30;54;22;1481;103;;
00;2021-05-31;23;1;1504;104;;
00;2021-06-01;33;2;1537;106;;
00;2021-06-02;49;6;1586;112;;
00;2021-06-03;33;2;1619;114;;
00;2021-06-04;26;2;1645;116;;
00;2021-06-05;226;23;1871;139;;
00;2021-06-06;249;23;2120;162;;
00;2021-06-07;23;4;2143;166;;
00;2021-06-08;23;2;2166;168;;
00;2021-06-09;39;1;2205;169;;
00;2021-06-10;41;1;2246;170;;
00;2021-06-11;38;2;2284;172;;
00;2021-06-12;43;3;2327;175;;
00;2021-06-13;25;3;2352;178;;
00;2021-06-14;32;3;2384;181;;
00;2021-06-15;41;4;2425;185;;
00;2021-06-16;33;1;2458;186;;
00;2021-06-17;19;2;2477;188;;
00;2021-06-18;21;5;2498;193;;
00;2021-06-19;14;1;2512;194;;
00;2021-06-20;13;1;2525;195;;
00;2021-06-21;17;0;2542;195;;
00;2021-06-22;15;1;2557;196;;
00;2021-06-23;32;2;2589;198;;
00;2021-06-24;21;4;2610;202;;
00;2021-06-25;12;2;2622;204;;
00;2021-06-26;24;8;2646;212;;
00;2021-06-27;2;1;2648;213;;
00;2021-06-28;1;0;2649;213;;
00;2021-06-29;2;9;2651;222;;
00;2021-06-30;2;18;2653;240;;
00;2021-07-01;4;15;2657;255;;
00;2021-07-02;6;23;2663;278;;
00;2021-07-03;2;10;2665;288;;
00;2021-07-04;3;3;2668;291;;
00;2021-07-05;2;29;2670;320;;
00;2021-07-06;2;15;2672;335;;
00;2021-07-07;12;40;2684;375;;
00;2021-07-08;9;25;2693;400;;
00;2021-07-09;5;34;2698;434;;
00;2021-07-10;4;12;2702;446;;
00;2021-07-11;1;11;2703;457;;
00;2021-07-12;4;25;2707;482;;
00;2021-07-13;9;127;2716;609;;
00;2021-07-14;1;38;2717;647;;
00;2021-07-15;6;163;2723;810;;
00;2021-07-16;6;160;2729;970;;
00;2021-07-17;14;429;2743;1399;;
00;2021-07-18;70;152;2813;1551;;
01;2020-12-27;0;0;0;0;0.0;0.0
01;2020-12-28;0;0;0;0;0.0;0.0
01;2020-12-29;0;0;0;0;0.0;0.0
01;2020-12-30;0;0;0;0;0.0;0.0
01;2020-12-31;0;0;0;0;0.0;0.0
01;2021-01-01;0;0;0;0;0.0;0.0
01;2021-01-02;0;0;0;0;0.0;0.0
01;2021-01-03;0;0;0;0;0.0;0.0
01;2021-01-04;0;0;0;0;0.0;0.0
01;2021-01-05;0;0;0;0;0.0;0.0
01;2021-01-06;1;0;1;0;0.0;0.0
01;2021-01-07;67;0;68;0;0.0;0.0
01;2021-01-08;159;0;227;0;0.0;0.0
01;2021-01-09;2;0;229;0;0.0;0.0
01;2021-01-10;0;0;229;0;0.0;0.0
01;2021-01-11;147;1;376;1;0.1;0.0
01;2021-01-12;317;2;693;3;0.1;0.0
01;2021-01-13;443;1;1136;4;0.2;0.0
01;2021-01-14;523;3;1659;7;0.3;0.0
01;2021-01-15;396;3;2055;10;0.3;0.0
01;2021-01-16;202;0;2257;10;0.3;0.0
01;2021-01-17;128;0;2385;10;0.4;0.0
01;2021-01-18;377;2;2762;12;0.4;0.0
01;2021-01-19;1038;1;3800;13;0.6;0.0
01;2021-01-20;1257;2;5057;15;0.8;0.0
01;2021-01-21;1094;4;6151;19;0.9;0.0
01;2021-01-22;646;0;6797;19;1.0;0.0
01;2021-01-23;222;0;7019;19;1.1;0.0
01;2021-01-24;71;1;7090;20;1.1;0.0
01;2021-01-25;472;1;7562;21;1.2;0.0
01;2021-01-26;738;3;8300;24;1.3;0.0
01;2021-01-27;516;5;8816;29;1.3;0.0
01;2021-01-28;678;54;9494;83;1.4;0.0
01;2021-01-29;635;98;10129;181;1.5;0.0
01;2021-01-30;234;14;10363;195;1.6;0.0
01;2021-01-31;59;0;10422;195;1.6;0.0
01;2021-02-01;448;75;10870;270;1.7;0.0
01;2021-02-02;509;184;11379;454;1.7;0.1
01;2021-02-03;371;298;11750;752;1.8;0.1
01;2021-02-04;475;420;12225;1172;1.9;0.2
01;2021-02-05;437;280;12662;1452;1.9;0.2
01;2021-02-06;259;139;12921;1591;2.0;0.2
01;2021-02-07;2;113;12923;1704;2.0;0.3
01;2021-02-08;504;407;13427;2111;2.0;0.3
01;2021-02-09;768;849;14195;2960;2.2;0.5
01;2021-02-10;940;723;15135;3683;2.3;0.6
01;2021-02-11;787;778;15922;4461;2.4;0.7
01;2021-02-12;635;553;16557;5014;2.5;0.8
01;2021-02-13;158;149;16715;5163;2.5;0.8
01;2021-02-14;0;9;16715;5172;2.5;0.8
01;2021-02-15;435;444;17150;5616;2.6;0.9
01;2021-02-16;652;410;17802;6026;2.7;0.9
01;2021-02-17;516;242;18318;6268;2.8;1.0
01;2021-02-18;589;564;18907;6832;2.9;1.0
01;2021-02-19;576;244;19483;7076;3.0;1.1
01;2021-02-20;200;154;19683;7230;3.0;1.1
01;2021-02-21;0;1;19683;7231;3.0;1.1
01;2021-02-22;427;554;20110;7785;3.1;1.2
01;2021-02-23;479;521;20589;8306;3.1;1.3
01;2021-02-24;435;466;21024;8772;3.2;1.3
01;2021-02-25;813;614;21837;9386;3.3;1.4
01;2021-02-26;865;560;22702;9946;3.5;1.5
01;2021-02-27;480;110;23182;10056;3.5;1.5
01;2021-02-28;20;3;23202;10059;3.5;1.5
01;2021-03-01;617;450;23819;10509;3.6;1.6
01;2021-03-02;945;550;24764;11059;3.8;1.7
01;2021-03-03;935;657;25699;11716;3.9;1.8
01;2021-03-04;1187;624;26886;12340;4.1;1.9
01;2021-03-05;1352;486;28238;12826;4.3;2.0
01;2021-03-06;779;87;29017;12913;4.4;2.0
01;2021-03-07;43;1;29060;12914;4.4;2.0
01;2021-03-08;665;617;29725;13531;4.5;2.1
01;2021-03-09;1330;593;31055;14124;4.7;2.1
01;2021-03-10;1158;522;32213;14646;4.9;2.2
01;2021-03-11;1663;615;33876;15261;5.2;2.3
01;2021-03-12;1999;617;35875;15878;5.5;2.4
01;2021-03-13;1499;73;37374;15951;5.7;2.4
01;2021-03-14;129;55;37503;16006;5.7;2.4
01;2021-03-15;1134;393;38637;16399;5.9;2.5
01;2021-03-16;1001;550;39638;16949;6.0;2.6
01;2021-03-17;833;337;40471;17286;6.2;2.6
01;2021-03-18;1279;455;41750;17741;6.4;2.7
01;2021-03-19;1740;515;43490;18256;6.6;2.8
01;2021-03-20;1441;121;44931;18377;6.8;2.8
01;2021-03-21;96;10;45027;18387;6.9;2.8
01;2021-03-22;1569;481;46596;18868;7.1;2.9
01;2021-03-23;2189;636;48785;19504;7.4;3.0
01;2021-03-24;1604;399;50389;19903;7.7;3.0
01;2021-03-25;2899;580;53288;20483;8.1;3.1
01;2021-03-26;2864;592;56152;21075;8.5;3.2
01;2021-03-27;1307;140;57459;21215;8.7;3.2
01;2021-03-28;21;1;57480;21216;8.7;3.2
01;2021-03-29;1925;535;59405;21751;9.0;3.3
01;2021-03-30;2505;740;61910;22491;9.4;3.4
01;2021-03-31;1862;615;63772;23106;9.7;3.5
01;2021-04-01;2551;823;66323;23929;10.1;3.6
01;2021-04-02;2813;681;69136;24610;10.5;3.7
01;2021-04-03;1255;116;70391;24726;10.7;3.8
01;2021-04-04;0;0;70391;24726;10.7;3.8
01;2021-04-05;1256;54;71647;24780;10.9;3.8
01;2021-04-06;2805;783;74452;25563;11.3;3.9
01;2021-04-07;2730;693;77182;26256;11.7;4.0
01;2021-04-08;3239;973;80421;27229;12.2;4.1
01;2021-04-09;3964;1299;84385;28528;12.8;4.3
01;2021-04-10;1822;288;86207;28816;13.1;4.4
01;2021-04-11;41;22;86248;28838;13.1;4.4
01;2021-04-12;2708;1208;88956;30046;13.5;4.6
01;2021-04-13;2926;1295;91882;31341;14.0;4.8
01;2021-04-14;3108;1065;94990;32406;14.5;4.9
01;2021-04-15;3069;1452;98059;33858;14.9;5.2
01;2021-04-16;2859;1557;100918;35415;15.4;5.4
01;2021-04-17;1654;675;102572;36090;15.6;5.5
01;2021-04-18;13;0;102585;36090;15.6;5.5
01;2021-04-19;2034;1519;104619;37609;15.9;5.7
01;2021-04-20;2656;1559;107275;39168;16.3;6.0
01;2021-04-21;2680;1333;109955;40501;16.7;6.2
01;2021-04-22;2826;1513;112781;42014;17.2;6.4
01;2021-04-23;2753;1506;115534;43520;17.6;6.6
01;2021-04-24;1443;643;116977;44163;17.8;6.7
01;2021-04-25;9;0;116986;44163;17.8;6.7
01;2021-04-26;1968;1715;118954;45878;18.1;7.0
01;2021-04-27;2567;1534;121521;47412;18.5;7.2
01;2021-04-28;2497;1563;124018;48975;18.9;7.5
01;2021-04-29;2716;1763;126734;50738;19.3;7.7
01;2021-04-30;2974;2217;129708;52955;19.7;8.1
01;2021-05-01;1469;853;131177;53808;20.0;8.2
01;2021-05-02;543;73;131720;53881;20.1;8.2
01;2021-05-03;2292;2477;134012;56358;20.4;8.6
01;2021-05-04;2544;2646;136556;59004;20.8;9.0
01;2021-05-05;2518;2481;139074;61485;21.2;9.4
01;2021-05-06;2992;2497;142066;63982;21.6;9.7
01;2021-05-07;3216;2781;145282;66763;22.1;10.2
01;2021-05-08;1639;920;146921;67683;22.4;10.3
01;2021-05-09;1023;157;147944;67840;22.5;10.3
01;2021-05-10;2498;3066;150442;70906;22.9;10.8
01;2021-05-11;3578;3033;154020;73939;23.4;11.3
01;2021-05-12;3647;2963;157667;76902;24.0;11.7
01;2021-05-13;4087;1495;161754;78397;24.6;11.9
01;2021-05-14;4271;2334;166025;80731;25.3;12.3
01;2021-05-15;3151;1426;169176;82157;25.8;12.5
01;2021-05-16;1410;148;170586;82305;26.0;12.5
01;2021-05-17;3426;2460;174012;84765;26.5;12.9
01;2021-05-18;4066;1940;178078;86705;27.1;13.2
01;2021-05-19;3964;1888;182042;88593;27.7;13.5
01;2021-05-20;4522;2010;186564;90603;28.4;13.8
01;2021-05-21;4610;2192;191174;92795;29.1;14.1
01;2021-05-22;3361;944;194535;93739;29.6;14.3
01;2021-05-23;829;82;195364;93821;29.7;14.3
01;2021-05-24;2761;498;198125;94319;30.2;14.4
01;2021-05-25;3551;2420;201676;96739;30.7;14.7
01;2021-05-26;3567;2236;205243;98975;31.2;15.1
01;2021-05-27;3844;2093;209087;101068;31.8;15.4
01;2021-05-28;3662;2639;212749;103707;32.4;15.8
01;2021-05-29;3055;1294;215804;105001;32.8;16.0
01;2021-05-30;612;88;216416;105089;32.9;16.0
01;2021-05-31;2400;2511;218816;107600;33.3;16.4
01;2021-06-01;2758;2577;221574;110177;33.7;16.8
01;2021-06-02;2868;2174;224442;112351;34.2;17.1
01;2021-06-03;3355;2423;227797;114774;34.7;17.5
01;2021-06-04;4497;3344;232294;118118;35.4;18.0
01;2021-06-05;3250;1714;235544;119832;35.9;18.2
01;2021-06-06;666;76;236210;119908;36.0;18.3
01;2021-06-07;3380;2863;239590;122771;36.5;18.7
01;2021-06-08;3639;2703;243229;125474;37.0;19.1
01;2021-06-09;2925;2625;246154;128099;37.5;19.5
01;2021-06-10;2722;2028;248876;130127;37.9;19.8
01;2021-06-11;3053;3356;251929;133483;38.3;20.3
01;2021-06-12;2396;2194;254325;135677;38.7;20.7
01;2021-06-13;199;478;254524;136155;38.7;20.7
01;2021-06-14;2094;3154;256618;139309;39.1;21.2
01;2021-06-15;1983;3357;258601;142666;39.4;21.7
01;2021-06-16;2150;3278;260751;145944;39.7;22.2
01;2021-06-17;1944;3167;262695;149111;40.0;22.7
01;2021-06-18;2571;4161;265266;153272;40.4;23.3
01;2021-06-19;1718;2552;266984;155824;40.6;23.7
01;2021-06-20;157;498;267141;156322;40.7;23.8
01;2021-06-21;1787;3714;268928;160036;40.9;24.4
01;2021-06-22;1537;4004;270465;164040;41.2;25.0
01;2021-06-23;1574;3758;272039;167798;41.4;25.5
01;2021-06-24;1459;3570;273498;171368;41.6;26.1
01;2021-06-25;1878;4575;275376;175943;41.9;26.8
01;2021-06-26;1196;2950;276572;178893;42.1;27.2
01;2021-06-27;168;340;276740;179233;42.1;27.3
01;2021-06-28;1369;4030;278109;183263;42.3;27.9
01;2021-06-29;1368;3852;279477;187115;42.5;28.5
01;2021-06-30;1344;4159;280821;191274;42.7;29.1
01;2021-07-01;1363;4089;282184;195363;43.0;29.7
01;2021-07-02;1562;4982;283746;200345;43.2;30.5
01;2021-07-03;850;3366;284596;203711;43.3;31.0
01;2021-07-04;101;498;284697;204209;43.3;31.1
01;2021-07-05;1454;4086;286151;208295;43.6;31.7
01;2021-07-06;1086;4286;287237;212581;43.7;32.4
01;2021-07-07;1625;3700;288862;216281;44.0;32.9
01;2021-07-08;1443;3672;290305;219953;44.2;33.5
01;2021-07-09;1873;4360;292178;224313;44.5;34.1
01;2021-07-10;1107;3447;293285;227760;44.6;34.7
01;2021-07-11;104;419;293389;228179;44.7;34.7
01;2021-07-12;1409;3842;294798;232021;44.9;35.3
01;2021-07-13;2038;4113;296836;236134;45.2;35.9
01;2021-07-14;137;180;296973;236314;45.2;36.0
01;2021-07-15;3066;4179;300039;240493;45.7;36.6
01;2021-07-16;3728;4804;303767;245297;46.2;37.3
01;2021-07-17;2153;3010;305920;248307;46.6;37.8
01;2021-07-18;281;543;306201;248850;46.6;37.9
02;2020-12-27;0;0;0;0;0.0;0.0
02;2020-12-28;0;0;0;0;0.0;0.0
02;2020-12-29;0;0;0;0;0.0;0.0
02;2020-12-30;0;0;0;0;0.0;0.0
02;2020-12-31;0;0;0;0;0.0;0.0
02;2021-01-01;0;0;0;0;0.0;0.0
02;2021-01-02;0;0;0;0;0.0;0.0
02;2021-01-03;0;0;0;0;0.0;0.0
02;2021-01-04;0;0;0;0;0.0;0.0
02;2021-01-05;0;0;0;0;0.0;0.0
02;2021-01-06;22;0;22;0;0.0;0.0
02;2021-01-07;261;1;283;1;0.1;0.0
02;2021-01-08;488;2;771;3;0.1;0.0
02;2021-01-09;74;0;845;3;0.2;0.0
02;2021-01-10;49;0;894;3;0.2;0.0
02;2021-01-11;267;0;1161;3;0.2;0.0
02;2021-01-12;355;1;1516;4;0.3;0.0
02;2021-01-13;468;2;1984;6;0.4;0.0
02;2021-01-14;650;10;2634;16;0.5;0.0
02;2021-01-15;629;5;3263;21;0.6;0.0
02;2021-01-16;333;5;3596;26;0.7;0.0
02;2021-01-17;61;0;3657;26;0.7;0.0
02;2021-01-18;810;4;4467;30;0.8;0.0
02;2021-01-19;942;5;5409;35;1.0;0.0
02;2021-01-20;1428;5;6837;40;1.3;0.0
02;2021-01-21;2597;2;9434;42;1.8;0.0
02;2021-01-22;1418;2;10852;44;2.1;0.0
02;2021-01-23;288;1;11140;45;2.1;0.0
02;2021-01-24;67;0;11207;45;2.1;0.0
02;2021-01-25;432;10;11639;55;2.2;0.0
02;2021-01-26;703;13;12342;68;2.3;0.0
02;2021-01-27;159;2;12501;70;2.4;0.0
02;2021-01-28;69;248;12570;318;2.4;0.1
02;2021-01-29;119;421;12689;739;2.4;0.1
02;2021-01-30;4;14;12693;753;2.4;0.1
02;2021-01-31;0;10;12693;763;2.4;0.1
02;2021-02-01;11;214;12704;977;2.4;0.2
02;2021-02-02;45;331;12749;1308;2.4;0.2
02;2021-02-03;124;340;12873;1648;2.4;0.3
02;2021-02-04;225;359;13098;2007;2.5;0.4
02;2021-02-05;178;419;13276;2426;2.5;0.5
02;2021-02-06;65;175;13341;2601;2.5;0.5
02;2021-02-07;9;0;13350;2601;2.5;0.5
02;2021-02-08;305;436;13655;3037;2.6;0.6
02;2021-02-09;322;681;13977;3718;2.7;0.7
02;2021-02-10;484;1045;14461;4763;2.7;0.9
02;2021-02-11;939;1908;15400;6671;2.9;1.3
02;2021-02-12;885;1120;16285;7791;3.1;1.5
02;2021-02-13;290;129;16575;7920;3.2;1.5
02;2021-02-14;1;5;16576;7925;3.2;1.5
02;2021-02-15;344;682;16920;8607;3.2;1.6
02;2021-02-16;410;571;17330;9178;3.3;1.7
02;2021-02-17;498;631;17828;9809;3.4;1.9
02;2021-02-18;507;445;18335;10254;3.5;1.9
02;2021-02-19;443;572;18778;10826;3.6;2.1
02;2021-02-20;372;231;19150;11057;3.6;2.1
02;2021-02-21;39;17;19189;11074;3.6;2.1
02;2021-02-22;377;315;19566;11389;3.7;2.2
02;2021-02-23;432;362;19998;11751;3.8;2.2
02;2021-02-24;600;145;20598;11896;3.9;2.3
02;2021-02-25;868;134;21466;12030;4.1;2.3
02;2021-02-26;806;70;22272;12100;4.2;2.3
02;2021-02-27;443;8;22715;12108;4.3;2.3
02;2021-02-28;54;1;22769;12109;4.3;2.3
02;2021-03-01;637;24;23406;12133;4.4;2.3
02;2021-03-02;1032;99;24438;12232;4.6;2.3
02;2021-03-03;752;203;25190;12435;4.8;2.4
02;2021-03-04;1159;664;26349;13099;5.0;2.5
02;2021-03-05;1047;500;27396;13599;5.2;2.6
02;2021-03-06;2137;89;29533;13688;5.6;2.6
02;2021-03-07;1503;35;31036;13723;5.9;2.6
02;2021-03-08;571;362;31607;14085;6.0;2.7
02;2021-03-09;997;395;32604;14480;6.2;2.8
02;2021-03-10;893;460;33497;14940;6.4;2.8
02;2021-03-11;1294;382;34791;15322;6.6;2.9
02;2021-03-12;1702;394;36493;15716;6.9;3.0
02;2021-03-13;2590;213;39083;15929;7.4;3.0
02;2021-03-14;1454;29;40537;15958;7.7;3.0
02;2021-03-15;612;450;41149;16408;7.8;3.1
02;2021-03-16;863;391;42012;16799;8.0;3.2
02;2021-03-17;758;450;42770;17249;8.1;3.3
02;2021-03-18;607;617;43377;17866;8.2;3.4
02;2021-03-19;1172;296;44549;18162;8.5;3.5
02;2021-03-20;2428;138;46977;18300;8.9;3.5
02;2021-03-21;1488;64;48465;18364;9.2;3.5
02;2021-03-22;757;492;49222;18856;9.4;3.6
02;2021-03-23;1196;542;50418;19398;9.6;3.7
02;2021-03-24;1580;488;51998;19886;9.9;3.8
02;2021-03-25;1692;579;53690;20465;10.2;3.9
02;2021-03-26;2410;467;56100;20932;10.7;4.0
02;2021-03-27;2496;108;58596;21040;11.1;4.0
02;2021-03-28;637;8;59233;21048;11.3;4.0
02;2021-03-29;1037;855;60270;21903;11.5;4.2
02;2021-03-30;1554;833;61824;22736;11.8;4.3
02;2021-03-31;1299;711;63123;23447;12.0;4.5
02;2021-04-01;1289;845;64412;24292;12.2;4.6
02;2021-04-02;1180;1225;65592;25517;12.5;4.9
02;2021-04-03;2646;838;68238;26355;13.0;5.0
02;2021-04-04;727;234;68965;26589;13.1;5.1
02;2021-04-05;1509;124;70474;26713;13.4;5.1
02;2021-04-06;1540;845;72014;27558;13.7;5.2
02;2021-04-07;1862;767;73876;28325;14.0;5.4
02;2021-04-08;1919;1096;75795;29421;14.4;5.6
02;2021-04-09;2431;1076;78226;30497;14.9;5.8
02;2021-04-10;2429;1192;80655;31689;15.3;6.0
02;2021-04-11;476;414;81131;32103;15.4;6.1
02;2021-04-12;1824;621;82955;32724;15.8;6.2
02;2021-04-13;1596;914;84551;33638;16.1;6.4
02;2021-04-14;2586;946;87137;34584;16.6;6.6
02;2021-04-15;2496;743;89633;35327;17.0;6.7
02;2021-04-16;2437;1108;92070;36435;17.5;6.9
02;2021-04-17;1890;2130;93960;38565;17.9;7.3
02;2021-04-18;269;815;94229;39380;17.9;7.5
02;2021-04-19;1159;624;95388;40004;18.1;7.6
02;2021-04-20;1674;756;97062;40760;18.5;7.7
02;2021-04-21;1547;975;98609;41735;18.7;7.9
02;2021-04-22;1749;687;100358;42422;19.1;8.1
02;2021-04-23;1924;1395;102282;43817;19.4;8.3
02;2021-04-24;1708;1630;103990;45447;19.8;8.6
02;2021-04-25;462;234;104452;45681;19.9;8.7
02;2021-04-26;1339;556;105791;46237;20.1;8.8
02;2021-04-27;1626;1090;107417;47327;20.4;9.0
02;2021-04-28;1594;1430;109011;48757;20.7;9.3
02;2021-04-29;1880;1172;110891;49929;21.1;9.5
02;2021-04-30;2715;1637;113606;51566;21.6;9.8
02;2021-05-01;1988;1209;115594;52775;22.0;10.0
02;2021-05-02;1983;402;117577;53177;22.4;10.1
02;2021-05-03;2223;977;119800;54154;22.8;10.3
02;2021-05-04;1526;1314;121326;55468;23.1;10.5
02;2021-05-05;2329;1830;123655;57298;23.5;10.9
02;2021-05-06;2120;1723;125775;59021;23.9;11.2
02;2021-05-07;2357;2168;128132;61189;24.4;11.6
02;2021-05-08;2916;931;131048;62120;24.9;11.8
02;2021-05-09;1822;419;132870;62539;25.3;11.9
02;2021-05-10;2373;1472;135243;64011;25.7;12.2
02;2021-05-11;2876;1554;138119;65565;26.3;12.5
02;2021-05-12;2671;1616;140790;67181;26.8;12.8
02;2021-05-13;2988;1035;143778;68216;27.3;13.0
02;2021-05-14;3376;1201;147154;69417;28.0;13.2
02;2021-05-15;4372;1070;151526;70487;28.8;13.4
02;2021-05-16;2795;211;154321;70698;29.3;13.4
02;2021-05-17;2147;654;156468;71352;29.7;13.6
02;2021-05-18;2633;960;159101;72312;30.2;13.7
02;2021-05-19;2850;984;161951;73296;30.8;13.9
02;2021-05-20;3552;1222;165503;74518;31.5;14.2
02;2021-05-21;3815;1050;169318;75568;32.2;14.4
02;2021-05-22;5849;949;175167;76517;33.3;14.5
02;2021-05-23;2657;236;177824;76753;33.8;14.6
02;2021-05-24;3541;535;181365;77288;34.5;14.7
02;2021-05-25;2261;1146;183626;78434;34.9;14.9
02;2021-05-26;3079;1485;186705;79919;35.5;15.2
02;2021-05-27;3649;1479;190354;81398;36.2;15.5
02;2021-05-28;3511;1579;193865;82977;36.9;15.8
02;2021-05-29;4083;1578;197948;84555;37.6;16.1
02;2021-05-30;1449;182;199397;84737;37.9;16.1
02;2021-05-31;2579;1187;201976;85924;38.4;16.3
02;2021-06-01;2866;1867;204842;87791;38.9;16.7
02;2021-06-02;3154;1633;207996;89424;39.5;17.0
02;2021-06-03;2840;1829;210836;91253;40.1;17.3
02;2021-06-04;3139;2051;213975;93304;40.7;17.7
02;2021-06-05;3428;1726;217403;95030;41.3;18.1
02;2021-06-06;1731;258;219134;95288;41.7;18.1
02;2021-06-07;1612;1492;220746;96780;42.0;18.4
02;2021-06-08;2053;1842;222799;98622;42.4;18.7
02;2021-06-09;2043;1648;224842;100270;42.7;19.1
02;2021-06-10;1983;1826;226825;102096;43.1;19.4
02;2021-06-11;2194;3062;229019;105158;43.5;20.0
02;2021-06-12;2310;2589;231329;107747;44.0;20.5
02;2021-06-13;682;1386;232011;109133;44.1;20.7
02;2021-06-14;1046;2394;233057;111527;44.3;21.2
02;2021-06-15;1515;2461;234572;113988;44.6;21.7
02;2021-06-16;1527;2746;236099;116734;44.9;22.2
02;2021-06-17;1773;2857;237872;119591;45.2;22.7
02;2021-06-18;2304;3564;240176;123155;45.7;23.4
02;2021-06-19;1835;3814;242011;126969;46.0;24.1
02;2021-06-20;643;1518;242654;128487;46.1;24.4
02;2021-06-21;801;3208;243455;131695;46.3;25.0
02;2021-06-22;1141;3672;244596;135367;46.5;25.7
02;2021-06-23;1200;3593;245796;138960;46.7;26.4
02;2021-06-24;1315;3157;247111;142117;47.0;27.0
02;2021-06-25;1389;4562;248500;146679;47.2;27.9
02;2021-06-26;1338;4227;249838;150906;47.5;28.7
02;2021-06-27;594;2333;250432;153239;47.6;29.1
02;2021-06-28;874;3031;251306;156270;47.8;29.7
02;2021-06-29;906;2927;252212;159197;47.9;30.3
02;2021-06-30;1395;3158;253607;162355;48.2;30.9
02;2021-07-01;1182;3587;254789;165942;48.4;31.5
02;2021-07-02;1308;5141;256097;171083;48.7;32.5
02;2021-07-03;988;5987;257085;177070;48.9;33.7
02;2021-07-04;507;2373;257592;179443;49.0;34.1
02;2021-07-05;651;3943;258243;183386;49.1;34.9
02;2021-07-06;666;3045;258909;186431;49.2;35.4
02;2021-07-07;1307;3732;260216;190163;49.5;36.1
02;2021-07-08;1385;3876;261601;194039;49.7;36.9
02;2021-07-09;1273;4215;262874;198254;50.0;37.7
02;2021-07-10;1323;4605;264197;202859;50.2;38.6
02;2021-07-11;479;1965;264676;204824;50.3;38.9
02;2021-07-12;1404;3712;266080;208536;50.6;39.6
02;2021-07-13;2051;3641;268131;212177;51.0;40.3
02;2021-07-14;1752;1588;269883;213765;51.3;40.6
02;2021-07-15;2696;3521;272579;217286;51.8;41.3
02;2021-07-16;3133;4191;275712;221477;52.4;42.1
02;2021-07-17;3544;4177;279256;225654;53.1;42.9
02;2021-07-18;2024;1588;281280;227242;53.5;43.2
03;2020-12-27;0;0;0;0;0.0;0.0
03;2020-12-28;0;0;0;0;0.0;0.0
03;2020-12-29;0;0;0;0;0.0;0.0
03;2020-12-30;0;0;0;0;0.0;0.0
03;2020-12-31;0;0;0;0;0.0;0.0
03;2021-01-01;0;0;0;0;0.0;0.0
03;2021-01-02;0;0;0;0;0.0;0.0
03;2021-01-03;0;0;0;0;0.0;0.0
03;2021-01-04;0;0;0;0;0.0;0.0
03;2021-01-05;0;0;0;0;0.0;0.0
03;2021-01-06;10;0;10;0;0.0;0.0
03;2021-01-07;60;0;70;0;0.0;0.0
03;2021-01-08;146;1;216;1;0.1;0.0
03;2021-01-09;122;0;338;1;0.1;0.0
03;2021-01-10;6;0;344;1;0.1;0.0
03;2021-01-11;412;0;756;1;0.2;0.0
03;2021-01-12;630;0;1386;1;0.4;0.0
03;2021-01-13;669;1;2055;2;0.6;0.0
03;2021-01-14;860;4;2915;6;0.9;0.0
03;2021-01-15;322;2;3237;8;1.0;0.0
03;2021-01-16;277;0;3514;8;1.1;0.0
03;2021-01-17;42;0;3556;8;1.1;0.0
03;2021-01-18;878;0;4434;8;1.3;0.0
03;2021-01-19;1150;1;5584;9;1.7;0.0
03;2021-01-20;1289;2;6873;11;2.1;0.0
03;2021-01-21;1196;4;8069;15;2.4;0.0
03;2021-01-22;1116;3;9185;18;2.8;0.0
03;2021-01-23;465;0;9650;18;2.9;0.0
03;2021-01-24;0;0;9650;18;2.9;0.0
03;2021-01-25;187;0;9837;18;3.0;0.0
03;2021-01-26;678;14;10515;32;3.2;0.0
03;2021-01-27;695;10;11210;42;3.4;0.0
03;2021-01-28;1018;44;12228;86;3.7;0.0
03;2021-01-29;855;81;13083;167;3.9;0.1
03;2021-01-30;600;2;13683;169;4.1;0.1
03;2021-01-31;0;0;13683;169;4.1;0.1
03;2021-02-01;160;76;13843;245;4.2;0.1
03;2021-02-02;765;269;14608;514;4.4;0.2
03;2021-02-03;1055;491;15663;1005;4.7;0.3
03;2021-02-04;1545;631;17208;1636;5.2;0.5
03;2021-02-05;943;315;18151;1951;5.5;0.6
03;2021-02-06;150;13;18301;1964;5.5;0.6
03;2021-02-07;5;0;18306;1964;5.5;0.6
03;2021-02-08;128;56;18434;2020;5.6;0.6
03;2021-02-09;610;440;19044;2460;5.7;0.7
03;2021-02-10;483;339;19527;2799;5.9;0.8
03;2021-02-11;1025;573;20552;3372;6.2;1.0
03;2021-02-12;1074;550;21626;3922;6.5;1.2
03;2021-02-13;126;168;21752;4090;6.6;1.2
03;2021-02-14;0;1;21752;4091;6.6;1.2
03;2021-02-15;308;861;22060;4952;6.7;1.5
03;2021-02-16;547;1169;22607;6121;6.8;1.8
03;2021-02-17;453;1364;23060;7485;7.0;2.3
03;2021-02-18;367;1272;23427;8757;7.1;2.6
03;2021-02-19;496;799;23923;9556;7.2;2.9
03;2021-02-20;128;185;24051;9741;7.3;2.9
03;2021-02-21;1;1;24052;9742;7.3;2.9
03;2021-02-22;159;205;24211;9947;7.3;3.0
03;2021-02-23;721;949;24932;10896;7.5;3.3
03;2021-02-24;609;1022;25541;11918;7.7;3.6
03;2021-02-25;1090;1837;26631;13755;8.0;4.2
03;2021-02-26;820;1371;27451;15126;8.3;4.6
03;2021-02-27;96;259;27547;15385;8.3;4.6
03;2021-02-28;0;15;27547;15400;8.3;4.6
03;2021-03-01;178;241;27725;15641;8.4;4.7
03;2021-03-02;818;660;28543;16301;8.6;4.9
03;2021-03-03;893;442;29436;16743;8.9;5.1
03;2021-03-04;1526;580;30962;17323;9.3;5.2
03;2021-03-05;1119;717;32081;18040;9.7;5.4
03;2021-03-06;913;108;32994;18148;10.0;5.5
03;2021-03-07;2;0;32996;18148;10.0;5.5
03;2021-03-08;237;245;33233;18393;10.0;5.6
03;2021-03-09;1015;434;34248;18827;10.3;5.7
03;2021-03-10;940;543;35188;19370;10.6;5.8
03;2021-03-11;1674;640;36862;20010;11.1;6.0
03;2021-03-12;1300;859;38162;20869;11.5;6.3
03;2021-03-13;861;108;39023;20977;11.8;6.3
03;2021-03-14;2;9;39025;20986;11.8;6.3
03;2021-03-15;249;200;39274;21186;11.9;6.4
03;2021-03-16;650;397;39924;21583;12.1;6.5
03;2021-03-17;1298;434;41222;22017;12.4;6.6
03;2021-03-18;1720;384;42942;22401;13.0;6.8
03;2021-03-19;1726;355;44668;22756;13.5;6.9
03;2021-03-20;301;20;44969;22776;13.6;6.9
03;2021-03-21;0;0;44969;22776;13.6;6.9
03;2021-03-22;222;393;45191;23169;13.6;7.0
03;2021-03-23;1350;344;46541;23513;14.0;7.1
03;2021-03-24;1819;350;48360;23863;14.6;7.2
03;2021-03-25;2366;557;50726;24420;15.3;7.4
03;2021-03-26;2232;433;52958;24853;16.0;7.5
03;2021-03-27;816;20;53774;24873;16.2;7.5
03;2021-03-28;1;39;53775;24912;16.2;7.5
03;2021-03-29;657;174;54432;25086;16.4;7.6
03;2021-03-30;1906;439;56338;25525;17.0;7.7
03;2021-03-31;1011;985;57349;26510;17.3;8.0
03;2021-04-01;1329;1088;58678;27598;17.7;8.3
03;2021-04-02;1707;601;60385;28199;18.2;8.5
03;2021-04-03;365;95;60750;28294;18.3;8.5
03;2021-04-04;1;0;60751;28294;18.3;8.5
03;2021-04-05;16;14;60767;28308;18.3;8.5
03;2021-04-06;1071;403;61838;28711;18.7;8.7
03;2021-04-07;1561;500;63399;29211;19.1;8.8
03;2021-04-08;2119;465;65518;29676;19.8;9.0
03;2021-04-09;2057;1150;67575;30826;20.4;9.3
03;2021-04-10;1011;70;68586;30896;20.7;9.3
03;2021-04-11;477;7;69063;30903;20.8;9.3
03;2021-04-12;985;218;70048;31121;21.1;9.4
03;2021-04-13;1870;953;71918;32074;21.7;9.7
03;2021-04-14;2330;1194;74248;33268;22.4;10.0
03;2021-04-15;2619;1383;76867;34651;23.2;10.5
03;2021-04-16;2831;1149;79698;35800;24.1;10.8
03;2021-04-17;1082;433;80780;36233;24.4;10.9
03;2021-04-18;0;0;80780;36233;24.4;10.9
03;2021-04-19;1192;579;81972;36812;24.7;11.1
03;2021-04-20;1751;1257;83723;38069;25.3;11.5
03;2021-04-21;1123;1284;84846;39353;25.6;11.9
03;2021-04-22;1673;980;86519;40333;26.1;12.2
03;2021-04-23;2473;1232;88992;41565;26.9;12.5
03;2021-04-24;1302;895;90294;42460;27.3;12.8
03;2021-04-25;350;13;90644;42473;27.4;12.8
03;2021-04-26;1331;456;91975;42929;27.8;13.0
03;2021-04-27;1765;1495;93740;44424;28.3;13.4
03;2021-04-28;1928;1097;95668;45521;28.9;13.7
03;2021-04-29;2371;1227;98039;46748;29.6;14.1
03;2021-04-30;1929;792;99968;47540;30.2;14.3
03;2021-05-01;437;481;100405;48021;30.3;14.5
03;2021-05-02;1;1;100406;48022;30.3;14.5
03;2021-05-03;1909;763;102315;48785;30.9;14.7
03;2021-05-04;2840;1611;105155;50396;31.7;15.2
03;2021-05-05;2601;1308;107756;51704;32.5;15.6
03;2021-05-06;3093;2001;110849;53705;33.5;16.2
03;2021-05-07;4727;1781;115576;55486;34.9;16.7
03;2021-05-08;659;377;116235;55863;35.1;16.9
03;2021-05-09;48;512;116283;56375;35.1;17.0
03;2021-05-10;1892;1456;118175;57831;35.7;17.5
03;2021-05-11;3897;1817;122072;59648;36.8;18.0
03;2021-05-12;2969;1515;125041;61163;37.7;18.5
03;2021-05-13;4377;395;129418;61558;39.1;18.6
03;2021-05-14;3652;1681;133070;63239;40.2;19.1
03;2021-05-15;1942;488;135012;63727;40.8;19.2
03;2021-05-16;517;56;135529;63783;40.9;19.3
03;2021-05-17;1276;858;136805;64641;41.3;19.5
03;2021-05-18;3067;1493;139872;66134;42.2;20.0
03;2021-05-19;2617;957;142489;67091;43.0;20.2
03;2021-05-20;3329;1122;145818;68213;44.0;20.6
03;2021-05-21;4188;1269;150006;69482;45.3;21.0
03;2021-05-22;2011;355;152017;69837;45.9;21.1
03;2021-05-23;638;73;152655;69910;46.1;21.1
03;2021-05-24;2652;204;155307;70114;46.9;21.2
03;2021-05-25;3068;1681;158375;71795;47.8;21.7
03;2021-05-26;2334;1039;160709;72834;48.5;22.0
03;2021-05-27;2944;1119;163653;73953;49.4;22.3
03;2021-05-28;3839;2266;167492;76219;50.6;23.0
03;2021-05-29;1746;595;169238;76814;51.1;23.2
03;2021-05-30;242;23;169480;76837;51.2;23.2
03;2021-05-31;691;568;170171;77405;51.4;23.4
03;2021-06-01;2297;2343;172468;79748;52.1;24.1
03;2021-06-02;1526;1745;173994;81493;52.5;24.6
03;2021-06-03;2055;2751;176049;84244;53.1;25.4
03;2021-06-04;1697;2503;177746;86747;53.6;26.2
03;2021-06-05;1075;1141;178821;87888;54.0;26.5
03;2021-06-06;57;7;178878;87895;54.0;26.5
03;2021-06-07;781;1809;179659;89704;54.2;27.1
03;2021-06-08;1445;2549;181104;92253;54.7;27.8
03;2021-06-09;1239;1871;182343;94124;55.0;28.4
03;2021-06-10;1319;2117;183662;96241;55.4;29.0
03;2021-06-11;1414;3448;185076;99689;55.9;30.1
03;2021-06-12;828;823;185904;100512;56.1;30.3
03;2021-06-13;19;10;185923;100522;56.1;30.3
03;2021-06-14;376;2179;186299;102701;56.2;31.0
03;2021-06-15;1212;3838;187511;106539;56.6;32.2
03;2021-06-16;757;2881;188268;109420;56.8;33.0
03;2021-06-17;1038;3333;189306;112753;57.1;34.0
03;2021-06-18;1085;3980;190391;116733;57.5;35.2
03;2021-06-19;638;1621;191029;118354;57.7;35.7
03;2021-06-20;14;8;191043;118362;57.7;35.7
03;2021-06-21;419;2640;191462;121002;57.8;36.5
03;2021-06-22;938;4006;192400;125008;58.1;37.7
03;2021-06-23;641;3283;193041;128291;58.3;38.7
03;2021-06-24;944;3865;193985;132156;58.6;39.9
03;2021-06-25;874;3887;194859;136043;58.8;41.1
03;2021-06-26;491;2042;195350;138085;59.0;41.7
03;2021-06-27;49;485;195399;138570;59.0;41.8
03;2021-06-28;626;2098;196025;140668;59.2;42.5
03;2021-06-29;1005;3338;197030;144006;59.5;43.5
03;2021-06-30;820;3120;197850;147126;59.7;44.4
03;2021-07-01;958;2938;198808;150064;60.0;45.3
03;2021-07-02;890;4093;199698;154157;60.3;46.5
03;2021-07-03;470;1884;200168;156041;60.4;47.1
03;2021-07-04;19;333;200187;156374;60.4;47.2
03;2021-07-05;756;2379;200943;158753;60.7;47.9
03;2021-07-06;1085;3451;202028;162204;61.0;49.0
03;2021-07-07;791;2613;202819;164817;61.2;49.7
03;2021-07-08;1043;3036;203862;167853;61.5;50.7
03;2021-07-09;1425;3626;205287;171479;62.0;51.8
03;2021-07-10;484;1928;205771;173407;62.1;52.3
03;2021-07-11;60;493;205831;173900;62.1;52.5
03;2021-07-12;921;1151;206752;175051;62.4;52.8
03;2021-07-13;2514;3149;209266;178200;63.2;53.8
03;2021-07-14;193;22;209459;178222;63.2;53.8
03;2021-07-15;2548;2445;212007;180667;64.0;54.5
03;2021-07-16;2681;2243;214688;182910;64.8;55.2
03;2021-07-17;1015;1611;215703;184521;65.1;55.7
03;2021-07-18;20;5;215723;184526;65.1;55.7
04;2020-12-27;0;0;0;0;0.0;0.0
04;2020-12-28;0;0;0;0;0.0;0.0
04;2020-12-29;0;0;0;0;0.0;0.0
04;2020-12-30;0;0;0;0;0.0;0.0
04;2020-12-31;0;0;0;0;0.0;0.0
04;2021-01-01;0;0;0;0;0.0;0.0
04;2021-01-02;0;0;0;0;0.0;0.0
04;2021-01-03;0;0;0;0;0.0;0.0
04;2021-01-04;0;0;0;0;0.0;0.0
04;2021-01-05;4;0;4;0;0.0;0.0
04;2021-01-06;0;0;4;0;0.0;0.0
04;2021-01-07;61;0;65;0;0.0;0.0
04;2021-01-08;88;0;153;0;0.1;0.0
04;2021-01-09;56;0;209;0;0.1;0.0
04;2021-01-10;0;0;209;0;0.1;0.0
04;2021-01-11;76;0;285;0;0.2;0.0
04;2021-01-12;418;1;703;1;0.4;0.0
04;2021-01-13;245;1;948;2;0.6;0.0
04;2021-01-14;90;2;1038;4;0.6;0.0
04;2021-01-15;165;3;1203;7;0.7;0.0
04;2021-01-16;105;2;1308;9;0.8;0.0
04;2021-01-17;14;0;1322;9;0.8;0.0
04;2021-01-18;235;9;1557;18;0.9;0.0
04;2021-01-19;466;4;2023;22;1.2;0.0
04;2021-01-20;572;5;2595;27;1.6;0.0
04;2021-01-21;612;5;3207;32;1.9;0.0
04;2021-01-22;637;1;3844;33;2.3;0.0
04;2021-01-23;109;0;3953;33;2.4;0.0
04;2021-01-24;0;0;3953;33;2.4;0.0
04;2021-01-25;239;0;4192;33;2.5;0.0
04;2021-01-26;656;0;4848;33;2.9;0.0
04;2021-01-27;480;0;5328;33;3.2;0.0
04;2021-01-28;665;20;5993;53;3.6;0.0
04;2021-01-29;367;41;6360;94;3.8;0.1
04;2021-01-30;65;41;6425;135;3.9;0.1
04;2021-01-31;1;5;6426;140;3.9;0.1
04;2021-02-01;234;149;6660;289;4.0;0.2
04;2021-02-02;529;223;7189;512;4.4;0.3
04;2021-02-03;367;162;7556;674;4.6;0.4
04;2021-02-04;355;52;7911;726;4.8;0.4
04;2021-02-05;377;224;8288;950;5.0;0.6
04;2021-02-06;50;96;8338;1046;5.0;0.6
04;2021-02-07;2;22;8340;1068;5.0;0.6
04;2021-02-08;163;71;8503;1139;5.1;0.7
04;2021-02-09;193;144;8696;1283;5.3;0.8
04;2021-02-10;252;171;8948;1454;5.4;0.9
04;2021-02-11;363;293;9311;1747;5.6;1.1
04;2021-02-12;292;318;9603;2065;5.8;1.3
04;2021-02-13;26;94;9629;2159;5.8;1.3
04;2021-02-14;0;0;9629;2159;5.8;1.3
04;2021-02-15;31;165;9660;2324;5.8;1.4
04;2021-02-16;82;521;9742;2845;5.9;1.7
04;2021-02-17;67;433;9809;3278;5.9;2.0
04;2021-02-18;45;613;9854;3891;6.0;2.4
04;2021-02-19;51;379;9905;4270;6.0;2.6
04;2021-02-20;5;71;9910;4341;6.0;2.6
04;2021-02-21;0;0;9910;4341;6.0;2.6
04;2021-02-22;7;298;9917;4639;6.0;2.8
04;2021-02-23;19;595;9936;5234;6.0;3.2
04;2021-02-24;38;428;9974;5662;6.0;3.4
04;2021-02-25;70;379;10044;6041;6.1;3.7
04;2021-02-26;215;332;10259;6373;6.2;3.9
04;2021-02-27;177;75;10436;6448;6.3;3.9
04;2021-02-28;1;0;10437;6448;6.3;3.9
04;2021-03-01;17;73;10454;6521;6.3;3.9
04;2021-03-02;135;41;10589;6562;6.4;4.0
04;2021-03-03;375;642;10964;7204;6.6;4.4
04;2021-03-04;207;490;11171;7694;6.8;4.7
04;2021-03-05;232;359;11403;8053;6.9;4.9
04;2021-03-06;911;63;12314;8116;7.5;4.9
04;2021-03-07;497;24;12811;8140;7.8;4.9
04;2021-03-08;44;83;12855;8223;7.8;5.0
04;2021-03-09;215;256;13070;8479;7.9;5.1
04;2021-03-10;401;370;13471;8849;8.2;5.4
04;2021-03-11;495;340;13966;9189;8.5;5.6
04;2021-03-12;697;200;14663;9389;8.9;5.7
04;2021-03-13;1080;58;15743;9447;9.5;5.7
04;2021-03-14;459;3;16202;9450;9.8;5.7
04;2021-03-15;92;13;16294;9463;9.9;5.7
04;2021-03-16;74;9;16368;9472;9.9;5.7
04;2021-03-17;531;72;16899;9544;10.2;5.8
04;2021-03-18;814;21;17713;9565;10.7;5.8
04;2021-03-19;722;30;18435;9595;11.2;5.8
04;2021-03-20;158;2;18593;9597;11.3;5.8
04;2021-03-21;0;0;18593;9597;11.3;5.8
04;2021-03-22;105;11;18698;9608;11.3;5.8
04;2021-03-23;243;5;18941;9613;11.5;5.8
04;2021-03-24;1021;49;19962;9662;12.1;5.8
04;2021-03-25;1324;42;21286;9704;12.9;5.9
04;2021-03-26;1448;60;22734;9764;13.8;5.9
04;2021-03-27;262;19;22996;9783;13.9;5.9
04;2021-03-28;2;0;22998;9783;13.9;5.9
04;2021-03-29;678;11;23676;9794;14.3;5.9
04;2021-03-30;1084;142;24760;9936;15.0;6.0
04;2021-03-31;1326;99;26086;10035;15.8;6.1
04;2021-04-01;1131;122;27217;10157;16.5;6.1
04;2021-04-02;1183;106;28400;10263;17.2;6.2
04;2021-04-03;248;20;28648;10283;17.3;6.2
04;2021-04-04;1;0;28649;10283;17.3;6.2
04;2021-04-05;33;0;28682;10283;17.4;6.2
04;2021-04-06;926;142;29608;10425;17.9;6.3
04;2021-04-07;884;425;30492;10850;18.5;6.6
04;2021-04-08;922;694;31414;11544;19.0;7.0
04;2021-04-09;674;413;32088;11957;19.4;7.2
04;2021-04-10;231;192;32319;12149;19.6;7.4
04;2021-04-11;153;65;32472;12214;19.7;7.4
04;2021-04-12;594;98;33066;12312;20.0;7.5
04;2021-04-13;1190;234;34256;12546;20.7;7.6
04;2021-04-14;990;499;35246;13045;21.3;7.9
04;2021-04-15;920;666;36166;13711;21.9;8.3
04;2021-04-16;816;455;36982;14166;22.4;8.6
04;2021-04-17;210;69;37192;14235;22.5;8.6
04;2021-04-18;0;13;37192;14248;22.5;8.6
04;2021-04-19;338;290;37530;14538;22.7;8.8
04;2021-04-20;1003;441;38533;14979;23.3;9.1
04;2021-04-21;654;743;39187;15722;23.7;9.5
04;2021-04-22;759;853;39946;16575;24.2;10.0
04;2021-04-23;693;531;40639;17106;24.6;10.4
04;2021-04-24;161;64;40800;17170;24.7;10.4
04;2021-04-25;0;0;40800;17170;24.7;10.4
04;2021-04-26;171;612;40971;17782;24.8;10.8
04;2021-04-27;393;964;41364;18746;25.0;11.3
04;2021-04-28;431;1088;41795;19834;25.3;12.0
04;2021-04-29;686;1124;42481;20958;25.7;12.7
04;2021-04-30;434;849;42915;21807;26.0;13.2
04;2021-05-01;104;22;43019;21829;26.0;13.2
04;2021-05-02;8;132;43027;21961;26.0;13.3
04;2021-05-03;151;552;43178;22513;26.1;13.6
04;2021-05-04;564;837;43742;23350;26.5;14.1
04;2021-05-05;510;927;44252;24277;26.8;14.7
04;2021-05-06;1160;587;45412;24864;27.5;15.1
04;2021-05-07;657;760;46069;25624;27.9;15.5
04;2021-05-08;48;98;46117;25722;27.9;15.6
04;2021-05-09;0;0;46117;25722;27.9;15.6
04;2021-05-10;466;296;46583;26018;28.2;15.7
04;2021-05-11;1202;906;47785;26924;28.9;16.3
04;2021-05-12;1390;735;49175;27659;29.8;16.7
04;2021-05-13;378;129;49553;27788;30.0;16.8
04;2021-05-14;441;294;49994;28082;30.3;17.0
04;2021-05-15;98;162;50092;28244;30.3;17.1
04;2021-05-16;1;6;50093;28250;30.3;17.1
04;2021-05-17;154;297;50247;28547;30.4;17.3
04;2021-05-18;391;975;50638;29522;30.7;17.9
04;2021-05-19;768;688;51406;30210;31.1;18.3
04;2021-05-20;1257;553;52663;30763;31.9;18.6
04;2021-05-21;848;785;53511;31548;32.4;19.1
04;2021-05-22;105;146;53616;31694;32.5;19.2
04;2021-05-23;1;1;53617;31695;32.5;19.2
04;2021-05-24;0;36;53617;31731;32.5;19.2
04;2021-05-25;865;596;54482;32327;33.0;19.6
04;2021-05-26;1047;785;55529;33112;33.6;20.0
04;2021-05-27;1357;630;56886;33742;34.4;20.4
04;2021-05-28;1119;657;58005;34399;35.1;20.8
04;2021-05-29;88;397;58093;34796;35.2;21.1
04;2021-05-30;3;1;58096;34797;35.2;21.1
04;2021-05-31;421;418;58517;35215;35.4;21.3
04;2021-06-01;641;634;59158;35849;35.8;21.7
04;2021-06-02;867;1062;60025;36911;36.3;22.3
04;2021-06-03;1195;852;61220;37763;37.1;22.9
04;2021-06-04;977;777;62197;38540;37.7;23.3
04;2021-06-05;141;201;62338;38741;37.7;23.5
04;2021-06-06;6;12;62344;38753;37.7;23.5
04;2021-06-07;562;319;62906;39072;38.1;23.7
04;2021-06-08;830;593;63736;39665;38.6;24.0
04;2021-06-09;1146;688;64882;40353;39.3;24.4
04;2021-06-10;1138;583;66020;40936;40.0;24.8
04;2021-06-11;944;611;66964;41547;40.5;25.1
04;2021-06-12;210;147;67174;41694;40.7;25.2
04;2021-06-13;1;1;67175;41695;40.7;25.2
04;2021-06-14;475;303;67650;41998;41.0;25.4
04;2021-06-15;638;1001;68288;42999;41.3;26.0
04;2021-06-16;1016;784;69304;43783;42.0;26.5
04;2021-06-17;994;958;70298;44741;42.6;27.1
04;2021-06-18;756;888;71054;45629;43.0;27.6
04;2021-06-19;38;85;71092;45714;43.0;27.7
04;2021-06-20;7;9;71099;45723;43.0;27.7
04;2021-06-21;302;614;71401;46337;43.2;28.0
04;2021-06-22;355;1306;71756;47643;43.4;28.8
04;2021-06-23;470;1313;72226;48956;43.7;29.6
04;2021-06-24;847;817;73073;49773;44.2;30.1
04;2021-06-25;460;633;73533;50406;44.5;30.5
04;2021-06-26;56;130;73589;50536;44.5;30.6
04;2021-06-27;4;4;73593;50540;44.5;30.6
04;2021-06-28;160;342;73753;50882;44.6;30.8
04;2021-06-29;367;828;74120;51710;44.9;31.3
04;2021-06-30;536;1121;74656;52831;45.2;32.0
04;2021-07-01;573;1210;75229;54041;45.5;32.7
04;2021-07-02;553;1085;75782;55126;45.9;33.4
04;2021-07-03;64;162;75846;55288;45.9;33.5
04;2021-07-04;6;6;75852;55294;45.9;33.5
04;2021-07-05;106;295;75958;55589;46.0;33.7
04;2021-07-06;498;1382;76456;56971;46.3;34.5
04;2021-07-07;485;1343;76941;58314;46.6;35.3
04;2021-07-08;713;1344;77654;59658;47.0;36.1
04;2021-07-09;580;1061;78234;60719;47.4;36.8
04;2021-07-10;91;175;78325;60894;47.4;36.9
04;2021-07-11;0;21;78325;60915;47.4;36.9
04;2021-07-12;126;654;78451;61569;47.5;37.3
04;2021-07-13;869;1536;79320;63105;48.0;38.2
04;2021-07-14;24;43;79344;63148;48.0;38.2
04;2021-07-15;1208;1724;80552;64872;48.8;39.3
04;2021-07-16;1066;1101;81618;65973;49.4;39.9
04;2021-07-17;439;228;82057;66201;49.7;40.1
04;2021-07-18;111;18;82168;66219;49.7;40.1
05;2020-12-27;0;0;0;0;0.0;0.0
05;2020-12-28;1;0;1;0;0.0;0.0
05;2020-12-29;1;0;2;0;0.0;0.0
05;2020-12-30;0;0;2;0;0.0;0.0
05;2020-12-31;0;0;2;0;0.0;0.0
05;2021-01-01;1;0;3;0;0.0;0.0
05;2021-01-02;2;0;5;0;0.0;0.0
05;2021-01-03;1;0;6;0;0.0;0.0
05;2021-01-04;2;0;8;0;0.0;0.0
05;2021-01-05;0;0;8;0;0.0;0.0
05;2021-01-06;20;0;28;0;0.0;0.0
05;2021-01-07;128;0;156;0;0.1;0.0
05;2021-01-08;146;0;302;0;0.2;0.0
05;2021-01-09;11;0;313;0;0.2;0.0
05;2021-01-10;0;0;313;0;0.2;0.0
05;2021-01-11;43;0;356;0;0.3;0.0
05;2021-01-12;105;0;461;0;0.3;0.0
05;2021-01-13;140;0;601;0;0.4;0.0
05;2021-01-14;166;0;767;0;0.5;0.0
05;2021-01-15;128;1;895;1;0.6;0.0
05;2021-01-16;13;0;908;1;0.6;0.0
05;2021-01-17;0;0;908;1;0.6;0.0
05;2021-01-18;224;1;1132;2;0.8;0.0
05;2021-01-19;226;0;1358;2;1.0;0.0
05;2021-01-20;212;0;1570;2;1.1;0.0
05;2021-01-21;255;0;1825;2;1.3;0.0
05;2021-01-22;194;1;2019;3;1.4;0.0
05;2021-01-23;112;0;2131;3;1.5;0.0
05;2021-01-24;0;0;2131;3;1.5;0.0
05;2021-01-25;315;0;2446;3;1.7;0.0
05;2021-01-26;486;1;2932;4;2.1;0.0
05;2021-01-27;389;4;3321;8;2.3;0.0
05;2021-01-28;362;55;3683;63;2.6;0.0
05;2021-01-29;363;112;4046;175;2.9;0.1
05;2021-01-30;97;8;4143;183;2.9;0.1
05;2021-01-31;3;0;4146;183;2.9;0.1
05;2021-02-01;175;21;4321;204;3.0;0.1
05;2021-02-02;186;121;4507;325;3.2;0.2
05;2021-02-03;204;65;4711;390;3.3;0.3
05;2021-02-04;197;129;4908;519;3.5;0.4
05;2021-02-05;183;111;5091;630;3.6;0.4
05;2021-02-06;73;23;5164;653;3.6;0.5
05;2021-02-07;0;5;5164;658;3.6;0.5
05;2021-02-08;84;125;5248;783;3.7;0.6
05;2021-02-09;97;118;5345;901;3.8;0.6
05;2021-02-10;81;178;5426;1079;3.8;0.8
05;2021-02-11;87;138;5513;1217;3.9;0.9
05;2021-02-12;84;150;5597;1367;3.9;1.0
05;2021-02-13;75;32;5672;1399;4.0;1.0
05;2021-02-14;0;0;5672;1399;4.0;1.0
05;2021-02-15;97;191;5769;1590;4.1;1.1
05;2021-02-16;110;286;5879;1876;4.1;1.3
05;2021-02-17;136;233;6015;2109;4.2;1.5
05;2021-02-18;154;299;6169;2408;4.4;1.7
05;2021-02-19;158;322;6327;2730;4.5;1.9
05;2021-02-20;31;87;6358;2817;4.5;2.0
05;2021-02-21;0;0;6358;2817;4.5;2.0
05;2021-02-22;70;243;6428;3060;4.5;2.2
05;2021-02-23;18;238;6446;3298;4.5;2.3
05;2021-02-24;21;196;6467;3494;4.6;2.5
05;2021-02-25;56;178;6523;3672;4.6;2.6
05;2021-02-26;145;213;6668;3885;4.7;2.7
05;2021-02-27;65;171;6733;4056;4.7;2.9
05;2021-02-28;10;0;6743;4056;4.8;2.9
05;2021-03-01;90;163;6833;4219;4.8;3.0
05;2021-03-02;92;197;6925;4416;4.9;3.1
05;2021-03-03;111;224;7036;4640;5.0;3.3
05;2021-03-04;241;163;7277;4803;5.1;3.4
05;2021-03-05;576;187;7853;4990;5.5;3.5
05;2021-03-06;668;59;8521;5049;6.0;3.6
05;2021-03-07;515;16;9036;5065;6.4;3.6
05;2021-03-08;556;132;9592;5197;6.8;3.7
05;2021-03-09;517;155;10109;5352;7.1;3.8
05;2021-03-10;496;137;10605;5489;7.5;3.9
05;2021-03-11;372;130;10977;5619;7.7;4.0
05;2021-03-12;435;86;11412;5705;8.1;4.0
05;2021-03-13;791;81;12203;5786;8.6;4.1
05;2021-03-14;668;5;12871;5791;9.1;4.1
05;2021-03-15;353;125;13224;5916;9.3;4.2
05;2021-03-16;148;138;13372;6054;9.4;4.3
05;2021-03-17;261;120;13633;6174;9.6;4.4
05;2021-03-18;364;33;13997;6207;9.9;4.4
05;2021-03-19;449;58;14446;6265;10.2;4.4
05;2021-03-20;167;32;14613;6297;10.3;4.4
05;2021-03-21;0;0;14613;6297;10.3;4.4
05;2021-03-22;715;27;15328;6324;10.8;4.5
05;2021-03-23;804;8;16132;6332;11.4;4.5
05;2021-03-24;786;70;16918;6402;11.9;4.5
05;2021-03-25;899;47;17817;6449;12.6;4.5
05;2021-03-26;1021;41;18838;6490;13.3;4.6
05;2021-03-27;466;33;19304;6523;13.6;4.6
05;2021-03-28;10;0;19314;6523;13.6;4.6
05;2021-03-29;903;61;20217;6584;14.3;4.6
05;2021-03-30;1140;65;21357;6649;15.1;4.7
05;2021-03-31;823;247;22180;6896;15.6;4.9
05;2021-04-01;896;237;23076;7133;16.3;5.0
05;2021-04-02;665;373;23741;7506;16.7;5.3
05;2021-04-03;549;180;24290;7686;17.1;5.4
05;2021-04-04;350;61;24640;7747;17.4;5.5
05;2021-04-05;155;11;24795;7758;17.5;5.5
05;2021-04-06;646;263;25441;8021;17.9;5.7
05;2021-04-07;772;322;26213;8343;18.5;5.9
05;2021-04-08;733;330;26946;8673;19.0;6.1
05;2021-04-09;881;390;27827;9063;19.6;6.4
05;2021-04-10;713;385;28540;9448;20.1;6.7
05;2021-04-11;190;174;28730;9622;20.3;6.8
05;2021-04-12;732;257;29462;9879;20.8;7.0
05;2021-04-13;917;218;30379;10097;21.4;7.1
05;2021-04-14;665;325;31044;10422;21.9;7.4
05;2021-04-15;764;397;31808;10819;22.4;7.6
05;2021-04-16;731;404;32539;11223;23.0;7.9
05;2021-04-17;669;237;33208;11460;23.4;8.1
05;2021-04-18;305;22;33513;11482;23.6;8.1
05;2021-04-19;363;535;33876;12017;23.9;8.5
05;2021-04-20;479;625;34355;12642;24.2;8.9
05;2021-04-21;492;629;34847;13271;24.6;9.4
05;2021-04-22;385;545;35232;13816;24.9;9.7
05;2021-04-23;522;648;35754;14464;25.2;10.2
05;2021-04-24;344;380;36098;14844;25.5;10.5
05;2021-04-25;288;20;36386;14864;25.7;10.5
05;2021-04-26;361;704;36747;15568;25.9;11.0
05;2021-04-27;657;747;37404;16315;26.4;11.5
05;2021-04-28;466;717;37870;17032;26.7;12.0
05;2021-04-29;701;747;38571;17779;27.2;12.5
05;2021-04-30;506;751;39077;18530;27.6;13.1
05;2021-05-01;137;109;39214;18639;27.7;13.1
05;2021-05-02;266;110;39480;18749;27.9;13.2
05;2021-05-03;456;494;39936;19243;28.2;13.6
05;2021-05-04;384;502;40320;19745;28.4;13.9
05;2021-05-05;463;670;40783;20415;28.8;14.4
05;2021-05-06;646;716;41429;21131;29.2;14.9
05;2021-05-07;595;800;42024;21931;29.6;15.5
05;2021-05-08;480;174;42504;22105;30.0;15.6
05;2021-05-09;208;57;42712;22162;30.1;15.6
05;2021-05-10;497;691;43209;22853;30.5;16.1
05;2021-05-11;668;912;43877;23765;31.0;16.8
05;2021-05-12;645;731;44522;24496;31.4;17.3
05;2021-05-13;958;113;45480;24609;32.1;17.4
05;2021-05-14;825;491;46305;25100;32.7;17.7
05;2021-05-15;1041;353;47346;25453;33.4;18.0
05;2021-05-16;234;52;47580;25505;33.6;18.0
05;2021-05-17;483;431;48063;25936;33.9;18.3
05;2021-05-18;515;418;48578;26354;34.3;18.6
05;2021-05-19;724;456;49302;26810;34.8;18.9
05;2021-05-20;745;433;50047;27243;35.3;19.2
05;2021-05-21;706;511;50753;27754;35.8;19.6
05;2021-05-22;606;238;51359;27992;36.2;19.7
05;2021-05-23;277;59;51636;28051;36.4;19.8
05;2021-05-24;508;156;52144;28207;36.8;19.9
05;2021-05-25;513;481;52657;28688;37.1;20.2
05;2021-05-26;694;360;53351;29048;37.6;20.5
05;2021-05-27;796;570;54147;29618;38.2;20.9
05;2021-05-28;664;646;54811;30264;38.7;21.3
05;2021-05-29;567;546;55378;30810;39.1;21.7
05;2021-05-30;212;82;55590;30892;39.2;21.8
05;2021-05-31;575;496;56165;31388;39.6;22.1
05;2021-06-01;588;583;56753;31971;40.0;22.6
05;2021-06-02;682;702;57435;32673;40.5;23.0
05;2021-06-03;714;649;58149;33322;41.0;23.5
05;2021-06-04;1016;815;59165;34137;41.7;24.1
05;2021-06-05;807;502;59972;34639;42.3;24.4
05;2021-06-06;199;88;60171;34727;42.4;24.5
05;2021-06-07;605;836;60776;35563;42.9;25.1
05;2021-06-08;695;656;61471;36219;43.4;25.6
05;2021-06-09;646;780;62117;36999;43.8;26.1
05;2021-06-10;530;713;62647;37712;44.2;26.6
05;2021-06-11;760;721;63407;38433;44.7;27.1
05;2021-06-12;588;484;63995;38917;45.1;27.5
05;2021-06-13;111;91;64106;39008;45.2;27.5
05;2021-06-14;397;671;64503;39679;45.5;28.0
05;2021-06-15;542;914;65045;40593;45.9;28.6
05;2021-06-16;434;670;65479;41263;46.2;29.1
05;2021-06-17;356;803;65835;42066;46.4;29.7
05;2021-06-18;394;724;66229;42790;46.7;30.2
05;2021-06-19;420;573;66649;43363;47.0;30.6
05;2021-06-20;61;77;66710;43440;47.1;30.6
05;2021-06-21;317;649;67027;44089;47.3;31.1
05;2021-06-22;352;832;67379;44921;47.5;31.7
05;2021-06-23;352;765;67731;45686;47.8;32.2
05;2021-06-24;381;1020;68112;46706;48.0;32.9
05;2021-06-25;222;895;68334;47601;48.2;33.6
05;2021-06-26;289;1074;68623;48675;48.4;34.3
05;2021-06-27;126;169;68749;48844;48.5;34.5
05;2021-06-28;246;794;68995;49638;48.7;35.0
05;2021-06-29;246;782;69241;50420;48.8;35.6
05;2021-06-30;320;789;69561;51209;49.1;36.1
05;2021-07-01;377;791;69938;52000;49.3;36.7
05;2021-07-02;365;868;70303;52868;49.6;37.3
05;2021-07-03;301;738;70604;53606;49.8;37.8
05;2021-07-04;177;176;70781;53782;49.9;37.9
05;2021-07-05;262;783;71043;54565;50.1;38.5
05;2021-07-06;330;859;71373;55424;50.3;39.1
05;2021-07-07;390;783;71763;56207;50.6;39.7
05;2021-07-08;422;854;72185;57061;50.9;40.3
05;2021-07-09;417;997;72602;58058;51.2;41.0
05;2021-07-10;307;724;72909;58782;51.4;41.5
05;2021-07-11;172;116;73081;58898;51.6;41.5
05;2021-07-12;413;1011;73494;59909;51.8;42.3
05;2021-07-13;477;867;73971;60776;52.2;42.9
05;2021-07-14;836;301;74807;61077;52.8;43.1
05;2021-07-15;700;990;75507;62067;53.3;43.8
05;2021-07-16;1015;1439;76522;63506;54.0;44.8
05;2021-07-17;665;1287;77187;64793;54.5;45.7
05;2021-07-18;284;125;77471;64918;54.7;45.8
06;2020-12-27;1;0;1;0;0.0;0.0
06;2020-12-28;1;0;2;0;0.0;0.0
06;2020-12-29;0;0;2;0;0.0;0.0
06;2020-12-30;3;0;5;0;0.0;0.0
06;2020-12-31;19;0;24;0;0.0;0.0
06;2021-01-01;8;0;32;0;0.0;0.0
06;2021-01-02;4;0;36;0;0.0;0.0
06;2021-01-03;2;0;38;0;0.0;0.0
06;2021-01-04;133;1;171;1;0.0;0.0
06;2021-01-05;171;1;342;2;0.0;0.0
06;2021-01-06;209;0;551;2;0.1;0.0
06;2021-01-07;495;0;1046;2;0.1;0.0
06;2021-01-08;661;1;1707;3;0.2;0.0
06;2021-01-09;390;2;2097;5;0.2;0.0
06;2021-01-10;71;0;2168;5;0.2;0.0
06;2021-01-11;1126;0;3294;5;0.3;0.0
06;2021-01-12;2200;3;5494;8;0.5;0.0
06;2021-01-13;1705;6;7199;14;0.7;0.0
06;2021-01-14;2031;16;9230;30;0.9;0.0
06;2021-01-15;1820;4;11050;34;1.0;0.0
06;2021-01-16;959;2;12009;36;1.1;0.0
06;2021-01-17;225;0;12234;36;1.1;0.0
06;2021-01-18;2444;7;14678;43;1.4;0.0
06;2021-01-19;2581;2;17259;45;1.6;0.0
06;2021-01-20;3309;5;20568;50;1.9;0.0
06;2021-01-21;2989;19;23557;69;2.2;0.0
06;2021-01-22;2711;12;26268;81;2.4;0.0
06;2021-01-23;1291;2;27559;83;2.6;0.0
06;2021-01-24;28;0;27587;83;2.6;0.0
06;2021-01-25;2040;14;29627;97;2.7;0.0
06;2021-01-26;3335;37;32962;134;3.1;0.0
06;2021-01-27;2511;94;35473;228;3.3;0.0
06;2021-01-28;2759;205;38232;433;3.5;0.0
06;2021-01-29;2479;302;40711;735;3.8;0.1
06;2021-01-30;660;42;41371;777;3.8;0.1
06;2021-01-31;2;0;41373;777;3.8;0.1
06;2021-02-01;995;478;42368;1255;3.9;0.1
06;2021-02-02;1474;427;43842;1682;4.1;0.2
06;2021-02-03;328;137;44170;1819;4.1;0.2
06;2021-02-04;700;896;44870;2715;4.2;0.3
06;2021-02-05;1002;1120;45872;3835;4.2;0.4
06;2021-02-06;145;466;46017;4301;4.3;0.4
06;2021-02-07;4;49;46021;4350;4.3;0.4
06;2021-02-08;522;1089;46543;5439;4.3;0.5
06;2021-02-09;304;744;46847;6183;4.3;0.6
06;2021-02-10;360;698;47207;6881;4.4;0.6
06;2021-02-11;462;1076;47669;7957;4.4;0.7
06;2021-02-12;635;1312;48304;9269;4.5;0.9
06;2021-02-13;203;528;48507;9797;4.5;0.9
06;2021-02-14;1;2;48508;9799;4.5;0.9
06;2021-02-15;457;1282;48965;11081;4.5;1.0
06;2021-02-16;857;2037;49822;13118;4.6;1.2
06;2021-02-17;815;2159;50637;15277;4.7;1.4
06;2021-02-18;1780;2710;52417;17987;4.9;1.7
06;2021-02-19;1737;2148;54154;20135;5.0;1.9
06;2021-02-20;273;531;54427;20666;5.0;1.9
06;2021-02-21;17;55;54444;20721;5.0;1.9
06;2021-02-22;1067;1627;55511;22348;5.1;2.1
06;2021-02-23;1721;1557;57232;23905;5.3;2.2
06;2021-02-24;2091;1296;59323;25201;5.5;2.3
06;2021-02-25;3816;1712;63139;26913;5.8;2.5
06;2021-02-26;3365;1597;66504;28510;6.2;2.6
06;2021-02-27;1401;324;67905;28834;6.3;2.7
06;2021-02-28;80;23;67985;28857;6.3;2.7
06;2021-03-01;2394;813;70379;29670;6.5;2.7
06;2021-03-02;2422;980;72801;30650;6.7;2.8
06;2021-03-03;2814;574;75615;31224;7.0;2.9
06;2021-03-04;4558;600;80173;31824;7.4;2.9
06;2021-03-05;3866;1012;84039;32836;7.8;3.0
06;2021-03-06;11759;288;95798;33124;8.9;3.1
06;2021-03-07;10099;244;105897;33368;9.8;3.1
06;2021-03-08;4095;1179;109992;34547;10.2;3.2
06;2021-03-09;4908;916;114900;35463;10.6;3.3
06;2021-03-10;4635;828;119535;36291;11.1;3.4
06;2021-03-11;6675;840;126210;37131;11.7;3.4
06;2021-03-12;6816;966;133026;38097;12.3;3.5
06;2021-03-13;11120;277;144146;38374;13.4;3.6
06;2021-03-14;484;47;144630;38421;13.4;3.6
06;2021-03-15;4794;745;149424;39166;13.8;3.6
06;2021-03-16;3693;1026;153117;40192;14.2;3.7
06;2021-03-17;6079;1849;159196;42041;14.7;3.9
06;2021-03-18;5078;1797;164274;43838;15.2;4.1
06;2021-03-19;6763;1971;171037;45809;15.8;4.2
06;2021-03-20;2345;551;173382;46360;16.1;4.3
06;2021-03-21;397;24;173779;46384;16.1;4.3
06;2021-03-22;3928;676;177707;47060;16.5;4.4
06;2021-03-23;5938;1185;183645;48245;17.0;4.5
06;2021-03-24;4179;3322;187824;51567;17.4;4.8
06;2021-03-25;5802;3207;193626;54774;17.9;5.1
06;2021-03-26;6319;1973;199945;56747;18.5;5.3
06;2021-03-27;2014;362;201959;57109;18.7;5.3
06;2021-03-28;201;2;202160;57111;18.7;5.3
06;2021-03-29;3176;2076;205336;59187;19.0;5.5
06;2021-03-30;5150;2538;210486;61725;19.5;5.7
06;2021-03-31;7956;1590;218442;63315;20.2;5.9
06;2021-04-01;7588;2415;226030;65730;20.9;6.1
06;2021-04-02;7166;2656;233196;68386;21.6;6.3
06;2021-04-03;2694;1347;235890;69733;21.9;6.5
06;2021-04-04;293;545;236183;70278;21.9;6.5
06;2021-04-05;1385;689;237568;70967;22.0;6.6
06;2021-04-06;6571;3274;244139;74241;22.6;6.9
06;2021-04-07;6173;3852;250312;78093;23.2;7.2
06;2021-04-08;5688;5602;256000;83695;23.7;7.8
06;2021-04-09;9257;5749;265257;89444;24.6;8.3
06;2021-04-10;2377;2783;267634;92227;24.8;8.5
06;2021-04-11;171;55;267805;92282;24.8;8.5
06;2021-04-12;4340;3494;272145;95776;25.2;8.9
06;2021-04-13;6165;5058;278310;100834;25.8;9.3
06;2021-04-14;5403;4446;283713;105280;26.3;9.8
06;2021-04-15;5497;4334;289210;109614;26.8;10.2
06;2021-04-16;6982;5123;296192;114737;27.4;10.6
06;2021-04-17;2757;3075;298949;117812;27.7;10.9
06;2021-04-18;252;222;299201;118034;27.7;10.9
06;2021-04-19;5426;4014;304627;122048;28.2;11.3
06;2021-04-20;5561;4811;310188;126859;28.7;11.8
06;2021-04-21;8201;4043;318389;130902;29.5;12.1
06;2021-04-22;8422;4092;326811;134994;30.3;12.5
06;2021-04-23;8576;4036;335387;139030;31.1;12.9
06;2021-04-24;2312;1473;337699;140503;31.3;13.0
06;2021-04-25;115;28;337814;140531;31.3;13.0
06;2021-04-26;4093;2270;341907;142801;31.7;13.2
06;2021-04-27;4541;3961;346448;146762;32.1;13.6
06;2021-04-28;4094;4516;350542;151278;32.5;14.0
06;2021-04-29;5988;5389;356530;156667;33.0;14.5
06;2021-04-30;6669;5107;363199;161774;33.6;15.0
06;2021-05-01;4079;764;367278;162538;34.0;15.1
06;2021-05-02;481;154;367759;162692;34.1;15.1
06;2021-05-03;6809;3467;374568;166159;34.7;15.4
06;2021-05-04;5670;5306;380238;171465;35.2;15.9
06;2021-05-05;4473;3836;384711;175301;35.6;16.2
06;2021-05-06;5122;4682;389833;179983;36.1;16.7
06;2021-05-07;5537;5622;395370;185605;36.6;17.2
06;2021-05-08;4779;1260;400149;186865;37.1;17.3
06;2021-05-09;181;307;400330;187172;37.1;17.3
06;2021-05-10;4748;4999;405078;192171;37.5;17.8
06;2021-05-11;4715;5501;409793;197672;38.0;18.3
06;2021-05-12;8830;4744;418623;202416;38.8;18.8
06;2021-05-13;8997;1979;427620;204395;39.6;18.9
06;2021-05-14;10660;3223;438280;207618;40.6;19.2
06;2021-05-15;9077;2130;447357;209748;41.4;19.4
06;2021-05-16;1486;282;448843;210030;41.6;19.5
06;2021-05-17;7400;3702;456243;213732;42.3;19.8
06;2021-05-18;9548;3110;465791;216842;43.2;20.1
06;2021-05-19;7536;2863;473327;219705;43.9;20.4
06;2021-05-20;7514;3565;480841;223270;44.5;20.7
06;2021-05-21;8628;3833;489469;227103;45.3;21.0
06;2021-05-22;3003;1318;492472;228421;45.6;21.2
06;2021-05-23;118;628;492590;229049;45.6;21.2
06;2021-05-24;3118;980;495708;230029;45.9;21.3
06;2021-05-25;4733;4933;500441;234962;46.4;21.8
06;2021-05-26;5475;6544;505916;241506;46.9;22.4
06;2021-05-27;5459;6233;511375;247739;47.4;23.0
06;2021-05-28;4827;7216;516202;254955;47.8;23.6
06;2021-05-29;1618;2929;517820;257884;48.0;23.9
06;2021-05-30;254;1123;518074;259007;48.0;24.0
06;2021-05-31;4305;5058;522379;264065;48.4;24.5
06;2021-06-01;5529;7352;527908;271417;48.9;25.1
06;2021-06-02;3167;8504;531075;279921;49.2;25.9
06;2021-06-03;4284;8280;535359;288201;49.6;26.7
06;2021-06-04;5331;7704;540690;295905;50.1;27.4
06;2021-06-05;2195;3327;542885;299232;50.3;27.7
06;2021-06-06;170;235;543055;299467;50.3;27.7
06;2021-06-07;3863;5566;546918;305033;50.7;28.3
06;2021-06-08;4223;5127;551141;310160;51.1;28.7
06;2021-06-09;3871;7300;555012;317460;51.4;29.4
06;2021-06-10;4320;6797;559332;324257;51.8;30.0
06;2021-06-11;3574;8333;562906;332590;52.2;30.8
06;2021-06-12;1688;3736;564594;336326;52.3;31.2
06;2021-06-13;133;433;564727;336759;52.3;31.2
06;2021-06-14;2531;8565;567258;345324;52.6;32.0
06;2021-06-15;2868;9434;570126;354758;52.8;32.9
06;2021-06-16;3291;6967;573417;361725;53.1;33.5
06;2021-06-17;3191;7101;576608;368826;53.4;34.2
06;2021-06-18;2380;5888;578988;374714;53.6;34.7
06;2021-06-19;1169;1635;580157;376349;53.7;34.9
06;2021-06-20;195;344;580352;376693;53.8;34.9
06;2021-06-21;1408;6261;581760;382954;53.9;35.5
06;2021-06-22;2012;7343;583772;390297;54.1;36.2
06;2021-06-23;1802;6516;585574;396813;54.3;36.8
06;2021-06-24;2787;8879;588361;405692;54.5;37.6
06;2021-06-25;2064;9570;590425;415262;54.7;38.5
06;2021-06-26;835;2276;591260;417538;54.8;38.7
06;2021-06-27;364;1182;591624;418720;54.8;38.8
06;2021-06-28;2103;8095;593727;426815;55.0;39.5
06;2021-06-29;2089;7661;595816;434476;55.2;40.3
06;2021-06-30;1231;7665;597047;442141;55.3;41.0
06;2021-07-01;2413;7393;599460;449534;55.5;41.6
06;2021-07-02;2495;7988;601955;457522;55.8;42.4
06;2021-07-03;1159;4309;603114;461831;55.9;42.8
06;2021-07-04;292;296;603406;462127;55.9;42.8
06;2021-07-05;3321;5046;606727;467173;56.2;43.3
06;2021-07-06;1857;5808;608584;472981;56.4;43.8
06;2021-07-07;3007;5885;611591;478866;56.7;44.4
06;2021-07-08;3242;6229;614833;485095;57.0;44.9
06;2021-07-09;2926;6044;617759;491139;57.2;45.5
06;2021-07-10;1633;2307;619392;493446;57.4;45.7
06;2021-07-11;314;319;619706;493765;57.4;45.7
06;2021-07-12;3131;7002;622837;500767;57.7;46.4
06;2021-07-13;5289;8829;628126;509596;58.2;47.2
06;2021-07-14;938;416;629064;510012;58.3;47.2
06;2021-07-15;4571;7700;633635;517712;58.7;48.0
06;2021-07-16;7044;8834;640679;526546;59.4;48.8
06;2021-07-17;2770;5342;643449;531888;59.6;49.3
06;2021-07-18;994;5305;644443;537193;59.7;49.8
07;2020-12-27;0;0;0;0;0.0;0.0
07;2020-12-28;0;0;0;0;0.0;0.0
07;2020-12-29;0;0;0;0;0.0;0.0
07;2020-12-30;0;0;0;0;0.0;0.0
07;2020-12-31;0;0;0;0;0.0;0.0
07;2021-01-01;7;0;7;0;0.0;0.0
07;2021-01-02;0;0;7;0;0.0;0.0
07;2021-01-03;0;0;7;0;0.0;0.0
07;2021-01-04;0;0;7;0;0.0;0.0
07;2021-01-05;0;0;7;0;0.0;0.0
07;2021-01-06;31;0;38;0;0.0;0.0
07;2021-01-07;129;1;167;1;0.1;0.0
07;2021-01-08;45;1;212;2;0.1;0.0
07;2021-01-09;17;0;229;2;0.1;0.0
07;2021-01-10;0;0;229;2;0.1;0.0
07;2021-01-11;157;1;386;3;0.1;0.0
07;2021-01-12;308;0;694;3;0.2;0.0
07;2021-01-13;303;1;997;4;0.3;0.0
07;2021-01-14;478;0;1475;4;0.5;0.0
07;2021-01-15;179;0;1654;4;0.5;0.0
07;2021-01-16;17;0;1671;4;0.5;0.0
07;2021-01-17;2;0;1673;4;0.5;0.0
07;2021-01-18;362;1;2035;5;0.6;0.0
07;2021-01-19;827;1;2862;6;0.9;0.0
07;2021-01-20;596;1;3458;7;1.1;0.0
07;2021-01-21;451;1;3909;8;1.2;0.0
07;2021-01-22;288;0;4197;8;1.3;0.0
07;2021-01-23;107;0;4304;8;1.3;0.0
07;2021-01-24;0;0;4304;8;1.3;0.0
07;2021-01-25;164;0;4468;8;1.4;0.0
07;2021-01-26;473;1;4941;9;1.5;0.0
07;2021-01-27;552;7;5493;16;1.7;0.0
07;2021-01-28;1189;98;6682;114;2.0;0.0
07;2021-01-29;691;15;7373;129;2.3;0.0
07;2021-01-30;212;4;7585;133;2.3;0.0
07;2021-01-31;6;0;7591;133;2.3;0.0
07;2021-02-01;266;32;7857;165;2.4;0.1
07;2021-02-02;644;240;8501;405;2.6;0.1
07;2021-02-03;1043;220;9544;625;2.9;0.2
07;2021-02-04;718;258;10262;883;3.1;0.3
07;2021-02-05;482;252;10744;1135;3.3;0.3
07;2021-02-06;96;2;10840;1137;3.3;0.3
07;2021-02-07;12;1;10852;1138;3.3;0.3
07;2021-02-08;239;179;11091;1317;3.4;0.4
07;2021-02-09;485;323;11576;1640;3.5;0.5
07;2021-02-10;537;397;12113;2037;3.7;0.6
07;2021-02-11;398;285;12511;2322;3.8;0.7
07;2021-02-12;264;160;12775;2482;3.9;0.8
07;2021-02-13;68;20;12843;2502;3.9;0.8
07;2021-02-14;0;0;12843;2502;3.9;0.8
07;2021-02-15;271;131;13114;2633;4.0;0.8
07;2021-02-16;345;365;13459;2998;4.1;0.9
07;2021-02-17;466;334;13925;3332;4.3;1.0
07;2021-02-18;560;763;14485;4095;4.4;1.3
07;2021-02-19;454;502;14939;4597;4.6;1.4
07;2021-02-20;107;68;15046;4665;4.6;1.4
07;2021-02-21;15;0;15061;4665;4.6;1.4
07;2021-02-22;423;217;15484;4882;4.7;1.5
07;2021-02-23;644;616;16128;5498;4.9;1.7
07;2021-02-24;927;699;17055;6197;5.2;1.9
07;2021-02-25;708;531;17763;6728;5.4;2.1
07;2021-02-26;842;288;18605;7016;5.7;2.1
07;2021-02-27;190;142;18795;7158;5.7;2.2
07;2021-02-28;1;0;18796;7158;5.8;2.2
07;2021-03-01;432;214;19228;7372;5.9;2.3
07;2021-03-02;648;564;19876;7936;6.1;2.4
07;2021-03-03;683;534;20559;8470;6.3;2.6
07;2021-03-04;1097;349;21656;8819;6.6;2.7
07;2021-03-05;1081;357;22737;9176;7.0;2.8
07;2021-03-06;1120;88;23857;9264;7.3;2.8
07;2021-03-07;717;15;24574;9279;7.5;2.8
07;2021-03-08;349;313;24923;9592;7.6;2.9
07;2021-03-09;1085;428;26008;10020;8.0;3.1
07;2021-03-10;857;509;26865;10529;8.2;3.2
07;2021-03-11;1368;452;28233;10981;8.6;3.4
07;2021-03-12;1611;552;29844;11533;9.1;3.5
07;2021-03-13;679;98;30523;11631;9.3;3.6
07;2021-03-14;4;0;30527;11631;9.3;3.6
07;2021-03-15;527;292;31054;11923;9.5;3.6
07;2021-03-16;1197;471;32251;12394;9.9;3.8
07;2021-03-17;1184;760;33435;13154;10.2;4.0
07;2021-03-18;1218;405;34653;13559;10.6;4.1
07;2021-03-19;1263;415;35916;13974;11.0;4.3
07;2021-03-20;465;106;36381;14080;11.1;4.3
07;2021-03-21;1;2;36382;14082;11.1;4.3
07;2021-03-22;786;529;37168;14611;11.4;4.5
07;2021-03-23;1512;704;38680;15315;11.8;4.7
07;2021-03-24;1252;658;39932;15973;12.2;4.9
07;2021-03-25;1846;505;41778;16478;12.8;5.0
07;2021-03-26;1833;419;43611;16897;13.3;5.2
07;2021-03-27;382;92;43993;16989;13.5;5.2
07;2021-03-28;5;1;43998;16990;13.5;5.2
07;2021-03-29;784;352;44782;17342;13.7;5.3
07;2021-03-30;1523;505;46305;17847;14.2;5.5
07;2021-03-31;1652;489;47957;18336;14.7;5.6
07;2021-04-01;1573;649;49530;18985;15.2;5.8
07;2021-04-02;1518;422;51048;19407;15.6;5.9
07;2021-04-03;227;105;51275;19512;15.7;6.0
07;2021-04-04;0;1;51275;19513;15.7;6.0
07;2021-04-05;0;66;51275;19579;15.7;6.0
07;2021-04-06;1163;752;52438;20331;16.0;6.2
07;2021-04-07;1317;881;53755;21212;16.4;6.5
07;2021-04-08;1971;1159;55726;22371;17.0;6.8
07;2021-04-09;2421;552;58147;22923;17.8;7.0
07;2021-04-10;807;154;58954;23077;18.0;7.1
07;2021-04-11;339;13;59293;23090;18.1;7.1
07;2021-04-12;1275;578;60568;23668;18.5;7.2
07;2021-04-13;1765;1319;62333;24987;19.1;7.6
07;2021-04-14;1664;970;63997;25957;19.6;7.9
07;2021-04-15;1441;836;65438;26793;20.0;8.2
07;2021-04-16;1506;894;66944;27687;20.5;8.5
07;2021-04-17;867;209;67811;27896;20.7;8.5
07;2021-04-18;696;32;68507;27928;21.0;8.5
07;2021-04-19;1158;565;69665;28493;21.3;8.7
07;2021-04-20;1437;1311;71102;29804;21.8;9.1
07;2021-04-21;1709;904;72811;30708;22.3;9.4
07;2021-04-22;1813;954;74624;31662;22.8;9.7
07;2021-04-23;1405;967;76029;32629;23.3;10.0
07;2021-04-24;957;243;76986;32872;23.6;10.1
07;2021-04-25;712;54;77698;32926;23.8;10.1
07;2021-04-26;1132;681;78830;33607;24.1;10.3
07;2021-04-27;1389;1558;80219;35165;24.5;10.8
07;2021-04-28;1627;1742;81846;36907;25.0;11.3
07;2021-04-29;1936;1527;83782;38434;25.6;11.8
07;2021-04-30;1658;1474;85440;39908;26.1;12.2
07;2021-05-01;960;113;86400;40021;26.4;12.2
07;2021-05-02;843;151;87243;40172;26.7;12.3
07;2021-05-03;1282;427;88525;40599;27.1;12.4
07;2021-05-04;2170;1555;90695;42154;27.7;12.9
07;2021-05-05;1741;1384;92436;43538;28.3;13.3
07;2021-05-06;2103;1583;94539;45121;28.9;13.8
07;2021-05-07;1591;1552;96130;46673;29.4;14.3
07;2021-05-08;1223;405;97353;47078;29.8;14.4
07;2021-05-09;1029;324;98382;47402;30.1;14.5
07;2021-05-10;1402;1174;99784;48576;30.5;14.9
07;2021-05-11;2469;1698;102253;50274;31.3;15.4
07;2021-05-12;2159;1274;104412;51548;31.9;15.8
07;2021-05-13;1711;268;106123;51816;32.5;15.9
07;2021-05-14;1734;996;107857;52812;33.0;16.2
07;2021-05-15;1623;491;109480;53303;33.5;16.3
07;2021-05-16;1442;200;110922;53503;33.9;16.4
07;2021-05-17;1770;859;112692;54362;34.5;16.6
07;2021-05-18;2293;1296;114985;55658;35.2;17.0
07;2021-05-19;2376;994;117361;56652;35.9;17.3
07;2021-05-20;2154;1309;119515;57961;36.6;17.7
07;2021-05-21;1759;1319;121274;59280;37.1;18.1
07;2021-05-22;936;542;122210;59822;37.4;18.3
07;2021-05-23;857;155;123067;59977;37.6;18.3
07;2021-05-24;1651;341;124718;60318;38.2;18.5
07;2021-05-25;2185;1477;126903;61795;38.8;18.9
07;2021-05-26;1527;1384;128430;63179;39.3;19.3
07;2021-05-27;2018;1403;130448;64582;39.9;19.8
07;2021-05-28;1766;2083;132214;66665;40.4;20.4
07;2021-05-29;943;682;133157;67347;40.7;20.6
07;2021-05-30;623;570;133780;67917;40.9;20.8
07;2021-05-31;1130;1285;134910;69202;41.3;21.2
07;2021-06-01;2150;2002;137060;71204;41.9;21.8
07;2021-06-02;1527;1647;138587;72851;42.4;22.3
07;2021-06-03;1710;1257;140297;74108;42.9;22.7
07;2021-06-04;1673;1592;141970;75700;43.4;23.2
07;2021-06-05;986;954;142956;76654;43.7;23.5
07;2021-06-06;599;623;143555;77277;43.9;23.6
07;2021-06-07;957;1195;144512;78472;44.2;24.0
07;2021-06-08;1545;1768;146057;80240;44.7;24.5
07;2021-06-09;1020;1418;147077;81658;45.0;25.0
07;2021-06-10;787;1389;147864;83047;45.2;25.4
07;2021-06-11;1151;2036;149015;85083;45.6;26.0
07;2021-06-12;640;1217;149655;86300;45.8;26.4
07;2021-06-13;390;441;150045;86741;45.9;26.5
07;2021-06-14;559;1963;150604;88704;46.1;27.1
07;2021-06-15;927;2562;151531;91266;46.4;27.9
07;2021-06-16;1013;1852;152544;93118;46.7;28.5
07;2021-06-17;883;1950;153427;95068;46.9;29.1
07;2021-06-18;868;2292;154295;97360;47.2;29.8
07;2021-06-19;605;1457;154900;98817;47.4;30.2
07;2021-06-20;366;730;155266;99547;47.5;30.5
07;2021-06-21;507;2148;155773;101695;47.7;31.1
07;2021-06-22;647;2675;156420;104370;47.9;31.9
07;2021-06-23;670;1963;157090;106333;48.1;32.5
07;2021-06-24;640;1857;157730;108190;48.3;33.1
07;2021-06-25;698;2182;158428;110372;48.5;33.8
07;2021-06-26;349;1430;158777;111802;48.6;34.2
07;2021-06-27;279;1073;159056;112875;48.7;34.5
07;2021-06-28;497;2244;159553;115119;48.8;35.2
07;2021-06-29;531;2992;160084;118111;49.0;36.1
07;2021-06-30;810;2291;160894;120402;49.2;36.8
07;2021-07-01;762;1980;161656;122382;49.5;37.4
07;2021-07-02;872;2305;162528;124687;49.7;38.1
07;2021-07-03;410;1137;162938;125824;49.8;38.5
07;2021-07-04;207;854;163145;126678;49.9;38.8
07;2021-07-05;660;1685;163805;128363;50.1;39.3
07;2021-07-06;870;2631;164675;130994;50.4;40.1
07;2021-07-07;949;1951;165624;132945;50.7;40.7
07;2021-07-08;922;1968;166546;134913;51.0;41.3
07;2021-07-09;990;2260;167536;137173;51.3;42.0
07;2021-07-10;594;1102;168130;138275;51.4;42.3
07;2021-07-11;238;615;168368;138890;51.5;42.5
07;2021-07-12;800;1767;169168;140657;51.8;43.0
07;2021-07-13;1744;3162;170912;143819;52.3;44.0
07;2021-07-14;166;131;171078;143950;52.3;44.0
07;2021-07-15;1935;2439;173013;146389;52.9;44.8
07;2021-07-16;2047;1960;175060;148349;53.6;45.4
07;2021-07-17;1479;1238;176539;149587;54.0;45.8
07;2021-07-18;770;480;177309;150067;54.2;45.9
08;2020-12-27;0;0;0;0;0.0;0.0
08;2020-12-28;0;0;0;0;0.0;0.0
08;2020-12-29;0;0;0;0;0.0;0.0
08;2020-12-30;0;0;0;0;0.0;0.0
08;2020-12-31;0;0;0;0;0.0;0.0
08;2021-01-01;0;0;0;0;0.0;0.0
08;2021-01-02;0;0;0;0;0.0;0.0
08;2021-01-03;1;0;1;0;0.0;0.0
08;2021-01-04;22;0;23;0;0.0;0.0
08;2021-01-05;1;0;24;0;0.0;0.0
08;2021-01-06;0;0;24;0;0.0;0.0
08;2021-01-07;188;0;212;0;0.1;0.0
08;2021-01-08;314;0;526;0;0.2;0.0
08;2021-01-09;113;0;639;0;0.2;0.0
08;2021-01-10;1;0;640;0;0.2;0.0
08;2021-01-11;67;0;707;0;0.3;0.0
08;2021-01-12;156;0;863;0;0.3;0.0
08;2021-01-13;476;1;1339;1;0.5;0.0
08;2021-01-14;532;9;1871;10;0.7;0.0
08;2021-01-15;286;1;2157;11;0.8;0.0
08;2021-01-16;104;0;2261;11;0.9;0.0
08;2021-01-17;1;0;2262;11;0.9;0.0
08;2021-01-18;361;2;2623;13;1.0;0.0
08;2021-01-19;867;1;3490;14;1.3;0.0
08;2021-01-20;909;1;4399;15;1.7;0.0
08;2021-01-21;741;1;5140;16;1.9;0.0
08;2021-01-22;678;0;5818;16;2.2;0.0
08;2021-01-23;237;0;6055;16;2.3;0.0
08;2021-01-24;0;0;6055;16;2.3;0.0
08;2021-01-25;205;0;6260;16;2.4;0.0
08;2021-01-26;301;2;6561;18;2.5;0.0
08;2021-01-27;410;0;6971;18;2.6;0.0
08;2021-01-28;563;185;7534;203;2.8;0.1
08;2021-01-29;587;183;8121;386;3.1;0.1
08;2021-01-30;222;62;8343;448;3.1;0.2
08;2021-01-31;0;0;8343;448;3.1;0.2
08;2021-02-01;79;46;8422;494;3.2;0.2
08;2021-02-02;192;175;8614;669;3.2;0.3
08;2021-02-03;138;169;8752;838;3.3;0.3
08;2021-02-04;307;287;9059;1125;3.4;0.4
08;2021-02-05;498;359;9557;1484;3.6;0.6
08;2021-02-06;148;75;9705;1559;3.7;0.6
08;2021-02-07;8;0;9713;1559;3.7;0.6
08;2021-02-08;40;175;9753;1734;3.7;0.7
08;2021-02-09;215;646;9968;2380;3.8;0.9
08;2021-02-10;333;638;10301;3018;3.9;1.1
08;2021-02-11;460;362;10761;3380;4.1;1.3
08;2021-02-12;674;384;11435;3764;4.3;1.4
08;2021-02-13;140;118;11575;3882;4.4;1.5
08;2021-02-14;3;60;11578;3942;4.4;1.5
08;2021-02-15;228;209;11806;4151;4.4;1.6
08;2021-02-16;131;374;11937;4525;4.5;1.7
08;2021-02-17;111;420;12048;4945;4.5;1.9
08;2021-02-18;215;520;12263;5465;4.6;2.1
08;2021-02-19;304;425;12567;5890;4.7;2.2
08;2021-02-20;7;209;12574;6099;4.7;2.3
08;2021-02-21;0;0;12574;6099;4.7;2.3
08;2021-02-22;132;179;12706;6278;4.8;2.4
08;2021-02-23;150;321;12856;6599;4.8;2.5
08;2021-02-24;164;386;13020;6985;4.9;2.6
08;2021-02-25;499;526;13519;7511;5.1;2.8
08;2021-02-26;602;625;14121;8136;5.3;3.1
08;2021-02-27;317;191;14438;8327;5.4;3.1
08;2021-02-28;19;1;14457;8328;5.4;3.1
08;2021-03-01;197;101;14654;8429;5.5;3.2
08;2021-03-02;652;278;15306;8707;5.8;3.3
08;2021-03-03;895;185;16201;8892;6.1;3.3
08;2021-03-04;733;324;16934;9216;6.4;3.5
08;2021-03-05;1022;537;17956;9753;6.8;3.7
08;2021-03-06;690;133;18646;9886;7.0;3.7
08;2021-03-07;75;1;18721;9887;7.1;3.7
08;2021-03-08;217;113;18938;10000;7.1;3.8
08;2021-03-09;684;134;19622;10134;7.4;3.8
08;2021-03-10;1036;112;20658;10246;7.8;3.9
08;2021-03-11;979;242;21637;10488;8.1;3.9
08;2021-03-12;1628;504;23265;10992;8.8;4.1
08;2021-03-13;791;118;24056;11110;9.1;4.2
08;2021-03-14;22;0;24078;11110;9.1;4.2
08;2021-03-15;291;72;24369;11182;9.2;4.2
08;2021-03-16;563;35;24932;11217;9.4;4.2
08;2021-03-17;803;50;25735;11267;9.7;4.2
08;2021-03-18;813;151;26548;11418;10.0;4.3
08;2021-03-19;1133;280;27681;11698;10.4;4.4
08;2021-03-20;504;14;28185;11712;10.6;4.4
08;2021-03-21;13;0;28198;11712;10.6;4.4
08;2021-03-22;364;41;28562;11753;10.8;4.4
08;2021-03-23;733;60;29295;11813;11.0;4.4
08;2021-03-24;1327;60;30622;11873;11.5;4.5
08;2021-03-25;1903;86;32525;11959;12.2;4.5
08;2021-03-26;2552;162;35077;12121;13.2;4.6
08;2021-03-27;898;120;35975;12241;13.5;4.6
08;2021-03-28;228;4;36203;12245;13.6;4.6
08;2021-03-29;260;179;36463;12424;13.7;4.7
08;2021-03-30;832;478;37295;12902;14.0;4.9
08;2021-03-31;852;523;38147;13425;14.4;5.1
08;2021-04-01;1681;438;39828;13863;15.0;5.2
08;2021-04-02;1496;506;41324;14369;15.6;5.4
08;2021-04-03;1327;188;42651;14557;16.1;5.5
08;2021-04-04;132;4;42783;14561;16.1;5.5
08;2021-04-05;16;0;42799;14561;16.1;5.5
08;2021-04-06;699;474;43498;15035;16.4;5.7
08;2021-04-07;911;697;44409;15732;16.7;5.9
08;2021-04-08;1741;507;46150;16239;17.4;6.1
08;2021-04-09;2346;714;48496;16953;18.3;6.4
08;2021-04-10;1449;210;49945;17163;18.8;6.5
08;2021-04-11;10;6;49955;17169;18.8;6.5
08;2021-04-12;671;225;50626;17394;19.1;6.6
08;2021-04-13;1306;601;51932;17995;19.6;6.8
08;2021-04-14;1281;858;53213;18853;20.0;7.1
08;2021-04-15;1606;790;54819;19643;20.6;7.4
08;2021-04-16;1871;866;56690;20509;21.3;7.7
08;2021-04-17;1112;400;57802;20909;21.8;7.9
08;2021-04-18;23;14;57825;20923;21.8;7.9
08;2021-04-19;1147;297;58972;21220;22.2;8.0
08;2021-04-20;1116;540;60088;21760;22.6;8.2
08;2021-04-21;1139;733;61227;22493;23.1;8.5
08;2021-04-22;1329;877;62556;23370;23.6;8.8
08;2021-04-23;1670;1160;64226;24530;24.2;9.2
08;2021-04-24;1324;641;65550;25171;24.7;9.5
08;2021-04-25;26;198;65576;25369;24.7;9.6
08;2021-04-26;1039;152;66615;25521;25.1;9.6
08;2021-04-27;1336;599;67951;26120;25.6;9.8
08;2021-04-28;1452;677;69403;26797;26.1;10.1
08;2021-04-29;1174;1309;70577;28106;26.6;10.6
08;2021-04-30;1771;1617;72348;29723;27.2;11.2
08;2021-05-01;1049;481;73397;30204;27.6;11.4
08;2021-05-02;626;180;74023;30384;27.9;11.4
08;2021-05-03;1167;366;75190;30750;28.3;11.6
08;2021-05-04;1328;856;76518;31606;28.8;11.9
08;2021-05-05;1567;1324;78085;32930;29.4;12.4
08;2021-05-06;1971;1645;80056;34575;30.1;13.0
08;2021-05-07;1859;2097;81915;36672;30.8;13.8
08;2021-05-08;924;763;82839;37435;31.2;14.1
08;2021-05-09;443;71;83282;37506;31.4;14.1
08;2021-05-10;1191;660;84473;38166;31.8;14.4
08;2021-05-11;1909;938;86382;39104;32.5;14.7
08;2021-05-12;1809;1229;88191;40333;33.2;15.2
08;2021-05-13;1305;614;89496;40947;33.7;15.4
08;2021-05-14;2535;1030;92031;41977;34.7;15.8
08;2021-05-15;1818;711;93849;42688;35.3;16.1
08;2021-05-16;820;101;94669;42789;35.7;16.1
08;2021-05-17;699;908;95368;43697;35.9;16.5
08;2021-05-18;1250;838;96618;44535;36.4;16.8
08;2021-05-19;1611;957;98229;45492;37.0;17.1
08;2021-05-20;2147;952;100376;46444;37.8;17.5
08;2021-05-21;2336;1274;102712;47718;38.7;18.0
08;2021-05-22;1820;761;104532;48479;39.4;18.3
08;2021-05-23;862;91;105394;48570;39.7;18.3
08;2021-05-24;714;103;106108;48673;40.0;18.3
08;2021-05-25;1452;671;107560;49344;40.5;18.6
08;2021-05-26;1511;1002;109071;50346;41.1;19.0
08;2021-05-27;2008;1145;111079;51491;41.8;19.4
08;2021-05-28;1973;1823;113052;53314;42.6;20.1
08;2021-05-29;1768;968;114820;54282;43.2;20.4
08;2021-05-30;835;100;115655;54382;43.6;20.5
08;2021-05-31;755;574;116410;54956;43.8;20.7
08;2021-06-01;1349;879;117759;55835;44.3;21.0
08;2021-06-02;1296;1192;119055;57027;44.8;21.5
08;2021-06-03;1384;1520;120439;58547;45.4;22.0
08;2021-06-04;1777;2426;122216;60973;46.0;23.0
08;2021-06-05;1178;1377;123394;62350;46.5;23.5
08;2021-06-06;906;107;124300;62457;46.8;23.5
08;2021-06-07;659;1173;124959;63630;47.1;24.0
08;2021-06-08;920;1496;125879;65126;47.4;24.5
08;2021-06-09;821;1390;126700;66516;47.7;25.1
08;2021-06-10;1701;1549;128401;68065;48.4;25.6
08;2021-06-11;1718;2209;130119;70274;49.0;26.5
08;2021-06-12;1412;1528;131531;71802;49.5;27.0
08;2021-06-13;386;597;131917;72399;49.7;27.3
08;2021-06-14;378;1303;132295;73702;49.8;27.8
08;2021-06-15;739;1553;133034;75255;50.1;28.3
08;2021-06-16;803;2053;133837;77308;50.4;29.1
08;2021-06-17;1280;1852;135117;79160;50.9;29.8
08;2021-06-18;1604;2600;136721;81760;51.5;30.8
08;2021-06-19;1321;1408;138042;83168;52.0;31.3
08;2021-06-20;115;423;138157;83591;52.0;31.5
08;2021-06-21;484;1403;138641;84994;52.2;32.0
08;2021-06-22;806;2028;139447;87022;52.5;32.8
08;2021-06-23;847;1677;140294;88699;52.8;33.4
08;2021-06-24;1033;1928;141327;90627;53.2;34.1
08;2021-06-25;1077;2736;142404;93363;53.6;35.2
08;2021-06-26;1009;1787;143413;95150;54.0;35.8
08;2021-06-27;351;648;143764;95798;54.1;36.1
08;2021-06-28;396;1326;144160;97124;54.3;36.6
08;2021-06-29;616;1473;144776;98597;54.5;37.1
08;2021-06-30;844;1689;145620;100286;54.8;37.8
08;2021-07-01;869;2192;146489;102478;55.2;38.6
08;2021-07-02;932;2647;147421;105125;55.5;39.6
08;2021-07-03;779;2146;148200;107271;55.8;40.4
08;2021-07-04;128;861;148328;108132;55.9;40.7
08;2021-07-05;101;1196;148429;109328;55.9;41.2
08;2021-07-06;421;1836;148850;111164;56.1;41.9
08;2021-07-07;365;1782;149215;112946;56.2;42.5
08;2021-07-08;710;2012;149925;114958;56.5;43.3
08;2021-07-09;728;2440;150653;117398;56.7;44.2
08;2021-07-10;652;1992;151305;119390;57.0;45.0
08;2021-07-11;237;726;151542;120116;57.1;45.2
08;2021-07-12;308;1194;151850;121310;57.2;45.7
08;2021-07-13;935;1784;152785;123094;57.5;46.4
08;2021-07-14;174;330;152959;123424;57.6;46.5
08;2021-07-15;734;2446;153693;125870;57.9;47.4
08;2021-07-16;1072;2409;154765;128279;58.3;48.3
08;2021-07-17;929;2088;155694;130367;58.6;49.1
08;2021-07-18;344;737;156038;131104;58.8;49.4
09;2020-12-27;0;0;0;0;0.0;0.0
09;2020-12-28;1;0;1;0;0.0;0.0
09;2020-12-29;0;0;1;0;0.0;0.0
09;2020-12-30;0;0;1;0;0.0;0.0
09;2020-12-31;0;0;1;0;0.0;0.0
09;2021-01-01;0;0;1;0;0.0;0.0
09;2021-01-02;0;0;1;0;0.0;0.0
09;2021-01-03;0;0;1;0;0.0;0.0
09;2021-01-04;2;1;3;1;0.0;0.0
09;2021-01-05;0;0;3;1;0.0;0.0
09;2021-01-06;3;0;6;1;0.0;0.0
09;2021-01-07;256;2;262;3;0.2;0.0
09;2021-01-08;227;0;489;3;0.3;0.0
09;2021-01-09;103;0;592;3;0.4;0.0
09;2021-01-10;59;0;651;3;0.4;0.0
09;2021-01-11;175;0;826;3;0.5;0.0
09;2021-01-12;304;0;1130;3;0.7;0.0
09;2021-01-13;196;0;1326;3;0.9;0.0
09;2021-01-14;432;8;1758;11;1.2;0.0
09;2021-01-15;223;1;1981;12;1.3;0.0
09;2021-01-16;194;2;2175;14;1.4;0.0
09;2021-01-17;123;0;2298;14;1.5;0.0
09;2021-01-18;266;0;2564;14;1.7;0.0
09;2021-01-19;258;0;2822;14;1.9;0.0
09;2021-01-20;346;1;3168;15;2.1;0.0
09;2021-01-21;333;1;3501;16;2.3;0.0
09;2021-01-22;330;1;3831;17;2.5;0.0
09;2021-01-23;236;0;4067;17;2.7;0.0
09;2021-01-24;85;1;4152;18;2.7;0.0
09;2021-01-25;203;12;4355;30;2.9;0.0
09;2021-01-26;633;25;4988;55;3.3;0.0
09;2021-01-27;471;41;5459;96;3.6;0.1
09;2021-01-28;284;206;5743;302;3.8;0.2
09;2021-01-29;251;129;5994;431;3.9;0.3
09;2021-01-30;143;57;6137;488;4.0;0.3
09;2021-01-31;56;10;6193;498;4.1;0.3
09;2021-02-01;82;143;6275;641;4.1;0.4
09;2021-02-02;57;295;6332;936;4.2;0.6
09;2021-02-03;87;206;6419;1142;4.2;0.7
09;2021-02-04;49;299;6468;1441;4.2;0.9
09;2021-02-05;89;157;6557;1598;4.3;1.0
09;2021-02-06;67;50;6624;1648;4.3;1.1
09;2021-02-07;6;74;6630;1722;4.4;1.1
09;2021-02-08;22;177;6652;1899;4.4;1.2
09;2021-02-09;54;291;6706;2190;4.4;1.4
09;2021-02-10;15;196;6721;2386;4.4;1.6
09;2021-02-11;6;221;6727;2607;4.4;1.7
09;2021-02-12;149;174;6876;2781;4.5;1.8
09;2021-02-13;7;145;6883;2926;4.5;1.9
09;2021-02-14;0;54;6883;2980;4.5;2.0
09;2021-02-15;75;134;6958;3114;4.6;2.0
09;2021-02-16;227;509;7185;3623;4.7;2.4
09;2021-02-17;82;391;7267;4014;4.8;2.6
09;2021-02-18;88;450;7355;4464;4.8;2.9
09;2021-02-19;65;285;7420;4749;4.9;3.1
09;2021-02-20;58;200;7478;4949;4.9;3.2
09;2021-02-21;0;51;7478;5000;4.9;3.3
09;2021-02-22;127;218;7605;5218;5.0;3.4
09;2021-02-23;160;146;7765;5364;5.1;3.5
09;2021-02-24;74;178;7839;5542;5.1;3.6
09;2021-02-25;211;170;8050;5712;5.3;3.7
09;2021-02-26;162;177;8212;5889;5.4;3.9
09;2021-02-27;64;71;8276;5960;5.4;3.9
09;2021-02-28;43;17;8319;5977;5.5;3.9
09;2021-03-01;246;97;8565;6074;5.6;4.0
09;2021-03-02;284;77;8849;6151;5.8;4.0
09;2021-03-03;252;132;9101;6283;6.0;4.1
09;2021-03-04;411;30;9512;6313;6.2;4.1
09;2021-03-05;332;64;9844;6377;6.5;4.2
09;2021-03-06;396;45;10240;6422;6.7;4.2
09;2021-03-07;124;4;10364;6426;6.8;4.2
09;2021-03-08;380;63;10744;6489;7.0;4.3
09;2021-03-09;434;139;11178;6628;7.3;4.3
09;2021-03-10;562;63;11740;6691;7.7;4.4
09;2021-03-11;694;69;12434;6760;8.2;4.4
09;2021-03-12;658;31;13092;6791;8.6;4.5
09;2021-03-13;384;2;13476;6793;8.8;4.5
09;2021-03-14;120;3;13596;6796;8.9;4.5
09;2021-03-15;467;48;14063;6844;9.2;4.5
09;2021-03-16;370;79;14433;6923;9.5;4.5
09;2021-03-17;399;72;14832;6995;9.7;4.6
09;2021-03-18;452;42;15284;7037;10.0;4.6
09;2021-03-19;523;54;15807;7091;10.4;4.7
09;2021-03-20;313;40;16120;7131;10.6;4.7
09;2021-03-21;104;0;16224;7131;10.6;4.7
09;2021-03-22;421;118;16645;7249;10.9;4.8
09;2021-03-23;566;172;17211;7421;11.3;4.9
09;2021-03-24;711;39;17922;7460;11.8;4.9
09;2021-03-25;869;135;18791;7595;12.3;5.0
09;2021-03-26;751;44;19542;7639;12.8;5.0
09;2021-03-27;624;67;20166;7706;13.2;5.1
09;2021-03-28;132;24;20298;7730;13.3;5.1
09;2021-03-29;496;277;20794;8007;13.6;5.3
09;2021-03-30;729;154;21523;8161;14.1;5.4
09;2021-03-31;801;177;22324;8338;14.6;5.5
09;2021-04-01;733;256;23057;8594;15.1;5.6
09;2021-04-02;692;266;23749;8860;15.6;5.8
09;2021-04-03;770;115;24519;8975;16.1;5.9
09;2021-04-04;122;57;24641;9032;16.2;5.9
09;2021-04-05;237;61;24878;9093;16.3;6.0
09;2021-04-06;1056;390;25934;9483;17.0;6.2
09;2021-04-07;1209;352;27143;9835;17.8;6.5
09;2021-04-08;1467;394;28610;10229;18.8;6.7
09;2021-04-09;1137;407;29747;10636;19.5;7.0
09;2021-04-10;1349;191;31096;10827;20.4;7.1
09;2021-04-11;173;102;31269;10929;20.5;7.2
09;2021-04-12;735;343;32004;11272;21.0;7.4
09;2021-04-13;1047;409;33051;11681;21.7;7.7
09;2021-04-14;1330;511;34381;12192;22.6;8.0
09;2021-04-15;1145;504;35526;12696;23.3;8.3
09;2021-04-16;1034;413;36560;13109;24.0;8.6
09;2021-04-17;1191;355;37751;13464;24.8;8.8
09;2021-04-18;102;96;37853;13560;24.8;8.9
09;2021-04-19;696;406;38549;13966;25.3;9.2
09;2021-04-20;766;531;39315;14497;25.8;9.5
09;2021-04-21;932;592;40247;15089;26.4;9.9
09;2021-04-22;667;611;40914;15700;26.8;10.3
09;2021-04-23;771;427;41685;16127;27.4;10.6
09;2021-04-24;740;672;42425;16799;27.8;11.0
09;2021-04-25;74;113;42499;16912;27.9;11.1
09;2021-04-26;384;539;42883;17451;28.1;11.5
09;2021-04-27;443;723;43326;18174;28.4;11.9
09;2021-04-28;804;795;44130;18969;29.0;12.4
09;2021-04-29;549;773;44679;19742;29.3;13.0
09;2021-04-30;622;723;45301;20465;29.7;13.4
09;2021-05-01;478;454;45779;20919;30.0;13.7
09;2021-05-02;51;100;45830;21019;30.1;13.8
09;2021-05-03;521;666;46351;21685;30.4;14.2
09;2021-05-04;557;1344;46908;23029;30.8;15.1
09;2021-05-05;823;1345;47731;24374;31.3;16.0
09;2021-05-06;848;1030;48579;25404;31.9;16.7
09;2021-05-07;978;822;49557;26226;32.5;17.2
09;2021-05-08;393;461;49950;26687;32.8;17.5
09;2021-05-09;264;84;50214;26771;32.9;17.6
09;2021-05-10;504;966;50718;27737;33.3;18.2
09;2021-05-11;740;1049;51458;28786;33.8;18.9
09;2021-05-12;1535;1404;52993;30190;34.8;19.8
09;2021-05-13;1382;425;54375;30615;35.7;20.1
09;2021-05-14;985;694;55360;31309;36.3;20.5
09;2021-05-15;1233;789;56593;32098;37.1;21.1
09;2021-05-16;296;47;56889;32145;37.3;21.1
09;2021-05-17;875;412;57764;32557;37.9;21.4
09;2021-05-18;1290;402;59054;32959;38.7;21.6
09;2021-05-19;1495;365;60549;33324;39.7;21.9
09;2021-05-20;1379;406;61928;33730;40.6;22.1
09;2021-05-21;1165;493;63093;34223;41.4;22.5
09;2021-05-22;1546;364;64639;34587;42.4;22.7
09;2021-05-23;271;25;64910;34612;42.6;22.7
09;2021-05-24;177;89;65087;34701;42.7;22.8
09;2021-05-25;997;488;66084;35189;43.4;23.1
09;2021-05-26;1285;441;67369;35630;44.2;23.4
09;2021-05-27;963;398;68332;36028;44.8;23.6
09;2021-05-28;958;505;69290;36533;45.5;24.0
09;2021-05-29;1776;581;71066;37114;46.6;24.4
09;2021-05-30;518;177;71584;37291;47.0;24.5
09;2021-05-31;717;589;72301;37880;47.4;24.9
09;2021-06-01;967;638;73268;38518;48.1;25.3
09;2021-06-02;1006;891;74274;39409;48.7;25.9
09;2021-06-03;809;677;75083;40086;49.3;26.3
09;2021-06-04;874;796;75957;40882;49.8;26.8
09;2021-06-05;1118;852;77075;41734;50.6;27.4
09;2021-06-06;79;83;77154;41817;50.6;27.4
09;2021-06-07;624;511;77778;42328;51.0;27.8
09;2021-06-08;817;487;78595;42815;51.6;28.1
09;2021-06-09;807;830;79402;43645;52.1;28.6
09;2021-06-10;633;527;80035;44172;52.5;29.0
09;2021-06-11;826;758;80861;44930;53.1;29.5
09;2021-06-12;626;805;81487;45735;53.5;30.0
09;2021-06-13;93;131;81580;45866;53.5;30.1
09;2021-06-14;619;705;82199;46571;53.9;30.6
09;2021-06-15;818;888;83017;47459;54.5;31.1
09;2021-06-16;624;1128;83641;48587;54.9;31.9
09;2021-06-17;778;855;84419;49442;55.4;32.4
09;2021-06-18;633;1153;85052;50595;55.8;33.2
09;2021-06-19;514;1575;85566;52170;56.1;34.2
09;2021-06-20;8;279;85574;52449;56.2;34.4
09;2021-06-21;471;699;86045;53148;56.5;34.9
09;2021-06-22;455;1066;86500;54214;56.8;35.6
09;2021-06-23;432;1222;86932;55436;57.0;36.4
09;2021-06-24;580;793;87512;56229;57.4;36.9
09;2021-06-25;409;1081;87921;57310;57.7;37.6
09;2021-06-26;443;1091;88364;58401;58.0;38.3
09;2021-06-27;1;277;88365;58678;58.0;38.5
09;2021-06-28;238;1051;88603;59729;58.1;39.2
09;2021-06-29;309;1231;88912;60960;58.3;40.0
09;2021-06-30;450;1488;89362;62448;58.6;41.0
09;2021-07-01;377;1429;89739;63877;58.9;41.9
09;2021-07-02;308;1163;90047;65040;59.1;42.7
09;2021-07-03;205;1619;90252;66659;59.2;43.7
09;2021-07-04;3;254;90255;66913;59.2;43.9
09;2021-07-05;187;713;90442;67626;59.3;44.4
09;2021-07-06;288;1225;90730;68851;59.5;45.2
09;2021-07-07;412;1393;91142;70244;59.8;46.1
09;2021-07-08;319;1061;91461;71305;60.0;46.8
09;2021-07-09;290;1157;91751;72462;60.2;47.5
09;2021-07-10;344;1726;92095;74188;60.4;48.7
09;2021-07-11;147;390;92242;74578;60.5;48.9
09;2021-07-12;182;1072;92424;75650;60.6;49.6
09;2021-07-13;631;1301;93055;76951;61.1;50.5
09;2021-07-14;485;220;93540;77171;61.4;50.6
09;2021-07-15;814;1167;94354;78338;61.9;51.4
09;2021-07-16;607;1194;94961;79532;62.3;52.2
09;2021-07-17;1005;1098;95966;80630;63.0;52.9
09;2021-07-18;231;87;96197;80717;63.1;53.0
10;2020-12-27;0;0;0;0;0.0;0.0
10;2020-12-28;0;0;0;0;0.0;0.0
10;2020-12-29;0;0;0;0;0.0;0.0
10;2020-12-30;0;0;0;0;0.0;0.0
10;2020-12-31;0;0;0;0;0.0;0.0
10;2021-01-01;0;0;0;0;0.0;0.0
10;2021-01-02;0;0;0;0;0.0;0.0
10;2021-01-03;0;0;0;0;0.0;0.0
10;2021-01-04;0;0;0;0;0.0;0.0
10;2021-01-05;1;0;1;0;0.0;0.0
10;2021-01-06;0;0;1;0;0.0;0.0
10;2021-01-07;84;0;85;0;0.0;0.0
10;2021-01-08;254;0;339;0;0.1;0.0
10;2021-01-09;0;0;339;0;0.1;0.0
10;2021-01-10;0;0;339;0;0.1;0.0
10;2021-01-11;117;0;456;0;0.1;0.0
10;2021-01-12;191;0;647;0;0.2;0.0
10;2021-01-13;313;0;960;0;0.3;0.0
10;2021-01-14;391;7;1351;7;0.4;0.0
10;2021-01-15;359;2;1710;9;0.6;0.0
10;2021-01-16;55;0;1765;9;0.6;0.0
10;2021-01-17;0;0;1765;9;0.6;0.0
10;2021-01-18;699;1;2464;10;0.8;0.0
10;2021-01-19;1358;1;3822;11;1.2;0.0
10;2021-01-20;1049;2;4871;13;1.6;0.0
10;2021-01-21;1143;1;6014;14;1.9;0.0
10;2021-01-22;818;0;6832;14;2.2;0.0
10;2021-01-23;309;0;7141;14;2.3;0.0
10;2021-01-24;0;0;7141;14;2.3;0.0
10;2021-01-25;445;10;7586;24;2.4;0.0
10;2021-01-26;487;16;8073;40;2.6;0.0
10;2021-01-27;459;15;8532;55;2.8;0.0
10;2021-01-28;357;48;8889;103;2.9;0.0
10;2021-01-29;430;194;9319;297;3.0;0.1
10;2021-01-30;30;0;9349;297;3.0;0.1
10;2021-01-31;0;0;9349;297;3.0;0.1
10;2021-02-01;404;141;9753;438;3.1;0.1
10;2021-02-02;182;153;9935;591;3.2;0.2
10;2021-02-03;342;217;10277;808;3.3;0.3
10;2021-02-04;341;271;10618;1079;3.4;0.3
10;2021-02-05;327;321;10945;1400;3.5;0.5
10;2021-02-06;3;35;10948;1435;3.5;0.5
10;2021-02-07;0;0;10948;1435;3.5;0.5
10;2021-02-08;190;411;11138;1846;3.6;0.6
10;2021-02-09;480;585;11618;2431;3.7;0.8
10;2021-02-10;666;472;12284;2903;4.0;0.9
10;2021-02-11;755;598;13039;3501;4.2;1.1
10;2021-02-12;579;549;13618;4050;4.4;1.3
10;2021-02-13;36;120;13654;4170;4.4;1.3
10;2021-02-14;0;0;13654;4170;4.4;1.3
10;2021-02-15;142;449;13796;4619;4.5;1.5
10;2021-02-16;116;546;13912;5165;4.5;1.7
10;2021-02-17;129;607;14041;5772;4.5;1.9
10;2021-02-18;216;553;14257;6325;4.6;2.0
10;2021-02-19;187;472;14444;6797;4.7;2.2
10;2021-02-20;24;183;14468;6980;4.7;2.3
10;2021-02-21;0;0;14468;6980;4.7;2.3
10;2021-02-22;77;450;14545;7430;4.7;2.4
10;2021-02-23;76;563;14621;7993;4.7;2.6
10;2021-02-24;97;375;14718;8368;4.7;2.7
10;2021-02-25;323;374;15041;8742;4.9;2.8
10;2021-02-26;351;281;15392;9023;5.0;2.9
10;2021-02-27;275;130;15667;9153;5.1;3.0
10;2021-02-28;0;0;15667;9153;5.1;3.0
10;2021-03-01;257;334;15924;9487;5.1;3.1
10;2021-03-02;434;369;16358;9856;5.3;3.2
10;2021-03-03;442;581;16800;10437;5.4;3.4
10;2021-03-04;633;496;17433;10933;5.6;3.5
10;2021-03-05;677;249;18110;11182;5.8;3.6
10;2021-03-06;947;39;19057;11221;6.1;3.6
10;2021-03-07;769;4;19826;11225;6.4;3.6
10;2021-03-08;502;443;20328;11668;6.6;3.8
10;2021-03-09;673;433;21001;12101;6.8;3.9
10;2021-03-10;657;359;21658;12460;7.0;4.0
10;2021-03-11;1166;227;22824;12687;7.4;4.1
10;2021-03-12;1327;232;24151;12919;7.8;4.2
10;2021-03-13;891;31;25042;12950;8.1;4.2
10;2021-03-14;1381;8;26423;12958;8.5;4.2
10;2021-03-15;821;79;27244;13037;8.8;4.2
10;2021-03-16;687;59;27931;13096;9.0;4.2
10;2021-03-17;830;58;28761;13154;9.3;4.2
10;2021-03-18;885;77;29646;13231;9.6;4.3
10;2021-03-19;951;66;30597;13297;9.9;4.3
10;2021-03-20;552;12;31149;13309;10.1;4.3
10;2021-03-21;1845;26;32994;13335;10.6;4.3
10;2021-03-22;879;64;33873;13399;10.9;4.3
10;2021-03-23;1245;87;35118;13486;11.3;4.4
10;2021-03-24;1307;46;36425;13532;11.8;4.4
10;2021-03-25;1677;219;38102;13751;12.3;4.4
10;2021-03-26;1429;112;39531;13863;12.8;4.5
10;2021-03-27;762;78;40293;13941;13.0;4.5
10;2021-03-28;1220;24;41513;13965;13.4;4.5
10;2021-03-29;647;303;42160;14268;13.6;4.6
10;2021-03-30;924;373;43084;14641;13.9;4.7
10;2021-03-31;616;359;43700;15000;14.1;4.8
10;2021-04-01;882;680;44582;15680;14.4;5.1
10;2021-04-02;1068;581;45650;16261;14.7;5.2
10;2021-04-03;540;608;46190;16869;14.9;5.4
10;2021-04-04;1823;250;48013;17119;15.5;5.5
10;2021-04-05;1842;27;49855;17146;16.1;5.5
10;2021-04-06;512;648;50367;17794;16.3;5.7
10;2021-04-07;589;538;50956;18332;16.4;5.9
10;2021-04-08;1055;598;52011;18930;16.8;6.1
10;2021-04-09;1126;609;53137;19539;17.1;6.3
10;2021-04-10;1770;347;54907;19886;17.7;6.4
10;2021-04-11;55;1224;54962;21110;17.7;6.8
10;2021-04-12;1004;808;55966;21918;18.1;7.1
10;2021-04-13;1501;874;57467;22792;18.5;7.4
10;2021-04-14;797;594;58264;23386;18.8;7.5
10;2021-04-15;1417;887;59681;24273;19.3;7.8
10;2021-04-16;1103;694;60784;24967;19.6;8.1
10;2021-04-17;2391;349;63175;25316;20.4;8.2
10;2021-04-18;1421;1779;64596;27095;20.8;8.7
10;2021-04-19;835;836;65431;27931;21.1;9.0
10;2021-04-20;544;1036;65975;28967;21.3;9.3
10;2021-04-21;636;987;66611;29954;21.5;9.7
10;2021-04-22;931;970;67542;30924;21.8;10.0
10;2021-04-23;2170;771;69712;31695;22.5;10.2
10;2021-04-24;2296;365;72008;32060;23.2;10.3
10;2021-04-25;1990;1214;73998;33274;23.9;10.7
10;2021-04-26;773;615;74771;33889;24.1;10.9
10;2021-04-27;895;534;75666;34423;24.4;11.1
10;2021-04-28;873;402;76539;34825;24.7;11.2
10;2021-04-29;1427;666;77966;35491;25.2;11.5
10;2021-04-30;2162;756;80128;36247;25.9;11.7
10;2021-05-01;1986;2165;82114;38412;26.5;12.4
10;2021-05-02;1949;1892;84063;40304;27.1;13.0
10;2021-05-03;621;446;84684;40750;27.3;13.1
10;2021-05-04;1144;1247;85828;41997;27.7;13.6
10;2021-05-05;1753;1016;87581;43013;28.3;13.9
10;2021-05-06;2251;931;89832;43944;29.0;14.2
10;2021-05-07;2211;1128;92043;45072;29.7;14.5
10;2021-05-08;2268;852;94311;45924;30.4;14.8
10;2021-05-09;2005;99;96316;46023;31.1;14.9
10;2021-05-10;527;1091;96843;47114;31.2;15.2
10;2021-05-11;1051;1017;97894;48131;31.6;15.5
10;2021-05-12;2061;881;99955;49012;32.3;15.8
10;2021-05-13;2180;428;102135;49440;33.0;16.0
10;2021-05-14;2729;660;104864;50100;33.8;16.2
10;2021-05-15;2427;2032;107291;52132;34.6;16.8
10;2021-05-16;2081;1446;109372;53578;35.3;17.3
10;2021-05-17;1450;438;110822;54016;35.8;17.4
10;2021-05-18;2510;627;113332;54643;36.6;17.6
10;2021-05-19;1553;637;114885;55280;37.1;17.8
10;2021-05-20;1891;843;116776;56123;37.7;18.1
10;2021-05-21;2317;611;119093;56734;38.4;18.3
10;2021-05-22;2181;418;121274;57152;39.1;18.4
10;2021-05-23;1817;138;123091;57290;39.7;18.5
10;2021-05-24;1968;175;125059;57465;40.4;18.5
10;2021-05-25;2193;485;127252;57950;41.1;18.7
10;2021-05-26;1675;419;128927;58369;41.6;18.8
10;2021-05-27;1659;753;130586;59122;42.1;19.1
10;2021-05-28;1718;1183;132304;60305;42.7;19.5
10;2021-05-29;2170;634;134474;60939;43.4;19.7
10;2021-05-30;1029;133;135503;61072;43.7;19.7
10;2021-05-31;1038;747;136541;61819;44.1;19.9
10;2021-06-01;1132;887;137673;62706;44.4;20.2
10;2021-06-02;1031;713;138704;63419;44.8;20.5
10;2021-06-03;1468;1065;140172;64484;45.2;20.8
10;2021-06-04;1763;2596;141935;67080;45.8;21.6
10;2021-06-05;1511;2449;143446;69529;46.3;22.4
10;2021-06-06;1004;1869;144450;71398;46.6;23.0
10;2021-06-07;694;1112;145144;72510;46.8;23.4
10;2021-06-08;888;1169;146032;73679;47.1;23.8
10;2021-06-09;872;909;146904;74588;47.4;24.1
10;2021-06-10;675;1070;147579;75658;47.6;24.4
10;2021-06-11;1197;2210;148776;77868;48.0;25.1
10;2021-06-12;845;2385;149621;80253;48.3;25.9
10;2021-06-13;400;1838;150021;82091;48.4;26.5
10;2021-06-14;534;738;150555;82829;48.6;26.7
10;2021-06-15;738;2133;151293;84962;48.8;27.4
10;2021-06-16;737;1853;152030;86815;49.1;28.0
10;2021-06-17;845;2459;152875;89274;49.3;28.8
10;2021-06-18;1031;2474;153906;91748;49.7;29.6
10;2021-06-19;976;2594;154882;94342;50.0;30.4
10;2021-06-20;548;1598;155430;95940;50.2;31.0
10;2021-06-21;677;1046;156107;96986;50.4;31.3
10;2021-06-22;738;1524;156845;98510;50.6;31.8
10;2021-06-23;641;2409;157486;100919;50.8;32.6
10;2021-06-24;775;2617;158261;103536;51.1;33.4
10;2021-06-25;731;3037;158992;106573;51.3;34.4
10;2021-06-26;513;2742;159505;109315;51.5;35.3
10;2021-06-27;402;1940;159907;111255;51.6;35.9
10;2021-06-28;678;1786;160585;113041;51.8;36.5
10;2021-06-29;611;2698;161196;115739;52.0;37.3
10;2021-06-30;528;1525;161724;117264;52.2;37.8
10;2021-07-01;545;2173;162269;119437;52.4;38.5
10;2021-07-02;662;2729;162931;122166;52.6;39.4
10;2021-07-03;521;2598;163452;124764;52.7;40.3
10;2021-07-04;409;1730;163861;126494;52.9;40.8
10;2021-07-05;665;2221;164526;128715;53.1;41.5
10;2021-07-06;647;2184;165173;130899;53.3;42.2
10;2021-07-07;630;1701;165803;132600;53.5;42.8
10;2021-07-08;744;1454;166547;134054;53.7;43.3
10;2021-07-09;814;1943;167361;135997;54.0;43.9
10;2021-07-10;625;2093;167986;138090;54.2;44.6
10;2021-07-11;500;1377;168486;139467;54.4;45.0
10;2021-07-12;776;1620;169262;141087;54.6;45.5
10;2021-07-13;1119;1872;170381;142959;55.0;46.1
10;2021-07-14;1171;1055;171552;144014;55.4;46.5
10;2021-07-15;1468;1972;173020;145986;55.8;47.1
10;2021-07-16;1237;2265;174257;148251;56.2;47.8
10;2021-07-17;1281;1729;175538;149980;56.6;48.4
10;2021-07-18;940;1215;176478;151195;56.9;48.8
11;2020-12-27;0;0;0;0;0.0;0.0
11;2020-12-28;0;0;0;0;0.0;0.0
11;2020-12-29;0;0;0;0;0.0;0.0
11;2020-12-30;0;0;0;0;0.0;0.0
11;2020-12-31;0;0;0;0;0.0;0.0
11;2021-01-01;0;0;0;0;0.0;0.0
11;2021-01-02;2;0;2;0;0.0;0.0
11;2021-01-03;0;0;2;0;0.0;0.0
11;2021-01-04;0;0;2;0;0.0;0.0
11;2021-01-05;94;0;96;0;0.0;0.0
11;2021-01-06;25;0;121;0;0.0;0.0
11;2021-01-07;110;0;231;0;0.1;0.0
11;2021-01-08;90;1;321;1;0.1;0.0
11;2021-01-09;86;0;407;1;0.1;0.0
11;2021-01-10;67;0;474;1;0.1;0.0
11;2021-01-11;136;0;610;1;0.2;0.0
11;2021-01-12;544;3;1154;4;0.3;0.0
11;2021-01-13;410;0;1564;4;0.4;0.0
11;2021-01-14;635;6;2199;10;0.6;0.0
11;2021-01-15;342;4;2541;14;0.7;0.0
11;2021-01-16;77;1;2618;15;0.7;0.0
11;2021-01-17;46;1;2664;16;0.7;0.0
11;2021-01-18;387;0;3051;16;0.8;0.0
11;2021-01-19;515;2;3566;18;1.0;0.0
11;2021-01-20;676;5;4242;23;1.1;0.0
11;2021-01-21;639;2;4881;25;1.3;0.0
11;2021-01-22;524;1;5405;26;1.5;0.0
11;2021-01-23;153;0;5558;26;1.5;0.0
11;2021-01-24;139;0;5697;26;1.5;0.0
11;2021-01-25;372;20;6069;46;1.6;0.0
11;2021-01-26;831;83;6900;129;1.9;0.0
11;2021-01-27;788;23;7688;152;2.1;0.0
11;2021-01-28;637;61;8325;213;2.2;0.1
11;2021-01-29;432;124;8757;337;2.3;0.1
11;2021-01-30;128;0;8885;337;2.4;0.1
11;2021-01-31;79;0;8964;337;2.4;0.1
11;2021-02-01;343;194;9307;531;2.5;0.1
11;2021-02-02;403;407;9710;938;2.6;0.3
11;2021-02-03;388;353;10098;1291;2.7;0.3
11;2021-02-04;367;497;10465;1788;2.8;0.5
11;2021-02-05;304;337;10769;2125;2.9;0.6
11;2021-02-06;203;61;10972;2186;2.9;0.6
11;2021-02-07;108;13;11080;2199;3.0;0.6
11;2021-02-08;310;161;11390;2360;3.1;0.6
11;2021-02-09;292;280;11682;2640;3.1;0.7
11;2021-02-10;329;447;12011;3087;3.2;0.8
11;2021-02-11;610;631;12621;3718;3.4;1.0
11;2021-02-12;396;379;13017;4097;3.5;1.1
11;2021-02-13;191;120;13208;4217;3.5;1.1
11;2021-02-14;65;27;13273;4244;3.6;1.1
11;2021-02-15;236;209;13509;4453;3.6;1.2
11;2021-02-16;261;515;13770;4968;3.7;1.3
11;2021-02-17;451;619;14221;5587;3.8;1.5
11;2021-02-18;455;576;14676;6163;3.9;1.7
11;2021-02-19;300;540;14976;6703;4.0;1.8
11;2021-02-20;146;75;15122;6778;4.1;1.8
11;2021-02-21;56;45;15178;6823;4.1;1.8
11;2021-02-22;120;333;15298;7156;4.1;1.9
11;2021-02-23;282;324;15580;7480;4.2;2.0
11;2021-02-24;250;392;15830;7872;4.2;2.1
11;2021-02-25;559;340;16389;8212;4.4;2.2
11;2021-02-26;521;321;16910;8533;4.5;2.3
11;2021-02-27;318;98;17228;8631;4.6;2.3
11;2021-02-28;95;24;17323;8655;4.6;2.3
11;2021-03-01;338;320;17661;8975;4.7;2.4
11;2021-03-02;562;388;18223;9363;4.9;2.5
11;2021-03-03;599;434;18822;9797;5.1;2.6
11;2021-03-04;1075;406;19897;10203;5.3;2.7
11;2021-03-05;1001;405;20898;10608;5.6;2.8
11;2021-03-06;1092;201;21990;10809;5.9;2.9
11;2021-03-07;657;33;22647;10842;6.1;2.9
11;2021-03-08;381;351;23028;11193;6.2;3.0
11;2021-03-09;994;394;24022;11587;6.4;3.1
11;2021-03-10;1169;548;25191;12135;6.8;3.3
11;2021-03-11;1568;438;26759;12573;7.2;3.4
11;2021-03-12;1452;437;28211;13010;7.6;3.5
11;2021-03-13;1155;232;29366;13242;7.9;3.6
11;2021-03-14;524;49;29890;13291;8.0;3.6
11;2021-03-15;651;241;30541;13532;8.2;3.6
11;2021-03-16;852;199;31393;13731;8.4;3.7
11;2021-03-17;907;220;32300;13951;8.7;3.7
11;2021-03-18;1173;286;33473;14237;9.0;3.8
11;2021-03-19;1369;240;34842;14477;9.3;3.9
11;2021-03-20;786;168;35628;14645;9.6;3.9
11;2021-03-21;225;65;35853;14710;9.6;3.9
11;2021-03-22;808;215;36661;14925;9.8;4.0
11;2021-03-23;1799;387;38460;15312;10.3;4.1
11;2021-03-24;1832;313;40292;15625;10.8;4.2
11;2021-03-25;2189;368;42481;15993;11.4;4.3
11;2021-03-26;2121;439;44602;16432;12.0;4.4
11;2021-03-27;1177;144;45779;16576;12.3;4.4
11;2021-03-28;264;41;46043;16617;12.4;4.5
11;2021-03-29;1181;217;47224;16834;12.7;4.5
11;2021-03-30;1991;315;49215;17149;13.2;4.6
11;2021-03-31;1609;378;50824;17527;13.6;4.7
11;2021-04-01;2144;424;52968;17951;14.2;4.8
11;2021-04-02;1638;427;54606;18378;14.7;4.9
11;2021-04-03;718;141;55324;18519;14.8;5.0
11;2021-04-04;197;73;55521;18592;14.9;5.0
11;2021-04-05;257;4;55778;18596;15.0;5.0
11;2021-04-06;1569;543;57347;19139;15.4;5.1
11;2021-04-07;1760;571;59107;19710;15.9;5.3
11;2021-04-08;1783;682;60890;20392;16.3;5.5
11;2021-04-09;2254;591;63144;20983;16.9;5.6
11;2021-04-10;1168;171;64312;21154;17.3;5.7
11;2021-04-11;545;107;64857;21261;17.4;5.7
11;2021-04-12;1609;520;66466;21781;17.8;5.8
11;2021-04-13;2257;880;68723;22661;18.4;6.1
11;2021-04-14;1658;1006;70381;23667;18.9;6.4
11;2021-04-15;1837;1124;72218;24791;19.4;6.7
11;2021-04-16;1831;842;74049;25633;19.9;6.9
11;2021-04-17;1771;559;75820;26192;20.3;7.0
11;2021-04-18;113;154;75933;26346;20.4;7.1
11;2021-04-19;1380;734;77313;27080;20.7;7.3
11;2021-04-20;1726;1283;79039;28363;21.2;7.6
11;2021-04-21;1783;1313;80822;29676;21.7;8.0
11;2021-04-22;1746;1321;82568;30997;22.2;8.3
11;2021-04-23;2003;1223;84571;32220;22.7;8.6
11;2021-04-24;1733;466;86304;32686;23.2;8.8
11;2021-04-25;658;178;86962;32864;23.3;8.8
11;2021-04-26;1376;834;88338;33698;23.7;9.0
11;2021-04-27;1831;1541;90169;35239;24.2;9.5
11;2021-04-28;1998;1460;92167;36699;24.7;9.8
11;2021-04-29;2246;1631;94413;38330;25.3;10.3
11;2021-04-30;2148;1417;96561;39747;25.9;10.7
11;2021-05-01;1336;341;97897;40088;26.3;10.8
11;2021-05-02;583;335;98480;40423;26.4;10.8
11;2021-05-03;1485;735;99965;41158;26.8;11.0
11;2021-05-04;1876;1427;101841;42585;27.3;11.4
11;2021-05-05;1890;1431;103731;44016;27.8;11.8
11;2021-05-06;2189;1472;105920;45488;28.4;12.2
11;2021-05-07;2099;1554;108019;47042;29.0;12.6
11;2021-05-08;892;725;108911;47767;29.2;12.8
11;2021-05-09;627;544;109538;48311;29.4;13.0
11;2021-05-10;1325;1651;110863;49962;29.7;13.4
11;2021-05-11;2034;1860;112897;51822;30.3;13.9
11;2021-05-12;1830;1630;114727;53452;30.8;14.3
11;2021-05-13;1405;412;116132;53864;31.2;14.5
11;2021-05-14;1712;1186;117844;55050;31.6;14.8
11;2021-05-15;1156;901;119000;55951;31.9;15.0
11;2021-05-16;805;162;119805;56113;32.1;15.1
11;2021-05-17;1468;1047;121273;57160;32.5;15.3
11;2021-05-18;1898;1197;123171;58357;33.0;15.7
11;2021-05-19;1847;1118;125018;59475;33.5;16.0
11;2021-05-20;1966;1091;126984;60566;34.1;16.3
11;2021-05-21;2274;1086;129258;61652;34.7;16.5
11;2021-05-22;1483;724;130741;62376;35.1;16.7
11;2021-05-23;767;68;131508;62444;35.3;16.8
11;2021-05-24;1410;226;132918;62670;35.7;16.8
11;2021-05-25;1811;1353;134729;64023;36.1;17.2
11;2021-05-26;1932;1305;136661;65328;36.7;17.5
11;2021-05-27;1984;1721;138645;67049;37.2;18.0
11;2021-05-28;1758;1890;140403;68939;37.7;18.5
11;2021-05-29;1425;1596;141828;70535;38.1;18.9
11;2021-05-30;485;395;142313;70930;38.2;19.0
11;2021-05-31;1256;1620;143569;72550;38.5;19.5
11;2021-06-01;1853;1904;145422;74454;39.0;20.0
11;2021-06-02;1756;2073;147178;76527;39.5;20.5
11;2021-06-03;2593;2408;149771;78935;40.2;21.2
11;2021-06-04;2143;2667;151914;81602;40.8;21.9
11;2021-06-05;1588;1903;153502;83505;41.2;22.4
11;2021-06-06;875;861;154377;84366;41.4;22.6
11;2021-06-07;1526;1713;155903;86079;41.8;23.1
11;2021-06-08;2028;1988;157931;88067;42.4;23.6
11;2021-06-09;1778;2190;159709;90257;42.9;24.2
11;2021-06-10;1795;2423;161504;92680;43.3;24.9
11;2021-06-11;1858;2489;163362;95169;43.8;25.5
11;2021-06-12;1449;1623;164811;96792;44.2;26.0
11;2021-06-13;709;723;165520;97515;44.4;26.2
11;2021-06-14;1025;1967;166545;99482;44.7;26.7
11;2021-06-15;1383;2687;167928;102169;45.1;27.4
11;2021-06-16;1329;2527;169257;104696;45.4;28.1
11;2021-06-17;1450;2534;170707;107230;45.8;28.8
11;2021-06-18;1509;2493;172216;109723;46.2;29.4
11;2021-06-19;1232;1408;173448;111131;46.5;29.8
11;2021-06-20;298;601;173746;111732;46.6;30.0
11;2021-06-21;836;2121;174582;113853;46.8;30.5
11;2021-06-22;1011;2602;175593;116455;47.1;31.2
11;2021-06-23;1082;2084;176675;118539;47.4;31.8
11;2021-06-24;896;2247;177571;120786;47.6;32.4
11;2021-06-25;970;2536;178541;123322;47.9;33.1
11;2021-06-26;768;1653;179309;124975;48.1;33.5
11;2021-06-27;205;687;179514;125662;48.2;33.7
11;2021-06-28;692;2301;180206;127963;48.4;34.3
11;2021-06-29;949;2593;181155;130556;48.6;35.0
11;2021-06-30;886;2514;182041;133070;48.8;35.7
11;2021-07-01;987;1884;183028;134954;49.1;36.2
11;2021-07-02;959;2536;183987;137490;49.4;36.9
11;2021-07-03;726;1800;184713;139290;49.6;37.4
11;2021-07-04;335;1108;185048;140398;49.6;37.7
11;2021-07-05;692;2127;185740;142525;49.8;38.2
11;2021-07-06;964;2519;186704;145044;50.1;38.9
11;2021-07-07;921;2513;187625;147557;50.3;39.6
11;2021-07-08;1178;1896;188803;149453;50.7;40.1
11;2021-07-09;820;1787;189623;151240;50.9;40.6
11;2021-07-10;366;1300;189989;152540;51.0;40.9
11;2021-07-11;311;560;190300;153100;51.1;41.1
11;2021-07-12;493;2665;190793;155765;51.2;41.8
11;2021-07-13;1286;3064;192079;158829;51.5;42.6
11;2021-07-14;204;234;192283;159063;51.6;42.7
11;2021-07-15;1403;2949;193686;162012;52.0;43.5
11;2021-07-16;1830;2715;195516;164727;52.5;44.2
11;2021-07-17;1069;2155;196585;166882;52.7;44.8
11;2021-07-18;639;919;197224;167801;52.9;45.0
12;2020-12-27;0;0;0;0;0.0;0.0
12;2020-12-28;0;0;0;0;0.0;0.0
12;2020-12-29;0;0;0;0;0.0;0.0
12;2020-12-30;0;0;0;0;0.0;0.0
12;2020-12-31;0;0;0;0;0.0;0.0
12;2021-01-01;0;0;0;0;0.0;0.0
12;2021-01-02;0;0;0;0;0.0;0.0
12;2021-01-03;0;0;0;0;0.0;0.0
12;2021-01-04;1;0;1;0;0.0;0.0
12;2021-01-05;0;0;1;0;0.0;0.0
12;2021-01-06;13;0;14;0;0.0;0.0
12;2021-01-07;202;0;216;0;0.1;0.0
12;2021-01-08;64;0;280;0;0.1;0.0
12;2021-01-09;0;0;280;0;0.1;0.0
12;2021-01-10;1;0;281;0;0.1;0.0
12;2021-01-11;99;0;380;0;0.1;0.0
12;2021-01-12;360;1;740;1;0.3;0.0
12;2021-01-13;285;0;1025;1;0.4;0.0
12;2021-01-14;589;9;1614;10;0.6;0.0
12;2021-01-15;366;10;1980;20;0.7;0.0
12;2021-01-16;138;2;2118;22;0.8;0.0
12;2021-01-17;0;0;2118;22;0.8;0.0
12;2021-01-18;452;0;2570;22;0.9;0.0
12;2021-01-19;601;3;3171;25;1.1;0.0
12;2021-01-20;877;1;4048;26;1.5;0.0
12;2021-01-21;722;0;4770;26;1.7;0.0
12;2021-01-22;798;1;5568;27;2.0;0.0
12;2021-01-23;381;0;5949;27;2.1;0.0
12;2021-01-24;0;0;5949;27;2.1;0.0
12;2021-01-25;449;0;6398;27;2.3;0.0
12;2021-01-26;648;0;7046;27;2.5;0.0
12;2021-01-27;1826;14;8872;41;3.2;0.0
12;2021-01-28;1882;210;10754;251;3.9;0.1
12;2021-01-29;1328;43;12082;294;4.3;0.1
12;2021-01-30;359;2;12441;296;4.5;0.1
12;2021-01-31;0;0;12441;296;4.5;0.1
12;2021-02-01;333;90;12774;386;4.6;0.1
12;2021-02-02;457;242;13231;628;4.8;0.2
12;2021-02-03;456;166;13687;794;4.9;0.3
12;2021-02-04;452;522;14139;1316;5.1;0.5
12;2021-02-05;447;183;14586;1499;5.2;0.5
12;2021-02-06;218;68;14804;1567;5.3;0.6
12;2021-02-07;8;0;14812;1567;5.3;0.6
12;2021-02-08;105;316;14917;1883;5.4;0.7
12;2021-02-09;208;341;15125;2224;5.4;0.8
12;2021-02-10;464;470;15589;2694;5.6;1.0
12;2021-02-11;538;344;16127;3038;5.8;1.1
12;2021-02-12;570;342;16697;3380;6.0;1.2
12;2021-02-13;175;133;16872;3513;6.1;1.3
12;2021-02-14;0;0;16872;3513;6.1;1.3
12;2021-02-15;173;380;17045;3893;6.1;1.4
12;2021-02-16;167;512;17212;4405;6.2;1.6
12;2021-02-17;362;1435;17574;5840;6.3;2.1
12;2021-02-18;671;1653;18245;7493;6.6;2.7
12;2021-02-19;576;969;18821;8462;6.8;3.0
12;2021-02-20;102;396;18923;8858;6.8;3.2
12;2021-02-21;0;0;18923;8858;6.8;3.2
12;2021-02-22;150;405;19073;9263;6.9;3.3
12;2021-02-23;157;561;19230;9824;6.9;3.5
12;2021-02-24;157;689;19387;10513;7.0;3.8
12;2021-02-25;198;767;19585;11280;7.0;4.1
12;2021-02-26;320;654;19905;11934;7.2;4.3
12;2021-02-27;190;350;20095;12284;7.2;4.4
12;2021-02-28;12;0;20107;12284;7.2;4.4
12;2021-03-01;49;350;20156;12634;7.2;4.5
12;2021-03-02;190;504;20346;13138;7.3;4.7
12;2021-03-03;243;388;20589;13526;7.4;4.9
12;2021-03-04;278;361;20867;13887;7.5;5.0
12;2021-03-05;421;365;21288;14252;7.6;5.1
12;2021-03-06;793;120;22081;14372;7.9;5.2
12;2021-03-07;140;29;22221;14401;8.0;5.2
12;2021-03-08;235;209;22456;14610;8.1;5.2
12;2021-03-09;716;232;23172;14842;8.3;5.3
12;2021-03-10;782;730;23954;15572;8.6;5.6
12;2021-03-11;916;648;24870;16220;8.9;5.8
12;2021-03-12;1252;519;26122;16739;9.4;6.0
12;2021-03-13;894;128;27016;16867;9.7;6.1
12;2021-03-14;44;2;27060;16869;9.7;6.1
12;2021-03-15;558;152;27618;17021;9.9;6.1
12;2021-03-16;817;156;28435;17177;10.2;6.2
12;2021-03-17;1503;158;29938;17335;10.8;6.2
12;2021-03-18;993;246;30931;17581;11.1;6.3
12;2021-03-19;1378;267;32309;17848;11.6;6.4
12;2021-03-20;724;79;33033;17927;11.9;6.4
12;2021-03-21;262;7;33295;17934;12.0;6.4
12;2021-03-22;606;172;33901;18106;12.2;6.5
12;2021-03-23;1214;171;35115;18277;12.6;6.6
12;2021-03-24;1421;193;36536;18470;13.1;6.6
12;2021-03-25;1843;197;38379;18667;13.8;6.7
12;2021-03-26;1976;215;40355;18882;14.5;6.8
12;2021-03-27;978;63;41333;18945;14.8;6.8
12;2021-03-28;59;1;41392;18946;14.9;6.8
12;2021-03-29;960;76;42352;19022;15.2;6.8
12;2021-03-30;1734;112;44086;19134;15.8;6.9
12;2021-03-31;1458;91;45544;19225;16.4;6.9
12;2021-04-01;1957;142;47501;19367;17.1;7.0
12;2021-04-02;1614;334;49115;19701;17.6;7.1
12;2021-04-03;882;92;49997;19793;18.0;7.1
12;2021-04-04;1;0;49998;19793;18.0;7.1
12;2021-04-05;645;11;50643;19804;18.2;7.1
12;2021-04-06;1152;535;51795;20339;18.6;7.3
12;2021-04-07;1649;621;53444;20960;19.2;7.5
12;2021-04-08;2094;544;55538;21504;20.0;7.7
12;2021-04-09;2091;620;57629;22124;20.7;7.9
12;2021-04-10;1427;214;59056;22338;21.2;8.0
12;2021-04-11;120;1;59176;22339;21.3;8.0
12;2021-04-12;1836;499;61012;22838;21.9;8.2
12;2021-04-13;1904;769;62916;23607;22.6;8.5
12;2021-04-14;1830;1313;64746;24920;23.3;9.0
12;2021-04-15;1938;897;66684;25817;24.0;9.3
12;2021-04-16;1673;1190;68357;27007;24.6;9.7
12;2021-04-17;1554;561;69911;27568;25.1;9.9
12;2021-04-18;0;0;69911;27568;25.1;9.9
12;2021-04-19;1685;544;71596;28112;25.7;10.1
12;2021-04-20;1546;977;73142;29089;26.3;10.5
12;2021-04-21;1686;1179;74828;30268;26.9;10.9
12;2021-04-22;1689;1092;76517;31360;27.5;11.3
12;2021-04-23;1381;1323;77898;32683;28.0;11.7
12;2021-04-24;1452;717;79350;33400;28.5;12.0
12;2021-04-25;59;0;79409;33400;28.5;12.0
12;2021-04-26;1459;897;80868;34297;29.1;12.3
12;2021-04-27;1319;1276;82187;35573;29.5;12.8
12;2021-04-28;1113;1867;83300;37440;29.9;13.5
12;2021-04-29;1570;1909;84870;39349;30.5;14.1
12;2021-04-30;1812;1816;86682;41165;31.1;14.8
12;2021-05-01;1614;258;88296;41423;31.7;14.9
12;2021-05-02;0;0;88296;41423;31.7;14.9
12;2021-05-03;1713;1244;90009;42667;32.3;15.3
12;2021-05-04;1480;1389;91489;44056;32.9;15.8
12;2021-05-05;1290;1672;92779;45728;33.3;16.4
12;2021-05-06;1752;1376;94531;47104;34.0;16.9
12;2021-05-07;1477;1773;96008;48877;34.5;17.6
12;2021-05-08;1328;460;97336;49337;35.0;17.7
12;2021-05-09;13;34;97349;49371;35.0;17.7
12;2021-05-10;825;2213;98174;51584;35.3;18.5
12;2021-05-11;931;1851;99105;53435;35.6;19.2
12;2021-05-12;949;1821;100054;55256;35.9;19.9
12;2021-05-13;1587;809;101641;56065;36.5;20.1
12;2021-05-14;1235;1529;102876;57594;37.0;20.7
12;2021-05-15;1064;1112;103940;58706;37.3;21.1
12;2021-05-16;2;19;103942;58725;37.3;21.1
12;2021-05-17;1082;1811;105024;60536;37.7;21.7
12;2021-05-18;1425;1533;106449;62069;38.2;22.3
12;2021-05-19;1913;1326;108362;63395;38.9;22.8
12;2021-05-20;2112;872;110474;64267;39.7;23.1
12;2021-05-21;1823;1254;112297;65521;40.3;23.5
12;2021-05-22;1205;1013;113502;66534;40.8;23.9
12;2021-05-23;6;12;113508;66546;40.8;23.9
12;2021-05-24;1955;539;115463;67085;41.5;24.1
12;2021-05-25;1737;1160;117200;68245;42.1;24.5
12;2021-05-26;1997;777;119197;69022;42.8;24.8
12;2021-05-27;2158;739;121355;69761;43.6;25.1
12;2021-05-28;1928;1030;123283;70791;44.3;25.4
12;2021-05-29;1636;804;124919;71595;44.9;25.7
12;2021-05-30;9;43;124928;71638;44.9;25.7
12;2021-05-31;1700;814;126628;72452;45.5;26.0
12;2021-06-01;1886;1028;128514;73480;46.2;26.4
12;2021-06-02;1974;1044;130488;74524;46.9;26.8
12;2021-06-03;2118;830;132606;75354;47.6;27.1
12;2021-06-04;1965;1413;134571;76767;48.3;27.6
12;2021-06-05;1736;982;136307;77749;49.0;27.9
12;2021-06-06;5;6;136312;77755;49.0;27.9
12;2021-06-07;1087;1798;137399;79553;49.4;28.6
12;2021-06-08;1331;1201;138730;80754;49.8;29.0
12;2021-06-09;892;1286;139622;82040;50.2;29.5
12;2021-06-10;1010;917;140632;82957;50.5;29.8
12;2021-06-11;1190;2079;141822;85036;50.9;30.5
12;2021-06-12;1031;1317;142853;86353;51.3;31.0
12;2021-06-13;6;47;142859;86400;51.3;31.0
12;2021-06-14;659;1833;143518;88233;51.6;31.7
12;2021-06-15;744;1883;144262;90116;51.8;32.4
12;2021-06-16;818;1813;145080;91929;52.1;33.0
12;2021-06-17;671;989;145751;92918;52.4;33.4
12;2021-06-18;1130;1839;146881;94757;52.8;34.0
12;2021-06-19;913;1405;147794;96162;53.1;34.5
12;2021-06-20;2;10;147796;96172;53.1;34.5
12;2021-06-21;509;1743;148305;97915;53.3;35.2
12;2021-06-22;499;1481;148804;99396;53.5;35.7
12;2021-06-23;578;1307;149382;100703;53.7;36.2
12;2021-06-24;243;544;149625;101247;53.8;36.4
12;2021-06-25;864;1836;150489;103083;54.1;37.0
12;2021-06-26;670;1526;151159;104609;54.3;37.6
12;2021-06-27;0;9;151159;104618;54.3;37.6
12;2021-06-28;464;2452;151623;107070;54.5;38.5
12;2021-06-29;563;1959;152186;109029;54.7;39.2
12;2021-06-30;829;2132;153015;111161;55.0;39.9
12;2021-07-01;339;1083;153354;112244;55.1;40.3
12;2021-07-02;783;2622;154137;114866;55.4;41.3
12;2021-07-03;561;1869;154698;116735;55.6;41.9
12;2021-07-04;0;0;154698;116735;55.6;41.9
12;2021-07-05;436;2410;155134;119145;55.7;42.8
12;2021-07-06;638;2503;155772;121648;56.0;43.7
12;2021-07-07;682;2120;156454;123768;56.2;44.5
12;2021-07-08;291;913;156745;124681;56.3;44.8
12;2021-07-09;714;2593;157459;127274;56.6;45.7
12;2021-07-10;441;2076;157900;129350;56.7;46.5
12;2021-07-11;0;0;157900;129350;56.7;46.5
12;2021-07-12;578;2442;158478;131792;56.9;47.3
12;2021-07-13;832;2590;159310;134382;57.2;48.3
12;2021-07-14;43;25;159353;134407;57.2;48.3
12;2021-07-15;786;2107;160139;136514;57.5;49.0
12;2021-07-16;1234;2553;161373;139067;58.0;50.0
12;2021-07-17;782;2008;162155;141075;58.3;50.7
12;2021-07-18;22;11;162177;141086;58.3;50.7
13;2020-12-27;0;0;0;0;0.0;0.0
13;2020-12-28;0;0;0;0;0.0;0.0
13;2020-12-29;0;0;0;0;0.0;0.0
13;2020-12-30;0;0;0;0;0.0;0.0
13;2020-12-31;0;0;0;0;0.0;0.0
13;2021-01-01;3;0;3;0;0.0;0.0
13;2021-01-02;0;0;3;0;0.0;0.0
13;2021-01-03;0;0;3;0;0.0;0.0
13;2021-01-04;0;0;3;0;0.0;0.0
13;2021-01-05;75;0;78;0;0.0;0.0
13;2021-01-06;117;0;195;0;0.0;0.0
13;2021-01-07;173;1;368;1;0.0;0.0
13;2021-01-08;185;0;553;1;0.0;0.0
13;2021-01-09;10;0;563;1;0.0;0.0
13;2021-01-10;2;0;565;1;0.0;0.0
13;2021-01-11;479;2;1044;3;0.1;0.0
13;2021-01-12;812;1;1856;4;0.1;0.0
13;2021-01-13;1084;1;2940;5;0.1;0.0
13;2021-01-14;1562;19;4502;24;0.2;0.0
13;2021-01-15;1525;6;6027;30;0.3;0.0
13;2021-01-16;405;2;6432;32;0.3;0.0
13;2021-01-17;38;0;6470;32;0.3;0.0
13;2021-01-18;2367;9;8837;41;0.4;0.0
13;2021-01-19;7395;26;16232;67;0.8;0.0
13;2021-01-20;5540;16;21772;83;1.1;0.0
13;2021-01-21;5332;21;27104;104;1.3;0.0
13;2021-01-22;3980;15;31084;119;1.5;0.0
13;2021-01-23;1334;5;32418;124;1.6;0.0
13;2021-01-24;487;3;32905;127;1.6;0.0
13;2021-01-25;2322;23;35227;150;1.7;0.0
13;2021-01-26;2943;88;38170;238;1.9;0.0
13;2021-01-27;3108;118;41278;356;2.0;0.0
13;2021-01-28;3230;188;44508;544;2.2;0.0
13;2021-01-29;2504;122;47012;666;2.3;0.0
13;2021-01-30;1016;2;48028;668;2.4;0.0
13;2021-01-31;246;0;48274;668;2.4;0.0
13;2021-02-01;1851;298;50125;966;2.5;0.0
13;2021-02-02;2253;610;52378;1576;2.6;0.1
13;2021-02-03;1854;579;54232;2155;2.7;0.1
13;2021-02-04;1893;928;56125;3083;2.8;0.2
13;2021-02-05;2618;1560;58743;4643;2.9;0.2
13;2021-02-06;840;314;59583;4957;2.9;0.2
13;2021-02-07;274;6;59857;4963;2.9;0.2
13;2021-02-08;1892;1548;61749;6511;3.0;0.3
13;2021-02-09;3298;4448;65047;10959;3.2;0.5
13;2021-02-10;3201;3429;68248;14388;3.4;0.7
13;2021-02-11;3560;3578;71808;17966;3.5;0.9
13;2021-02-12;2824;3157;74632;21123;3.7;1.0
13;2021-02-13;728;596;75360;21719;3.7;1.1
13;2021-02-14;69;379;75429;22098;3.7;1.1
13;2021-02-15;962;2036;76391;24134;3.8;1.2
13;2021-02-16;1390;2646;77781;26780;3.8;1.3
13;2021-02-17;1341;3028;79122;29808;3.9;1.5
13;2021-02-18;1890;2717;81012;32525;4.0;1.6
13;2021-02-19;1510;2192;82522;34717;4.1;1.7
13;2021-02-20;456;787;82978;35504;4.1;1.7
13;2021-02-21;28;286;83006;35790;4.1;1.8
13;2021-02-22;1021;2271;84027;38061;4.1;1.9
13;2021-02-23;1280;2685;85307;40746;4.2;2.0
13;2021-02-24;1503;2627;86810;43373;4.3;2.1
13;2021-02-25;2379;2152;89189;45525;4.4;2.2
13;2021-02-26;2454;2109;91643;47634;4.5;2.3
13;2021-02-27;980;747;92623;48381;4.6;2.4
13;2021-02-28;192;203;92815;48584;4.6;2.4
13;2021-03-01;1907;1526;94722;50110;4.7;2.5
13;2021-03-02;2998;2602;97720;52712;4.8;2.6
13;2021-03-03;3468;2611;101188;55323;5.0;2.7
13;2021-03-04;4174;3148;105362;58471;5.2;2.9
13;2021-03-05;4041;2788;109403;61259;5.4;3.0
13;2021-03-06;5285;812;114688;62071;5.6;3.1
13;2021-03-07;4286;351;118974;62422;5.8;3.1
13;2021-03-08;3916;1983;122890;64405;6.0;3.2
13;2021-03-09;5052;2249;127942;66654;6.3;3.3
13;2021-03-10;5162;1947;133104;68601;6.5;3.4
13;2021-03-11;7287;2081;140391;70682;6.9;3.5
13;2021-03-12;8309;2033;148700;72715;7.3;3.6
13;2021-03-13;6366;684;155066;73399;7.6;3.6
13;2021-03-14;2308;131;157374;73530;7.7;3.6
13;2021-03-15;6342;1264;163716;74794;8.0;3.7
13;2021-03-16;5060;1488;168776;76282;8.3;3.7
13;2021-03-17;5165;1370;173941;77652;8.5;3.8
13;2021-03-18;5810;1841;179751;79493;8.8;3.9
13;2021-03-19;6788;1587;186539;81080;9.2;4.0
13;2021-03-20;4030;679;190569;81759;9.4;4.0
13;2021-03-21;712;80;191281;81839;9.4;4.0
13;2021-03-22;7281;1526;198562;83365;9.8;4.1
13;2021-03-23;9101;1702;207663;85067;10.2;4.2
13;2021-03-24;8833;2137;216496;87204;10.6;4.3
13;2021-03-25;10885;2048;227381;89252;11.2;4.4
13;2021-03-26;10695;1837;238076;91089;11.7;4.5
13;2021-03-27;4858;812;242934;91901;11.9;4.5
13;2021-03-28;1113;78;244047;91979;12.0;4.5
13;2021-03-29;7550;1954;251597;93933;12.4;4.6
13;2021-03-30;12581;2434;264178;96367;13.0;4.7
13;2021-03-31;10796;3063;274974;99430;13.5;4.9
13;2021-04-01;12237;2983;287211;102413;14.1;5.0
13;2021-04-02;9772;3822;296983;106235;14.6;5.2
13;2021-04-03;3999;2795;300982;109030;14.8;5.4
13;2021-04-04;624;304;301606;109334;14.8;5.4
13;2021-04-05;3509;704;305115;110038;15.0;5.4
13;2021-04-06;8492;4196;313607;114234;15.4;5.6
13;2021-04-07;10067;4621;323674;118855;15.9;5.8
13;2021-04-08;10086;5415;333760;124270;16.4;6.1
13;2021-04-09;11233;5068;344993;129338;17.0;6.4
13;2021-04-10;7286;2062;352279;131400;17.3;6.5
13;2021-04-11;1374;528;353653;131928;17.4;6.5
13;2021-04-12;7952;4749;361605;136677;17.8;6.7
13;2021-04-13;9125;5426;370730;142103;18.2;7.0
13;2021-04-14;9515;5759;380245;147862;18.7;7.3
13;2021-04-15;9856;5901;390101;153763;19.2;7.6
13;2021-04-16;9950;5513;400051;159276;19.7;7.8
13;2021-04-17;4069;2001;404120;161277;19.9;7.9
13;2021-04-18;2514;1416;406634;162693;20.0;8.0
13;2021-04-19;6436;6383;413070;169076;20.3;8.3
13;2021-04-20;7391;7576;420461;176652;20.7;8.7
13;2021-04-21;7754;7336;428215;183988;21.0;9.0
13;2021-04-22;8450;7877;436665;191865;21.5;9.4
13;2021-04-23;8341;6699;445006;198564;21.9;9.8
13;2021-04-24;4606;3808;449612;202372;22.1;9.9
13;2021-04-25;866;523;450478;202895;22.1;10.0
13;2021-04-26;6154;7099;456632;209994;22.4;10.3
13;2021-04-27;7242;8002;463874;217996;22.8;10.7
13;2021-04-28;9437;7666;473311;225662;23.3;11.1
13;2021-04-29;11388;7487;484699;233149;23.8;11.5
13;2021-04-30;10908;7279;495607;240428;24.4;11.8
13;2021-05-01;5370;3778;500977;244206;24.6;12.0
13;2021-05-02;2095;745;503072;244951;24.7;12.0
13;2021-05-03;7275;7837;510347;252788;25.1;12.4
13;2021-05-04;8419;8505;518766;261293;25.5;12.8
13;2021-05-05;8196;8940;526962;270233;25.9;13.3
13;2021-05-06;10123;8554;537085;278787;26.4;13.7
13;2021-05-07;8834;10004;545919;288791;26.8;14.2
13;2021-05-08;4562;3912;550481;292703;27.1;14.4
13;2021-05-09;934;684;551415;293387;27.1;14.4
13;2021-05-10;7697;8753;559112;302140;27.5;14.9
13;2021-05-11;10939;9554;570051;311694;28.0;15.3
13;2021-05-12;12824;8696;582875;320390;28.6;15.7
13;2021-05-13;9500;3618;592375;324008;29.1;15.9
13;2021-05-14;13647;6424;606022;330432;29.8;16.2
13;2021-05-15;10189;4519;616211;334951;30.3;16.5
13;2021-05-16;3120;787;619331;335738;30.4;16.5
13;2021-05-17;10835;6797;630166;342535;31.0;16.8
13;2021-05-18;11894;6439;642060;348974;31.6;17.2
13;2021-05-19;12138;6315;654198;355289;32.2;17.5
13;2021-05-20;13413;6419;667611;361708;32.8;17.8
13;2021-05-21;12964;6759;680575;368467;33.5;18.1
13;2021-05-22;7507;3630;688082;372097;33.8;18.3
13;2021-05-23;861;636;688943;372733;33.9;18.3
13;2021-05-24;6757;2469;695700;375202;34.2;18.4
13;2021-05-25;9259;7587;704959;382789;34.7;18.8
13;2021-05-26;10115;7830;715074;390619;35.1;19.2
13;2021-05-27;10337;8397;725411;399016;35.7;19.6
13;2021-05-28;8965;9151;734376;408167;36.1;20.1
13;2021-05-29;7171;4626;741547;412793;36.4;20.3
13;2021-05-30;888;527;742435;413320;36.5;20.3
13;2021-05-31;8176;7982;750611;421302;36.9;20.7
13;2021-06-01;9287;9259;759898;430561;37.4;21.2
13;2021-06-02;9606;8755;769504;439316;37.8;21.6
13;2021-06-03;12191;9458;781695;448774;38.4;22.1
13;2021-06-04;11982;10017;793677;458791;39.0;22.6
13;2021-06-05;7710;5560;801387;464351;39.4;22.8
13;2021-06-06;1663;880;803050;465231;39.5;22.9
13;2021-06-07;6640;9873;809690;475104;39.8;23.4
13;2021-06-08;8240;9967;817930;485071;40.2;23.8
13;2021-06-09;8289;9699;826219;494770;40.6;24.3
13;2021-06-10;8805;9728;835024;504498;41.0;24.8
13;2021-06-11;8174;12691;843198;517189;41.4;25.4
13;2021-06-12;5733;6688;848931;523877;41.7;25.8
13;2021-06-13;939;1212;849870;525089;41.8;25.8
13;2021-06-14;5937;11143;855807;536232;42.1;26.4
13;2021-06-15;7161;11389;862968;547621;42.4;26.9
13;2021-06-16;7220;9876;870188;557497;42.8;27.4
13;2021-06-17;7301;10684;877489;568181;43.1;27.9
13;2021-06-18;7385;11051;884874;579232;43.5;28.5
13;2021-06-19;4561;7465;889435;586697;43.7;28.8
13;2021-06-20;934;1042;890369;587739;43.8;28.9
13;2021-06-21;4403;12266;894772;600005;44.0;29.5
13;2021-06-22;4855;13871;899627;613876;44.2;30.2
13;2021-06-23;5021;13556;904648;627432;44.5;30.8
13;2021-06-24;5230;12827;909878;640259;44.7;31.5
13;2021-06-25;5090;14676;914968;654935;45.0;32.2
13;2021-06-26;2983;9663;917951;664598;45.1;32.7
13;2021-06-27;530;928;918481;665526;45.1;32.7
13;2021-06-28;3606;12542;922087;678068;45.3;33.3
13;2021-06-29;4308;12877;926395;690945;45.5;34.0
13;2021-06-30;4734;12677;931129;703622;45.8;34.6
13;2021-07-01;5276;11438;936405;715060;46.0;35.1
13;2021-07-02;5384;12352;941789;727412;46.3;35.8
13;2021-07-03;3457;9137;945246;736549;46.5;36.2
13;2021-07-04;466;868;945712;737417;46.5;36.2
13;2021-07-05;3648;11760;949360;749177;46.7;36.8
13;2021-07-06;5367;11648;954727;760825;46.9;37.4
13;2021-07-07;5521;10643;960248;771468;47.2;37.9
13;2021-07-08;6106;10234;966354;781702;47.5;38.4
13;2021-07-09;5814;11861;972168;793563;47.8;39.0
13;2021-07-10;3122;8607;975290;802170;47.9;39.4
13;2021-07-11;421;1007;975711;803177;48.0;39.5
13;2021-07-12;4404;10931;980115;814108;48.2;40.0
13;2021-07-13;8819;13034;988934;827142;48.6;40.7
13;2021-07-14;5557;4788;994491;831930;48.9;40.9
13;2021-07-15;11215;12756;1005706;844686;49.4;41.5
13;2021-07-16;11908;12668;1017614;857354;50.0;42.1
13;2021-07-17;6489;8349;1024103;865703;50.3;42.6
13;2021-07-18;695;1035;1024798;866738;50.4;42.6
14;2020-12-27;0;0;0;0;0.0;0.0
14;2020-12-28;1;0;1;0;0.0;0.0
14;2020-12-29;0;0;1;0;0.0;0.0
14;2020-12-30;0;0;1;0;0.0;0.0
14;2020-12-31;3;0;4;0;0.0;0.0
14;2021-01-01;0;0;4;0;0.0;0.0
14;2021-01-02;1;0;5;0;0.0;0.0
14;2021-01-03;0;0;5;0;0.0;0.0
14;2021-01-04;0;0;5;0;0.0;0.0
14;2021-01-05;13;0;18;0;0.0;0.0
14;2021-01-06;348;0;366;0;0.1;0.0
14;2021-01-07;396;1;762;1;0.1;0.0
14;2021-01-08;613;2;1375;3;0.2;0.0
14;2021-01-09;125;0;1500;3;0.2;0.0
14;2021-01-10;41;0;1541;3;0.2;0.0
14;2021-01-11;661;0;2202;3;0.3;0.0
14;2021-01-12;934;0;3136;3;0.5;0.0
14;2021-01-13;846;1;3982;4;0.6;0.0
14;2021-01-14;2797;17;6779;21;1.0;0.0
14;2021-01-15;1876;13;8655;34;1.3;0.0
14;2021-01-16;268;2;8923;36;1.3;0.0
14;2021-01-17;145;4;9068;40;1.3;0.0
14;2021-01-18;1084;1;10152;41;1.5;0.0
14;2021-01-19;1148;1;11300;42;1.6;0.0
14;2021-01-20;1988;4;13288;46;1.9;0.0
14;2021-01-21;1811;5;15099;51;2.2;0.0
14;2021-01-22;1486;2;16585;53;2.4;0.0
14;2021-01-23;297;1;16882;54;2.4;0.0
14;2021-01-24;71;0;16953;54;2.5;0.0
14;2021-01-25;909;10;17862;64;2.6;0.0
14;2021-01-26;846;36;18708;100;2.7;0.0
14;2021-01-27;878;158;19586;258;2.8;0.0
14;2021-01-28;779;143;20365;401;2.9;0.1
14;2021-01-29;780;231;21145;632;3.1;0.1
14;2021-01-30;269;12;21414;644;3.1;0.1
14;2021-01-31;58;3;21472;647;3.1;0.1
14;2021-02-01;724;230;22196;877;3.2;0.1
14;2021-02-02;821;423;23017;1300;3.3;0.2
14;2021-02-03;745;389;23762;1689;3.4;0.2
14;2021-02-04;1166;2060;24928;3749;3.6;0.5
14;2021-02-05;1293;1314;26221;5063;3.8;0.7
14;2021-02-06;394;240;26615;5303;3.8;0.8
14;2021-02-07;178;73;26793;5376;3.9;0.8
14;2021-02-08;774;824;27567;6200;4.0;0.9
14;2021-02-09;719;1008;28286;7208;4.1;1.0
14;2021-02-10;824;1611;29110;8819;4.2;1.3
14;2021-02-11;1348;1431;30458;10250;4.4;1.5
14;2021-02-12;1379;1081;31837;11331;4.6;1.6
14;2021-02-13;307;185;32144;11516;4.6;1.7
14;2021-02-14;84;68;32228;11584;4.7;1.7
14;2021-02-15;442;1087;32670;12671;4.7;1.8
14;2021-02-16;674;980;33344;13651;4.8;2.0
14;2021-02-17;405;981;33749;14632;4.9;2.1
14;2021-02-18;702;876;34451;15508;5.0;2.2
14;2021-02-19;733;776;35184;16284;5.1;2.4
14;2021-02-20;89;271;35273;16555;5.1;2.4
14;2021-02-21;6;90;35279;16645;5.1;2.4
14;2021-02-22;432;1049;35711;17694;5.2;2.6
14;2021-02-23;485;914;36196;18608;5.2;2.7
14;2021-02-24;439;896;36635;19504;5.3;2.8
14;2021-02-25;1221;1171;37856;20675;5.5;3.0
14;2021-02-26;1576;1160;39432;21835;5.7;3.2
14;2021-02-27;505;269;39937;22104;5.8;3.2
14;2021-02-28;27;42;39964;22146;5.8;3.2
14;2021-03-01;519;923;40483;23069;5.9;3.3
14;2021-03-02;967;806;41450;23875;6.0;3.5
14;2021-03-03;1074;828;42524;24703;6.1;3.6
14;2021-03-04;1949;774;44473;25477;6.4;3.7
14;2021-03-05;2429;865;46902;26342;6.8;3.8
14;2021-03-06;3073;192;49975;26534;7.2;3.8
14;2021-03-07;1193;55;51168;26589;7.4;3.8
14;2021-03-08;1250;808;52418;27397;7.6;4.0
14;2021-03-09;1741;692;54159;28089;7.8;4.1
14;2021-03-10;1827;580;55986;28669;8.1;4.1
14;2021-03-11;2746;461;58732;29130;8.5;4.2
14;2021-03-12;4041;544;62773;29674;9.1;4.3
14;2021-03-13;1849;167;64622;29841;9.3;4.3
14;2021-03-14;30;38;64652;29879;9.4;4.3
14;2021-03-15;2005;132;66657;30011;9.6;4.3
14;2021-03-16;1398;276;68055;30287;9.8;4.4
14;2021-03-17;1153;192;69208;30479;10.0;4.4
14;2021-03-18;1479;301;70687;30780;10.2;4.5
14;2021-03-19;2596;258;73283;31038;10.6;4.5
14;2021-03-20;2654;28;75937;31066;11.0;4.5
14;2021-03-21;453;8;76390;31074;11.0;4.5
14;2021-03-22;1866;353;78256;31427;11.3;4.5
14;2021-03-23;2170;318;80426;31745;11.6;4.6
14;2021-03-24;2426;180;82852;31925;12.0;4.6
14;2021-03-25;3286;307;86138;32232;12.5;4.7
14;2021-03-26;4601;452;90739;32684;13.1;4.7
14;2021-03-27;2229;221;92968;32905;13.4;4.8
14;2021-03-28;35;1;93003;32906;13.5;4.8
14;2021-03-29;1604;476;94607;33382;13.7;4.8
14;2021-03-30;2713;507;97320;33889;14.1;4.9
14;2021-03-31;2313;902;99633;34791;14.4;5.0
14;2021-04-01;4171;1652;103804;36443;15.0;5.3
14;2021-04-02;3862;1249;107666;37692;15.6;5.5
14;2021-04-03;1129;1200;108795;38892;15.7;5.6
14;2021-04-04;25;484;108820;39376;15.7;5.7
14;2021-04-05;1214;321;110034;39697;15.9;5.7
14;2021-04-06;2383;982;112417;40679;16.3;5.9
14;2021-04-07;2717;1018;115134;41697;16.7;6.0
14;2021-04-08;4296;1081;119430;42778;17.3;6.2
14;2021-04-09;6029;1147;125459;43925;18.1;6.4
14;2021-04-10;2892;427;128351;44352;18.6;6.4
14;2021-04-11;628;118;128979;44470;18.7;6.4
14;2021-04-12;2911;1573;131890;46043;19.1;6.7
14;2021-04-13;3468;1425;135358;47468;19.6;6.9
14;2021-04-14;3106;1153;138464;48621;20.0;7.0
14;2021-04-15;4392;1501;142856;50122;20.7;7.2
14;2021-04-16;4599;1544;147455;51666;21.3;7.5
14;2021-04-17;2314;1653;149769;53319;21.7;7.7
14;2021-04-18;537;324;150306;53643;21.7;7.8
14;2021-04-19;2755;1698;153061;55341;22.1;8.0
14;2021-04-20;3384;1823;156445;57164;22.6;8.3
14;2021-04-21;3001;1460;159446;58624;23.1;8.5
14;2021-04-22;4220;2064;163666;60688;23.7;8.8
14;2021-04-23;4627;2266;168293;62954;24.3;9.1
14;2021-04-24;1850;1747;170143;64701;24.6;9.4
14;2021-04-25;456;26;170599;64727;24.7;9.4
14;2021-04-26;3370;1566;173969;66293;25.2;9.6
14;2021-04-27;3499;2561;177468;68854;25.7;10.0
14;2021-04-28;3234;1890;180702;70744;26.1;10.2
14;2021-04-29;4539;2291;185241;73035;26.8;10.6
14;2021-04-30;5118;2632;190359;75667;27.5;10.9
14;2021-05-01;3551;189;193910;75856;28.0;11.0
14;2021-05-02;1237;54;195147;75910;28.2;11.0
14;2021-05-03;2479;2759;197626;78669;28.6;11.4
14;2021-05-04;3124;2896;200750;81565;29.0;11.8
14;2021-05-05;3681;2754;204431;84319;29.6;12.2
14;2021-05-06;4931;3471;209362;87790;30.3;12.7
14;2021-05-07;4864;3843;214226;91633;31.0;13.3
14;2021-05-08;2723;1258;216949;92891;31.4;13.4
14;2021-05-09;1913;657;218862;93548;31.7;13.5
14;2021-05-10;3628;3146;222490;96694;32.2;14.0
14;2021-05-11;4343;3590;226833;100284;32.8;14.5
14;2021-05-12;4046;3205;230879;103489;33.4;15.0
14;2021-05-13;4690;1126;235569;104615;34.1;15.1
14;2021-05-14;6670;2621;242239;107236;35.0;15.5
14;2021-05-15;5138;760;247377;107996;35.8;15.6
14;2021-05-16;2317;119;249694;108115;36.1;15.6
14;2021-05-17;2821;2262;252515;110377;36.5;16.0
14;2021-05-18;4082;2238;256597;112615;37.1;16.3
14;2021-05-19;3747;2018;260344;114633;37.7;16.6
14;2021-05-20;4474;2754;264818;117387;38.3;17.0
14;2021-05-21;4266;3521;269084;120908;38.9;17.5
14;2021-05-22;1668;865;270752;121773;39.2;17.6
14;2021-05-23;646;71;271398;121844;39.3;17.6
14;2021-05-24;2844;748;274242;122592;39.7;17.7
14;2021-05-25;3623;3390;277865;125982;40.2;18.2
14;2021-05-26;3430;2403;281295;128385;40.7;18.6
14;2021-05-27;4767;3232;286062;131617;41.4;19.0
14;2021-05-28;5084;3888;291146;135505;42.1;19.6
14;2021-05-29;2339;2455;293485;137960;42.4;20.0
14;2021-05-30;757;239;294242;138199;42.6;20.0
14;2021-05-31;4089;2964;298331;141163;43.1;20.4
14;2021-06-01;5735;3215;304066;144378;44.0;20.9
14;2021-06-02;5026;2845;309092;147223;44.7;21.3
14;2021-06-03;6646;4009;315738;151232;45.7;21.9
14;2021-06-04;6437;5135;322175;156367;46.6;22.6
14;2021-06-05;4342;1858;326517;158225;47.2;22.9
14;2021-06-06;2042;80;328559;158305;47.5;22.9
14;2021-06-07;4234;3446;332793;161751;48.1;23.4
14;2021-06-08;5207;3122;338000;164873;48.9;23.8
14;2021-06-09;4255;2959;342255;167832;49.5;24.3
14;2021-06-10;5028;2961;347283;170793;50.2;24.7
14;2021-06-11;4821;4878;352104;175671;50.9;25.4
14;2021-06-12;3675;4499;355779;180170;51.5;26.1
14;2021-06-13;844;1091;356623;181261;51.6;26.2
14;2021-06-14;2166;3793;358789;185054;51.9;26.8
14;2021-06-15;3296;3969;362085;189023;52.4;27.3
14;2021-06-16;3427;4550;365512;193573;52.9;28.0
14;2021-06-17;4220;5257;369732;198830;53.5;28.8
14;2021-06-18;3714;6126;373446;204956;54.0;29.6
14;2021-06-19;2580;2949;376026;207905;54.4;30.1
14;2021-06-20;567;1568;376593;209473;54.5;30.3
14;2021-06-21;2097;4363;378690;213836;54.8;30.9
14;2021-06-22;2560;5188;381250;219024;55.1;31.7
14;2021-06-23;2491;4345;383741;223369;55.5;32.3
14;2021-06-24;3423;5807;387164;229176;56.0;33.1
14;2021-06-25;2712;7282;389876;236458;56.4;34.2
14;2021-06-26;2163;4543;392039;241001;56.7;34.9
14;2021-06-27;432;1833;392471;242834;56.8;35.1
14;2021-06-28;1282;3973;393753;246807;56.9;35.7
14;2021-06-29;1769;5369;395522;252176;57.2;36.5
14;2021-06-30;1954;4623;397476;256799;57.5;37.1
14;2021-07-01;2892;5068;400368;261867;57.9;37.9
14;2021-07-02;2565;6668;402933;268535;58.3;38.8
14;2021-07-03;1420;2650;404353;271185;58.5;39.2
14;2021-07-04;417;716;404770;271901;58.5;39.3
14;2021-07-05;1182;4786;405952;276687;58.7;40.0
14;2021-07-06;2060;6004;408012;282691;59.0;40.9
14;2021-07-07;2235;4581;410247;287272;59.3;41.5
14;2021-07-08;2879;5517;413126;292789;59.7;42.3
14;2021-07-09;2741;6447;415867;299236;60.1;43.3
14;2021-07-10;2018;3197;417885;302433;60.4;43.7
14;2021-07-11;895;873;418780;303306;60.6;43.9
14;2021-07-12;1615;5909;420395;309215;60.8;44.7
14;2021-07-13;3049;7336;423444;316551;61.2;45.8
14;2021-07-14;2228;3047;425672;319598;61.6;46.2
14;2021-07-15;4128;7649;429800;327247;62.2;47.3
14;2021-07-16;4576;7663;434376;334910;62.8;48.4
14;2021-07-17;2091;4195;436467;339105;63.1;49.0
14;2021-07-18;703;1861;437170;340966;63.2;49.3
15;2020-12-27;0;0;0;0;0.0;0.0
15;2020-12-28;0;0;0;0;0.0;0.0
15;2020-12-29;0;0;0;0;0.0;0.0
15;2020-12-30;0;0;0;0;0.0;0.0
15;2020-12-31;0;0;0;0;0.0;0.0
15;2021-01-01;1;0;1;0;0.0;0.0
15;2021-01-02;0;0;1;0;0.0;0.0
15;2021-01-03;0;0;1;0;0.0;0.0
15;2021-01-04;0;0;1;0;0.0;0.0
15;2021-01-05;0;0;1;0;0.0;0.0
15;2021-01-06;0;0;1;0;0.0;0.0
15;2021-01-07;71;0;72;0;0.1;0.0
15;2021-01-08;106;0;178;0;0.1;0.0
15;2021-01-09;0;0;178;0;0.1;0.0
15;2021-01-10;1;0;179;0;0.1;0.0
15;2021-01-11;97;0;276;0;0.2;0.0
15;2021-01-12;92;0;368;0;0.3;0.0
15;2021-01-13;230;0;598;0;0.4;0.0
15;2021-01-14;297;1;895;1;0.6;0.0
15;2021-01-15;138;0;1033;1;0.7;0.0
15;2021-01-16;90;0;1123;1;0.8;0.0
15;2021-01-17;0;0;1123;1;0.8;0.0
15;2021-01-18;404;2;1527;3;1.1;0.0
15;2021-01-19;550;0;2077;3;1.5;0.0
15;2021-01-20;631;0;2708;3;1.9;0.0
15;2021-01-21;575;3;3283;6;2.3;0.0
15;2021-01-22;503;2;3786;8;2.7;0.0
15;2021-01-23;432;1;4218;9;3.0;0.0
15;2021-01-24;6;0;4224;9;3.0;0.0
15;2021-01-25;396;0;4620;9;3.2;0.0
15;2021-01-26;436;0;5056;9;3.5;0.0
15;2021-01-27;723;0;5779;9;4.0;0.0
15;2021-01-28;625;51;6404;60;4.5;0.0
15;2021-01-29;329;82;6733;142;4.7;0.1
15;2021-01-30;218;3;6951;145;4.9;0.1
15;2021-01-31;0;0;6951;145;4.9;0.1
15;2021-02-01;237;89;7188;234;5.0;0.2
15;2021-02-02;189;90;7377;324;5.2;0.2
15;2021-02-03;266;158;7643;482;5.4;0.3
15;2021-02-04;663;205;8306;687;5.8;0.5
15;2021-02-05;296;255;8602;942;6.0;0.7
15;2021-02-06;98;76;8700;1018;6.1;0.7
15;2021-02-07;0;0;8700;1018;6.1;0.7
15;2021-02-08;233;107;8933;1125;6.3;0.8
15;2021-02-09;205;118;9138;1243;6.4;0.9
15;2021-02-10;338;297;9476;1540;6.6;1.1
15;2021-02-11;114;240;9590;1780;6.7;1.2
15;2021-02-12;136;157;9726;1937;6.8;1.4
15;2021-02-13;92;78;9818;2015;6.9;1.4
15;2021-02-14;0;0;9818;2015;6.9;1.4
15;2021-02-15;63;216;9881;2231;6.9;1.6
15;2021-02-16;52;294;9933;2525;7.0;1.8
15;2021-02-17;143;470;10076;2995;7.1;2.1
15;2021-02-18;87;748;10163;3743;7.1;2.6
15;2021-02-19;90;432;10253;4175;7.2;2.9
15;2021-02-20;21;259;10274;4434;7.2;3.1
15;2021-02-21;0;0;10274;4434;7.2;3.1
15;2021-02-22;23;497;10297;4931;7.2;3.5
15;2021-02-23;180;457;10477;5388;7.3;3.8
15;2021-02-24;31;462;10508;5850;7.4;4.1
15;2021-02-25;228;1002;10736;6852;7.5;4.8
15;2021-02-26;185;473;10921;7325;7.6;5.1
15;2021-02-27;146;88;11067;7413;7.7;5.2
15;2021-02-28;1;0;11068;7413;7.8;5.2
15;2021-03-01;121;223;11189;7636;7.8;5.3
15;2021-03-02;248;306;11437;7942;8.0;5.6
15;2021-03-03;207;29;11644;7971;8.2;5.6
15;2021-03-04;244;246;11888;8217;8.3;5.8
15;2021-03-05;347;169;12235;8386;8.6;5.9
15;2021-03-06;680;7;12915;8393;9.0;5.9
15;2021-03-07;80;0;12995;8393;9.1;5.9
15;2021-03-08;93;106;13088;8499;9.2;6.0
15;2021-03-09;279;285;13367;8784;9.4;6.2
15;2021-03-10;415;162;13782;8946;9.7;6.3
15;2021-03-11;434;296;14216;9242;10.0;6.5
15;2021-03-12;523;94;14739;9336;10.3;6.5
15;2021-03-13;354;4;15093;9340;10.6;6.5
15;2021-03-14;18;0;15111;9340;10.6;6.5
15;2021-03-15;542;60;15653;9400;11.0;6.6
15;2021-03-16;328;20;15981;9420;11.2;6.6
15;2021-03-17;130;53;16111;9473;11.3;6.6
15;2021-03-18;250;94;16361;9567;11.5;6.7
15;2021-03-19;668;30;17029;9597;11.9;6.7
15;2021-03-20;148;36;17177;9633;12.0;6.7
15;2021-03-21;6;0;17183;9633;12.0;6.7
15;2021-03-22;573;74;17756;9707;12.4;6.8
15;2021-03-23;775;91;18531;9798;13.0;6.9
15;2021-03-24;936;31;19467;9829;13.6;6.9
15;2021-03-25;1279;22;20746;9851;14.5;6.9
15;2021-03-26;1009;46;21755;9897;15.2;6.9
15;2021-03-27;301;3;22056;9900;15.4;6.9
15;2021-03-28;20;0;22076;9900;15.5;6.9
15;2021-03-29;780;14;22856;9914;16.0;6.9
15;2021-03-30;1133;196;23989;10110;16.8;7.1
15;2021-03-31;937;18;24926;10128;17.5;7.1
15;2021-04-01;1233;51;26159;10179;18.3;7.1
15;2021-04-02;1141;54;27300;10233;19.1;7.2
15;2021-04-03;120;18;27420;10251;19.2;7.2
15;2021-04-04;0;0;27420;10251;19.2;7.2
15;2021-04-05;33;1;27453;10252;19.2;7.2
15;2021-04-06;834;78;28287;10330;19.8;7.2
15;2021-04-07;662;100;28949;10430;20.3;7.3
15;2021-04-08;1247;127;30196;10557;21.1;7.4
15;2021-04-09;1275;96;31471;10653;22.0;7.5
15;2021-04-10;364;19;31835;10672;22.3;7.5
15;2021-04-11;13;0;31848;10672;22.3;7.5
15;2021-04-12;644;459;32492;11131;22.8;7.8
15;2021-04-13;1124;320;33616;11451;23.5;8.0
15;2021-04-14;1038;187;34654;11638;24.3;8.1
15;2021-04-15;1182;304;35836;11942;25.1;8.4
15;2021-04-16;1038;555;36874;12497;25.8;8.8
15;2021-04-17;443;11;37317;12508;26.1;8.8
15;2021-04-18;0;10;37317;12518;26.1;8.8
15;2021-04-19;540;514;37857;13032;26.5;9.1
15;2021-04-20;847;613;38704;13645;27.1;9.6
15;2021-04-21;598;647;39302;14292;27.5;10.0
15;2021-04-22;726;767;40028;15059;28.0;10.5
15;2021-04-23;731;674;40759;15733;28.5;11.0
15;2021-04-24;363;123;41122;15856;28.8;11.1
15;2021-04-25;1;3;41123;15859;28.8;11.1
15;2021-04-26;324;631;41447;16490;29.0;11.5
15;2021-04-27;469;930;41916;17420;29.4;12.2
15;2021-04-28;375;788;42291;18208;29.6;12.7
15;2021-04-29;584;1006;42875;19214;30.0;13.5
15;2021-04-30;547;1078;43422;20292;30.4;14.2
15;2021-05-01;283;30;43705;20322;30.6;14.2
15;2021-05-02;0;0;43705;20322;30.6;14.2
15;2021-05-03;881;327;44586;20649;31.2;14.5
15;2021-05-04;802;855;45388;21504;31.8;15.1
15;2021-05-05;676;670;46064;22174;32.3;15.5
15;2021-05-06;826;965;46890;23139;32.8;16.2
15;2021-05-07;1151;906;48041;24045;33.6;16.8
15;2021-05-08;491;54;48532;24099;34.0;16.9
15;2021-05-09;23;9;48555;24108;34.0;16.9
15;2021-05-10;705;911;49260;25019;34.5;17.5
15;2021-05-11;1187;1185;50447;26204;35.3;18.3
15;2021-05-12;1147;832;51594;27036;36.1;18.9
15;2021-05-13;1165;437;52759;27473;36.9;19.2
15;2021-05-14;1504;583;54263;28056;38.0;19.6
15;2021-05-15;1410;417;55673;28473;39.0;19.9
15;2021-05-16;1;10;55674;28483;39.0;19.9
15;2021-05-17;1000;606;56674;29089;39.7;20.4
15;2021-05-18;1221;966;57895;30055;40.5;21.0
15;2021-05-19;1020;458;58915;30513;41.3;21.4
15;2021-05-20;1239;776;60154;31289;42.1;21.9
15;2021-05-21;1348;748;61502;32037;43.1;22.4
15;2021-05-22;527;187;62029;32224;43.4;22.6
15;2021-05-23;0;11;62029;32235;43.4;22.6
15;2021-05-24;691;257;62720;32492;43.9;22.8
15;2021-05-25;1151;620;63871;33112;44.7;23.2
15;2021-05-26;1095;458;64966;33570;45.5;23.5
15;2021-05-27;1269;661;66235;34231;46.4;24.0
15;2021-05-28;1509;886;67744;35117;47.4;24.6
15;2021-05-29;984;361;68728;35478;48.1;24.8
15;2021-05-30;14;25;68742;35503;48.1;24.9
15;2021-05-31;1201;477;69943;35980;49.0;25.2
15;2021-06-01;1399;571;71342;36551;50.0;25.6
15;2021-06-02;864;417;72206;36968;50.6;25.9
15;2021-06-03;930;711;73136;37679;51.2;26.4
15;2021-06-04;1076;718;74212;38397;52.0;26.9
15;2021-06-05;651;263;74863;38660;52.4;27.1
15;2021-06-06;16;20;74879;38680;52.4;27.1
15;2021-06-07;778;349;75657;39029;53.0;27.3
15;2021-06-08;469;396;76126;39425;53.3;27.6
15;2021-06-09;377;374;76503;39799;53.6;27.9
15;2021-06-10;268;425;76771;40224;53.8;28.2
15;2021-06-11;661;1099;77432;41323;54.2;28.9
15;2021-06-12;377;467;77809;41790;54.5;29.3
15;2021-06-13;12;6;77821;41796;54.5;29.3
15;2021-06-14;542;977;78363;42773;54.9;30.0
15;2021-06-15;450;1162;78813;43935;55.2;30.8
15;2021-06-16;539;897;79352;44832;55.6;31.4
15;2021-06-17;287;933;79639;45765;55.8;32.0
15;2021-06-18;740;1204;80379;46969;56.3;32.9
15;2021-06-19;541;706;80920;47675;56.7;33.4
15;2021-06-20;10;1;80930;47676;56.7;33.4
15;2021-06-21;277;1038;81207;48714;56.9;34.1
15;2021-06-22;224;1480;81431;50194;57.0;35.1
15;2021-06-23;337;1444;81768;51638;57.3;36.2
15;2021-06-24;290;1096;82058;52734;57.5;36.9
15;2021-06-25;376;1645;82434;54379;57.7;38.1
15;2021-06-26;164;911;82598;55290;57.8;38.7
15;2021-06-27;0;0;82598;55290;57.8;38.7
15;2021-06-28;174;1228;82772;56518;58.0;39.6
15;2021-06-29;298;1264;83070;57782;58.2;40.5
15;2021-06-30;265;984;83335;58766;58.4;41.1
15;2021-07-01;376;1226;83711;59992;58.6;42.0
15;2021-07-02;405;1354;84116;61346;58.9;43.0
15;2021-07-03;250;710;84366;62056;59.1;43.5
15;2021-07-04;0;1;84366;62057;59.1;43.5
15;2021-07-05;246;1261;84612;63318;59.2;44.3
15;2021-07-06;269;1471;84881;64789;59.4;45.4
15;2021-07-07;250;1344;85131;66133;59.6;46.3
15;2021-07-08;486;1348;85617;67481;60.0;47.3
15;2021-07-09;474;1787;86091;69268;60.3;48.5
15;2021-07-10;204;866;86295;70134;60.4;49.1
15;2021-07-11;7;5;86302;70139;60.4;49.1
15;2021-07-12;268;1484;86570;71623;60.6;50.2
15;2021-07-13;575;1762;87145;73385;61.0;51.4
15;2021-07-14;8;130;87153;73515;61.0;51.5
15;2021-07-15;1123;727;88276;74242;61.8;52.0
15;2021-07-16;1122;1335;89398;75577;62.6;52.9
15;2021-07-17;813;949;90211;76526;63.2;53.6
15;2021-07-18;0;3;90211;76529;63.2;53.6
16;2020-12-27;0;0;0;0;0.0;0.0
16;2020-12-28;0;0;0;0;0.0;0.0
16;2020-12-29;0;0;0;0;0.0;0.0
16;2020-12-30;0;0;0;0;0.0;0.0
16;2020-12-31;0;0;0;0;0.0;0.0
16;2021-01-01;0;0;0;0;0.0;0.0
16;2021-01-02;0;0;0;0;0.0;0.0
16;2021-01-03;0;0;0;0;0.0;0.0
16;2021-01-04;1;0;1;0;0.0;0.0
16;2021-01-05;1;0;2;0;0.0;0.0
16;2021-01-06;88;0;90;0;0.0;0.0
16;2021-01-07;238;0;328;0;0.1;0.0
16;2021-01-08;464;2;792;2;0.2;0.0
16;2021-01-09;1;0;793;2;0.2;0.0
16;2021-01-10;1;0;794;2;0.2;0.0
16;2021-01-11;303;0;1097;2;0.3;0.0
16;2021-01-12;436;1;1533;3;0.4;0.0
16;2021-01-13;479;0;2012;3;0.6;0.0
16;2021-01-14;596;6;2608;9;0.7;0.0
16;2021-01-15;504;3;3112;12;0.9;0.0
16;2021-01-16;0;0;3112;12;0.9;0.0
16;2021-01-17;0;0;3112;12;0.9;0.0
16;2021-01-18;429;5;3541;17;1.0;0.0
16;2021-01-19;829;2;4370;19;1.3;0.0
16;2021-01-20;1181;2;5551;21;1.6;0.0
16;2021-01-21;1347;2;6898;23;2.0;0.0
16;2021-01-22;1107;0;8005;23;2.3;0.0
16;2021-01-23;183;0;8188;23;2.4;0.0
16;2021-01-24;0;0;8188;23;2.4;0.0
16;2021-01-25;641;2;8829;25;2.5;0.0
16;2021-01-26;1024;0;9853;25;2.8;0.0
16;2021-01-27;1400;104;11253;129;3.2;0.0
16;2021-01-28;1252;61;12505;190;3.6;0.1
16;2021-01-29;742;139;13247;329;3.8;0.1
16;2021-01-30;36;0;13283;329;3.8;0.1
16;2021-01-31;0;0;13283;329;3.8;0.1
16;2021-02-01;395;206;13678;535;3.9;0.2
16;2021-02-02;575;174;14253;709;4.1;0.2
16;2021-02-03;620;352;14873;1061;4.3;0.3
16;2021-02-04;463;271;15336;1332;4.4;0.4
16;2021-02-05;504;277;15840;1609;4.5;0.5
16;2021-02-06;1;82;15841;1691;4.5;0.5
16;2021-02-07;41;1;15882;1692;4.6;0.5
16;2021-02-08;355;220;16237;1912;4.7;0.5
16;2021-02-09;649;294;16886;2206;4.8;0.6
16;2021-02-10;692;679;17578;2885;5.0;0.8
16;2021-02-11;796;613;18374;3498;5.3;1.0
16;2021-02-12;623;834;18997;4332;5.5;1.2
16;2021-02-13;42;78;19039;4410;5.5;1.3
16;2021-02-14;0;7;19039;4417;5.5;1.3
16;2021-02-15;217;670;19256;5087;5.5;1.5
16;2021-02-16;374;959;19630;6046;5.6;1.7
16;2021-02-17;351;1313;19981;7359;5.7;2.1
16;2021-02-18;510;1257;20491;8616;5.9;2.5
16;2021-02-19;389;803;20880;9419;6.0;2.7
16;2021-02-20;1;8;20881;9427;6.0;2.7
16;2021-02-21;0;0;20881;9427;6.0;2.7
16;2021-02-22;135;549;21016;9976;6.0;2.9
16;2021-02-23;206;929;21222;10905;6.1;3.1
16;2021-02-24;273;901;21495;11806;6.2;3.4
16;2021-02-25;395;690;21890;12496;6.3;3.6
16;2021-02-26;478;502;22368;12998;6.4;3.7
16;2021-02-27;250;1;22618;12999;6.5;3.7
16;2021-02-28;5;5;22623;13004;6.5;3.7
16;2021-03-01;152;327;22775;13331;6.5;3.8
16;2021-03-02;270;672;23045;14003;6.6;4.0
16;2021-03-03;391;727;23436;14730;6.7;4.2
16;2021-03-04;805;569;24241;15299;7.0;4.4
16;2021-03-05;1140;535;25381;15834;7.3;4.5
16;2021-03-06;751;10;26132;15844;7.5;4.6
16;2021-03-07;94;18;26226;15862;7.5;4.6
16;2021-03-08;436;319;26662;16181;7.7;4.6
16;2021-03-09;765;700;27427;16881;7.9;4.8
16;2021-03-10;606;668;28033;17549;8.1;5.0
16;2021-03-11;1445;529;29478;18078;8.5;5.2
16;2021-03-12;1164;458;30642;18536;8.8;5.3
16;2021-03-13;764;12;31406;18548;9.0;5.3
16;2021-03-14;1;0;31407;18548;9.0;5.3
16;2021-03-15;461;181;31868;18729;9.2;5.4
16;2021-03-16;859;421;32727;19150;9.4;5.5
16;2021-03-17;589;287;33316;19437;9.6;5.6
16;2021-03-18;1030;278;34346;19715;9.9;5.7
16;2021-03-19;1100;246;35446;19961;10.2;5.7
16;2021-03-20;394;2;35840;19963;10.3;5.7
16;2021-03-21;9;0;35849;19963;10.3;5.7
16;2021-03-22;727;100;36576;20063;10.5;5.8
16;2021-03-23;1460;101;38036;20164;10.9;5.8
16;2021-03-24;1118;184;39154;20348;11.2;5.8
16;2021-03-25;2046;90;41200;20438;11.8;5.9
16;2021-03-26;1914;93;43114;20531;12.4;5.9
16;2021-03-27;430;21;43544;20552;12.5;5.9
16;2021-03-28;0;0;43544;20552;12.5;5.9
16;2021-03-29;923;62;44467;20614;12.8;5.9
16;2021-03-30;1879;174;46346;20788;13.3;6.0
16;2021-03-31;1514;128;47860;20916;13.7;6.0
16;2021-04-01;2008;398;49868;21314;14.3;6.1
16;2021-04-02;1441;378;51309;21692;14.7;6.2
16;2021-04-03;288;2;51597;21694;14.8;6.2
16;2021-04-04;1;0;51598;21694;14.8;6.2
16;2021-04-05;2;0;51600;21694;14.8;6.2
16;2021-04-06;2009;538;53609;22232;15.4;6.4
16;2021-04-07;1951;400;55560;22632;16.0;6.5
16;2021-04-08;2823;585;58383;23217;16.8;6.7
16;2021-04-09;2693;545;61076;23762;17.5;6.8
16;2021-04-10;1289;37;62365;23799;17.9;6.8
16;2021-04-11;2;0;62367;23799;17.9;6.8
16;2021-04-12;1430;315;63797;24114;18.3;6.9
16;2021-04-13;2119;838;65916;24952;18.9;7.2
16;2021-04-14;1949;630;67865;25582;19.5;7.3
16;2021-04-15;2099;983;69964;26565;20.1;7.6
16;2021-04-16;2033;768;71997;27333;20.7;7.9
16;2021-04-17;1504;83;73501;27416;21.1;7.9
16;2021-04-18;198;3;73699;27419;21.2;7.9
16;2021-04-19;1438;522;75137;27941;21.6;8.0
16;2021-04-20;2050;1229;77187;29170;22.2;8.4
16;2021-04-21;1774;737;78961;29907;22.7;8.6
16;2021-04-22;2291;999;81252;30906;23.3;8.9
16;2021-04-23;2356;1166;83608;32072;24.0;9.2
16;2021-04-24;826;37;84434;32109;24.3;9.2
16;2021-04-25;117;8;84551;32117;24.3;9.2
16;2021-04-26;1399;806;85950;32923;24.7;9.5
16;2021-04-27;2055;1418;88005;34341;25.3;9.9
16;2021-04-28;1588;1121;89593;35462;25.7;10.2
16;2021-04-29;2244;1495;91837;36957;26.4;10.6
16;2021-04-30;2849;1337;94686;38294;27.2;11.0
16;2021-05-01;353;59;95039;38353;27.3;11.0
16;2021-05-02;155;12;95194;38365;27.3;11.0
16;2021-05-03;2610;532;97804;38897;28.1;11.2
16;2021-05-04;2062;2042;99866;40939;28.7;11.8
16;2021-05-05;1690;1832;101556;42771;29.2;12.3
16;2021-05-06;1885;2237;103441;45008;29.7;12.9
16;2021-05-07;3068;2116;106509;47124;30.6;13.5
16;2021-05-08;1196;468;107705;47592;30.9;13.7
16;2021-05-09;525;26;108230;47618;31.1;13.7
16;2021-05-10;1930;1623;110160;49241;31.6;14.1
16;2021-05-11;2355;1956;112515;51197;32.3;14.7
16;2021-05-12;1724;1800;114239;52997;32.8;15.2
16;2021-05-13;1457;354;115696;53351;33.2;15.3
16;2021-05-14;1990;1557;117686;54908;33.8;15.8
16;2021-05-15;595;897;118281;55805;34.0;16.0
16;2021-05-16;132;6;118413;55811;34.0;16.0
16;2021-05-17;1609;1282;120022;57093;34.5;16.4
16;2021-05-18;2759;1416;122781;58509;35.3;16.8
16;2021-05-19;2004;1232;124785;59741;35.8;17.2
16;2021-05-20;2834;1386;127619;61127;36.7;17.6
16;2021-05-21;2947;1396;130566;62523;37.5;18.0
16;2021-05-22;412;709;130978;63232;37.6;18.2
16;2021-05-23;209;11;131187;63243;37.7;18.2
16;2021-05-24;1260;236;132447;63479;38.0;18.2
16;2021-05-25;2765;1453;135212;64932;38.8;18.6
16;2021-05-26;1829;1186;137041;66118;39.4;19.0
16;2021-05-27;2421;1585;139462;67703;40.1;19.4
16;2021-05-28;2887;1567;142349;69270;40.9;19.9
16;2021-05-29;814;883;143163;70153;41.1;20.1
16;2021-05-30;1;4;143164;70157;41.1;20.1
16;2021-05-31;1984;1100;145148;71257;41.7;20.5
16;2021-06-01;2345;1712;147493;72969;42.4;21.0
16;2021-06-02;1821;1504;149314;74473;42.9;21.4
16;2021-06-03;2618;1761;151932;76234;43.6;21.9
16;2021-06-04;2833;2032;154765;78266;44.4;22.5
16;2021-06-05;1003;549;155768;78815;44.7;22.6
16;2021-06-06;159;27;155927;78842;44.8;22.6
16;2021-06-07;1985;1282;157912;80124;45.4;23.0
16;2021-06-08;2384;1992;160296;82116;46.0;23.6
16;2021-06-09;2503;1609;162799;83725;46.8;24.0
16;2021-06-10;2563;1999;165362;85724;47.5;24.6
16;2021-06-11;2146;2734;167508;88458;48.1;25.4
16;2021-06-12;1607;513;169115;88971;48.6;25.6
16;2021-06-13;257;72;169372;89043;48.6;25.6
16;2021-06-14;794;2802;170166;91845;48.9;26.4
16;2021-06-15;1846;2621;172012;94466;49.4;27.1
16;2021-06-16;1570;2099;173582;96565;49.9;27.7
16;2021-06-17;2009;2504;175591;99069;50.4;28.5
16;2021-06-18;2052;3223;177643;102292;51.0;29.4
16;2021-06-19;1347;1309;178990;103601;51.4;29.8
16;2021-06-20;242;26;179232;103627;51.5;29.8
16;2021-06-21;1402;2181;180634;105808;51.9;30.4
16;2021-06-22;1667;2948;182301;108756;52.4;31.2
16;2021-06-23;1555;2024;183856;110780;52.8;31.8
16;2021-06-24;1914;2174;185770;112954;53.4;32.4
16;2021-06-25;1981;2730;187751;115684;53.9;33.2
16;2021-06-26;1053;719;188804;116403;54.2;33.4
16;2021-06-27;130;25;188934;116428;54.3;33.4
16;2021-06-28;1155;1963;190089;118391;54.6;34.0
16;2021-06-29;1268;3354;191357;121745;55.0;35.0
16;2021-06-30;1330;2713;192687;124458;55.3;35.7
16;2021-07-01;1843;3151;194530;127609;55.9;36.7
16;2021-07-02;1417;3584;195947;131193;56.3;37.7
16;2021-07-03;690;1114;196637;132307;56.5;38.0
16;2021-07-04;1;13;196638;132320;56.5;38.0
16;2021-07-05;809;2303;197447;134623;56.7;38.7
16;2021-07-06;1272;3368;198719;137991;57.1;39.6
16;2021-07-07;857;2276;199576;140267;57.3;40.3
16;2021-07-08;1228;2736;200804;143003;57.7;41.1
16;2021-07-09;1103;3698;201907;146701;58.0;42.1
16;2021-07-10;335;1339;202242;148040;58.1;42.5
16;2021-07-11;2;13;202244;148053;58.1;42.5
16;2021-07-12;630;2444;202874;150497;58.3;43.2
16;2021-07-13;1368;3531;204242;154028;58.7;44.2
16;2021-07-14;797;873;205039;154901;58.9;44.5
16;2021-07-15;1230;3406;206269;158307;59.2;45.5
16;2021-07-16;1486;3379;207755;161686;59.7;46.4
16;2021-07-17;519;1176;208274;162862;59.8;46.8
16;2021-07-18;12;5;208286;162867;59.8;46.8
17;2020-12-27;0;0;0;0;0.0;0.0
17;2020-12-28;0;0;0;0;0.0;0.0
17;2020-12-29;0;0;0;0;0.0;0.0
17;2020-12-30;1;0;1;0;0.0;0.0
17;2020-12-31;0;0;1;0;0.0;0.0
17;2021-01-01;0;0;1;0;0.0;0.0
17;2021-01-02;0;0;1;0;0.0;0.0
17;2021-01-03;0;0;1;0;0.0;0.0
17;2021-01-04;56;0;57;0;0.0;0.0
17;2021-01-05;98;0;155;0;0.0;0.0
17;2021-01-06;132;0;287;0;0.0;0.0
17;2021-01-07;484;1;771;1;0.1;0.0
17;2021-01-08;418;0;1189;1;0.2;0.0
17;2021-01-09;0;0;1189;1;0.2;0.0
17;2021-01-10;1;0;1190;1;0.2;0.0
17;2021-01-11;380;1;1570;2;0.2;0.0
17;2021-01-12;733;0;2303;2;0.4;0.0
17;2021-01-13;652;3;2955;5;0.5;0.0
17;2021-01-14;613;8;3568;13;0.6;0.0
17;2021-01-15;679;1;4247;14;0.7;0.0
17;2021-01-16;126;1;4373;15;0.7;0.0
17;2021-01-17;17;0;4390;15;0.7;0.0
17;2021-01-18;879;1;5269;16;0.8;0.0
17;2021-01-19;1906;2;7175;18;1.1;0.0
17;2021-01-20;2385;2;9560;20;1.5;0.0
17;2021-01-21;2495;2;12055;22;1.9;0.0
17;2021-01-22;1878;5;13933;27;2.2;0.0
17;2021-01-23;738;1;14671;28;2.3;0.0
17;2021-01-24;48;0;14719;28;2.3;0.0
17;2021-01-25;1383;4;16102;32;2.5;0.0
17;2021-01-26;2108;2;18210;34;2.8;0.0
17;2021-01-27;1674;30;19884;64;3.1;0.0
17;2021-01-28;2475;230;22359;294;3.5;0.0
17;2021-01-29;1737;220;24096;514;3.7;0.1
17;2021-01-30;528;5;24624;519;3.8;0.1
17;2021-01-31;36;1;24660;520;3.8;0.1
17;2021-02-01;738;211;25398;731;3.9;0.1
17;2021-02-02;1179;347;26577;1078;4.1;0.2
17;2021-02-03;1245;409;27822;1487;4.3;0.2
17;2021-02-04;1156;503;28978;1990;4.5;0.3
17;2021-02-05;602;756;29580;2746;4.6;0.4
17;2021-02-06;17;42;29597;2788;4.6;0.4
17;2021-02-07;31;13;29628;2801;4.6;0.4
17;2021-02-08;704;401;30332;3202;4.7;0.5
17;2021-02-09;1099;1318;31431;4520;4.9;0.7
17;2021-02-10;862;1284;32293;5804;5.0;0.9
17;2021-02-11;1237;1400;33530;7204;5.2;1.1
17;2021-02-12;770;967;34300;8171;5.3;1.3
17;2021-02-13;42;104;34342;8275;5.3;1.3
17;2021-02-14;0;10;34342;8285;5.3;1.3
17;2021-02-15;618;1228;34960;9513;5.4;1.5
17;2021-02-16;745;1836;35705;11349;5.5;1.8
17;2021-02-17;797;1362;36502;12711;5.6;2.0
17;2021-02-18;963;2185;37465;14896;5.8;2.3
17;2021-02-19;1065;1543;38530;16439;6.0;2.5
17;2021-02-20;99;308;38629;16747;6.0;2.6
17;2021-02-21;9;2;38638;16749;6.0;2.6
17;2021-02-22;643;1632;39281;18381;6.1;2.8
17;2021-02-23;776;1537;40057;19918;6.2;3.1
17;2021-02-24;1077;1594;41134;21512;6.4;3.3
17;2021-02-25;1083;1709;42217;23221;6.5;3.6
17;2021-02-26;1303;1300;43520;24521;6.7;3.8
17;2021-02-27;525;246;44045;24767;6.8;3.8
17;2021-02-28;17;9;44062;24776;6.8;3.8
17;2021-03-01;634;1046;44696;25822;6.9;4.0
17;2021-03-02;1088;868;45784;26690;7.1;4.1
17;2021-03-03;1609;792;47393;27482;7.3;4.2
17;2021-03-04;2420;1136;49813;28618;7.7;4.4
17;2021-03-05;2654;676;52467;29294;8.1;4.5
17;2021-03-06;1019;25;53486;29319;8.3;4.5
17;2021-03-07;178;47;53664;29366;8.3;4.5
17;2021-03-08;1013;847;54677;30213;8.4;4.7
17;2021-03-09;1740;617;56417;30830;8.7;4.8
17;2021-03-10;2046;642;58463;31472;9.0;4.9
17;2021-03-11;3229;988;61692;32460;9.5;5.0
17;2021-03-12;3343;630;65035;33090;10.1;5.1
17;2021-03-13;1196;9;66231;33099;10.2;5.1
17;2021-03-14;27;0;66258;33099;10.2;5.1
17;2021-03-15;1234;989;67492;34088;10.4;5.3
17;2021-03-16;890;533;68382;34621;10.6;5.4
17;2021-03-17;1455;700;69837;35321;10.8;5.5
17;2021-03-18;1675;760;71512;36081;11.1;5.6
17;2021-03-19;2094;542;73606;36623;11.4;5.7
17;2021-03-20;1079;53;74685;36676;11.5;5.7
17;2021-03-21;33;42;74718;36718;11.5;5.7
17;2021-03-22;1568;688;76286;37406;11.8;5.8
17;2021-03-23;2483;577;78769;37983;12.2;5.9
17;2021-03-24;3534;844;82303;38827;12.7;6.0
17;2021-03-25;4698;633;87001;39460;13.4;6.1
17;2021-03-26;4931;462;91932;39922;14.2;6.2
17;2021-03-27;1736;69;93668;39991;14.5;6.2
17;2021-03-28;364;45;94032;40036;14.5;6.2
17;2021-03-29;2356;556;96388;40592;14.9;6.3
17;2021-03-30;2647;980;99035;41572;15.3;6.4
17;2021-03-31;3836;900;102871;42472;15.9;6.6
17;2021-04-01;4009;1149;106880;43621;16.5;6.7
17;2021-04-02;3699;824;110579;44445;17.1;6.9
17;2021-04-03;1147;183;111726;44628;17.3;6.9
17;2021-04-04;500;5;112226;44633;17.3;6.9
17;2021-04-05;442;128;112668;44761;17.4;6.9
17;2021-04-06;3475;1018;116143;45779;17.9;7.1
17;2021-04-07;4124;1139;120267;46918;18.6;7.3
17;2021-04-08;4561;1453;124828;48371;19.3;7.5
17;2021-04-09;6490;830;131318;49201;20.3;7.6
17;2021-04-10;2578;60;133896;49261;20.7;7.6
17;2021-04-11;781;16;134677;49277;20.8;7.6
17;2021-04-12;2884;1606;137561;50883;21.3;7.9
17;2021-04-13;4138;1280;141699;52163;21.9;8.1
17;2021-04-14;4410;1184;146109;53347;22.6;8.2
17;2021-04-15;4587;1125;150696;54472;23.3;8.4
17;2021-04-16;4286;1148;154982;55620;24.0;8.6
17;2021-04-17;1671;381;156653;56001;24.2;8.7
17;2021-04-18;469;78;157122;56079;24.3;8.7
17;2021-04-19;2338;2061;159460;58140;24.6;9.0
17;2021-04-20;2916;2549;162376;60689;25.1;9.4
17;2021-04-21;2971;1938;165347;62627;25.6;9.7
17;2021-04-22;3112;2352;168459;64979;26.0;10.0
17;2021-04-23;2433;2715;170892;67694;26.4;10.5
17;2021-04-24;1663;919;172555;68613;26.7;10.6
17;2021-04-25;662;243;173217;68856;26.8;10.6
17;2021-04-26;2573;2625;175790;71481;27.2;11.0
17;2021-04-27;3148;2666;178938;74147;27.7;11.5
17;2021-04-28;3095;2939;182033;77086;28.1;11.9
17;2021-04-29;4125;2856;186158;79942;28.8;12.4
17;2021-04-30;4342;2624;190500;82566;29.4;12.8
17;2021-05-01;849;542;191349;83108;29.6;12.8
17;2021-05-02;548;840;191897;83948;29.7;13.0
17;2021-05-03;2537;2950;194434;86898;30.0;13.4
17;2021-05-04;2320;3725;196754;90623;30.4;14.0
17;2021-05-05;2903;3697;199657;94320;30.9;14.6
17;2021-05-06;4118;3399;203775;97719;31.5;15.1
17;2021-05-07;4347;3628;208122;101347;32.2;15.7
17;2021-05-08;1284;750;209406;102097;32.4;15.8
17;2021-05-09;1304;699;210710;102796;32.6;15.9
17;2021-05-10;2721;3681;213431;106477;33.0;16.5
17;2021-05-11;3501;3998;216932;110475;33.5;17.1
17;2021-05-12;3526;3805;220458;114280;34.1;17.7
17;2021-05-13;2547;690;223005;114970;34.5;17.8
17;2021-05-14;3035;2393;226040;117363;34.9;18.1
17;2021-05-15;2123;660;228163;118023;35.3;18.2
17;2021-05-16;1731;310;229894;118333;35.5;18.3
17;2021-05-17;4284;1982;234178;120315;36.2;18.6
17;2021-05-18;4719;1635;238897;121950;36.9;18.8
17;2021-05-19;5060;1263;243957;123213;37.7;19.0
17;2021-05-20;4936;1931;248893;125144;38.5;19.3
17;2021-05-21;4987;1952;253880;127096;39.2;19.6
17;2021-05-22;2389;532;256269;127628;39.6;19.7
17;2021-05-23;1898;126;258167;127754;39.9;19.7
17;2021-05-24;1421;205;259588;127959;40.1;19.8
17;2021-05-25;4027;1760;263615;129719;40.7;20.0
17;2021-05-26;4364;2021;267979;131740;41.4;20.4
17;2021-05-27;5213;2125;273192;133865;42.2;20.7
17;2021-05-28;4455;3429;277647;137294;42.9;21.2
17;2021-05-29;1558;1702;279205;138996;43.1;21.5
17;2021-05-30;855;406;280060;139402;43.3;21.5
17;2021-05-31;2938;3014;282998;142416;43.7;22.0
17;2021-06-01;4288;2922;287286;145338;44.4;22.5
17;2021-06-02;4177;3153;291463;148491;45.0;22.9
17;2021-06-03;5046;3160;296509;151651;45.8;23.4
17;2021-06-04;4511;3850;301020;155501;46.5;24.0
17;2021-06-05;1985;1605;303005;157106;46.8;24.3
17;2021-06-06;846;731;303851;157837;47.0;24.4
17;2021-06-07;3117;4339;306968;162176;47.4;25.1
17;2021-06-08;3774;4484;310742;166660;48.0;25.8
17;2021-06-09;4328;3044;315070;169704;48.7;26.2
17;2021-06-10;4899;2778;319969;172482;49.4;26.7
17;2021-06-11;4715;3682;324684;176164;50.2;27.2
17;2021-06-12;1799;1394;326483;177558;50.5;27.4
17;2021-06-13;604;414;327087;177972;50.5;27.5
17;2021-06-14;2818;4529;329905;182501;51.0;28.2
17;2021-06-15;3599;4378;333504;186879;51.5;28.9
17;2021-06-16;4111;3680;337615;190559;52.2;29.4
17;2021-06-17;4329;4120;341944;194679;52.8;30.1
17;2021-06-18;4027;4438;345971;199117;53.5;30.8
17;2021-06-19;1439;1988;347410;201105;53.7;31.1
17;2021-06-20;587;1035;347997;202140;53.8;31.2
17;2021-06-21;2536;4386;350533;206526;54.2;31.9
17;2021-06-22;3499;4450;354032;210976;54.7;32.6
17;2021-06-23;3750;3978;357782;214954;55.3;33.2
17;2021-06-24;3566;3963;361348;218917;55.8;33.8
17;2021-06-25;2694;4993;364042;223910;56.3;34.6
17;2021-06-26;897;2338;364939;226248;56.4;35.0
17;2021-06-27;397;1907;365336;228155;56.5;35.3
17;2021-06-28;1509;5435;366845;233590;56.7;36.1
17;2021-06-29;1659;5894;368504;239484;56.9;37.0
17;2021-06-30;2013;5564;370517;245048;57.3;37.9
17;2021-07-01;2176;5562;372693;250610;57.6;38.7
17;2021-07-02;2458;5995;375151;256605;58.0;39.7
17;2021-07-03;618;2549;375769;259154;58.1;40.0
17;2021-07-04;150;1253;375919;260407;58.1;40.2
17;2021-07-05;1847;5180;377766;265587;58.4;41.0
17;2021-07-06;2109;5591;379875;271178;58.7;41.9
17;2021-07-07;2371;5500;382246;276678;59.1;42.8
17;2021-07-08;2893;5441;385139;282119;59.5;43.6
17;2021-07-09;2506;6088;387645;288207;59.9;44.5
17;2021-07-10;822;2476;388467;290683;60.0;44.9
17;2021-07-11;366;901;388833;291584;60.1;45.1
17;2021-07-12;1990;5630;390823;297214;60.4;45.9
17;2021-07-13;2335;6709;393158;303923;60.8;47.0
17;2021-07-14;63;70;393221;303993;60.8;47.0
17;2021-07-15;2157;6856;395378;310849;61.1;48.0
17;2021-07-16;2744;6970;398122;317819;61.5;49.1
17;2021-07-17;1000;2275;399122;320094;61.7;49.5
17;2021-07-18;303;1038;399425;321132;61.7;49.6
18;2020-12-27;0;0;0;0;0.0;0.0
18;2020-12-28;0;0;0;0;0.0;0.0
18;2020-12-29;0;0;0;0;0.0;0.0
18;2020-12-30;1;0;1;0;0.0;0.0
18;2020-12-31;0;0;1;0;0.0;0.0
18;2021-01-01;0;0;1;0;0.0;0.0
18;2021-01-02;0;0;1;0;0.0;0.0
18;2021-01-03;0;0;1;0;0.0;0.0
18;2021-01-04;3;0;4;0;0.0;0.0
18;2021-01-05;0;0;4;0;0.0;0.0
18;2021-01-06;1;0;5;0;0.0;0.0
18;2021-01-07;30;1;35;1;0.0;0.0
18;2021-01-08;65;0;100;1;0.0;0.0
18;2021-01-09;223;0;323;1;0.1;0.0
18;2021-01-10;146;0;469;1;0.2;0.0
18;2021-01-11;170;1;639;2;0.2;0.0
18;2021-01-12;373;0;1012;2;0.3;0.0
18;2021-01-13;270;2;1282;4;0.4;0.0
18;2021-01-14;270;2;1552;6;0.5;0.0
18;2021-01-15;332;1;1884;7;0.6;0.0
18;2021-01-16;288;3;2172;10;0.7;0.0
18;2021-01-17;0;0;2172;10;0.7;0.0
18;2021-01-18;289;0;2461;10;0.8;0.0
18;2021-01-19;1376;4;3837;14;1.3;0.0
18;2021-01-20;1239;1;5076;15;1.7;0.0
18;2021-01-21;961;0;6037;15;2.0;0.0
18;2021-01-22;780;1;6817;16;2.3;0.0
18;2021-01-23;249;1;7066;17;2.4;0.0
18;2021-01-24;0;0;7066;17;2.4;0.0
18;2021-01-25;509;0;7575;17;2.6;0.0
18;2021-01-26;395;1;7970;18;2.7;0.0
18;2021-01-27;389;2;8359;20;2.8;0.0
18;2021-01-28;566;6;8925;26;3.0;0.0
18;2021-01-29;492;72;9417;98;3.2;0.0
18;2021-01-30;432;167;9849;265;3.3;0.1
18;2021-01-31;81;121;9930;386;3.4;0.1
18;2021-02-01;328;142;10258;528;3.5;0.2
18;2021-02-02;505;244;10763;772;3.6;0.3
18;2021-02-03;397;204;11160;976;3.8;0.3
18;2021-02-04;630;225;11790;1201;4.0;0.4
18;2021-02-05;449;194;12239;1395;4.1;0.5
18;2021-02-06;283;102;12522;1497;4.2;0.5
18;2021-02-07;107;1;12629;1498;4.3;0.5
18;2021-02-08;268;231;12897;1729;4.4;0.6
18;2021-02-09;582;781;13479;2510;4.5;0.8
18;2021-02-10;739;700;14218;3210;4.8;1.1
18;2021-02-11;655;446;14873;3656;5.0;1.2
18;2021-02-12;502;327;15375;3983;5.2;1.3
18;2021-02-13;286;124;15661;4107;5.3;1.4
18;2021-02-14;364;96;16025;4203;5.4;1.4
18;2021-02-15;379;392;16404;4595;5.5;1.6
18;2021-02-16;399;397;16803;4992;5.7;1.7
18;2021-02-17;403;457;17206;5449;5.8;1.8
18;2021-02-18;343;545;17549;5994;5.9;2.0
18;2021-02-19;469;302;18018;6296;6.1;2.1
18;2021-02-20;719;236;18737;6532;6.3;2.2
18;2021-02-21;316;0;19053;6532;6.4;2.2
18;2021-02-22;217;371;19270;6903;6.5;2.3
18;2021-02-23;204;351;19474;7254;6.6;2.4
18;2021-02-24;240;271;19714;7525;6.7;2.5
18;2021-02-25;293;522;20007;8047;6.7;2.7
18;2021-02-26;582;234;20589;8281;6.9;2.8
18;2021-02-27;510;389;21099;8670;7.1;2.9
18;2021-02-28;6;68;21105;8738;7.1;2.9
18;2021-03-01;235;415;21340;9153;7.2;3.1
18;2021-03-02;283;520;21623;9673;7.3;3.3
18;2021-03-03;345;586;21968;10259;7.4;3.5
18;2021-03-04;475;572;22443;10831;7.6;3.7
18;2021-03-05;524;371;22967;11202;7.7;3.8
18;2021-03-06;1069;340;24036;11542;8.1;3.9
18;2021-03-07;6;140;24042;11682;8.1;3.9
18;2021-03-08;334;361;24376;12043;8.2;4.1
18;2021-03-09;409;368;24785;12411;8.4;4.2
18;2021-03-10;424;450;25209;12861;8.5;4.3
18;2021-03-11;514;418;25723;13279;8.7;4.5
18;2021-03-12;704;300;26427;13579;8.9;4.6
18;2021-03-13;1162;245;27589;13824;9.3;4.7
18;2021-03-14;299;212;27888;14036;9.4;4.7
18;2021-03-15;490;376;28378;14412;9.6;4.9
18;2021-03-16;392;314;28770;14726;9.7;5.0
18;2021-03-17;383;412;29153;15138;9.8;5.1
18;2021-03-18;511;229;29664;15367;10.0;5.2
18;2021-03-19;754;225;30418;15592;10.3;5.3
18;2021-03-20;984;613;31402;16205;10.6;5.5
18;2021-03-21;309;304;31711;16509;10.7;5.6
18;2021-03-22;600;294;32311;16803;10.9;5.7
18;2021-03-23;704;288;33015;17091;11.1;5.8
18;2021-03-24;1052;295;34067;17386;11.5;5.9
18;2021-03-25;1049;293;35116;17679;11.8;6.0
18;2021-03-26;1211;344;36327;18023;12.3;6.1
18;2021-03-27;1489;318;37816;18341;12.8;6.2
18;2021-03-28;214;0;38030;18341;12.8;6.2
18;2021-03-29;1101;191;39131;18532;13.2;6.3
18;2021-03-30;1084;300;40215;18832;13.6;6.4
18;2021-03-31;1304;246;41519;19078;14.0;6.4
18;2021-04-01;1374;337;42893;19415;14.5;6.6
18;2021-04-02;1228;296;44121;19711;14.9;6.7
18;2021-04-03;581;179;44702;19890;15.1;6.7
18;2021-04-04;71;5;44773;19895;15.1;6.7
18;2021-04-05;199;0;44972;19895;15.2;6.7
18;2021-04-06;1025;332;45997;20227;15.5;6.8
18;2021-04-07;1321;356;47318;20583;16.0;6.9
18;2021-04-08;1692;320;49010;20903;16.5;7.1
18;2021-04-09;1830;273;50840;21176;17.2;7.1
18;2021-04-10;2631;639;53471;21815;18.0;7.4
18;2021-04-11;1983;309;55454;22124;18.7;7.5
18;2021-04-12;1403;384;56857;22508;19.2;7.6
18;2021-04-13;1783;455;58640;22963;19.8;7.7
18;2021-04-14;1377;513;60017;23476;20.2;7.9
18;2021-04-15;1531;526;61548;24002;20.8;8.1
18;2021-04-16;1613;585;63161;24587;21.3;8.3
18;2021-04-17;1599;514;64760;25101;21.8;8.5
18;2021-04-18;377;232;65137;25333;22.0;8.5
18;2021-04-19;1316;587;66453;25920;22.4;8.7
18;2021-04-20;1444;699;67897;26619;22.9;9.0
18;2021-04-21;1270;899;69167;27518;23.3;9.3
18;2021-04-22;1401;701;70568;28219;23.8;9.5
18;2021-04-23;1384;728;71952;28947;24.3;9.8
18;2021-04-24;1354;1266;73306;30213;24.7;10.2
18;2021-04-25;287;216;73593;30429;24.8;10.3
18;2021-04-26;1206;941;74799;31370;25.2;10.6
18;2021-04-27;1544;754;76343;32124;25.8;10.8
18;2021-04-28;1357;867;77700;32991;26.2;11.1
18;2021-04-29;1845;729;79545;33720;26.8;11.4
18;2021-04-30;1570;991;81115;34711;27.4;11.7
18;2021-05-01;787;209;81902;34920;27.6;11.8
18;2021-05-02;807;52;82709;34972;27.9;11.8
18;2021-05-03;1627;1000;84336;35972;28.5;12.1
18;2021-05-04;1728;1270;86064;37242;29.0;12.6
18;2021-05-05;1733;1210;87797;38452;29.6;13.0
18;2021-05-06;2165;1348;89962;39800;30.4;13.4
18;2021-05-07;1235;1399;91197;41199;30.8;13.9
18;2021-05-08;992;1458;92189;42657;31.1;14.4
18;2021-05-09;501;2256;92690;44913;31.3;15.2
18;2021-05-10;1155;1506;93845;46419;31.7;15.7
18;2021-05-11;1695;1752;95540;48171;32.2;16.3
18;2021-05-12;1808;1489;97348;49660;32.8;16.8
18;2021-05-13;1061;371;98409;50031;33.2;16.9
18;2021-05-14;1345;943;99754;50974;33.7;17.2
18;2021-05-15;1810;1151;101564;52125;34.3;17.6
18;2021-05-16;538;582;102102;52707;34.4;17.8
18;2021-05-17;1247;1090;103349;53797;34.9;18.1
18;2021-05-18;2146;929;105495;54726;35.6;18.5
18;2021-05-19;2164;912;107659;55638;36.3;18.8
18;2021-05-20;2274;976;109933;56614;37.1;19.1
18;2021-05-21;1497;761;111430;57375;37.6;19.4
18;2021-05-22;1724;1073;113154;58448;38.2;19.7
18;2021-05-23;484;336;113638;58784;38.3;19.8
18;2021-05-24;463;292;114101;59076;38.5;19.9
18;2021-05-25;1839;1060;115940;60136;39.1;20.3
18;2021-05-26;2152;835;118092;60971;39.8;20.6
18;2021-05-27;2206;1231;120298;62202;40.6;21.0
18;2021-05-28;1712;1305;122010;63507;41.2;21.4
18;2021-05-29;2619;1659;124629;65166;42.0;22.0
18;2021-05-30;1483;501;126112;65667;42.5;22.2
18;2021-05-31;1786;694;127898;66361;43.1;22.4
18;2021-06-01;2040;948;129938;67309;43.8;22.7
18;2021-06-02;2005;1018;131943;68327;44.5;23.1
18;2021-06-03;2284;1195;134227;69522;45.3;23.5
18;2021-06-04;1906;1123;136133;70645;45.9;23.8
18;2021-06-05;2803;1449;138936;72094;46.9;24.3
18;2021-06-06;365;380;139301;72474;47.0;24.5
18;2021-06-07;1295;1224;140596;73698;47.4;24.9
18;2021-06-08;1490;1387;142086;75085;47.9;25.3
18;2021-06-09;1325;1064;143411;76149;48.4;25.7
18;2021-06-10;1576;1407;144987;77556;48.9;26.2
18;2021-06-11;1493;1403;146480;78959;49.4;26.6
18;2021-06-12;1243;2508;147723;81467;49.8;27.5
18;2021-06-13;126;261;147849;81728;49.9;27.6
18;2021-06-14;654;1830;148503;83558;50.1;28.2
18;2021-06-15;1086;1822;149589;85380;50.5;28.8
18;2021-06-16;1246;1435;150835;86815;50.9;29.3
18;2021-06-17;1204;1667;152039;88482;51.3;29.9
18;2021-06-18;1286;1664;153325;90146;51.7;30.4
18;2021-06-19;1562;1247;154887;91393;52.3;30.8
18;2021-06-20;245;159;155132;91552;52.3;30.9
18;2021-06-21;664;1606;155796;93158;52.6;31.4
18;2021-06-22;1057;1646;156853;94804;52.9;32.0
18;2021-06-23;939;1642;157792;96446;53.2;32.5
18;2021-06-24;1026;1062;158818;97508;53.6;32.9
18;2021-06-25;884;1751;159702;99259;53.9;33.5
18;2021-06-26;1095;1476;160797;100735;54.2;34.0
18;2021-06-27;30;376;160827;101111;54.3;34.1
18;2021-06-28;417;1928;161244;103039;54.4;34.8
18;2021-06-29;581;2385;161825;105424;54.6;35.6
18;2021-06-30;600;2550;162425;107974;54.8;36.4
18;2021-07-01;941;2157;163366;110131;55.1;37.2
18;2021-07-02;605;1683;163971;111814;55.3;37.7
18;2021-07-03;746;2580;164717;114394;55.6;38.6
18;2021-07-04;164;1035;164881;115429;55.6;38.9
18;2021-07-05;757;1880;165638;117309;55.9;39.6
18;2021-07-06;551;2306;166189;119615;56.1;40.4
18;2021-07-07;765;2116;166954;121731;56.3;41.1
18;2021-07-08;1026;1980;167980;123711;56.7;41.7
18;2021-07-09;702;2302;168682;126013;56.9;42.5
18;2021-07-10;776;3180;169458;129193;57.2;43.6
18;2021-07-11;79;664;169537;129857;57.2;43.8
18;2021-07-12;220;2248;169757;132105;57.3;44.6
18;2021-07-13;609;2902;170366;135007;57.5;45.5
18;2021-07-14;194;936;170560;135943;57.5;45.9
18;2021-07-15;1380;2812;171940;138755;58.0;46.8
18;2021-07-16;1171;2123;173111;140878;58.4;47.5
18;2021-07-17;1116;2471;174227;143349;58.8;48.4
18;2021-07-18;229;323;174456;143672;58.9;48.5
19;2020-12-27;0;0;0;0;0.0;0.0
19;2020-12-28;0;0;0;0;0.0;0.0
19;2020-12-29;0;0;0;0;0.0;0.0
19;2020-12-30;0;0;0;0;0.0;0.0
19;2020-12-31;0;0;0;0;0.0;0.0
19;2021-01-01;0;0;0;0;0.0;0.0
19;2021-01-02;0;0;0;0;0.0;0.0
19;2021-01-03;0;0;0;0;0.0;0.0
19;2021-01-04;0;0;0;0;0.0;0.0
19;2021-01-05;0;0;0;0;0.0;0.0
19;2021-01-06;0;0;0;0;0.0;0.0
19;2021-01-07;342;0;342;0;0.1;0.0
19;2021-01-08;247;1;589;1;0.2;0.0
19;2021-01-09;0;0;589;1;0.2;0.0
19;2021-01-10;1;0;590;1;0.2;0.0
19;2021-01-11;38;0;628;1;0.3;0.0
19;2021-01-12;413;0;1041;1;0.4;0.0
19;2021-01-13;422;3;1463;4;0.6;0.0
19;2021-01-14;473;1;1936;5;0.8;0.0
19;2021-01-15;224;0;2160;5;0.9;0.0
19;2021-01-16;0;0;2160;5;0.9;0.0
19;2021-01-17;1;0;2161;5;0.9;0.0
19;2021-01-18;251;1;2412;6;1.0;0.0
19;2021-01-19;518;0;2930;6;1.2;0.0
19;2021-01-20;920;1;3850;7;1.6;0.0
19;2021-01-21;504;1;4354;8;1.8;0.0
19;2021-01-22;1314;3;5668;11;2.4;0.0
19;2021-01-23;280;0;5948;11;2.5;0.0
19;2021-01-24;36;0;5984;11;2.5;0.0
19;2021-01-25;233;0;6217;11;2.6;0.0
19;2021-01-26;607;4;6824;15;2.8;0.0
19;2021-01-27;334;3;7158;18;3.0;0.0
19;2021-01-28;297;249;7455;267;3.1;0.1
19;2021-01-29;345;60;7800;327;3.2;0.1
19;2021-01-30;130;23;7930;350;3.3;0.1
19;2021-01-31;41;0;7971;350;3.3;0.1
19;2021-02-01;155;96;8126;446;3.4;0.2
19;2021-02-02;303;429;8429;875;3.5;0.4
19;2021-02-03;283;247;8712;1122;3.6;0.5
19;2021-02-04;255;375;8967;1497;3.7;0.6
19;2021-02-05;309;75;9276;1572;3.9;0.7
19;2021-02-06;208;0;9484;1572;3.9;0.7
19;2021-02-07;48;1;9532;1573;4.0;0.7
19;2021-02-08;177;150;9709;1723;4.0;0.7
19;2021-02-09;332;273;10041;1996;4.2;0.8
19;2021-02-10;515;296;10556;2292;4.4;1.0
19;2021-02-11;410;327;10966;2619;4.6;1.1
19;2021-02-12;798;1166;11764;3785;4.9;1.6
19;2021-02-13;351;181;12115;3966;5.0;1.7
19;2021-02-14;98;13;12213;3979;5.1;1.7
19;2021-02-15;200;247;12413;4226;5.2;1.8
19;2021-02-16;385;171;12798;4397;5.3;1.8
19;2021-02-17;307;468;13105;4865;5.5;2.0
19;2021-02-18;174;510;13279;5375;5.5;2.2
19;2021-02-19;469;301;13748;5676;5.7;2.4
19;2021-02-20;133;208;13881;5884;5.8;2.4
19;2021-02-21;20;40;13901;5924;5.8;2.5
19;2021-02-22;219;211;14120;6135;5.9;2.6
19;2021-02-23;268;363;14388;6498;6.0;2.7
19;2021-02-24;357;209;14745;6707;6.1;2.8
19;2021-02-25;519;375;15264;7082;6.4;2.9
19;2021-02-26;395;318;15659;7400;6.5;3.1
19;2021-02-27;347;160;16006;7560;6.7;3.1
19;2021-02-28;68;36;16074;7596;6.7;3.2
19;2021-03-01;266;220;16340;7816;6.8;3.3
19;2021-03-02;428;257;16768;8073;7.0;3.4
19;2021-03-03;688;335;17456;8408;7.3;3.5
19;2021-03-04;823;350;18279;8758;7.6;3.6
19;2021-03-05;892;734;19171;9492;8.0;3.9
19;2021-03-06;1072;211;20243;9703;8.4;4.0
19;2021-03-07;462;36;20705;9739;8.6;4.1
19;2021-03-08;636;157;21341;9896;8.9;4.1
19;2021-03-09;835;246;22176;10142;9.2;4.2
19;2021-03-10;1153;320;23329;10462;9.7;4.4
19;2021-03-11;1272;308;24601;10770;10.2;4.5
19;2021-03-12;1134;399;25735;11169;10.7;4.6
19;2021-03-13;1108;158;26843;11327;11.2;4.7
19;2021-03-14;158;84;27001;11411;11.2;4.7
19;2021-03-15;698;136;27699;11547;11.5;4.8
19;2021-03-16;688;300;28387;11847;11.8;4.9
19;2021-03-17;837;280;29224;12127;12.2;5.0
19;2021-03-18;766;283;29990;12410;12.5;5.2
19;2021-03-19;1013;483;31003;12893;12.9;5.4
19;2021-03-20;781;129;31784;13022;13.2;5.4
19;2021-03-21;127;3;31911;13025;13.3;5.4
19;2021-03-22;547;176;32458;13201;13.5;5.5
19;2021-03-23;1044;229;33502;13430;13.9;5.6
19;2021-03-24;1170;369;34672;13799;14.4;5.7
19;2021-03-25;1187;408;35859;14207;14.9;5.9
19;2021-03-26;1318;270;37177;14477;15.5;6.0
19;2021-03-27;855;183;38032;14660;15.8;6.1
19;2021-03-28;62;60;38094;14720;15.9;6.1
19;2021-03-29;610;178;38704;14898;16.1;6.2
19;2021-03-30;967;341;39671;15239;16.5;6.3
19;2021-03-31;1156;497;40827;15736;17.0;6.5
19;2021-04-01;1491;420;42318;16156;17.6;6.7
19;2021-04-02;1006;515;43324;16671;18.0;6.9
19;2021-04-03;597;282;43921;16953;18.3;7.1
19;2021-04-04;130;3;44051;16956;18.3;7.1
19;2021-04-05;40;75;44091;17031;18.3;7.1
19;2021-04-06;737;601;44828;17632;18.7;7.3
19;2021-04-07;978;730;45806;18362;19.1;7.6
19;2021-04-08;1115;1010;46921;19372;19.5;8.1
19;2021-04-09;1641;604;48562;19976;20.2;8.3
19;2021-04-10;944;551;49506;20527;20.6;8.5
19;2021-04-11;558;74;50064;20601;20.8;8.6
19;2021-04-12;677;521;50741;21122;21.1;8.8
19;2021-04-13;914;573;51655;21695;21.5;9.0
19;2021-04-14;1333;837;52988;22532;22.0;9.4
19;2021-04-15;1228;865;54216;23397;22.6;9.7
19;2021-04-16;1503;816;55719;24213;23.2;10.1
19;2021-04-17;760;474;56479;24687;23.5;10.3
19;2021-04-18;659;69;57138;24756;23.8;10.3
19;2021-04-19;728;434;57866;25190;24.1;10.5
19;2021-04-20;974;746;58840;25936;24.5;10.8
19;2021-04-21;1268;693;60108;26629;25.0;11.1
19;2021-04-22;1188;889;61296;27518;25.5;11.4
19;2021-04-23;1127;1016;62423;28534;26.0;11.9
19;2021-04-24;678;670;63101;29204;26.3;12.2
19;2021-04-25;675;67;63776;29271;26.5;12.2
19;2021-04-26;1056;326;64832;29597;27.0;12.3
19;2021-04-27;1027;533;65859;30130;27.4;12.5
19;2021-04-28;1548;549;67407;30679;28.0;12.8
19;2021-04-29;1451;1193;68858;31872;28.7;13.3
19;2021-04-30;1875;1046;70733;32918;29.4;13.7
19;2021-05-01;669;167;71402;33085;29.7;13.8
19;2021-05-02;550;148;71952;33233;29.9;13.8
19;2021-05-03;852;545;72804;33778;30.3;14.1
19;2021-05-04;1025;701;73829;34479;30.7;14.3
19;2021-05-05;1252;735;75081;35214;31.2;14.7
19;2021-05-06;1124;1202;76205;36416;31.7;15.2
19;2021-05-07;1658;1185;77863;37601;32.4;15.6
19;2021-05-08;710;212;78573;37813;32.7;15.7
19;2021-05-09;487;544;79060;38357;32.9;16.0
19;2021-05-10;1161;667;80221;39024;33.4;16.2
19;2021-05-11;1636;856;81857;39880;34.1;16.6
19;2021-05-12;1942;1317;83799;41197;34.9;17.1
19;2021-05-13;570;239;84369;41436;35.1;17.2
19;2021-05-14;1645;984;86014;42420;35.8;17.7
19;2021-05-15;1439;587;87453;43007;36.4;17.9
19;2021-05-16;349;82;87802;43089;36.5;17.9
19;2021-05-17;1497;543;89299;43632;37.2;18.2
19;2021-05-18;1669;481;90968;44113;37.9;18.4
19;2021-05-19;1997;814;92965;44927;38.7;18.7
19;2021-05-20;1718;884;94683;45811;39.4;19.1
19;2021-05-21;1963;811;96646;46622;40.2;19.4
19;2021-05-22;1270;651;97916;47273;40.7;19.7
19;2021-05-23;324;130;98240;47403;40.9;19.7
19;2021-05-24;139;46;98379;47449;40.9;19.7
19;2021-05-25;1501;483;99880;47932;41.6;19.9
19;2021-05-26;1923;661;101803;48593;42.4;20.2
19;2021-05-27;1785;829;103588;49422;43.1;20.6
19;2021-05-28;1937;986;105525;50408;43.9;21.0
19;2021-05-29;1373;705;106898;51113;44.5;21.3
19;2021-05-30;190;497;107088;51610;44.6;21.5
19;2021-05-31;1200;537;108288;52147;45.1;21.7
19;2021-06-01;1279;883;109567;53030;45.6;22.1
19;2021-06-02;1814;955;111381;53985;46.3;22.5
19;2021-06-03;1447;1251;112828;55236;46.9;23.0
19;2021-06-04;1840;1345;114668;56581;47.7;23.5
19;2021-06-05;1209;813;115877;57394;48.2;23.9
19;2021-06-06;87;649;115964;58043;48.3;24.2
19;2021-06-07;921;932;116885;58975;48.6;24.5
19;2021-06-08;1102;910;117987;59885;49.1;24.9
19;2021-06-09;1322;1460;119309;61345;49.6;25.5
19;2021-06-10;1255;1580;120564;62925;50.2;26.2
19;2021-06-11;1299;1916;121863;64841;50.7;27.0
19;2021-06-12;1348;1317;123211;66158;51.3;27.5
19;2021-06-13;535;422;123746;66580;51.5;27.7
19;2021-06-14;735;1018;124481;67598;51.8;28.1
19;2021-06-15;972;1142;125453;68740;52.2;28.6
19;2021-06-16;1219;1361;126672;70101;52.7;29.2
19;2021-06-17;855;1790;127527;71891;53.1;29.9
19;2021-06-18;1054;2137;128581;74028;53.5;30.8
19;2021-06-19;916;1298;129497;75326;53.9;31.3
19;2021-06-20;394;325;129891;75651;54.0;31.5
19;2021-06-21;499;1075;130390;76726;54.3;31.9
19;2021-06-22;694;1492;131084;78218;54.5;32.5
19;2021-06-23;736;1982;131820;80200;54.8;33.4
19;2021-06-24;684;1666;132504;81866;55.1;34.1
19;2021-06-25;557;2215;133061;84081;55.4;35.0
19;2021-06-26;467;1738;133528;85819;55.6;35.7
19;2021-06-27;288;444;133816;86263;55.7;35.9
19;2021-06-28;312;1500;134128;87763;55.8;36.5
19;2021-06-29;348;1892;134476;89655;56.0;37.3
19;2021-06-30;780;2154;135256;91809;56.3;38.2
19;2021-07-01;354;2320;135610;94129;56.4;39.2
19;2021-07-02;774;2318;136384;96447;56.7;40.1
19;2021-07-03;511;1736;136895;98183;57.0;40.9
19;2021-07-04;1;73;136896;98256;57.0;40.9
19;2021-07-05;593;1014;137489;99270;57.2;41.3
19;2021-07-06;503;1537;137992;100807;57.4;41.9
19;2021-07-07;701;2048;138693;102855;57.7;42.8
19;2021-07-08;762;2151;139455;105006;58.0;43.7
19;2021-07-09;712;2661;140167;107667;58.3;44.8
19;2021-07-10;585;1703;140752;109370;58.6;45.5
19;2021-07-11;45;212;140797;109582;58.6;45.6
19;2021-07-12;446;1487;141243;111069;58.8;46.2
19;2021-07-13;676;1831;141919;112900;59.1;47.0
19;2021-07-14;197;272;142116;113172;59.1;47.1
19;2021-07-15;864;2048;142980;115220;59.5;47.9
19;2021-07-16;1215;2421;144195;117641;60.0;48.9
19;2021-07-17;700;1712;144895;119353;60.3;49.7
19;2021-07-18;362;661;145257;120014;60.4;49.9
21;2020-12-27;4;0;4;0;0.0;0.0
21;2020-12-28;0;0;4;0;0.0;0.0
21;2020-12-29;19;0;23;0;0.0;0.0
21;2020-12-30;20;0;43;0;0.0;0.0
21;2020-12-31;0;0;43;0;0.0;0.0
21;2021-01-01;0;0;43;0;0.0;0.0
21;2021-01-02;1;0;44;0;0.0;0.0
21;2021-01-03;0;0;44;0;0.0;0.0
21;2021-01-04;22;0;66;0;0.0;0.0
21;2021-01-05;250;2;316;2;0.1;0.0
21;2021-01-06;300;0;616;2;0.1;0.0
21;2021-01-07;389;0;1005;2;0.2;0.0
21;2021-01-08;455;3;1460;5;0.3;0.0
21;2021-01-09;251;0;1711;5;0.3;0.0
21;2021-01-10;1;0;1712;5;0.3;0.0
21;2021-01-11;623;1;2335;6;0.4;0.0
21;2021-01-12;650;0;2985;6;0.6;0.0
21;2021-01-13;702;1;3687;7;0.7;0.0
21;2021-01-14;1182;5;4869;12;0.9;0.0
21;2021-01-15;713;4;5582;16;1.0;0.0
21;2021-01-16;162;0;5744;16;1.1;0.0
21;2021-01-17;4;0;5748;16;1.1;0.0
21;2021-01-18;1315;6;7063;22;1.3;0.0
21;2021-01-19;1360;1;8423;23;1.6;0.0
21;2021-01-20;1292;44;9715;67;1.8;0.0
21;2021-01-21;1528;2;11243;69;2.1;0.0
21;2021-01-22;1230;3;12473;72;2.3;0.0
21;2021-01-23;487;0;12960;72;2.4;0.0
21;2021-01-24;121;0;13081;72;2.5;0.0
21;2021-01-25;921;18;14002;90;2.6;0.0
21;2021-01-26;1518;145;15520;235;2.9;0.0
21;2021-01-27;2030;150;17550;385;3.3;0.1
21;2021-01-28;1445;224;18995;609;3.6;0.1
21;2021-01-29;1023;212;20018;821;3.8;0.2
21;2021-01-30;467;31;20485;852;3.8;0.2
21;2021-01-31;97;5;20582;857;3.9;0.2
21;2021-02-01;451;288;21033;1145;3.9;0.2
21;2021-02-02;454;440;21487;1585;4.0;0.3
21;2021-02-03;437;284;21924;1869;4.1;0.4
21;2021-02-04;416;552;22340;2421;4.2;0.5
21;2021-02-05;487;524;22827;2945;4.3;0.6
21;2021-02-06;151;224;22978;3169;4.3;0.6
21;2021-02-07;0;2;22978;3171;4.3;0.6
21;2021-02-08;434;390;23412;3561;4.4;0.7
21;2021-02-09;513;520;23925;4081;4.5;0.8
21;2021-02-10;460;581;24385;4662;4.6;0.9
21;2021-02-11;480;736;24865;5398;4.7;1.0
21;2021-02-12;357;939;25222;6337;4.7;1.2
21;2021-02-13;360;322;25582;6659;4.8;1.2
21;2021-02-14;237;147;25819;6806;4.8;1.3
21;2021-02-15;117;1432;25936;8238;4.9;1.5
21;2021-02-16;207;1579;26143;9817;4.9;1.8
21;2021-02-17;392;1985;26535;11802;5.0;2.2
21;2021-02-18;602;1359;27137;13161;5.1;2.5
21;2021-02-19;215;1148;27352;14309;5.1;2.7
21;2021-02-20;121;428;27473;14737;5.2;2.8
21;2021-02-21;0;83;27473;14820;5.2;2.8
21;2021-02-22;79;776;27552;15596;5.2;2.9
21;2021-02-23;171;1042;27723;16638;5.2;3.1
21;2021-02-24;225;741;27948;17379;5.2;3.3
21;2021-02-25;645;833;28593;18212;5.4;3.4
21;2021-02-26;922;719;29515;18931;5.5;3.6
21;2021-02-27;534;299;30049;19230;5.6;3.6
21;2021-02-28;24;133;30073;19363;5.6;3.6
21;2021-03-01;677;623;30750;19986;5.8;3.8
21;2021-03-02;1053;538;31803;20524;6.0;3.9
21;2021-03-03;1160;428;32963;20952;6.2;3.9
21;2021-03-04;1672;500;34635;21452;6.5;4.0
21;2021-03-05;2187;642;36822;22094;6.9;4.1
21;2021-03-06;1586;187;38408;22281;7.2;4.2
21;2021-03-07;4;16;38412;22297;7.2;4.2
21;2021-03-08;767;438;39179;22735;7.4;4.3
21;2021-03-09;1566;550;40745;23285;7.6;4.4
21;2021-03-10;1622;545;42367;23830;8.0;4.5
21;2021-03-11;2176;666;44543;24496;8.4;4.6
21;2021-03-12;2865;414;47408;24910;8.9;4.7
21;2021-03-13;1923;180;49331;25090;9.3;4.7
21;2021-03-14;36;50;49367;25140;9.3;4.7
21;2021-03-15;1401;76;50768;25216;9.5;4.7
21;2021-03-16;1877;139;52645;25355;9.9;4.8
21;2021-03-17;1799;98;54444;25453;10.2;4.8
21;2021-03-18;2114;250;56558;25703;10.6;4.8
21;2021-03-19;1955;131;58513;25834;11.0;4.8
21;2021-03-20;1228;32;59741;25866;11.2;4.9
21;2021-03-21;1;0;59742;25866;11.2;4.9
21;2021-03-22;1554;80;61296;25946;11.5;4.9
21;2021-03-23;2686;85;63982;26031;12.0;4.9
21;2021-03-24;2888;147;66870;26178;12.5;4.9
21;2021-03-25;3709;219;70579;26397;13.2;5.0
21;2021-03-26;3654;171;74233;26568;13.9;5.0
21;2021-03-27;1717;52;75950;26620;14.3;5.0
21;2021-03-28;197;37;76147;26657;14.3;5.0
21;2021-03-29;1784;512;77931;27169;14.6;5.1
21;2021-03-30;2348;794;80279;27963;15.1;5.2
21;2021-03-31;2710;640;82989;28603;15.6;5.4
21;2021-04-01;2687;706;85676;29309;16.1;5.5
21;2021-04-02;2242;734;87918;30043;16.5;5.6
21;2021-04-03;1017;258;88935;30301;16.7;5.7
21;2021-04-04;2;12;88937;30313;16.7;5.7
21;2021-04-05;4;0;88941;30313;16.7;5.7
21;2021-04-06;1352;1143;90293;31456;16.9;5.9
21;2021-04-07;1741;971;92034;32427;17.3;6.1
21;2021-04-08;3216;1108;95250;33535;17.9;6.3
21;2021-04-09;3475;1172;98725;34707;18.5;6.5
21;2021-04-10;1375;731;100100;35438;18.8;6.7
21;2021-04-11;143;1;100243;35439;18.8;6.7
21;2021-04-12;1117;1360;101360;36799;19.0;6.9
21;2021-04-13;1653;1779;103013;38578;19.3;7.2
21;2021-04-14;1477;1487;104490;40065;19.6;7.5
21;2021-04-15;1899;1590;106389;41655;20.0;7.8
21;2021-04-16;2309;1303;108698;42958;20.4;8.1
21;2021-04-17;1014;963;109712;43921;20.6;8.2
21;2021-04-18;13;4;109725;43925;20.6;8.2
21;2021-04-19;1105;1340;110830;45265;20.8;8.5
21;2021-04-20;1238;1837;112068;47102;21.0;8.8
21;2021-04-21;1091;1729;113159;48831;21.2;9.2
21;2021-04-22;1275;2211;114434;51042;21.5;9.6
21;2021-04-23;1977;1722;116411;52764;21.8;9.9
21;2021-04-24;1001;858;117412;53622;22.0;10.1
21;2021-04-25;8;165;117420;53787;22.0;10.1
21;2021-04-26;1007;1598;118427;55385;22.2;10.4
21;2021-04-27;1822;1948;120249;57333;22.6;10.8
21;2021-04-28;2223;2218;122472;59551;23.0;11.2
21;2021-04-29;3127;2251;125599;61802;23.6;11.6
21;2021-04-30;3543;1851;129142;63653;24.2;11.9
21;2021-05-01;962;221;130104;63874;24.4;12.0
21;2021-05-02;2;5;130106;63879;24.4;12.0
21;2021-05-03;2083;1347;132189;65226;24.8;12.2
21;2021-05-04;2581;1640;134770;66866;25.3;12.5
21;2021-05-05;2252;1690;137022;68556;25.7;12.9
21;2021-05-06;3005;2236;140027;70792;26.3;13.3
21;2021-05-07;2807;2171;142834;72963;26.8;13.7
21;2021-05-08;1063;262;143897;73225;27.0;13.7
21;2021-05-09;26;173;143923;73398;27.0;13.8
21;2021-05-10;3167;1714;147090;75112;27.6;14.1
21;2021-05-11;4915;2000;152005;77112;28.5;14.5
21;2021-05-12;4795;1734;156800;78846;29.4;14.8
21;2021-05-13;3845;359;160645;79205;30.1;14.9
21;2021-05-14;5192;1453;165837;80658;31.1;15.1
21;2021-05-15;3423;644;169260;81302;31.8;15.3
21;2021-05-16;48;5;169308;81307;31.8;15.3
21;2021-05-17;4128;1228;173436;82535;32.5;15.5
21;2021-05-18;4354;1480;177790;84015;33.4;15.8
21;2021-05-19;3473;1109;181263;85124;34.0;16.0
21;2021-05-20;3894;1342;185157;86466;34.7;16.2
21;2021-05-21;3615;2148;188772;88614;35.4;16.6
21;2021-05-22;1668;768;190440;89382;35.7;16.8
21;2021-05-23;3;17;190443;89399;35.7;16.8
21;2021-05-24;1811;266;192254;89665;36.1;16.8
21;2021-05-25;2643;1959;194897;91624;36.6;17.2
21;2021-05-26;2605;1980;197502;93604;37.1;17.6
21;2021-05-27;4012;2101;201514;95705;37.8;18.0
21;2021-05-28;3564;2812;205078;98517;38.5;18.5
21;2021-05-29;1925;1461;207003;99978;38.8;18.8
21;2021-05-30;96;13;207099;99991;38.9;18.8
21;2021-05-31;2497;1772;209596;101763;39.3;19.1
21;2021-06-01;3448;2243;213044;104006;40.0;19.5
21;2021-06-02;2611;1751;215655;105757;40.5;19.8
21;2021-06-03;3143;2069;218798;107826;41.1;20.2
21;2021-06-04;3265;2582;222063;110408;41.7;20.7
21;2021-06-05;2921;1653;224984;112061;42.2;21.0
21;2021-06-06;49;84;225033;112145;42.2;21.0
21;2021-06-07;4299;1335;229332;113480;43.0;21.3
21;2021-06-08;4919;2123;234251;115603;44.0;21.7
21;2021-06-09;4483;1607;238734;117210;44.8;22.0
21;2021-06-10;3888;2579;242622;119789;45.5;22.5
21;2021-06-11;4131;3099;246753;122888;46.3;23.1
21;2021-06-12;2189;1607;248942;124495;46.7;23.4
21;2021-06-13;28;11;248970;124506;46.7;23.4
21;2021-06-14;2186;2567;251156;127073;47.1;23.8
21;2021-06-15;2950;3092;254106;130165;47.7;24.4
21;2021-06-16;2833;2594;256939;132759;48.2;24.9
21;2021-06-17;3412;3040;260351;135799;48.9;25.5
21;2021-06-18;2411;3796;262762;139595;49.3;26.2
21;2021-06-19;2034;1861;264796;141456;49.7;26.5
21;2021-06-20;24;13;264820;141469;49.7;26.5
21;2021-06-21;1823;3410;266643;144879;50.0;27.2
21;2021-06-22;1868;5851;268511;150730;50.4;28.3
21;2021-06-23;2010;5014;270521;155744;50.8;29.2
21;2021-06-24;2340;4670;272861;160414;51.2;30.1
21;2021-06-25;1514;5900;274375;166314;51.5;31.2
21;2021-06-26;1428;3893;275803;170207;51.8;31.9
21;2021-06-27;16;125;275819;170332;51.8;32.0
21;2021-06-28;1380;4022;277199;174354;52.0;32.7
21;2021-06-29;1606;4183;278805;178537;52.3;33.5
21;2021-06-30;1532;3366;280337;181903;52.6;34.1
21;2021-07-01;1615;4138;281952;186041;52.9;34.9
21;2021-07-02;2149;4221;284101;190262;53.3;35.7
21;2021-07-03;1090;2098;285191;192360;53.5;36.1
21;2021-07-04;36;55;285227;192415;53.5;36.1
21;2021-07-05;1588;3626;286815;196041;53.8;36.8
21;2021-07-06;1344;3588;288159;199629;54.1;37.5
21;2021-07-07;1435;3228;289594;202857;54.3;38.1
21;2021-07-08;1859;4157;291453;207014;54.7;38.8
21;2021-07-09;2056;4346;293509;211360;55.1;39.7
21;2021-07-10;1086;2543;294595;213903;55.3;40.1
21;2021-07-11;18;74;294613;213977;55.3;40.2
21;2021-07-12;1602;3720;296215;217697;55.6;40.9
21;2021-07-13;2247;4876;298462;222573;56.0;41.8
21;2021-07-14;2864;1990;301326;224563;56.5;42.1
21;2021-07-15;3737;4537;305063;229100;57.2;43.0
21;2021-07-16;3838;5229;308901;234329;58.0;44.0
21;2021-07-17;2760;4154;311661;238483;58.5;44.8
21;2021-07-18;153;79;311814;238562;58.5;44.8
22;2020-12-27;0;0;0;0;0.0;0.0
22;2020-12-28;0;0;0;0;0.0;0.0
22;2020-12-29;0;0;0;0;0.0;0.0
22;2020-12-30;0;0;0;0;0.0;0.0
22;2020-12-31;0;0;0;0;0.0;0.0
22;2021-01-01;0;0;0;0;0.0;0.0
22;2021-01-02;3;0;3;0;0.0;0.0
22;2021-01-03;0;0;3;0;0.0;0.0
22;2021-01-04;4;0;7;0;0.0;0.0
22;2021-01-05;61;0;68;0;0.0;0.0
22;2021-01-06;114;1;182;1;0.0;0.0
22;2021-01-07;66;0;248;1;0.0;0.0
22;2021-01-08;174;0;422;1;0.1;0.0
22;2021-01-09;1;0;423;1;0.1;0.0
22;2021-01-10;0;0;423;1;0.1;0.0
22;2021-01-11;233;3;656;4;0.1;0.0
22;2021-01-12;626;0;1282;4;0.2;0.0
22;2021-01-13;673;1;1955;5;0.3;0.0
22;2021-01-14;714;8;2669;13;0.4;0.0
22;2021-01-15;526;1;3195;14;0.5;0.0
22;2021-01-16;97;0;3292;14;0.6;0.0
22;2021-01-17;1;0;3293;14;0.6;0.0
22;2021-01-18;309;1;3602;15;0.6;0.0
22;2021-01-19;680;1;4282;16;0.7;0.0
22;2021-01-20;598;0;4880;16;0.8;0.0
22;2021-01-21;947;1;5827;17;1.0;0.0
22;2021-01-22;834;1;6661;18;1.1;0.0
22;2021-01-23;218;0;6879;18;1.2;0.0
22;2021-01-24;1;0;6880;18;1.2;0.0
22;2021-01-25;748;10;7628;28;1.3;0.0
22;2021-01-26;1010;59;8638;87;1.4;0.0
22;2021-01-27;3850;107;12488;194;2.1;0.0
22;2021-01-28;4454;82;16942;276;2.8;0.0
22;2021-01-29;1871;127;18813;403;3.2;0.1
22;2021-01-30;287;0;19100;403;3.2;0.1
22;2021-01-31;2;0;19102;403;3.2;0.1
22;2021-02-01;641;81;19743;484;3.3;0.1
22;2021-02-02;901;436;20644;920;3.5;0.2
22;2021-02-03;689;504;21333;1424;3.6;0.2
22;2021-02-04;965;636;22298;2060;3.7;0.3
22;2021-02-05;721;565;23019;2625;3.9;0.4
22;2021-02-06;248;0;23267;2625;3.9;0.4
22;2021-02-07;0;0;23267;2625;3.9;0.4
22;2021-02-08;530;135;23797;2760;4.0;0.5
22;2021-02-09;615;344;24412;3104;4.1;0.5
22;2021-02-10;423;201;24835;3305;4.2;0.6
22;2021-02-11;1086;322;25921;3627;4.3;0.6
22;2021-02-12;592;327;26513;3954;4.4;0.7
22;2021-02-13;318;78;26831;4032;4.5;0.7
22;2021-02-14;0;5;26831;4037;4.5;0.7
22;2021-02-15;670;428;27501;4465;4.6;0.7
22;2021-02-16;1041;703;28542;5168;4.8;0.9
22;2021-02-17;1202;2460;29744;7628;5.0;1.3
22;2021-02-18;2138;2999;31882;10627;5.3;1.8
22;2021-02-19;1633;1942;33515;12569;5.6;2.1
22;2021-02-20;478;210;33993;12779;5.7;2.1
22;2021-02-21;4;49;33997;12828;5.7;2.2
22;2021-02-22;401;721;34398;13549;5.8;2.3
22;2021-02-23;660;930;35058;14479;5.9;2.4
22;2021-02-24;694;945;35752;15424;6.0;2.6
22;2021-02-25;1197;1205;36949;16629;6.2;2.8
22;2021-02-26;1065;709;38014;17338;6.4;2.9
22;2021-02-27;563;285;38577;17623;6.5;3.0
22;2021-02-28;14;8;38591;17631;6.5;3.0
22;2021-03-01;950;522;39541;18153;6.6;3.0
22;2021-03-02;1204;876;40745;19029;6.8;3.2
22;2021-03-03;1322;860;42067;19889;7.1;3.3
22;2021-03-04;1591;927;43658;20816;7.3;3.5
22;2021-03-05;2101;804;45759;21620;7.7;3.6
22;2021-03-06;1109;289;46868;21909;7.9;3.7
22;2021-03-07;219;1;47087;21910;7.9;3.7
22;2021-03-08;1291;651;48378;22561;8.1;3.8
22;2021-03-09;1819;739;50197;23300;8.4;3.9
22;2021-03-10;1981;998;52178;24298;8.8;4.1
22;2021-03-11;2372;1646;54550;25944;9.1;4.4
22;2021-03-12;3093;947;57643;26891;9.7;4.5
22;2021-03-13;1706;285;59349;27176;10.0;4.6
22;2021-03-14;245;23;59594;27199;10.0;4.6
22;2021-03-15;1614;563;61208;27762;10.3;4.7
22;2021-03-16;1591;849;62799;28611;10.5;4.8
22;2021-03-17;2639;702;65438;29313;11.0;4.9
22;2021-03-18;2544;1111;67982;30424;11.4;5.1
22;2021-03-19;3275;800;71257;31224;12.0;5.2
22;2021-03-20;2207;284;73464;31508;12.3;5.3
22;2021-03-21;13;0;73477;31508;12.3;5.3
22;2021-03-22;2365;358;75842;31866;12.7;5.3
22;2021-03-23;3144;773;78986;32639;13.2;5.5
22;2021-03-24;3481;684;82467;33323;13.8;5.6
22;2021-03-25;3943;595;86410;33918;14.5;5.7
22;2021-03-26;3998;472;90408;34390;15.2;5.8
22;2021-03-27;2078;177;92486;34567;15.5;5.8
22;2021-03-28;67;1;92553;34568;15.5;5.8
22;2021-03-29;2768;907;95321;35475;16.0;6.0
22;2021-03-30;3558;1154;98879;36629;16.6;6.1
22;2021-03-31;3666;1086;102545;37715;17.2;6.3
22;2021-04-01;4914;1108;107459;38823;18.0;6.5
22;2021-04-02;4390;1033;111849;39856;18.8;6.7
22;2021-04-03;1996;403;113845;40259;19.1;6.8
22;2021-04-04;33;0;113878;40259;19.1;6.8
22;2021-04-05;14;0;113892;40259;19.1;6.8
22;2021-04-06;3283;1140;117175;41399;19.7;6.9
22;2021-04-07;3422;1357;120597;42756;20.2;7.2
22;2021-04-08;4442;1308;125039;44064;21.0;7.4
22;2021-04-09;5178;1339;130217;45403;21.8;7.6
22;2021-04-10;2439;362;132656;45765;22.3;7.7
22;2021-04-11;473;7;133129;45772;22.3;7.7
22;2021-04-12;2980;992;136109;46764;22.8;7.8
22;2021-04-13;3319;1513;139428;48277;23.4;8.1
22;2021-04-14;3163;2476;142591;50753;23.9;8.5
22;2021-04-15;3594;2435;146185;53188;24.5;8.9
22;2021-04-16;3623;2489;149808;55677;25.1;9.3
22;2021-04-17;1914;1782;151722;57459;25.4;9.6
22;2021-04-18;16;0;151738;57459;25.5;9.6
22;2021-04-19;3017;2138;154755;59597;26.0;10.0
22;2021-04-20;3305;2780;158060;62377;26.5;10.5
22;2021-04-21;3222;2722;161282;65099;27.1;10.9
22;2021-04-22;3578;3122;164860;68221;27.7;11.4
22;2021-04-23;3717;3149;168577;71370;28.3;12.0
22;2021-04-24;1987;1962;170564;73332;28.6;12.3
22;2021-04-25;14;0;170578;73332;28.6;12.3
22;2021-04-26;3205;2844;173783;76176;29.1;12.8
22;2021-04-27;3371;3144;177154;79320;29.7;13.3
22;2021-04-28;3480;3141;180634;82461;30.3;13.8
22;2021-04-29;4074;3270;184708;85731;31.0;14.4
22;2021-04-30;3902;3222;188610;88953;31.6;14.9
22;2021-05-01;59;69;188669;89022;31.6;14.9
22;2021-05-02;1237;54;189906;89076;31.9;14.9
22;2021-05-03;2028;2708;191934;91784;32.2;15.4
22;2021-05-04;2147;2893;194081;94677;32.6;15.9
22;2021-05-05;2044;3007;196125;97684;32.9;16.4
22;2021-05-06;2504;3497;198629;101181;33.3;17.0
22;2021-05-07;2817;3395;201446;104576;33.8;17.5
22;2021-05-08;45;122;201491;104698;33.8;17.6
22;2021-05-09;600;434;202091;105132;33.9;17.6
22;2021-05-10;4471;2713;206562;107845;34.6;18.1
22;2021-05-11;5101;2893;211663;110738;35.5;18.6
22;2021-05-12;6592;1007;218255;111745;36.6;18.7
22;2021-05-13;526;35;218781;111780;36.7;18.7
22;2021-05-14;6400;1077;225181;112857;37.8;18.9
22;2021-05-15;3986;423;229167;113280;38.4;19.0
22;2021-05-16;418;35;229585;113315;38.5;19.0
22;2021-05-17;5661;518;235246;113833;39.5;19.1
22;2021-05-18;6000;943;241246;114776;40.5;19.3
22;2021-05-19;6122;695;247368;115471;41.5;19.4
22;2021-05-20;6584;1367;253952;116838;42.6;19.6
22;2021-05-21;5882;1455;259834;118293;43.6;19.8
22;2021-05-22;4081;767;263915;119060;44.3;20.0
22;2021-05-23;404;12;264319;119072;44.3;20.0
22;2021-05-24;5303;208;269622;119280;45.2;20.0
22;2021-05-25;5626;1161;275248;120441;46.2;20.2
22;2021-05-26;4207;2792;279455;123233;46.9;20.7
22;2021-05-27;4494;3832;283949;127065;47.6;21.3
22;2021-05-28;4380;4433;288329;131498;48.4;22.1
22;2021-05-29;3044;1767;291373;133265;48.9;22.4
22;2021-05-30;19;7;291392;133272;48.9;22.4
22;2021-05-31;3643;3146;295035;136418;49.5;22.9
22;2021-06-01;3513;3685;298548;140103;50.1;23.5
22;2021-06-02;3076;3384;301624;143487;50.6;24.1
22;2021-06-03;3176;4092;304800;147579;51.1;24.8
22;2021-06-04;3354;4545;308154;152124;51.7;25.5
22;2021-06-05;3542;2023;311696;154147;52.3;25.9
22;2021-06-06;212;29;311908;154176;52.3;25.9
22;2021-06-07;2961;3250;314869;157426;52.8;26.4
22;2021-06-08;2739;3527;317608;160953;53.3;27.0
22;2021-06-09;2478;3506;320086;164459;53.7;27.6
22;2021-06-10;2447;4246;322533;168705;54.1;28.3
22;2021-06-11;2485;4225;325018;172930;54.5;29.0
22;2021-06-12;2366;1452;327384;174382;54.9;29.2
22;2021-06-13;131;1093;327515;175475;54.9;29.4
22;2021-06-14;2579;2464;330094;177939;55.4;29.8
22;2021-06-15;3046;3004;333140;180943;55.9;30.4
22;2021-06-16;2972;2808;336112;183751;56.4;30.8
22;2021-06-17;2542;3173;338654;186924;56.8;31.4
22;2021-06-18;3066;4111;341720;191035;57.3;32.0
22;2021-06-19;2947;1445;344667;192480;57.8;32.3
22;2021-06-20;139;6;344806;192486;57.8;32.3
22;2021-06-21;1750;5029;346556;197515;58.1;33.1
22;2021-06-22;2376;5561;348932;203076;58.5;34.1
22;2021-06-23;1252;6216;350184;209292;58.7;35.1
22;2021-06-24;2553;3923;352737;213215;59.2;35.8
22;2021-06-25;1539;6815;354276;220030;59.4;36.9
22;2021-06-26;775;3860;355051;223890;59.6;37.6
22;2021-06-27;4;512;355055;224402;59.6;37.6
22;2021-06-28;1036;5606;356091;230008;59.7;38.6
22;2021-06-29;1350;5964;357441;235972;60.0;39.6
22;2021-06-30;1098;5748;358539;241720;60.1;40.5
22;2021-07-01;1336;6050;359875;247770;60.4;41.6
22;2021-07-02;1646;6098;361521;253868;60.6;42.6
22;2021-07-03;978;3814;362499;257682;60.8;43.2
22;2021-07-04;142;363;362641;258045;60.8;43.3
22;2021-07-05;1533;5801;364174;263846;61.1;44.3
22;2021-07-06;2278;5995;366452;269841;61.5;45.3
22;2021-07-07;2228;4935;368680;274776;61.8;46.1
22;2021-07-08;2474;5096;371154;279872;62.3;46.9
22;2021-07-09;2444;5380;373598;285252;62.7;47.8
22;2021-07-10;1744;3348;375342;288600;63.0;48.4
22;2021-07-11;477;71;375819;288671;63.0;48.4
22;2021-07-12;2270;4727;378089;293398;63.4;49.2
22;2021-07-13;3723;5038;381812;298436;64.0;50.1
22;2021-07-14;692;2495;382504;300931;64.2;50.5
22;2021-07-15;3767;4624;386271;305555;64.8;51.3
22;2021-07-16;3764;5280;390035;310835;65.4;52.1
22;2021-07-17;2489;3391;392524;314226;65.8;52.7
22;2021-07-18;561;86;393085;314312;65.9;52.7
23;2020-12-27;0;0;0;0;0.0;0.0
23;2020-12-28;1;0;1;0;0.0;0.0
23;2020-12-29;0;0;1;0;0.0;0.0
23;2020-12-30;0;0;1;0;0.0;0.0
23;2020-12-31;0;0;1;0;0.0;0.0
23;2021-01-01;0;0;1;0;0.0;0.0
23;2021-01-02;1;0;2;0;0.0;0.0
23;2021-01-03;0;0;2;0;0.0;0.0
23;2021-01-04;1;0;3;0;0.0;0.0
23;2021-01-05;3;0;6;0;0.0;0.0
23;2021-01-06;10;0;16;0;0.0;0.0
23;2021-01-07;116;0;132;0;0.1;0.0
23;2021-01-08;116;0;248;0;0.2;0.0
23;2021-01-09;35;0;283;0;0.2;0.0
23;2021-01-10;1;0;284;0;0.2;0.0
23;2021-01-11;173;0;457;0;0.4;0.0
23;2021-01-12;234;1;691;1;0.6;0.0
23;2021-01-13;308;1;999;2;0.9;0.0
23;2021-01-14;290;3;1289;5;1.1;0.0
23;2021-01-15;334;2;1623;7;1.4;0.0
23;2021-01-16;163;1;1786;8;1.5;0.0
23;2021-01-17;0;0;1786;8;1.5;0.0
23;2021-01-18;341;1;2127;9;1.8;0.0
23;2021-01-19;497;2;2624;11;2.3;0.0
23;2021-01-20;362;0;2986;11;2.6;0.0
23;2021-01-21;695;1;3681;12;3.2;0.0
23;2021-01-22;477;0;4158;12;3.6;0.0
23;2021-01-23;368;1;4526;13;3.9;0.0
23;2021-01-24;0;0;4526;13;3.9;0.0
23;2021-01-25;382;16;4908;29;4.2;0.0
23;2021-01-26;300;4;5208;33;4.5;0.0
23;2021-01-27;228;3;5436;36;4.7;0.0
23;2021-01-28;233;47;5669;83;4.9;0.1
23;2021-01-29;301;103;5970;186;5.1;0.2
23;2021-01-30;100;28;6070;214;5.2;0.2
23;2021-01-31;2;34;6072;248;5.2;0.2
23;2021-02-01;147;106;6219;354;5.3;0.3
23;2021-02-02;157;123;6376;477;5.5;0.4
23;2021-02-03;105;211;6481;688;5.6;0.6
23;2021-02-04;78;265;6559;953;5.6;0.8
23;2021-02-05;115;314;6674;1267;5.7;1.1
23;2021-02-06;14;168;6688;1435;5.8;1.2
23;2021-02-07;1;0;6689;1435;5.8;1.2
23;2021-02-08;125;218;6814;1653;5.9;1.4
23;2021-02-09;85;296;6899;1949;5.9;1.7
23;2021-02-10;89;283;6988;2232;6.0;1.9
23;2021-02-11;244;589;7232;2821;6.2;2.4
23;2021-02-12;171;284;7403;3105;6.4;2.7
23;2021-02-13;8;192;7411;3297;6.4;2.8
23;2021-02-14;8;0;7419;3297;6.4;2.8
23;2021-02-15;157;367;7576;3664;6.5;3.2
23;2021-02-16;103;445;7679;4109;6.6;3.5
23;2021-02-17;65;494;7744;4603;6.7;4.0
23;2021-02-18;142;371;7886;4974;6.8;4.3
23;2021-02-19;109;253;7995;5227;6.9;4.5
23;2021-02-20;2;94;7997;5321;6.9;4.6
23;2021-02-21;0;0;7997;5321;6.9;4.6
23;2021-02-22;103;212;8100;5533;7.0;4.8
23;2021-02-23;107;219;8207;5752;7.1;4.9
23;2021-02-24;174;169;8381;5921;7.2;5.1
23;2021-02-25;183;108;8564;6029;7.4;5.2
23;2021-02-26;286;165;8850;6194;7.6;5.3
23;2021-02-27;112;10;8962;6204;7.7;5.3
23;2021-02-28;1;31;8963;6235;7.7;5.4
23;2021-03-01;88;200;9051;6435;7.8;5.5
23;2021-03-02;229;132;9280;6567;8.0;5.6
23;2021-03-03;131;90;9411;6657;8.1;5.7
23;2021-03-04;307;138;9718;6795;8.4;5.8
23;2021-03-05;517;109;10235;6904;8.8;5.9
23;2021-03-06;494;3;10729;6907;9.2;5.9
23;2021-03-07;312;2;11041;6909;9.5;5.9
23;2021-03-08;196;72;11237;6981;9.7;6.0
23;2021-03-09;421;94;11658;7075;10.0;6.1
23;2021-03-10;348;38;12006;7113;10.3;6.1
23;2021-03-11;323;47;12329;7160;10.6;6.2
23;2021-03-12;616;32;12945;7192;11.1;6.2
23;2021-03-13;283;12;13228;7204;11.4;6.2
23;2021-03-14;45;34;13273;7238;11.4;6.2
23;2021-03-15;220;126;13493;7364;11.6;6.3
23;2021-03-16;192;90;13685;7454;11.8;6.4
23;2021-03-17;131;101;13816;7555;11.9;6.5
23;2021-03-18;191;94;14007;7649;12.0;6.6
23;2021-03-19;204;119;14211;7768;12.2;6.7
23;2021-03-20;629;35;14840;7803;12.8;6.7
23;2021-03-21;127;0;14967;7803;12.9;6.7
23;2021-03-22;264;147;15231;7950;13.1;6.8
23;2021-03-23;503;105;15734;8055;13.5;6.9
23;2021-03-24;422;123;16156;8178;13.9;7.0
23;2021-03-25;818;183;16974;8361;14.6;7.2
23;2021-03-26;733;193;17707;8554;15.2;7.4
23;2021-03-27;505;47;18212;8601;15.7;7.4
23;2021-03-28;3;9;18215;8610;15.7;7.4
23;2021-03-29;358;110;18573;8720;16.0;7.5
23;2021-03-30;537;172;19110;8892;16.4;7.6
23;2021-03-31;411;169;19521;9061;16.8;7.8
23;2021-04-01;600;165;20121;9226;17.3;7.9
23;2021-04-02;497;295;20618;9521;17.7;8.2
23;2021-04-03;715;41;21333;9562;18.3;8.2
23;2021-04-04;4;0;21337;9562;18.4;8.2
23;2021-04-05;0;3;21337;9565;18.4;8.2
23;2021-04-06;381;291;21718;9856;18.7;8.5
23;2021-04-07;705;308;22423;10164;19.3;8.7
23;2021-04-08;803;228;23226;10392;20.0;8.9
23;2021-04-09;939;350;24165;10742;20.8;9.2
23;2021-04-10;1097;106;25262;10848;21.7;9.3
23;2021-04-11;21;2;25283;10850;21.7;9.3
23;2021-04-12;692;230;25975;11080;22.3;9.5
23;2021-04-13;665;298;26640;11378;22.9;9.8
23;2021-04-14;586;172;27226;11550;23.4;9.9
23;2021-04-15;928;181;28154;11731;24.2;10.1
23;2021-04-16;901;199;29055;11930;25.0;10.3
23;2021-04-17;994;550;30049;12480;25.8;10.7
23;2021-04-18;4;136;30053;12616;25.8;10.9
23;2021-04-19;611;296;30664;12912;26.4;11.1
23;2021-04-20;720;289;31384;13201;27.0;11.4
23;2021-04-21;732;384;32116;13585;27.6;11.7
23;2021-04-22;657;473;32773;14058;28.2;12.1
23;2021-04-23;591;339;33364;14397;28.7;12.4
23;2021-04-24;854;448;34218;14845;29.4;12.8
23;2021-04-25;0;0;34218;14845;29.4;12.8
23;2021-04-26;615;252;34833;15097;30.0;13.0
23;2021-04-27;676;425;35509;15522;30.5;13.3
23;2021-04-28;625;274;36134;15796;31.1;13.6
23;2021-04-29;882;376;37016;16172;31.8;13.9
23;2021-04-30;719;786;37735;16958;32.5;14.6
23;2021-05-01;1223;31;38958;16989;33.5;14.6
23;2021-05-02;12;0;38970;16989;33.5;14.6
23;2021-05-03;423;519;39393;17508;33.9;15.1
23;2021-05-04;616;510;40009;18018;34.4;15.5
23;2021-05-05;538;711;40547;18729;34.9;16.1
23;2021-05-06;727;699;41274;19428;35.5;16.7
23;2021-05-07;682;637;41956;20065;36.1;17.3
23;2021-05-08;1409;584;43365;20649;37.3;17.8
23;2021-05-09;3;0;43368;20649;37.3;17.8
23;2021-05-10;553;654;43921;21303;37.8;18.3
23;2021-05-11;560;763;44481;22066;38.3;19.0
23;2021-05-12;719;659;45200;22725;38.9;19.5
23;2021-05-13;536;56;45736;22781;39.3;19.6
23;2021-05-14;789;462;46525;23243;40.0;20.0
23;2021-05-15;994;232;47519;23475;40.9;20.2
23;2021-05-16;0;0;47519;23475;40.9;20.2
23;2021-05-17;566;448;48085;23923;41.4;20.6
23;2021-05-18;773;291;48858;24214;42.0;20.8
23;2021-05-19;1049;256;49907;24470;42.9;21.0
23;2021-05-20;836;316;50743;24786;43.6;21.3
23;2021-05-21;1103;312;51846;25098;44.6;21.6
23;2021-05-22;739;125;52585;25223;45.2;21.7
23;2021-05-23;1;20;52586;25243;45.2;21.7
23;2021-05-24;360;163;52946;25406;45.5;21.9
23;2021-05-25;903;336;53849;25742;46.3;22.1
23;2021-05-26;1074;224;54923;25966;47.2;22.3
23;2021-05-27;929;425;55852;26391;48.0;22.7
23;2021-05-28;780;744;56632;27135;48.7;23.3
23;2021-05-29;637;1096;57269;28231;49.3;24.3
23;2021-05-30;6;63;57275;28294;49.3;24.3
23;2021-05-31;432;540;57707;28834;49.6;24.8
23;2021-06-01;581;820;58288;29654;50.1;25.5
23;2021-06-02;623;521;58911;30175;50.7;26.0
23;2021-06-03;705;547;59616;30722;51.3;26.4
23;2021-06-04;779;611;60395;31333;51.9;26.9
23;2021-06-05;545;778;60940;32111;52.4;27.6
23;2021-06-06;0;0;60940;32111;52.4;27.6
23;2021-06-07;393;697;61333;32808;52.8;28.2
23;2021-06-08;320;775;61653;33583;53.0;28.9
23;2021-06-09;284;652;61937;34235;53.3;29.4
23;2021-06-10;370;691;62307;34926;53.6;30.0
23;2021-06-11;377;808;62684;35734;53.9;30.7
23;2021-06-12;382;1264;63066;36998;54.2;31.8
23;2021-06-13;13;5;63079;37003;54.3;31.8
23;2021-06-14;233;590;63312;37593;54.5;32.3
23;2021-06-15;227;862;63539;38455;54.6;33.1
23;2021-06-16;362;581;63901;39036;55.0;33.6
23;2021-06-17;337;810;64238;39846;55.2;34.3
23;2021-06-18;352;764;64590;40610;55.6;34.9
23;2021-06-19;488;1524;65078;42134;56.0;36.2
23;2021-06-20;1;11;65079;42145;56.0;36.2
23;2021-06-21;203;625;65282;42770;56.1;36.8
23;2021-06-22;213;684;65495;43454;56.3;37.4
23;2021-06-23;211;750;65706;44204;56.5;38.0
23;2021-06-24;195;607;65901;44811;56.7;38.5
23;2021-06-25;302;816;66203;45627;56.9;39.2
23;2021-06-26;221;1000;66424;46627;57.1;40.1
23;2021-06-27;2;0;66426;46627;57.1;40.1
23;2021-06-28;112;696;66538;47323;57.2;40.7
23;2021-06-29;186;823;66724;48146;57.4;41.4
23;2021-06-30;164;946;66888;49092;57.5;42.2
23;2021-07-01;165;870;67053;49962;57.7;43.0
23;2021-07-02;189;1072;67242;51034;57.8;43.9
23;2021-07-03;247;979;67489;52013;58.0;44.7
23;2021-07-04;1;0;67490;52013;58.0;44.7
23;2021-07-05;149;806;67639;52819;58.2;45.4
23;2021-07-06;210;1045;67849;53864;58.4;46.3
23;2021-07-07;207;854;68056;54718;58.5;47.1
23;2021-07-08;246;739;68302;55457;58.7;47.7
23;2021-07-09;269;1008;68571;56465;59.0;48.6
23;2021-07-10;233;646;68804;57111;59.2;49.1
23;2021-07-11;0;0;68804;57111;59.2;49.1
23;2021-07-12;231;699;69035;57810;59.4;49.7
23;2021-07-13;469;917;69504;58727;59.8;50.5
23;2021-07-14;208;321;69712;59048;60.0;50.8
23;2021-07-15;474;808;70186;59856;60.4;51.5
23;2021-07-16;757;569;70943;60425;61.0;52.0
23;2021-07-17;218;479;71161;60904;61.2;52.4
23;2021-07-18;0;1;71161;60905;61.2;52.4
24;2020-12-27;0;0;0;0;0.0;0.0
24;2020-12-28;0;0;0;0;0.0;0.0
24;2020-12-29;2;0;2;0;0.0;0.0
24;2020-12-30;1;0;3;0;0.0;0.0
24;2020-12-31;0;0;3;0;0.0;0.0
24;2021-01-01;0;0;3;0;0.0;0.0
24;2021-01-02;0;0;3;0;0.0;0.0
24;2021-01-03;0;0;3;0;0.0;0.0
24;2021-01-04;0;0;3;0;0.0;0.0
24;2021-01-05;0;0;3;0;0.0;0.0
24;2021-01-06;0;0;3;0;0.0;0.0
24;2021-01-07;190;0;193;0;0.0;0.0
24;2021-01-08;280;0;473;0;0.1;0.0
24;2021-01-09;185;0;658;0;0.2;0.0
24;2021-01-10;35;0;693;0;0.2;0.0
24;2021-01-11;269;0;962;0;0.2;0.0
24;2021-01-12;281;0;1243;0;0.3;0.0
24;2021-01-13;233;1;1476;1;0.4;0.0
24;2021-01-14;1011;7;2487;8;0.6;0.0
24;2021-01-15;602;3;3089;11;0.8;0.0
24;2021-01-16;86;0;3175;11;0.8;0.0
24;2021-01-17;1;1;3176;12;0.8;0.0
24;2021-01-18;298;0;3474;12;0.9;0.0
24;2021-01-19;467;1;3941;13;1.0;0.0
24;2021-01-20;550;0;4491;13;1.1;0.0
24;2021-01-21;644;4;5135;17;1.3;0.0
24;2021-01-22;512;0;5647;17;1.4;0.0
24;2021-01-23;149;1;5796;18;1.4;0.0
24;2021-01-24;2;0;5798;18;1.4;0.0
24;2021-01-25;440;0;6238;18;1.5;0.0
24;2021-01-26;631;66;6869;84;1.7;0.0
24;2021-01-27;1261;11;8130;95;2.0;0.0
24;2021-01-28;983;121;9113;216;2.2;0.1
24;2021-01-29;931;137;10044;353;2.5;0.1
24;2021-01-30;281;1;10325;354;2.5;0.1
24;2021-01-31;0;0;10325;354;2.5;0.1
24;2021-02-01;375;172;10700;526;2.6;0.1
24;2021-02-02;611;313;11311;839;2.8;0.2
24;2021-02-03;650;493;11961;1332;2.9;0.3
24;2021-02-04;972;392;12933;1724;3.2;0.4
24;2021-02-05;684;449;13617;2173;3.3;0.5
24;2021-02-06;137;35;13754;2208;3.4;0.5
24;2021-02-07;33;0;13787;2208;3.4;0.5
24;2021-02-08;309;232;14096;2440;3.5;0.6
24;2021-02-09;450;229;14546;2669;3.6;0.7
24;2021-02-10;372;111;14918;2780;3.7;0.7
24;2021-02-11;555;518;15473;3298;3.8;0.8
24;2021-02-12;495;392;15968;3690;3.9;0.9
24;2021-02-13;202;46;16170;3736;4.0;0.9
24;2021-02-14;88;1;16258;3737;4.0;0.9
24;2021-02-15;185;243;16443;3980;4.0;1.0
24;2021-02-16;334;523;16777;4503;4.1;1.1
24;2021-02-17;580;827;17357;5330;4.3;1.3
24;2021-02-18;438;727;17795;6057;4.4;1.5
24;2021-02-19;461;677;18256;6734;4.5;1.6
24;2021-02-20;163;143;18419;6877;4.5;1.7
24;2021-02-21;107;0;18526;6877;4.5;1.7
24;2021-02-22;426;527;18952;7404;4.6;1.8
24;2021-02-23;562;680;19514;8084;4.8;2.0
24;2021-02-24;532;829;20046;8913;4.9;2.2
24;2021-02-25;723;861;20769;9774;5.1;2.4
24;2021-02-26;971;970;21740;10744;5.3;2.6
24;2021-02-27;359;265;22099;11009;5.4;2.7
24;2021-02-28;22;4;22121;11013;5.4;2.7
24;2021-03-01;293;374;22414;11387;5.5;2.8
24;2021-03-02;538;416;22952;11803;5.6;2.9
24;2021-03-03;674;341;23626;12144;5.8;3.0
24;2021-03-04;913;497;24539;12641;6.0;3.1
24;2021-03-05;1064;552;25603;13193;6.3;3.2
24;2021-03-06;1121;140;26724;13333;6.5;3.3
24;2021-03-07;232;62;26956;13395;6.6;3.3
24;2021-03-08;530;258;27486;13653;6.7;3.3
24;2021-03-09;1169;440;28655;14093;7.0;3.5
24;2021-03-10;1139;446;29794;14539;7.3;3.6
24;2021-03-11;1602;459;31396;14998;7.7;3.7
24;2021-03-12;2047;439;33443;15437;8.2;3.8
24;2021-03-13;1344;199;34787;15636;8.5;3.8
24;2021-03-14;142;92;34929;15728;8.6;3.9
24;2021-03-15;947;166;35876;15894;8.8;3.9
24;2021-03-16;1139;231;37015;16125;9.1;3.9
24;2021-03-17;1211;281;38226;16406;9.4;4.0
24;2021-03-18;1054;548;39280;16954;9.6;4.2
24;2021-03-19;1247;533;40527;17487;9.9;4.3
24;2021-03-20;1054;146;41581;17633;10.2;4.3
24;2021-03-21;23;11;41604;17644;10.2;4.3
24;2021-03-22;1222;422;42826;18066;10.5;4.4
24;2021-03-23;1876;399;44702;18465;10.9;4.5
24;2021-03-24;1888;383;46590;18848;11.4;4.6
24;2021-03-25;1986;465;48576;19313;11.9;4.7
24;2021-03-26;2372;281;50948;19594;12.5;4.8
24;2021-03-27;1348;41;52296;19635;12.8;4.8
24;2021-03-28;60;9;52356;19644;12.8;4.8
24;2021-03-29;1669;325;54025;19969;13.2;4.9
24;2021-03-30;2406;389;56431;20358;13.8;5.0
24;2021-03-31;2173;307;58604;20665;14.3;5.1
24;2021-04-01;2194;306;60798;20971;14.9;5.1
24;2021-04-02;2069;396;62867;21367;15.4;5.2
24;2021-04-03;1371;122;64238;21489;15.7;5.3
24;2021-04-04;73;0;64311;21489;15.7;5.3
24;2021-04-05;945;55;65256;21544;16.0;5.3
24;2021-04-06;2349;693;67605;22237;16.6;5.4
24;2021-04-07;2714;681;70319;22918;17.2;5.6
24;2021-04-08;3001;950;73320;23868;18.0;5.8
24;2021-04-09;3484;997;76804;24865;18.8;6.1
24;2021-04-10;2584;304;79388;25169;19.4;6.2
24;2021-04-11;1101;14;80489;25183;19.7;6.2
24;2021-04-12;2492;813;82981;25996;20.3;6.4
24;2021-04-13;2903;1197;85884;27193;21.0;6.7
24;2021-04-14;2932;1182;88816;28375;21.7;6.9
24;2021-04-15;2787;1068;91603;29443;22.4;7.2
24;2021-04-16;3264;947;94867;30390;23.2;7.4
24;2021-04-17;2268;497;97135;30887;23.8;7.6
24;2021-04-18;424;5;97559;30892;23.9;7.6
24;2021-04-19;1601;1002;99160;31894;24.3;7.8
24;2021-04-20;2261;1420;101421;33314;24.8;8.2
24;2021-04-21;2141;1436;103562;34750;25.4;8.5
24;2021-04-22;2057;1250;105619;36000;25.9;8.8
24;2021-04-23;1951;1322;107570;37322;26.3;9.1
24;2021-04-24;851;723;108421;38045;26.5;9.3
24;2021-04-25;54;4;108475;38049;26.6;9.3
24;2021-04-26;1294;1482;109769;39531;26.9;9.7
24;2021-04-27;1851;1879;111620;41410;27.3;10.1
24;2021-04-28;1502;1954;113122;43364;27.7;10.6
24;2021-04-29;1724;1886;114846;45250;28.1;11.1
24;2021-04-30;2267;1775;117113;47025;28.7;11.5
24;2021-05-01;2050;1060;119163;48085;29.2;11.8
24;2021-05-02;1921;208;121084;48293;29.6;11.8
24;2021-05-03;1469;1833;122553;50126;30.0;12.3
24;2021-05-04;2228;2285;124781;52411;30.6;12.8
24;2021-05-05;1881;2712;126662;55123;31.0;13.5
24;2021-05-06;1884;2762;128546;57885;31.5;14.2
24;2021-05-07;2257;2777;130803;60662;32.0;14.9
24;2021-05-08;1282;1150;132085;61812;32.3;15.1
24;2021-05-09;1165;899;133250;62711;32.6;15.4
24;2021-05-10;1090;2627;134340;65338;32.9;16.0
24;2021-05-11;2030;2786;136370;68124;33.4;16.7
24;2021-05-12;1920;2248;138290;70372;33.9;17.2
24;2021-05-13;1457;1212;139747;71584;34.2;17.5
24;2021-05-14;2376;1334;142123;72918;34.8;17.9
24;2021-05-15;2048;810;144171;73728;35.3;18.1
24;2021-05-16;1169;346;145340;74074;35.6;18.1
24;2021-05-17;2244;1253;147584;75327;36.1;18.4
24;2021-05-18;2480;1815;150064;77142;36.7;18.9
24;2021-05-19;2284;1375;152348;78517;37.3;19.2
24;2021-05-20;2369;1578;154717;80095;37.9;19.6
24;2021-05-21;2429;1409;157146;81504;38.5;20.0
24;2021-05-22;1717;406;158863;81910;38.9;20.1
24;2021-05-23;950;73;159813;81983;39.1;20.1
24;2021-05-24;1513;335;161326;82318;39.5;20.2
24;2021-05-25;2291;1379;163617;83697;40.1;20.5
24;2021-05-26;2144;1313;165761;85010;40.6;20.8
24;2021-05-27;1746;2199;167507;87209;41.0;21.4
24;2021-05-28;2145;2001;169652;89210;41.5;21.8
24;2021-05-29;1146;2086;170798;91296;41.8;22.4
24;2021-05-30;1416;172;172214;91468;42.2;22.4
24;2021-05-31;1742;1364;173956;92832;42.6;22.7
24;2021-06-01;2566;1962;176522;94794;43.2;23.2
24;2021-06-02;2652;1781;179174;96575;43.9;23.6
24;2021-06-03;2285;1461;181459;98036;44.4;24.0
24;2021-06-04;2375;1889;183834;99925;45.0;24.5
24;2021-06-05;2003;1416;185837;101341;45.5;24.8
24;2021-06-06;763;223;186600;101564;45.7;24.9
24;2021-06-07;1427;1490;188027;103054;46.0;25.2
24;2021-06-08;1667;1910;189694;104964;46.4;25.7
24;2021-06-09;1316;1594;191010;106558;46.8;26.1
24;2021-06-10;1568;1911;192578;108469;47.2;26.6
24;2021-06-11;1320;2080;193898;110549;47.5;27.1
24;2021-06-12;1120;2544;195018;113093;47.8;27.7
24;2021-06-13;1226;920;196244;114013;48.1;27.9
24;2021-06-14;1148;1856;197392;115869;48.3;28.4
24;2021-06-15;1483;2995;198875;118864;48.7;29.1
24;2021-06-16;1656;2733;200531;121597;49.1;29.8
24;2021-06-17;1541;2183;202072;123780;49.5;30.3
24;2021-06-18;1391;2865;203463;126645;49.8;31.0
24;2021-06-19;1264;1524;204727;128169;50.1;31.4
24;2021-06-20;511;497;205238;128666;50.3;31.5
24;2021-06-21;923;1841;206161;130507;50.5;32.0
24;2021-06-22;1420;2594;207581;133101;50.8;32.6
24;2021-06-23;1417;2428;208998;135529;51.2;33.2
24;2021-06-24;1110;1916;210108;137445;51.4;33.7
24;2021-06-25;958;2823;211066;140268;51.7;34.3
24;2021-06-26;854;2106;211920;142374;51.9;34.9
24;2021-06-27;396;976;212316;143350;52.0;35.1
24;2021-06-28;806;2486;213122;145836;52.2;35.7
24;2021-06-29;926;2871;214048;148707;52.4;36.4
24;2021-06-30;1090;2463;215138;151170;52.7;37.0
24;2021-07-01;1113;2299;216251;153469;53.0;37.6
24;2021-07-02;1083;2750;217334;156219;53.2;38.3
24;2021-07-03;807;1905;218141;158124;53.4;38.7
24;2021-07-04;410;1012;218551;159136;53.5;39.0
24;2021-07-05;783;2321;219334;161457;53.7;39.5
24;2021-07-06;877;3352;220211;164809;53.9;40.4
24;2021-07-07;1074;3039;221285;167848;54.2;41.1
24;2021-07-08;1332;2117;222617;169965;54.5;41.6
24;2021-07-09;1167;3216;223784;173181;54.8;42.4
24;2021-07-10;473;1956;224257;175137;54.9;42.9
24;2021-07-11;584;1189;224841;176326;55.1;43.2
24;2021-07-12;889;2516;225730;178842;55.3;43.8
24;2021-07-13;1312;3215;227042;182057;55.6;44.6
24;2021-07-14;613;1187;227655;183244;55.7;44.9
24;2021-07-15;1668;2776;229323;186020;56.2;45.5
24;2021-07-16;2126;2600;231449;188620;56.7;46.2
24;2021-07-17;1500;2227;232949;190847;57.0;46.7
24;2021-07-18;695;884;233644;191731;57.2;46.9
25;2020-12-27;0;0;0;0;0.0;0.0
25;2020-12-28;0;0;0;0;0.0;0.0
25;2020-12-29;0;0;0;0;0.0;0.0
25;2020-12-30;0;0;0;0;0.0;0.0
25;2020-12-31;2;0;2;0;0.0;0.0
25;2021-01-01;0;0;2;0;0.0;0.0
25;2021-01-02;0;0;2;0;0.0;0.0
25;2021-01-03;0;0;2;0;0.0;0.0
25;2021-01-04;0;0;2;0;0.0;0.0
25;2021-01-05;1;0;3;0;0.0;0.0
25;2021-01-06;75;1;78;1;0.0;0.0
25;2021-01-07;235;1;313;2;0.1;0.0
25;2021-01-08;342;1;655;3;0.1;0.0
25;2021-01-09;103;0;758;3;0.1;0.0
25;2021-01-10;0;0;758;3;0.1;0.0
25;2021-01-11;498;2;1256;5;0.2;0.0
25;2021-01-12;674;2;1930;7;0.4;0.0
25;2021-01-13;626;0;2556;7;0.5;0.0
25;2021-01-14;894;15;3450;22;0.6;0.0
25;2021-01-15;782;6;4232;28;0.8;0.0
25;2021-01-16;206;1;4438;29;0.8;0.0
25;2021-01-17;112;0;4550;29;0.8;0.0
25;2021-01-18;1294;4;5844;33;1.1;0.0
25;2021-01-19;1411;4;7255;37;1.3;0.0
25;2021-01-20;1418;4;8673;41;1.6;0.0
25;2021-01-21;1788;1;10461;42;1.9;0.0
25;2021-01-22;1503;3;11964;45;2.2;0.0
25;2021-01-23;496;1;12460;46;2.3;0.0
25;2021-01-24;119;0;12579;46;2.3;0.0
25;2021-01-25;989;0;13568;46;2.5;0.0
25;2021-01-26;1486;42;15054;88;2.8;0.0
25;2021-01-27;1246;70;16300;158;3.0;0.0
25;2021-01-28;1089;75;17389;233;3.2;0.0
25;2021-01-29;905;228;18294;461;3.4;0.1
25;2021-01-30;293;92;18587;553;3.4;0.1
25;2021-01-31;2;0;18589;553;3.4;0.1
25;2021-02-01;611;221;19200;774;3.6;0.1
25;2021-02-02;675;414;19875;1188;3.7;0.2
25;2021-02-03;759;249;20634;1437;3.8;0.3
25;2021-02-04;715;447;21349;1884;4.0;0.3
25;2021-02-05;517;465;21866;2349;4.1;0.4
25;2021-02-06;198;157;22064;2506;4.1;0.5
25;2021-02-07;2;34;22066;2540;4.1;0.5
25;2021-02-08;612;507;22678;3047;4.2;0.6
25;2021-02-09;616;491;23294;3538;4.3;0.7
25;2021-02-10;817;482;24111;4020;4.5;0.7
25;2021-02-11;586;853;24697;4873;4.6;0.9
25;2021-02-12;413;550;25110;5423;4.7;1.0
25;2021-02-13;97;140;25207;5563;4.7;1.0
25;2021-02-14;0;0;25207;5563;4.7;1.0
25;2021-02-15;187;1040;25394;6603;4.7;1.2
25;2021-02-16;212;1449;25606;8052;4.7;1.5
25;2021-02-17;109;1344;25715;9396;4.8;1.7
25;2021-02-18;145;1436;25860;10832;4.8;2.0
25;2021-02-19;102;1271;25962;12103;4.8;2.2
25;2021-02-20;26;495;25988;12598;4.8;2.3
25;2021-02-21;1;143;25989;12741;4.8;2.4
25;2021-02-22;83;1067;26072;13808;4.8;2.6
25;2021-02-23;196;1080;26268;14888;4.9;2.8
25;2021-02-24;105;976;26373;15864;4.9;2.9
25;2021-02-25;522;1003;26895;16867;5.0;3.1
25;2021-02-26;605;1003;27500;17870;5.1;3.3
25;2021-02-27;227;374;27727;18244;5.1;3.4
25;2021-02-28;4;0;27731;18244;5.1;3.4
25;2021-03-01;444;620;28175;18864;5.2;3.5
25;2021-03-02;651;831;28826;19695;5.3;3.7
25;2021-03-03;541;728;29367;20423;5.4;3.8
25;2021-03-04;1153;642;30520;21065;5.7;3.9
25;2021-03-05;1851;359;32371;21424;6.0;4.0
25;2021-03-06;1168;216;33539;21640;6.2;4.0
25;2021-03-07;9;6;33548;21646;6.2;4.0
25;2021-03-08;547;703;34095;22349;6.3;4.1
25;2021-03-09;1038;761;35133;23110;6.5;4.3
25;2021-03-10;1149;633;36282;23743;6.7;4.4
25;2021-03-11;1657;563;37939;24306;7.0;4.5
25;2021-03-12;1995;419;39934;24725;7.4;4.6
25;2021-03-13;1112;85;41046;24810;7.6;4.6
25;2021-03-14;35;0;41081;24810;7.6;4.6
25;2021-03-15;1121;125;42202;24935;7.8;4.6
25;2021-03-16;1275;107;43477;25042;8.1;4.6
25;2021-03-17;1410;122;44887;25164;8.3;4.7
25;2021-03-18;1527;64;46414;25228;8.6;4.7
25;2021-03-19;1593;112;48007;25340;8.9;4.7
25;2021-03-20;821;23;48828;25363;9.1;4.7
25;2021-03-21;24;0;48852;25363;9.1;4.7
25;2021-03-22;1485;76;50337;25439;9.3;4.7
25;2021-03-23;2160;121;52497;25560;9.7;4.7
25;2021-03-24;2415;83;54912;25643;10.2;4.8
25;2021-03-25;2834;170;57746;25813;10.7;4.8
25;2021-03-26;3149;150;60895;25963;11.3;4.8
25;2021-03-27;1111;80;62006;26043;11.5;4.8
25;2021-03-28;121;62;62127;26105;11.5;4.8
25;2021-03-29;1786;272;63913;26377;11.8;4.9
25;2021-03-30;2210;378;66123;26755;12.3;5.0
25;2021-03-31;2217;334;68340;27089;12.7;5.0
25;2021-04-01;2450;510;70790;27599;13.1;5.1
25;2021-04-02;2026;574;72816;28173;13.5;5.2
25;2021-04-03;447;106;73263;28279;13.6;5.2
25;2021-04-04;39;21;73302;28300;13.6;5.2
25;2021-04-05;144;4;73446;28304;13.6;5.2
25;2021-04-06;1933;660;75379;28964;14.0;5.4
25;2021-04-07;1879;833;77258;29797;14.3;5.5
25;2021-04-08;2428;810;79686;30607;14.8;5.7
25;2021-04-09;2594;957;82280;31564;15.3;5.9
25;2021-04-10;977;284;83257;31848;15.4;5.9
25;2021-04-11;104;28;83361;31876;15.5;5.9
25;2021-04-12;1559;957;84920;32833;15.7;6.1
25;2021-04-13;1985;1295;86905;34128;16.1;6.3
25;2021-04-14;1749;1186;88654;35314;16.4;6.5
25;2021-04-15;1997;1315;90651;36629;16.8;6.8
25;2021-04-16;2084;984;92735;37613;17.2;7.0
25;2021-04-17;1103;411;93838;38024;17.4;7.0
25;2021-04-18;117;17;93955;38041;17.4;7.1
25;2021-04-19;1327;1247;95282;39288;17.7;7.3
25;2021-04-20;1612;1460;96894;40748;18.0;7.6
25;2021-04-21;1717;1617;98611;42365;18.3;7.9
25;2021-04-22;1855;1704;100466;44069;18.6;8.2
25;2021-04-23;1896;1749;102362;45818;19.0;8.5
25;2021-04-24;1278;702;103640;46520;19.2;8.6
25;2021-04-25;139;113;103779;46633;19.2;8.6
25;2021-04-26;1722;1673;105501;48306;19.6;9.0
25;2021-04-27;2798;1513;108299;49819;20.1;9.2
25;2021-04-28;2421;1540;110720;51359;20.5;9.5
25;2021-04-29;2648;1820;113368;53179;21.0;9.9
25;2021-04-30;3101;1574;116469;54753;21.6;10.1
25;2021-05-01;1788;320;118257;55073;21.9;10.2
25;2021-05-02;442;21;118699;55094;22.0;10.2
25;2021-05-03;2899;829;121598;55923;22.5;10.4
25;2021-05-04;2638;1885;124236;57808;23.0;10.7
25;2021-05-05;2591;1658;126827;59466;23.5;11.0
25;2021-05-06;2924;2153;129751;61619;24.1;11.4
25;2021-05-07;3063;2115;132814;63734;24.6;11.8
25;2021-05-08;1333;220;134147;63954;24.9;11.9
25;2021-05-09;244;87;134391;64041;24.9;11.9
25;2021-05-10;3130;1637;137521;65678;25.5;12.2
25;2021-05-11;3744;2034;141265;67712;26.2;12.6
25;2021-05-12;3682;1782;144947;69494;26.9;12.9
25;2021-05-13;3519;595;148466;70089;27.5;13.0
25;2021-05-14;4482;1300;152948;71389;28.4;13.2
25;2021-05-15;3276;700;156224;72089;29.0;13.4
25;2021-05-16;721;92;156945;72181;29.1;13.4
25;2021-05-17;4089;1082;161034;73263;29.9;13.6
25;2021-05-18;5204;1176;166238;74439;30.8;13.8
25;2021-05-19;5247;1118;171485;75557;31.8;14.0
25;2021-05-20;5126;1437;176611;76994;32.7;14.3
25;2021-05-21;5762;1964;182373;78958;33.8;14.6
25;2021-05-22;3176;719;185549;79677;34.4;14.8
25;2021-05-23;780;153;186329;79830;34.5;14.8
25;2021-05-24;1528;148;187857;79978;34.8;14.8
25;2021-05-25;3511;1635;191368;81613;35.5;15.1
25;2021-05-26;3974;1548;195342;83161;36.2;15.4
25;2021-05-27;4508;1885;199850;85046;37.0;15.8
25;2021-05-28;3987;2627;203837;87673;37.8;16.3
25;2021-05-29;2012;1018;205849;88691;38.2;16.4
25;2021-05-30;173;96;206022;88787;38.2;16.5
25;2021-05-31;2674;1709;208696;90496;38.7;16.8
25;2021-06-01;2729;2152;211425;92648;39.2;17.2
25;2021-06-02;2606;2243;214031;94891;39.7;17.6
25;2021-06-03;3274;2043;217305;96934;40.3;18.0
25;2021-06-04;3203;2400;220508;99334;40.9;18.4
25;2021-06-05;1487;1388;221995;100722;41.2;18.7
25;2021-06-06;985;252;222980;100974;41.3;18.7
25;2021-06-07;2764;2560;225744;103534;41.8;19.2
25;2021-06-08;2590;2757;228334;106291;42.3;19.7
25;2021-06-09;2369;2759;230703;109050;42.8;20.2
25;2021-06-10;2308;2649;233011;111699;43.2;20.7
25;2021-06-11;2702;3302;235713;115001;43.7;21.3
25;2021-06-12;1562;1856;237275;116857;44.0;21.7
25;2021-06-13;494;254;237769;117111;44.1;21.7
25;2021-06-14;1417;3759;239186;120870;44.3;22.4
25;2021-06-15;1633;3568;240819;124438;44.6;23.1
25;2021-06-16;1943;3258;242762;127696;45.0;23.7
25;2021-06-17;1466;3325;244228;131021;45.3;24.3
25;2021-06-18;2274;4292;246502;135313;45.7;25.1
25;2021-06-19;1342;1970;247844;137283;45.9;25.4
25;2021-06-20;55;239;247899;137522;46.0;25.5
25;2021-06-21;1128;4138;249027;141660;46.2;26.3
25;2021-06-22;1135;4678;250162;146338;46.4;27.1
25;2021-06-23;1380;4079;251542;150417;46.6;27.9
25;2021-06-24;1166;4084;252708;154501;46.8;28.6
25;2021-06-25;1625;5614;254333;160115;47.1;29.7
25;2021-06-26;622;3381;254955;163496;47.3;30.3
25;2021-06-27;449;874;255404;164370;47.3;30.5
25;2021-06-28;888;4475;256292;168845;47.5;31.3
25;2021-06-29;1112;5463;257404;174308;47.7;32.3
25;2021-06-30;1286;5364;258690;179672;48.0;33.3
25;2021-07-01;1672;5225;260362;184897;48.3;34.3
25;2021-07-02;1674;5050;262036;189947;48.6;35.2
25;2021-07-03;1021;2685;263057;192632;48.8;35.7
25;2021-07-04;408;721;263465;193353;48.8;35.8
25;2021-07-05;1269;2570;264734;195923;49.1;36.3
25;2021-07-06;1559;4741;266293;200664;49.4;37.2
25;2021-07-07;1562;4498;267855;205162;49.7;38.0
25;2021-07-08;1528;3923;269383;209085;49.9;38.8
25;2021-07-09;1721;4573;271104;213658;50.3;39.6
25;2021-07-10;775;2371;271879;216029;50.4;40.0
25;2021-07-11;123;305;272002;216334;50.4;40.1
25;2021-07-12;1385;3852;273387;220186;50.7;40.8
25;2021-07-13;2437;4754;275824;224940;51.1;41.7
25;2021-07-14;373;553;276197;225493;51.2;41.8
25;2021-07-15;2373;3643;278570;229136;51.6;42.5
25;2021-07-16;3451;3807;282021;232943;52.3;43.2
25;2021-07-17;2192;2003;284213;234946;52.7;43.6
25;2021-07-18;802;1286;285015;236232;52.8;43.8
26;2020-12-27;0;0;0;0;0.0;0.0
26;2020-12-28;0;0;0;0;0.0;0.0
26;2020-12-29;0;0;0;0;0.0;0.0
26;2020-12-30;0;0;0;0;0.0;0.0
26;2020-12-31;0;0;0;0;0.0;0.0
26;2021-01-01;0;0;0;0;0.0;0.0
26;2021-01-02;0;0;0;0;0.0;0.0
26;2021-01-03;0;0;0;0;0.0;0.0
26;2021-01-04;0;0;0;0;0.0;0.0
26;2021-01-05;0;0;0;0;0.0;0.0
26;2021-01-06;0;0;0;0;0.0;0.0
26;2021-01-07;168;0;168;0;0.0;0.0
26;2021-01-08;125;0;293;0;0.1;0.0
26;2021-01-09;2;0;295;0;0.1;0.0
26;2021-01-10;0;0;295;0;0.1;0.0
26;2021-01-11;266;1;561;1;0.1;0.0
26;2021-01-12;175;1;736;2;0.1;0.0
26;2021-01-13;415;1;1151;3;0.2;0.0
26;2021-01-14;484;0;1635;3;0.3;0.0
26;2021-01-15;561;1;2196;4;0.4;0.0
26;2021-01-16;250;0;2446;4;0.5;0.0
26;2021-01-17;0;0;2446;4;0.5;0.0
26;2021-01-18;634;1;3080;5;0.6;0.0
26;2021-01-19;779;4;3859;9;0.7;0.0
26;2021-01-20;741;0;4600;9;0.9;0.0
26;2021-01-21;805;5;5405;14;1.0;0.0
26;2021-01-22;785;3;6190;17;1.2;0.0
26;2021-01-23;563;1;6753;18;1.3;0.0
26;2021-01-24;24;0;6777;18;1.3;0.0
26;2021-01-25;696;1;7473;19;1.4;0.0
26;2021-01-26;799;2;8272;21;1.6;0.0
26;2021-01-27;820;7;9092;28;1.7;0.0
26;2021-01-28;1329;171;10421;199;2.0;0.0
26;2021-01-29;970;64;11391;263;2.2;0.1
26;2021-01-30;605;5;11996;268;2.3;0.1
26;2021-01-31;24;0;12020;268;2.3;0.1
26;2021-02-01;704;189;12724;457;2.4;0.1
26;2021-02-02;1272;202;13996;659;2.7;0.1
26;2021-02-03;1226;255;15222;914;2.9;0.2
26;2021-02-04;983;450;16205;1364;3.1;0.3
26;2021-02-05;671;333;16876;1697;3.2;0.3
26;2021-02-06;402;239;17278;1936;3.3;0.4
26;2021-02-07;57;2;17335;1938;3.3;0.4
26;2021-02-08;545;412;17880;2350;3.4;0.5
26;2021-02-09;618;476;18498;2826;3.6;0.5
26;2021-02-10;664;336;19162;3162;3.7;0.6
26;2021-02-11;752;328;19914;3490;3.8;0.7
26;2021-02-12;589;451;20503;3941;3.9;0.8
26;2021-02-13;385;337;20888;4278;4.0;0.8
26;2021-02-14;36;0;20924;4278;4.0;0.8
26;2021-02-15;413;527;21337;4805;4.1;0.9
26;2021-02-16;293;560;21630;5365;4.2;1.0
26;2021-02-17;192;741;21822;6106;4.2;1.2
26;2021-02-18;336;895;22158;7001;4.3;1.3
26;2021-02-19;337;806;22495;7807;4.3;1.5
26;2021-02-20;95;490;22590;8297;4.3;1.6
26;2021-02-21;3;24;22593;8321;4.3;1.6
26;2021-02-22;142;720;22735;9041;4.4;1.7
26;2021-02-23;397;999;23132;10040;4.4;1.9
26;2021-02-24;340;1221;23472;11261;4.5;2.2
26;2021-02-25;724;1068;24196;12329;4.6;2.4
26;2021-02-26;920;632;25116;12961;4.8;2.5
26;2021-02-27;278;510;25394;13471;4.9;2.6
26;2021-02-28;3;30;25397;13501;4.9;2.6
26;2021-03-01;456;660;25853;14161;5.0;2.7
26;2021-03-02;740;631;26593;14792;5.1;2.8
26;2021-03-03;730;686;27323;15478;5.2;3.0
26;2021-03-04;1041;579;28364;16057;5.4;3.1
26;2021-03-05;1707;503;30071;16560;5.8;3.2
26;2021-03-06;2768;476;32839;17036;6.3;3.3
26;2021-03-07;2986;180;35825;17216;6.9;3.3
26;2021-03-08;908;647;36733;17863;7.1;3.4
26;2021-03-09;1321;541;38054;18404;7.3;3.5
26;2021-03-10;1210;505;39264;18909;7.5;3.6
26;2021-03-11;1608;639;40872;19548;7.9;3.8
26;2021-03-12;2216;455;43088;20003;8.3;3.8
26;2021-03-13;1884;322;44972;20325;8.6;3.9
26;2021-03-14;68;36;45040;20361;8.7;3.9
26;2021-03-15;1648;240;46688;20601;9.0;4.0
26;2021-03-16;1231;498;47919;21099;9.2;4.1
26;2021-03-17;1362;293;49281;21392;9.5;4.1
26;2021-03-18;1585;279;50866;21671;9.8;4.2
26;2021-03-19;2440;326;53306;21997;10.2;4.2
26;2021-03-20;1289;138;54595;22135;10.5;4.3
26;2021-03-21;60;20;54655;22155;10.5;4.3
26;2021-03-22;1844;188;56499;22343;10.9;4.3
26;2021-03-23;2474;252;58973;22595;11.3;4.3
26;2021-03-24;2550;231;61523;22826;11.8;4.4
26;2021-03-25;3039;320;64562;23146;12.4;4.4
26;2021-03-26;3043;330;67605;23476;13.0;4.5
26;2021-03-27;1240;148;68845;23624;13.2;4.5
26;2021-03-28;92;6;68937;23630;13.2;4.5
26;2021-03-29;1902;398;70839;24028;13.6;4.6
26;2021-03-30;2381;532;73220;24560;14.1;4.7
26;2021-03-31;2225;566;75445;25126;14.5;4.8
26;2021-04-01;2270;764;77715;25890;14.9;5.0
26;2021-04-02;2212;967;79927;26857;15.4;5.2
26;2021-04-03;551;1204;80478;28061;15.5;5.4
26;2021-04-04;214;888;80692;28949;15.5;5.6
26;2021-04-05;552;53;81244;29002;15.6;5.6
26;2021-04-06;1486;829;82730;29831;15.9;5.7
26;2021-04-07;1791;895;84521;30726;16.2;5.9
26;2021-04-08;2994;915;87515;31641;16.8;6.1
26;2021-04-09;3411;975;90926;32616;17.5;6.3
26;2021-04-10;1354;911;92280;33527;17.7;6.4
26;2021-04-11;89;35;92369;33562;17.7;6.4
26;2021-04-12;1710;1115;94079;34677;18.1;6.7
26;2021-04-13;2792;1437;96871;36114;18.6;6.9
26;2021-04-14;2203;1450;99074;37564;19.0;7.2
26;2021-04-15;2270;1565;101344;39129;19.5;7.5
26;2021-04-16;2269;1571;103613;40700;19.9;7.8
26;2021-04-17;1097;838;104710;41538;20.1;8.0
26;2021-04-18;34;52;104744;41590;20.1;8.0
26;2021-04-19;1546;1569;106290;43159;20.4;8.3
26;2021-04-20;1798;1721;108088;44880;20.8;8.6
26;2021-04-21;2010;1499;110098;46379;21.1;8.9
26;2021-04-22;2284;1593;112382;47972;21.6;9.2
26;2021-04-23;2007;1618;114389;49590;22.0;9.5
26;2021-04-24;1651;841;116040;50431;22.3;9.7
26;2021-04-25;626;90;116666;50521;22.4;9.7
26;2021-04-26;1376;1601;118042;52122;22.7;10.0
26;2021-04-27;1986;1682;120028;53804;23.1;10.3
26;2021-04-28;1867;1532;121895;55336;23.4;10.6
26;2021-04-29;2867;1866;124762;57202;24.0;11.0
26;2021-04-30;2618;1751;127380;58953;24.5;11.3
26;2021-05-01;1537;378;128917;59331;24.8;11.4
26;2021-05-02;1087;114;130004;59445;25.0;11.4
26;2021-05-03;2201;1782;132205;61227;25.4;11.8
26;2021-05-04;2611;2347;134816;63574;25.9;12.2
26;2021-05-05;2772;2190;137588;65764;26.4;12.6
26;2021-05-06;3318;2206;140906;67970;27.1;13.1
26;2021-05-07;2849;2253;143755;70223;27.6;13.5
26;2021-05-08;1950;626;145705;70849;28.0;13.6
26;2021-05-09;710;122;146415;70971;28.1;13.6
26;2021-05-10;3017;1821;149432;72792;28.7;14.0
26;2021-05-11;4443;2188;153875;74980;29.6;14.4
26;2021-05-12;4826;1680;158701;76660;30.5;14.7
26;2021-05-13;4364;600;163065;77260;31.3;14.8
26;2021-05-14;4639;1543;167704;78803;32.2;15.1
26;2021-05-15;4470;628;172174;79431;33.1;15.3
26;2021-05-16;3630;340;175804;79771;33.8;15.3
26;2021-05-17;3657;1479;179461;81250;34.5;15.6
26;2021-05-18;4472;1738;183933;82988;35.3;15.9
26;2021-05-19;4481;1439;188414;84427;36.2;16.2
26;2021-05-20;4680;1742;193094;86169;37.1;16.6
26;2021-05-21;4726;1795;197820;87964;38.0;16.9
26;2021-05-22;3188;688;201008;88652;38.6;17.0
26;2021-05-23;1597;183;202605;88835;38.9;17.1
26;2021-05-24;3786;743;206391;89578;39.6;17.2
26;2021-05-25;3592;2334;209983;91912;40.3;17.7
26;2021-05-26;4178;2256;214161;94168;41.1;18.1
26;2021-05-27;4216;2461;218377;96629;42.0;18.6
26;2021-05-28;3771;2759;222148;99388;42.7;19.1
26;2021-05-29;3085;1641;225233;101029;43.3;19.4
26;2021-05-30;322;71;225555;101100;43.3;19.4
26;2021-05-31;3081;1854;228636;102954;43.9;19.8
26;2021-06-01;3095;2304;231731;105258;44.5;20.2
26;2021-06-02;2866;2210;234597;107468;45.1;20.6
26;2021-06-03;2849;2487;237446;109955;45.6;21.1
26;2021-06-04;2655;2900;240101;112855;46.1;21.7
26;2021-06-05;1800;1692;241901;114547;46.5;22.0
26;2021-06-06;4;0;241905;114547;46.5;22.0
26;2021-06-07;2345;2425;244250;116972;46.9;22.5
26;2021-06-08;2447;2289;246697;119261;47.4;22.9
26;2021-06-09;2086;2381;248783;121642;47.8;23.4
26;2021-06-10;1967;2756;250750;124398;48.2;23.9
26;2021-06-11;1887;3273;252637;127671;48.5;24.5
26;2021-06-12;1213;1790;253850;129461;48.8;24.9
26;2021-06-13;96;215;253946;129676;48.8;24.9
26;2021-06-14;1412;3496;255358;133172;49.1;25.6
26;2021-06-15;1571;3964;256929;137136;49.4;26.3
26;2021-06-16;1779;3457;258708;140593;49.7;27.0
26;2021-06-17;1504;3168;260212;143761;50.0;27.6
26;2021-06-18;1794;4368;262006;148129;50.3;28.5
26;2021-06-19;933;3180;262939;151309;50.5;29.1
26;2021-06-20;263;875;263202;152184;50.6;29.2
26;2021-06-21;1005;4558;264207;156742;50.8;30.1
26;2021-06-22;1058;5135;265265;161877;51.0;31.1
26;2021-06-23;1161;5081;266426;166958;51.2;32.1
26;2021-06-24;1253;4544;267679;171502;51.4;32.9
26;2021-06-25;1013;5550;268692;177052;51.6;34.0
26;2021-06-26;659;3824;269351;180876;51.7;34.7
26;2021-06-27;300;1273;269651;182149;51.8;35.0
26;2021-06-28;774;4760;270425;186909;51.9;35.9
26;2021-06-29;1093;4963;271518;191872;52.2;36.9
26;2021-06-30;1402;4883;272920;196755;52.4;37.8
26;2021-07-01;1624;4398;274544;201153;52.7;38.6
26;2021-07-02;1318;5167;275862;206320;53.0;39.6
26;2021-07-03;759;3328;276621;209648;53.1;40.3
26;2021-07-04;329;631;276950;210279;53.2;40.4
26;2021-07-05;878;4676;277828;214955;53.4;41.3
26;2021-07-06;1264;4212;279092;219167;53.6;42.1
26;2021-07-07;1405;3799;280497;222966;53.9;42.8
26;2021-07-08;2351;3324;282848;226290;54.3;43.5
26;2021-07-09;1550;4786;284398;231076;54.6;44.4
26;2021-07-10;903;2917;285301;233993;54.8;45.0
26;2021-07-11;290;308;285591;234301;54.9;45.0
26;2021-07-12;1108;4220;286699;238521;55.1;45.8
26;2021-07-13;2296;4332;288995;242853;55.5;46.7
26;2021-07-14;1055;810;290050;243663;55.7;46.8
26;2021-07-15;3150;3632;293200;247295;56.3;47.5
26;2021-07-16;2937;3679;296137;250974;56.9;48.2
26;2021-07-17;1846;1787;297983;252761;57.2;48.6
26;2021-07-18;15;22;297998;252783;57.2;48.6
27;2020-12-27;0;0;0;0;0.0;0.0
27;2020-12-28;0;0;0;0;0.0;0.0
27;2020-12-29;1;0;1;0;0.0;0.0
27;2020-12-30;0;0;1;0;0.0;0.0
27;2020-12-31;0;0;1;0;0.0;0.0
27;2021-01-01;0;0;1;0;0.0;0.0
27;2021-01-02;0;0;1;0;0.0;0.0
27;2021-01-03;1;0;2;0;0.0;0.0
27;2021-01-04;0;0;2;0;0.0;0.0
27;2021-01-05;15;0;17;0;0.0;0.0
27;2021-01-06;161;0;178;0;0.0;0.0
27;2021-01-07;369;0;547;0;0.1;0.0
27;2021-01-08;441;0;988;0;0.2;0.0
27;2021-01-09;72;1;1060;1;0.2;0.0
27;2021-01-10;101;0;1161;1;0.2;0.0
27;2021-01-11;382;0;1543;1;0.3;0.0
27;2021-01-12;409;1;1952;2;0.3;0.0
27;2021-01-13;839;1;2791;3;0.5;0.0
27;2021-01-14;1601;25;4392;28;0.7;0.0
27;2021-01-15;1220;4;5612;32;0.9;0.0
27;2021-01-16;332;2;5944;34;1.0;0.0
27;2021-01-17;204;0;6148;34;1.0;0.0
27;2021-01-18;798;2;6946;36;1.2;0.0
27;2021-01-19;772;2;7718;38;1.3;0.0
27;2021-01-20;870;0;8588;38;1.4;0.0
27;2021-01-21;654;1;9242;39;1.5;0.0
27;2021-01-22;776;3;10018;42;1.7;0.0
27;2021-01-23;350;0;10368;42;1.7;0.0
27;2021-01-24;169;8;10537;50;1.8;0.0
27;2021-01-25;634;16;11171;66;1.9;0.0
27;2021-01-26;460;17;11631;83;1.9;0.0
27;2021-01-27;505;104;12136;187;2.0;0.0
27;2021-01-28;516;298;12652;485;2.1;0.1
27;2021-01-29;507;109;13159;594;2.2;0.1
27;2021-01-30;241;31;13400;625;2.2;0.1
27;2021-01-31;27;24;13427;649;2.2;0.1
27;2021-02-01;347;196;13774;845;2.3;0.1
27;2021-02-02;307;284;14081;1129;2.3;0.2
27;2021-02-03;488;405;14569;1534;2.4;0.3
27;2021-02-04;717;889;15286;2423;2.5;0.4
27;2021-02-05;661;1156;15947;3579;2.7;0.6
27;2021-02-06;125;224;16072;3803;2.7;0.6
27;2021-02-07;25;42;16097;3845;2.7;0.6
27;2021-02-08;310;378;16407;4223;2.7;0.7
27;2021-02-09;339;562;16746;4785;2.8;0.8
27;2021-02-10;302;528;17048;5313;2.8;0.9
27;2021-02-11;318;459;17366;5772;2.9;1.0
27;2021-02-12;229;547;17595;6319;2.9;1.1
27;2021-02-13;152;133;17747;6452;3.0;1.1
27;2021-02-14;6;96;17753;6548;3.0;1.1
27;2021-02-15;388;599;18141;7147;3.0;1.2
27;2021-02-16;295;732;18436;7879;3.1;1.3
27;2021-02-17;247;640;18683;8519;3.1;1.4
27;2021-02-18;362;684;19045;9203;3.2;1.5
27;2021-02-19;218;684;19263;9887;3.2;1.6
27;2021-02-20;129;251;19392;10138;3.2;1.7
27;2021-02-21;12;140;19404;10278;3.2;1.7
27;2021-02-22;483;565;19887;10843;3.3;1.8
27;2021-02-23;496;629;20383;11472;3.4;1.9
27;2021-02-24;542;652;20925;12124;3.5;2.0
27;2021-02-25;842;754;21767;12878;3.6;2.1
27;2021-02-26;954;686;22721;13564;3.8;2.3
27;2021-02-27;406;158;23127;13722;3.9;2.3
27;2021-02-28;171;30;23298;13752;3.9;2.3
27;2021-03-01;484;444;23782;14196;4.0;2.4
27;2021-03-02;763;358;24545;14554;4.1;2.4
27;2021-03-03;851;364;25396;14918;4.2;2.5
27;2021-03-04;883;232;26279;15150;4.4;2.5
27;2021-03-05;1303;230;27582;15380;4.6;2.6
27;2021-03-06;1635;90;29217;15470;4.9;2.6
27;2021-03-07;620;7;29837;15477;5.0;2.6
27;2021-03-08;1205;303;31042;15780;5.2;2.6
27;2021-03-09;1822;260;32864;16040;5.5;2.7
27;2021-03-10;2113;331;34977;16371;5.8;2.7
27;2021-03-11;2142;206;37119;16577;6.2;2.8
27;2021-03-12;2818;170;39937;16747;6.6;2.8
27;2021-03-13;1918;104;41855;16851;7.0;2.8
27;2021-03-14;655;9;42510;16860;7.1;2.8
27;2021-03-15;1549;201;44059;17061;7.3;2.8
27;2021-03-16;1484;229;45543;17290;7.6;2.9
27;2021-03-17;1849;288;47392;17578;7.9;2.9
27;2021-03-18;1681;332;49073;17910;8.2;3.0
27;2021-03-19;1830;165;50903;18075;8.5;3.0
27;2021-03-20;897;36;51800;18111;8.6;3.0
27;2021-03-21;256;2;52056;18113;8.7;3.0
27;2021-03-22;1233;541;53289;18654;8.9;3.1
27;2021-03-23;1626;460;54915;19114;9.1;3.2
27;2021-03-24;1520;467;56435;19581;9.4;3.3
27;2021-03-25;2159;498;58594;20079;9.8;3.3
27;2021-03-26;2527;431;61121;20510;10.2;3.4
27;2021-03-27;1567;195;62688;20705;10.4;3.4
27;2021-03-28;1149;48;63837;20753;10.6;3.5
27;2021-03-29;1375;821;65212;21574;10.9;3.6
27;2021-03-30;1390;844;66602;22418;11.1;3.7
27;2021-03-31;1488;874;68090;23292;11.3;3.9
27;2021-04-01;1956;803;70046;24095;11.7;4.0
27;2021-04-02;1999;1177;72045;25272;12.0;4.2
27;2021-04-03;1559;735;73604;26007;12.3;4.3
27;2021-04-04;977;168;74581;26175;12.4;4.4
27;2021-04-05;282;6;74863;26181;12.5;4.4
27;2021-04-06;1412;1790;76275;27971;12.7;4.7
27;2021-04-07;1320;1737;77595;29708;12.9;4.9
27;2021-04-08;1682;1665;79277;31373;13.2;5.2
27;2021-04-09;2946;1540;82223;32913;13.7;5.5
27;2021-04-10;2035;977;84258;33890;14.0;5.6
27;2021-04-11;944;208;85202;34098;14.2;5.7
27;2021-04-12;2433;1497;87635;35595;14.6;5.9
27;2021-04-13;2390;1536;90025;37131;15.0;6.2
27;2021-04-14;2084;1613;92109;38744;15.3;6.4
27;2021-04-15;1878;1647;93987;40391;15.6;6.7
27;2021-04-16;2751;1104;96738;41495;16.1;6.9
27;2021-04-17;2170;471;98908;41966;16.5;7.0
27;2021-04-18;452;16;99360;41982;16.5;7.0
27;2021-04-19;1709;1164;101069;43146;16.8;7.2
27;2021-04-20;2384;1293;103453;44439;17.2;7.4
27;2021-04-21;2209;1073;105662;45512;17.6;7.6
27;2021-04-22;2180;1405;107842;46917;18.0;7.8
27;2021-04-23;2444;1161;110286;48078;18.4;8.0
27;2021-04-24;3256;1128;113542;49206;18.9;8.2
27;2021-04-25;1128;1037;114670;50243;19.1;8.4
27;2021-04-26;1917;1131;116587;51374;19.4;8.6
27;2021-04-27;2523;1074;119110;52448;19.8;8.7
27;2021-04-28;2390;1307;121500;53755;20.2;8.9
27;2021-04-29;2492;1463;123992;55218;20.6;9.2
27;2021-04-30;2370;1601;126362;56819;21.0;9.5
27;2021-05-01;2638;880;129000;57699;21.5;9.6
27;2021-05-02;1952;882;130952;58581;21.8;9.8
27;2021-05-03;3064;867;134016;59448;22.3;9.9
27;2021-05-04;2781;1634;136797;61082;22.8;10.2
27;2021-05-05;2816;1642;139613;62724;23.2;10.4
27;2021-05-06;3184;1287;142797;64011;23.8;10.7
27;2021-05-07;3321;1996;146118;66007;24.3;11.0
27;2021-05-08;2785;1317;148903;67324;24.8;11.2
27;2021-05-09;1697;295;150600;67619;25.1;11.3
27;2021-05-10;2950;2265;153550;69884;25.6;11.6
27;2021-05-11;3353;1750;156903;71634;26.1;11.9
27;2021-05-12;3456;1721;160359;73355;26.7;12.2
27;2021-05-13;1890;247;162249;73602;27.0;12.3
27;2021-05-14;3875;1780;166124;75382;27.7;12.5
27;2021-05-15;6600;943;172724;76325;28.8;12.7
27;2021-05-16;3668;431;176392;76756;29.4;12.8
27;2021-05-17;2770;1153;179162;77909;29.8;13.0
27;2021-05-18;3845;1282;183007;79191;30.5;13.2
27;2021-05-19;3965;1144;186972;80335;31.1;13.4
27;2021-05-20;3875;1160;190847;81495;31.8;13.6
27;2021-05-21;3961;1792;194808;83287;32.4;13.9
27;2021-05-22;4362;782;199170;84069;33.2;14.0
27;2021-05-23;800;173;199970;84242;33.3;14.0
27;2021-05-24;1490;337;201460;84579;33.5;14.1
27;2021-05-25;3514;1599;204974;86178;34.1;14.3
27;2021-05-26;3845;1731;208819;87909;34.8;14.6
27;2021-05-27;3784;1485;212603;89394;35.4;14.9
27;2021-05-28;3394;2620;215997;92014;36.0;15.3
27;2021-05-29;4822;2292;220819;94306;36.8;15.7
27;2021-05-30;1118;247;221937;94553;36.9;15.7
27;2021-05-31;3463;2271;225400;96824;37.5;16.1
27;2021-06-01;3813;2243;229213;99067;38.2;16.5
27;2021-06-02;3331;2179;232544;101246;38.7;16.9
27;2021-06-03;4430;2122;236974;103368;39.5;17.2
27;2021-06-04;3599;2966;240573;106334;40.0;17.7
27;2021-06-05;3209;3342;243782;109676;40.6;18.3
27;2021-06-06;2004;1011;245786;110687;40.9;18.4
27;2021-06-07;2550;2354;248336;113041;41.3;18.8
27;2021-06-08;3106;2363;251442;115404;41.9;19.2
27;2021-06-09;2294;2472;253736;117876;42.2;19.6
27;2021-06-10;2427;2033;256163;119909;42.6;20.0
27;2021-06-11;2883;3767;259046;123676;43.1;20.6
27;2021-06-12;1979;4188;261025;127864;43.5;21.3
27;2021-06-13;1080;2686;262105;130550;43.6;21.7
27;2021-06-14;1988;3111;264093;133661;44.0;22.3
27;2021-06-15;2682;3020;266775;136681;44.4;22.8
27;2021-06-16;2499;3258;269274;139939;44.8;23.3
27;2021-06-17;2289;3285;271563;143224;45.2;23.8
27;2021-06-18;2731;4418;274294;147642;45.7;24.6
27;2021-06-19;1856;3387;276150;151029;46.0;25.1
27;2021-06-20;610;713;276760;151742;46.1;25.3
27;2021-06-21;1694;3492;278454;155234;46.4;25.8
27;2021-06-22;2376;3729;280830;158963;46.8;26.5
27;2021-06-23;2065;3564;282895;162527;47.1;27.1
27;2021-06-24;2249;3425;285144;165952;47.5;27.6
27;2021-06-25;1921;4459;287065;170411;47.8;28.4
27;2021-06-26;880;5356;287945;175767;47.9;29.3
27;2021-06-27;376;1427;288321;177194;48.0;29.5
27;2021-06-28;1125;3407;289446;180601;48.2;30.1
27;2021-06-29;1685;4368;291131;184969;48.5;30.8
27;2021-06-30;2094;4093;293225;189062;48.8;31.5
27;2021-07-01;2209;3895;295434;192957;49.2;32.1
27;2021-07-02;1571;4618;297005;197575;49.4;32.9
27;2021-07-03;1269;4739;298274;202314;49.7;33.7
27;2021-07-04;504;1404;298778;203718;49.7;33.9
27;2021-07-05;1416;3527;300194;207245;50.0;34.5
27;2021-07-06;1363;4177;301557;211422;50.2;35.2
27;2021-07-07;1750;4893;303307;216315;50.5;36.0
27;2021-07-08;2066;4326;305373;220641;50.8;36.7
27;2021-07-09;1981;5280;307354;225921;51.2;37.6
27;2021-07-10;1161;4169;308515;230090;51.4;38.3
27;2021-07-11;424;1139;308939;231229;51.4;38.5
27;2021-07-12;1238;4371;310177;235600;51.6;39.2
27;2021-07-13;2759;5349;312936;240949;52.1;40.1
27;2021-07-14;1513;1743;314449;242692;52.3;40.4
27;2021-07-15;3026;5454;317475;248146;52.9;41.3
27;2021-07-16;3785;5266;321260;253412;53.5;42.2
27;2021-07-17;2716;3859;323976;257271;53.9;42.8
27;2021-07-18;549;1258;324525;258529;54.0;43.0
28;2020-12-27;0;0;0;0;0.0;0.0
28;2020-12-28;0;0;0;0;0.0;0.0
28;2020-12-29;0;0;0;0;0.0;0.0
28;2020-12-30;0;0;0;0;0.0;0.0
28;2020-12-31;0;0;0;0;0.0;0.0
28;2021-01-01;1;0;1;0;0.0;0.0
28;2021-01-02;0;0;1;0;0.0;0.0
28;2021-01-03;0;0;1;0;0.0;0.0
28;2021-01-04;0;0;1;0;0.0;0.0
28;2021-01-05;5;0;6;0;0.0;0.0
28;2021-01-06;84;0;90;0;0.0;0.0
28;2021-01-07;102;0;192;0;0.0;0.0
28;2021-01-08;134;2;326;2;0.1;0.0
28;2021-01-09;78;0;404;2;0.1;0.0
28;2021-01-10;1;0;405;2;0.1;0.0
28;2021-01-11;204;0;609;2;0.1;0.0
28;2021-01-12;265;2;874;4;0.2;0.0
28;2021-01-13;398;2;1272;6;0.3;0.0
28;2021-01-14;445;5;1717;11;0.4;0.0
28;2021-01-15;374;2;2091;13;0.5;0.0
28;2021-01-16;206;2;2297;15;0.5;0.0
28;2021-01-17;21;0;2318;15;0.5;0.0
28;2021-01-18;372;2;2690;17;0.6;0.0
28;2021-01-19;503;2;3193;19;0.7;0.0
28;2021-01-20;636;1;3829;20;0.9;0.0
28;2021-01-21;797;2;4626;22;1.1;0.0
28;2021-01-22;476;1;5102;23;1.2;0.0
28;2021-01-23;350;0;5452;23;1.3;0.0
28;2021-01-24;1;0;5453;23;1.3;0.0
28;2021-01-25;455;2;5908;25;1.4;0.0
28;2021-01-26;717;4;6625;29;1.5;0.0
28;2021-01-27;1209;46;7834;75;1.8;0.0
28;2021-01-28;1585;90;9419;165;2.2;0.0
28;2021-01-29;896;95;10315;260;2.4;0.1
28;2021-01-30;248;53;10563;313;2.5;0.1
28;2021-01-31;3;22;10566;335;2.5;0.1
28;2021-02-01;324;124;10890;459;2.5;0.1
28;2021-02-02;368;239;11258;698;2.6;0.2
28;2021-02-03;472;259;11730;957;2.7;0.2
28;2021-02-04;526;278;12256;1235;2.9;0.3
28;2021-02-05;435;224;12691;1459;3.0;0.3
28;2021-02-06;197;128;12888;1587;3.0;0.4
28;2021-02-07;0;0;12888;1587;3.0;0.4
28;2021-02-08;330;249;13218;1836;3.1;0.4
28;2021-02-09;280;347;13498;2183;3.1;0.5
28;2021-02-10;439;403;13937;2586;3.2;0.6
28;2021-02-11;563;490;14500;3076;3.4;0.7
28;2021-02-12;452;435;14952;3511;3.5;0.8
28;2021-02-13;181;192;15133;3703;3.5;0.9
28;2021-02-14;0;2;15133;3705;3.5;0.9
28;2021-02-15;279;476;15412;4181;3.6;1.0
28;2021-02-16;395;710;15807;4891;3.7;1.1
28;2021-02-17;581;1109;16388;6000;3.8;1.4
28;2021-02-18;663;1401;17051;7401;4.0;1.7
28;2021-02-19;544;763;17595;8164;4.1;1.9
28;2021-02-20;114;145;17709;8309;4.1;1.9
28;2021-02-21;7;33;17716;8342;4.1;1.9
28;2021-02-22;223;522;17939;8864;4.2;2.1
28;2021-02-23;202;378;18141;9242;4.2;2.2
28;2021-02-24;244;480;18385;9722;4.3;2.3
28;2021-02-25;571;449;18956;10171;4.4;2.4
28;2021-02-26;762;374;19718;10545;4.6;2.5
28;2021-02-27;264;83;19982;10628;4.7;2.5
28;2021-02-28;23;17;20005;10645;4.7;2.5
28;2021-03-01;287;212;20292;10857;4.7;2.5
28;2021-03-02;395;277;20687;11134;4.8;2.6
28;2021-03-03;367;401;21054;11535;4.9;2.7
28;2021-03-04;718;488;21772;12023;5.1;2.8
28;2021-03-05;1319;414;23091;12437;5.4;2.9
28;2021-03-06;1996;77;25087;12514;5.8;2.9
28;2021-03-07;972;20;26059;12534;6.1;2.9
28;2021-03-08;397;307;26456;12841;6.2;3.0
28;2021-03-09;979;348;27435;13189;6.4;3.1
28;2021-03-10;1355;537;28790;13726;6.7;3.2
28;2021-03-11;1528;692;30318;14418;7.1;3.4
28;2021-03-12;2257;624;32575;15042;7.6;3.5
28;2021-03-13;1233;129;33808;15171;7.9;3.5
28;2021-03-14;518;16;34326;15187;8.0;3.5
28;2021-03-15;755;227;35081;15414;8.2;3.6
28;2021-03-16;714;220;35795;15634;8.3;3.6
28;2021-03-17;747;281;36542;15915;8.5;3.7
28;2021-03-18;1195;276;37737;16191;8.8;3.8
28;2021-03-19;1559;320;39296;16511;9.2;3.8
28;2021-03-20;639;18;39935;16529;9.3;3.8
28;2021-03-21;27;6;39962;16535;9.3;3.9
28;2021-03-22;765;320;40727;16855;9.5;3.9
28;2021-03-23;1024;185;41751;17040;9.7;4.0
28;2021-03-24;1312;274;43063;17314;10.0;4.0
28;2021-03-25;1786;279;44849;17593;10.4;4.1
28;2021-03-26;2081;336;46930;17929;10.9;4.2
28;2021-03-27;403;37;47333;17966;11.0;4.2
28;2021-03-28;10;0;47343;17966;11.0;4.2
28;2021-03-29;1138;340;48481;18306;11.3;4.3
28;2021-03-30;1713;235;50194;18541;11.7;4.3
28;2021-03-31;2012;455;52206;18996;12.2;4.4
28;2021-04-01;1786;576;53992;19572;12.6;4.6
28;2021-04-02;1584;1312;55576;20884;12.9;4.9
28;2021-04-03;608;1073;56184;21957;13.1;5.1
28;2021-04-04;33;302;56217;22259;13.1;5.2
28;2021-04-05;40;3;56257;22262;13.1;5.2
28;2021-04-06;1227;455;57484;22717;13.4;5.3
28;2021-04-07;1890;997;59374;23714;13.8;5.5
28;2021-04-08;2074;1055;61448;24769;14.3;5.8
28;2021-04-09;3232;905;64680;25674;15.1;6.0
28;2021-04-10;1582;190;66262;25864;15.4;6.0
28;2021-04-11;139;452;66401;26316;15.5;6.1
28;2021-04-12;1674;548;68075;26864;15.9;6.3
28;2021-04-13;1874;660;69949;27524;16.3;6.4
28;2021-04-14;2771;892;72720;28416;16.9;6.6
28;2021-04-15;2542;1130;75262;29546;17.5;6.9
28;2021-04-16;2551;785;77813;30331;18.1;7.1
28;2021-04-17;2306;125;80119;30456;18.7;7.1
28;2021-04-18;45;8;80164;30464;18.7;7.1
28;2021-04-19;1577;644;81741;31108;19.0;7.2
28;2021-04-20;1840;584;83581;31692;19.5;7.4
28;2021-04-21;2675;952;86256;32644;20.1;7.6
28;2021-04-22;1782;1200;88038;33844;20.5;7.9
28;2021-04-23;2317;1096;90355;34940;21.0;8.1
28;2021-04-24;3648;112;94003;35052;21.9;8.2
28;2021-04-25;1011;22;95014;35074;22.1;8.2
28;2021-04-26;1329;918;96343;35992;22.4;8.4
28;2021-04-27;1436;1264;97779;37256;22.8;8.7
28;2021-04-28;2370;1807;100149;39063;23.3;9.1
28;2021-04-29;2130;1471;102279;40534;23.8;9.4
28;2021-04-30;2969;1195;105248;41729;24.5;9.7
28;2021-05-01;127;120;105375;41849;24.5;9.7
28;2021-05-02;2;65;105377;41914;24.5;9.8
28;2021-05-03;1045;1012;106422;42926;24.8;10.0
28;2021-05-04;1362;1665;107784;44591;25.1;10.4
28;2021-05-05;2829;1642;110613;46233;25.8;10.8
28;2021-05-06;2457;1466;113070;47699;26.3;11.1
28;2021-05-07;2311;1934;115381;49633;26.9;11.6
28;2021-05-08;1077;109;116458;49742;27.1;11.6
28;2021-05-09;103;610;116561;50352;27.1;11.7
28;2021-05-10;1305;1889;117866;52241;27.4;12.2
28;2021-05-11;2031;2346;119897;54587;27.9;12.7
28;2021-05-12;2620;3227;122517;57814;28.5;13.5
28;2021-05-13;288;447;122805;58261;28.6;13.6
28;2021-05-14;1899;1614;124704;59875;29.0;13.9
28;2021-05-15;1436;1675;126140;61550;29.4;14.3
28;2021-05-16;1983;126;128123;61676;29.8;14.4
28;2021-05-17;2875;1493;130998;63169;30.5;14.7
28;2021-05-18;3376;1376;134374;64545;31.3;15.0
28;2021-05-19;5072;1279;139446;65824;32.5;15.3
28;2021-05-20;4147;1226;143593;67050;33.4;15.6
28;2021-05-21;3463;1571;147056;68621;34.2;16.0
28;2021-05-22;726;1161;147782;69782;34.4;16.3
28;2021-05-23;1955;134;149737;69916;34.9;16.3
28;2021-05-24;1427;394;151164;70310;35.2;16.4
28;2021-05-25;1875;1407;153039;71717;35.6;16.7
28;2021-05-26;2767;1339;155806;73056;36.3;17.0
28;2021-05-27;2755;1228;158561;74284;36.9;17.3
28;2021-05-28;3083;1733;161644;76017;37.6;17.7
28;2021-05-29;1866;869;163510;76886;38.1;17.9
28;2021-05-30;16;47;163526;76933;38.1;17.9
28;2021-05-31;2012;936;165538;77869;38.5;18.1
28;2021-06-01;2132;1663;167670;79532;39.0;18.5
28;2021-06-02;2070;2455;169740;81987;39.5;19.1
28;2021-06-03;2496;1563;172236;83550;40.1;19.5
28;2021-06-04;2607;2339;174843;85889;40.7;20.0
28;2021-06-05;1911;2525;176754;88414;41.2;20.6
28;2021-06-06;1060;1041;177814;89455;41.4;20.8
28;2021-06-07;3573;1574;181387;91029;42.2;21.2
28;2021-06-08;3172;1514;184559;92543;43.0;21.6
28;2021-06-09;3667;2121;188226;94664;43.8;22.0
28;2021-06-10;3133;1265;191359;95929;44.6;22.3
28;2021-06-11;3785;2129;195144;98058;45.4;22.8
28;2021-06-12;1301;558;196445;98616;45.7;23.0
28;2021-06-13;385;107;196830;98723;45.8;23.0
28;2021-06-14;2198;1996;199028;100719;46.3;23.5
28;2021-06-15;2084;2221;201112;102940;46.8;24.0
28;2021-06-16;2493;3974;203605;106914;47.4;24.9
28;2021-06-17;1898;3129;205503;110043;47.9;25.6
28;2021-06-18;2449;3779;207952;113822;48.4;26.5
28;2021-06-19;772;1612;208724;115434;48.6;26.9
28;2021-06-20;19;21;208743;115455;48.6;26.9
28;2021-06-21;1681;1985;210424;117440;49.0;27.3
28;2021-06-22;1361;2110;211785;119550;49.3;27.8
28;2021-06-23;1772;3167;213557;122717;49.7;28.6
28;2021-06-24;711;930;214268;123647;49.9;28.8
28;2021-06-25;1844;3026;216112;126673;50.3;29.5
28;2021-06-26;310;2122;216422;128795;50.4;30.0
28;2021-06-27;587;1287;217009;130082;50.5;30.3
28;2021-06-28;1204;3659;218213;133741;50.8;31.1
28;2021-06-29;1318;3800;219531;137541;51.1;32.0
28;2021-06-30;1479;4247;221010;141788;51.5;33.0
28;2021-07-01;1219;3464;222229;145252;51.8;33.8
28;2021-07-02;1308;4660;223537;149912;52.1;34.9
28;2021-07-03;1125;2368;224662;152280;52.3;35.5
28;2021-07-04;144;1324;224806;153604;52.4;35.8
28;2021-07-05;1351;2509;226157;156113;52.7;36.4
28;2021-07-06;1499;2864;227656;158977;53.0;37.0
28;2021-07-07;1633;4142;229289;163119;53.4;38.0
28;2021-07-08;1460;3229;230749;166348;53.7;38.7
28;2021-07-09;1388;4521;232137;170869;54.1;39.8
28;2021-07-10;521;2207;232658;173076;54.2;40.3
28;2021-07-11;1;1;232659;173077;54.2;40.3
28;2021-07-12;1522;3933;234181;177010;54.5;41.2
28;2021-07-13;2250;4135;236431;181145;55.1;42.2
28;2021-07-14;1328;1391;237759;182536;55.4;42.5
28;2021-07-15;2966;3965;240725;186501;56.1;43.4
28;2021-07-16;2436;4754;243161;191255;56.6;44.5
28;2021-07-17;1238;2405;244399;193660;56.9;45.1
28;2021-07-18;371;933;244770;194593;57.0;45.3
29;2020-12-27;0;0;0;0;0.0;0.0
29;2020-12-28;0;0;0;0;0.0;0.0
29;2020-12-29;0;0;0;0;0.0;0.0
29;2020-12-30;0;0;0;0;0.0;0.0
29;2020-12-31;0;0;0;0;0.0;0.0
29;2021-01-01;0;0;0;0;0.0;0.0
29;2021-01-02;0;0;0;0;0.0;0.0
29;2021-01-03;1;0;1;0;0.0;0.0
29;2021-01-04;30;0;31;0;0.0;0.0
29;2021-01-05;31;0;62;0;0.0;0.0
29;2021-01-06;43;0;105;0;0.0;0.0
29;2021-01-07;133;0;238;0;0.0;0.0
29;2021-01-08;408;0;646;0;0.1;0.0
29;2021-01-09;1;0;647;0;0.1;0.0
29;2021-01-10;2;0;649;0;0.1;0.0
29;2021-01-11;661;0;1310;0;0.1;0.0
29;2021-01-12;1120;0;2430;0;0.3;0.0
29;2021-01-13;1085;1;3515;1;0.4;0.0
29;2021-01-14;886;4;4401;5;0.5;0.0
29;2021-01-15;1212;8;5613;13;0.6;0.0
29;2021-01-16;168;1;5781;14;0.6;0.0
29;2021-01-17;111;1;5892;15;0.6;0.0
29;2021-01-18;838;2;6730;17;0.7;0.0
29;2021-01-19;1285;0;8015;17;0.9;0.0
29;2021-01-20;2386;2;10401;19;1.1;0.0
29;2021-01-21;5481;1;15882;20;1.8;0.0
29;2021-01-22;3741;3;19623;23;2.2;0.0
29;2021-01-23;537;0;20160;23;2.2;0.0
29;2021-01-24;199;1;20359;24;2.2;0.0
29;2021-01-25;571;7;20930;31;2.3;0.0
29;2021-01-26;949;33;21879;64;2.4;0.0
29;2021-01-27;1279;54;23158;118;2.6;0.0
29;2021-01-28;799;136;23957;254;2.6;0.0
29;2021-01-29;775;206;24732;460;2.7;0.1
29;2021-01-30;280;4;25012;464;2.8;0.1
29;2021-01-31;78;4;25090;468;2.8;0.1
29;2021-02-01;429;451;25519;919;2.8;0.1
29;2021-02-02;875;825;26394;1744;2.9;0.2
29;2021-02-03;811;894;27205;2638;3.0;0.3
29;2021-02-04;863;642;28068;3280;3.1;0.4
29;2021-02-05;672;585;28740;3865;3.2;0.4
29;2021-02-06;243;102;28983;3967;3.2;0.4
29;2021-02-07;78;105;29061;4072;3.2;0.4
29;2021-02-08;382;449;29443;4521;3.2;0.5
29;2021-02-09;860;853;30303;5374;3.3;0.6
29;2021-02-10;1143;1021;31446;6395;3.5;0.7
29;2021-02-11;1771;4160;33217;10555;3.7;1.2
29;2021-02-12;2302;2505;35519;13060;3.9;1.4
29;2021-02-13;636;414;36155;13474;4.0;1.5
29;2021-02-14;12;229;36167;13703;4.0;1.5
29;2021-02-15;266;950;36433;14653;4.0;1.6
29;2021-02-16;882;1062;37315;15715;4.1;1.7
29;2021-02-17;800;860;38115;16575;4.2;1.8
29;2021-02-18;1526;851;39641;17426;4.4;1.9
29;2021-02-19;1408;1009;41049;18435;4.5;2.0
29;2021-02-20;204;369;41253;18804;4.6;2.1
29;2021-02-21;161;169;41414;18973;4.6;2.1
29;2021-02-22;773;563;42187;19536;4.7;2.2
29;2021-02-23;1267;910;43454;20446;4.8;2.3
29;2021-02-24;1467;840;44921;21286;5.0;2.3
29;2021-02-25;2492;907;47413;22193;5.2;2.4
29;2021-02-26;2671;712;50084;22905;5.5;2.5
29;2021-02-27;1282;279;51366;23184;5.7;2.6
29;2021-02-28;198;72;51564;23256;5.7;2.6
29;2021-03-01;941;489;52505;23745;5.8;2.6
29;2021-03-02;1809;796;54314;24541;6.0;2.7
29;2021-03-03;2083;1023;56397;25564;6.2;2.8
29;2021-03-04;2835;1557;59232;27121;6.5;3.0
29;2021-03-05;3532;1667;62764;28788;6.9;3.2
29;2021-03-06;1998;437;64762;29225;7.1;3.2
29;2021-03-07;412;81;65174;29306;7.2;3.2
29;2021-03-08;1273;590;66447;29896;7.3;3.3
29;2021-03-09;2598;980;69045;30876;7.6;3.4
29;2021-03-10;2416;882;71461;31758;7.9;3.5
29;2021-03-11;4501;998;75962;32756;8.4;3.6
29;2021-03-12;5264;955;81226;33711;9.0;3.7
29;2021-03-13;2818;397;84044;34108;9.3;3.8
29;2021-03-14;362;1;84406;34109;9.3;3.8
29;2021-03-15;2047;269;86453;34378;9.5;3.8
29;2021-03-16;1816;767;88269;35145;9.7;3.9
29;2021-03-17;1857;727;90126;35872;9.9;4.0
29;2021-03-18;1857;1056;91983;36928;10.1;4.1
29;2021-03-19;3254;900;95237;37828;10.5;4.2
29;2021-03-20;1908;222;97145;38050;10.7;4.2
29;2021-03-21;131;11;97276;38061;10.7;4.2
29;2021-03-22;1640;556;98916;38617;10.9;4.3
29;2021-03-23;3437;1027;102353;39644;11.3;4.4
29;2021-03-24;3767;1025;106120;40669;11.7;4.5
29;2021-03-25;4812;1070;110932;41739;12.2;4.6
29;2021-03-26;5417;1156;116349;42895;12.8;4.7
29;2021-03-27;2426;343;118775;43238;13.1;4.8
29;2021-03-28;196;72;118971;43310;13.1;4.8
29;2021-03-29;2038;824;121009;44134;13.3;4.9
29;2021-03-30;3966;1324;124975;45458;13.8;5.0
29;2021-03-31;3923;1144;128898;46602;14.2;5.1
29;2021-04-01;5007;1143;133905;47745;14.8;5.3
29;2021-04-02;4757;1168;138662;48913;15.3;5.4
29;2021-04-03;2499;538;141161;49451;15.6;5.5
29;2021-04-04;146;30;141307;49481;15.6;5.5
29;2021-04-05;964;328;142271;49809;15.7;5.5
29;2021-04-06;3184;1241;145455;51050;16.0;5.6
29;2021-04-07;3638;939;149093;51989;16.4;5.7
29;2021-04-08;5222;2053;154315;54042;17.0;6.0
29;2021-04-09;6745;1553;161060;55595;17.8;6.1
29;2021-04-10;3491;701;164551;56296;18.2;6.2
29;2021-04-11;120;80;164671;56376;18.2;6.2
29;2021-04-12;3816;1483;168487;57859;18.6;6.4
29;2021-04-13;5841;1747;174328;59606;19.2;6.6
29;2021-04-14;4751;1742;179079;61348;19.8;6.8
29;2021-04-15;7148;1729;186227;63077;20.5;7.0
29;2021-04-16;6691;1340;192918;64417;21.3;7.1
29;2021-04-17;3820;960;196738;65377;21.7;7.2
29;2021-04-18;486;40;197224;65417;21.8;7.2
29;2021-04-19;3878;1456;201102;66873;22.2;7.4
29;2021-04-20;4387;2135;205489;69008;22.7;7.6
29;2021-04-21;4363;2191;209852;71199;23.1;7.9
29;2021-04-22;6639;2850;216491;74049;23.9;8.2
29;2021-04-23;6023;2182;222514;76231;24.5;8.4
29;2021-04-24;3999;1304;226513;77535;25.0;8.6
29;2021-04-25;432;169;226945;77704;25.0;8.6
29;2021-04-26;5250;1861;232195;79565;25.6;8.8
29;2021-04-27;5329;3190;237524;82755;26.2;9.1
29;2021-04-28;5348;2895;242872;85650;26.8;9.4
29;2021-04-29;6567;3343;249439;88993;27.5;9.8
29;2021-04-30;6244;3903;255683;92896;28.2;10.2
29;2021-05-01;1979;978;257662;93874;28.4;10.4
29;2021-05-02;1246;193;258908;94067;28.6;10.4
29;2021-05-03;4531;2282;263439;96349;29.1;10.6
29;2021-05-04;4102;3735;267541;100084;29.5;11.0
29;2021-05-05;4512;3407;272053;103491;30.0;11.4
29;2021-05-06;6227;3708;278280;107199;30.7;11.8
29;2021-05-07;5977;4614;284257;111813;31.4;12.3
29;2021-05-08;2089;563;286346;112376;31.6;12.4
29;2021-05-09;1724;136;288070;112512;31.8;12.4
29;2021-05-10;4757;3762;292827;116274;32.3;12.8
29;2021-05-11;4712;4982;297539;121256;32.8;13.4
29;2021-05-12;5017;4352;302556;125608;33.4;13.9
29;2021-05-13;3428;1499;305984;127107;33.8;14.0
29;2021-05-14;5648;3996;311632;131103;34.4;14.5
29;2021-05-15;4044;2313;315676;133416;34.8;14.7
29;2021-05-16;1583;294;317259;133710;35.0;14.7
29;2021-05-17;5554;3125;322813;136835;35.6;15.1
29;2021-05-18;5732;3092;328545;139927;36.2;15.4
29;2021-05-19;6198;2960;334743;142887;36.9;15.8
29;2021-05-20;7154;4544;341897;147431;37.7;16.3
29;2021-05-21;7205;3806;349102;151237;38.5;16.7
29;2021-05-22;5331;2124;354433;153361;39.1;16.9
29;2021-05-23;1628;65;356061;153426;39.3;16.9
29;2021-05-24;3486;529;359547;153955;39.7;17.0
29;2021-05-25;5821;3012;365368;156967;40.3;17.3
29;2021-05-26;5884;2963;371252;159930;41.0;17.6
29;2021-05-27;6815;3979;378067;163909;41.7;18.1
29;2021-05-28;6537;4450;384604;168359;42.4;18.6
29;2021-05-29;4378;2804;388982;171163;42.9;18.9
29;2021-05-30;1113;359;390095;171522;43.0;18.9
29;2021-05-31;6384;3451;396479;174973;43.7;19.3
29;2021-06-01;6588;4340;403067;179313;44.5;19.8
29;2021-06-02;6148;4120;409215;183433;45.1;20.2
29;2021-06-03;7683;4501;416898;187934;46.0;20.7
29;2021-06-04;6805;6155;423703;194089;46.7;21.4
29;2021-06-05;5347;3035;429050;197124;47.3;21.7
29;2021-06-06;1278;537;430328;197661;47.5;21.8
29;2021-06-07;4643;5559;434971;203220;48.0;22.4
29;2021-06-08;7130;5206;442101;208426;48.8;23.0
29;2021-06-09;6382;4745;448483;213171;49.5;23.5
29;2021-06-10;7717;5048;456200;218219;50.3;24.1
29;2021-06-11;8433;5869;464633;224088;51.3;24.7
29;2021-06-12;6528;2799;471161;226887;52.0;25.0
29;2021-06-13;2336;1370;473497;228257;52.2;25.2
29;2021-06-14;4007;6263;477504;234520;52.7;25.9
29;2021-06-15;5441;6142;482945;240662;53.3;26.5
29;2021-06-16;5528;5610;488473;246272;53.9;27.2
29;2021-06-17;6321;6288;494794;252560;54.6;27.9
29;2021-06-18;6082;7490;500876;260050;55.3;28.7
29;2021-06-19;4602;3525;505478;263575;55.8;29.1
29;2021-06-20;883;1458;506361;265033;55.9;29.2
29;2021-06-21;3724;6506;510085;271539;56.3;30.0
29;2021-06-22;4448;6439;514533;277978;56.8;30.7
29;2021-06-23;4615;6144;519148;284122;57.3;31.3
29;2021-06-24;4760;6743;523908;290865;57.8;32.1
29;2021-06-25;3574;7537;527482;298402;58.2;32.9
29;2021-06-26;2104;4099;529586;302501;58.4;33.4
29;2021-06-27;964;1633;530550;304134;58.5;33.5
29;2021-06-28;2799;6881;533349;311015;58.8;34.3
29;2021-06-29;2748;7737;536097;318752;59.1;35.2
29;2021-06-30;3002;7525;539099;326277;59.5;36.0
29;2021-07-01;3699;8424;542798;334701;59.9;36.9
29;2021-07-02;3572;9675;546370;344376;60.3;38.0
29;2021-07-03;2310;6070;548680;350446;60.5;38.7
29;2021-07-04;801;1772;549481;352218;60.6;38.9
29;2021-07-05;1887;7169;551368;359387;60.8;39.6
29;2021-07-06;1519;8027;552887;367414;61.0;40.5
29;2021-07-07;1679;7047;554566;374461;61.2;41.3
29;2021-07-08;2412;8212;556978;382673;61.4;42.2
29;2021-07-09;2538;9091;559516;391764;61.7;43.2
29;2021-07-10;1908;6109;561424;397873;61.9;43.9
29;2021-07-11;433;1064;561857;398937;62.0;44.0
29;2021-07-12;1949;8385;563806;407322;62.2;44.9
29;2021-07-13;2709;8653;566515;415975;62.5;45.9
29;2021-07-14;2065;3363;568580;419338;62.7;46.3
29;2021-07-15;3790;9729;572370;429067;63.1;47.3
29;2021-07-16;4544;9194;576914;438261;63.6;48.3
29;2021-07-17;3193;6106;580107;444367;64.0;49.0
29;2021-07-18;657;1073;580764;445440;64.1;49.1
2A;2020-12-27;0;0;0;0;0.0;0.0
2A;2020-12-28;0;0;0;0;0.0;0.0
2A;2020-12-29;0;0;0;0;0.0;0.0
2A;2020-12-30;0;0;0;0;0.0;0.0
2A;2020-12-31;0;0;0;0;0.0;0.0
2A;2021-01-01;0;0;0;0;0.0;0.0
2A;2021-01-02;0;0;0;0;0.0;0.0
2A;2021-01-03;0;0;0;0;0.0;0.0
2A;2021-01-04;0;0;0;0;0.0;0.0
2A;2021-01-05;0;0;0;0;0.0;0.0
2A;2021-01-06;5;0;5;0;0.0;0.0
2A;2021-01-07;122;1;127;1;0.1;0.0
2A;2021-01-08;113;0;240;1;0.1;0.0
2A;2021-01-09;39;0;279;1;0.2;0.0
2A;2021-01-10;33;0;312;1;0.2;0.0
2A;2021-01-11;76;0;388;1;0.2;0.0
2A;2021-01-12;84;0;472;1;0.3;0.0
2A;2021-01-13;110;0;582;1;0.4;0.0
2A;2021-01-14;192;1;774;2;0.5;0.0
2A;2021-01-15;149;0;923;2;0.6;0.0
2A;2021-01-16;157;1;1080;3;0.7;0.0
2A;2021-01-17;84;1;1164;4;0.7;0.0
2A;2021-01-18;200;2;1364;6;0.8;0.0
2A;2021-01-19;486;0;1850;6;1.1;0.0
2A;2021-01-20;351;0;2201;6;1.4;0.0
2A;2021-01-21;451;1;2652;7;1.6;0.0
2A;2021-01-22;365;0;3017;7;1.9;0.0
2A;2021-01-23;183;0;3200;7;2.0;0.0
2A;2021-01-24;118;0;3318;7;2.0;0.0
2A;2021-01-25;213;0;3531;7;2.2;0.0
2A;2021-01-26;402;6;3933;13;2.4;0.0
2A;2021-01-27;322;5;4255;18;2.6;0.0
2A;2021-01-28;335;80;4590;98;2.8;0.1
2A;2021-01-29;339;64;4929;162;3.0;0.1
2A;2021-01-30;124;41;5053;203;3.1;0.1
2A;2021-01-31;90;12;5143;215;3.2;0.1
2A;2021-02-01;229;53;5372;268;3.3;0.2
2A;2021-02-02;287;118;5659;386;3.5;0.2
2A;2021-02-03;264;75;5923;461;3.6;0.3
2A;2021-02-04;256;121;6179;582;3.8;0.4
2A;2021-02-05;267;106;6446;688;4.0;0.4
2A;2021-02-06;120;60;6566;748;4.0;0.5
2A;2021-02-07;67;58;6633;806;4.1;0.5
2A;2021-02-08;91;209;6724;1015;4.1;0.6
2A;2021-02-09;126;301;6850;1316;4.2;0.8
2A;2021-02-10;158;236;7008;1552;4.3;1.0
2A;2021-02-11;297;368;7305;1920;4.5;1.2
2A;2021-02-12;345;304;7650;2224;4.7;1.4
2A;2021-02-13;224;59;7874;2283;4.8;1.4
2A;2021-02-14;133;77;8007;2360;4.9;1.5
2A;2021-02-15;190;182;8197;2542;5.0;1.6
2A;2021-02-16;380;321;8577;2863;5.3;1.8
2A;2021-02-17;281;165;8858;3028;5.5;1.9
2A;2021-02-18;335;199;9193;3227;5.7;2.0
2A;2021-02-19;146;300;9339;3527;5.7;2.2
2A;2021-02-20;243;136;9582;3663;5.9;2.3
2A;2021-02-21;58;55;9640;3718;5.9;2.3
2A;2021-02-22;77;215;9717;3933;6.0;2.4
2A;2021-02-23;122;290;9839;4223;6.1;2.6
2A;2021-02-24;71;297;9910;4520;6.1;2.8
2A;2021-02-25;104;266;10014;4786;6.2;2.9
2A;2021-02-26;123;273;10137;5059;6.2;3.1
2A;2021-02-27;308;68;10445;5127;6.4;3.2
2A;2021-02-28;69;66;10514;5193;6.5;3.2
2A;2021-03-01;115;152;10629;5345;6.5;3.3
2A;2021-03-02;198;265;10827;5610;6.7;3.5
2A;2021-03-03;236;255;11063;5865;6.8;3.6
2A;2021-03-04;506;228;11569;6093;7.1;3.8
2A;2021-03-05;969;290;12538;6383;7.7;3.9
2A;2021-03-06;1162;71;13700;6454;8.4;4.0
2A;2021-03-07;1021;45;14721;6499;9.1;4.0
2A;2021-03-08;929;86;15650;6585;9.6;4.1
2A;2021-03-09;932;151;16582;6736;10.2;4.1
2A;2021-03-10;629;135;17211;6871;10.6;4.2
2A;2021-03-11;724;281;17935;7152;11.0;4.4
2A;2021-03-12;560;316;18495;7468;11.4;4.6
2A;2021-03-13;610;195;19105;7663;11.8;4.7
2A;2021-03-14;311;125;19416;7788;12.0;4.8
2A;2021-03-15;373;202;19789;7990;12.2;4.9
2A;2021-03-16;494;366;20283;8356;12.5;5.1
2A;2021-03-17;696;269;20979;8625;12.9;5.3
2A;2021-03-18;446;302;21425;8927;13.2;5.5
2A;2021-03-19;483;155;21908;9082;13.5;5.6
2A;2021-03-20;1078;258;22986;9340;14.2;5.8
2A;2021-03-21;696;50;23682;9390;14.6;5.8
2A;2021-03-22;343;67;24025;9457;14.8;5.8
2A;2021-03-23;516;57;24541;9514;15.1;5.9
2A;2021-03-24;862;91;25403;9605;15.6;5.9
2A;2021-03-25;930;136;26333;9741;16.2;6.0
2A;2021-03-26;1075;162;27408;9903;16.9;6.1
2A;2021-03-27;1185;198;28593;10101;17.6;6.2
2A;2021-03-28;241;97;28834;10198;17.8;6.3
2A;2021-03-29;281;136;29115;10334;17.9;6.4
2A;2021-03-30;381;233;29496;10567;18.2;6.5
2A;2021-03-31;446;226;29942;10793;18.4;6.6
2A;2021-04-01;638;451;30580;11244;18.8;6.9
2A;2021-04-02;902;777;31482;12021;19.4;7.4
2A;2021-04-03;644;982;32126;13003;19.8;8.0
2A;2021-04-04;577;783;32703;13786;20.1;8.5
2A;2021-04-05;521;693;33224;14479;20.5;8.9
2A;2021-04-06;550;554;33774;15033;20.8;9.3
2A;2021-04-07;783;422;34557;15455;21.3;9.5
2A;2021-04-08;1047;349;35604;15804;21.9;9.7
2A;2021-04-09;934;392;36538;16196;22.5;10.0
2A;2021-04-10;1052;376;37590;16572;23.1;10.2
2A;2021-04-11;361;256;37951;16828;23.4;10.4
2A;2021-04-12;667;341;38618;17169;23.8;10.6
2A;2021-04-13;324;378;38942;17547;24.0;10.8
2A;2021-04-14;1044;587;39986;18134;24.6;11.2
2A;2021-04-15;1039;519;41025;18653;25.3;11.5
2A;2021-04-16;866;393;41891;19046;25.8;11.7
2A;2021-04-17;1366;929;43257;19975;26.6;12.3
2A;2021-04-18;982;942;44239;20917;27.2;12.9
2A;2021-04-19;269;343;44508;21260;27.4;13.1
2A;2021-04-20;352;345;44860;21605;27.6;13.3
2A;2021-04-21;728;732;45588;22337;28.1;13.8
2A;2021-04-22;894;648;46482;22985;28.6;14.2
2A;2021-04-23;987;775;47469;23760;29.2;14.6
2A;2021-04-24;1748;977;49217;24737;30.3;15.2
2A;2021-04-25;977;301;50194;25038;30.9;15.4
2A;2021-04-26;308;228;50502;25266;31.1;15.6
2A;2021-04-27;344;348;50846;25614;31.3;15.8
2A;2021-04-28;1670;420;52516;26034;32.3;16.0
2A;2021-04-29;1052;357;53568;26391;33.0;16.2
2A;2021-04-30;1130;1056;54698;27447;33.7;16.9
2A;2021-05-01;965;573;55663;28020;34.3;17.3
2A;2021-05-02;674;704;56337;28724;34.7;17.7
2A;2021-05-03;582;575;56919;29299;35.0;18.0
2A;2021-05-04;749;533;57668;29832;35.5;18.4
2A;2021-05-05;1007;980;58675;30812;36.1;19.0
2A;2021-05-06;905;910;59580;31722;36.7;19.5
2A;2021-05-07;1153;835;60733;32557;37.4;20.0
2A;2021-05-08;420;500;61153;33057;37.7;20.4
2A;2021-05-09;782;638;61935;33695;38.1;20.7
2A;2021-05-10;453;740;62388;34435;38.4;21.2
2A;2021-05-11;651;414;63039;34849;38.8;21.5
2A;2021-05-12;919;488;63958;35337;39.4;21.8
2A;2021-05-13;916;138;64874;35475;39.9;21.8
2A;2021-05-14;797;680;65671;36155;40.4;22.3
2A;2021-05-15;779;646;66450;36801;40.9;22.7
2A;2021-05-16;735;498;67185;37299;41.4;23.0
2A;2021-05-17;582;562;67767;37861;41.7;23.3
2A;2021-05-18;614;475;68381;38336;42.1;23.6
2A;2021-05-19;783;481;69164;38817;42.6;23.9
2A;2021-05-20;691;539;69855;39356;43.0;24.2
2A;2021-05-21;534;481;70389;39837;43.3;24.5
2A;2021-05-22;442;308;70831;40145;43.6;24.7
2A;2021-05-23;533;282;71364;40427;43.9;24.9
2A;2021-05-24;125;33;71489;40460;44.0;24.9
2A;2021-05-25;414;503;71903;40963;44.3;25.2
2A;2021-05-26;426;1167;72329;42130;44.5;25.9
2A;2021-05-27;434;1112;72763;43242;44.8;26.6
2A;2021-05-28;296;915;73059;44157;45.0;27.2
2A;2021-05-29;336;900;73395;45057;45.2;27.7
2A;2021-05-30;182;506;73577;45563;45.3;28.1
2A;2021-05-31;187;413;73764;45976;45.4;28.3
2A;2021-06-01;334;728;74098;46704;45.6;28.8
2A;2021-06-02;278;936;74376;47640;45.8;29.3
2A;2021-06-03;302;847;74678;48487;46.0;29.9
2A;2021-06-04;270;1093;74948;49580;46.1;30.5
2A;2021-06-05;318;1443;75266;51023;46.3;31.4
2A;2021-06-06;173;910;75439;51933;46.4;32.0
2A;2021-06-07;164;661;75603;52594;46.5;32.4
2A;2021-06-08;314;705;75917;53299;46.7;32.8
2A;2021-06-09;293;1318;76210;54617;46.9;33.6
2A;2021-06-10;324;856;76534;55473;47.1;34.2
2A;2021-06-11;278;1020;76812;56493;47.3;34.8
2A;2021-06-12;223;664;77035;57157;47.4;35.2
2A;2021-06-13;186;796;77221;57953;47.5;35.7
2A;2021-06-14;239;921;77460;58874;47.7;36.2
2A;2021-06-15;212;506;77672;59380;47.8;36.6
2A;2021-06-16;206;777;77878;60157;47.9;37.0
2A;2021-06-17;230;592;78108;60749;48.1;37.4
2A;2021-06-18;238;918;78346;61667;48.2;38.0
2A;2021-06-19;204;689;78550;62356;48.4;38.4
2A;2021-06-20;146;694;78696;63050;48.5;38.8
2A;2021-06-21;175;794;78871;63844;48.6;39.3
2A;2021-06-22;232;842;79103;64686;48.7;39.8
2A;2021-06-23;198;567;79301;65253;48.8;40.2
2A;2021-06-24;140;373;79441;65626;48.9;40.4
2A;2021-06-25;164;472;79605;66098;49.0;40.7
2A;2021-06-26;197;872;79802;66970;49.1;41.2
2A;2021-06-27;172;792;79974;67762;49.2;41.7
2A;2021-06-28;187;704;80161;68466;49.4;42.2
2A;2021-06-29;208;690;80369;69156;49.5;42.6
2A;2021-06-30;231;489;80600;69645;49.6;42.9
2A;2021-07-01;195;481;80795;70126;49.7;43.2
2A;2021-07-02;163;371;80958;70497;49.8;43.4
2A;2021-07-03;204;618;81162;71115;50.0;43.8
2A;2021-07-04;169;663;81331;71778;50.1;44.2
2A;2021-07-05;158;235;81489;72013;50.2;44.3
2A;2021-07-06;242;390;81731;72403;50.3;44.6
2A;2021-07-07;421;603;82152;73006;50.6;44.9
2A;2021-07-08;579;700;82731;73706;50.9;45.4
2A;2021-07-09;364;420;83095;74126;51.2;45.6
2A;2021-07-10;280;345;83375;74471;51.3;45.9
2A;2021-07-11;91;163;83466;74634;51.4;46.0
2A;2021-07-12;304;349;83770;74983;51.6;46.2
2A;2021-07-13;1173;491;84943;75474;52.3;46.5
2A;2021-07-14;1607;295;86550;75769;53.3;46.6
2A;2021-07-15;1412;816;87962;76585;54.2;47.2
2A;2021-07-16;1142;453;89104;77038;54.9;47.4
2A;2021-07-17;1097;329;90201;77367;55.5;47.6
2A;2021-07-18;464;118;90665;77485;55.8;47.7
2B;2020-12-27;0;0;0;0;0.0;0.0
2B;2020-12-28;0;0;0;0;0.0;0.0
2B;2020-12-29;0;0;0;0;0.0;0.0
2B;2020-12-30;0;0;0;0;0.0;0.0
2B;2020-12-31;0;0;0;0;0.0;0.0
2B;2021-01-01;0;0;0;0;0.0;0.0
2B;2021-01-02;0;0;0;0;0.0;0.0
2B;2021-01-03;0;0;0;0;0.0;0.0
2B;2021-01-04;2;0;2;0;0.0;0.0
2B;2021-01-05;0;0;2;0;0.0;0.0
2B;2021-01-06;48;1;50;1;0.0;0.0
2B;2021-01-07;211;0;261;1;0.1;0.0
2B;2021-01-08;196;0;457;1;0.3;0.0
2B;2021-01-09;39;0;496;1;0.3;0.0
2B;2021-01-10;1;0;497;1;0.3;0.0
2B;2021-01-11;75;0;572;1;0.3;0.0
2B;2021-01-12;128;1;700;2;0.4;0.0
2B;2021-01-13;93;0;793;2;0.4;0.0
2B;2021-01-14;72;0;865;2;0.5;0.0
2B;2021-01-15;257;0;1122;2;0.6;0.0
2B;2021-01-16;43;0;1165;2;0.6;0.0
2B;2021-01-17;8;0;1173;2;0.6;0.0
2B;2021-01-18;271;0;1444;2;0.8;0.0
2B;2021-01-19;498;0;1942;2;1.1;0.0
2B;2021-01-20;461;0;2403;2;1.3;0.0
2B;2021-01-21;357;0;2760;2;1.5;0.0
2B;2021-01-22;365;0;3125;2;1.7;0.0
2B;2021-01-23;60;0;3185;2;1.7;0.0
2B;2021-01-24;29;0;3214;2;1.8;0.0
2B;2021-01-25;210;2;3424;4;1.9;0.0
2B;2021-01-26;388;1;3812;5;2.1;0.0
2B;2021-01-27;341;50;4153;55;2.3;0.0
2B;2021-01-28;364;149;4517;204;2.5;0.1
2B;2021-01-29;288;164;4805;368;2.6;0.2
2B;2021-01-30;80;33;4885;401;2.7;0.2
2B;2021-01-31;60;0;4945;401;2.7;0.2
2B;2021-02-01;229;94;5174;495;2.8;0.3
2B;2021-02-02;357;78;5531;573;3.0;0.3
2B;2021-02-03;519;92;6050;665;3.3;0.4
2B;2021-02-04;458;176;6508;841;3.6;0.5
2B;2021-02-05;392;95;6900;936;3.8;0.5
2B;2021-02-06;87;14;6987;950;3.8;0.5
2B;2021-02-07;59;0;7046;950;3.9;0.5
2B;2021-02-08;231;157;7277;1107;4.0;0.6
2B;2021-02-09;586;315;7863;1422;4.3;0.8
2B;2021-02-10;485;194;8348;1616;4.6;0.9
2B;2021-02-11;381;128;8729;1744;4.8;1.0
2B;2021-02-12;296;125;9025;1869;5.0;1.0
2B;2021-02-13;77;13;9102;1882;5.0;1.0
2B;2021-02-14;62;0;9164;1882;5.0;1.0
2B;2021-02-15;190;128;9354;2010;5.1;1.1
2B;2021-02-16;253;286;9607;2296;5.3;1.3
2B;2021-02-17;312;317;9919;2613;5.4;1.4
2B;2021-02-18;215;347;10134;2960;5.6;1.6
2B;2021-02-19;163;309;10297;3269;5.6;1.8
2B;2021-02-20;32;63;10329;3332;5.7;1.8
2B;2021-02-21;27;29;10356;3361;5.7;1.8
2B;2021-02-22;133;190;10489;3551;5.8;1.9
2B;2021-02-23;230;358;10719;3909;5.9;2.1
2B;2021-02-24;228;312;10947;4221;6.0;2.3
2B;2021-02-25;244;341;11191;4562;6.1;2.5
2B;2021-02-26;298;282;11489;4844;6.3;2.7
2B;2021-02-27;60;84;11549;4928;6.3;2.7
2B;2021-02-28;1;57;11550;4985;6.3;2.7
2B;2021-03-01;246;260;11796;5245;6.5;2.9
2B;2021-03-02;352;390;12148;5635;6.7;3.1
2B;2021-03-03;297;437;12445;6072;6.8;3.3
2B;2021-03-04;447;407;12892;6479;7.1;3.6
2B;2021-03-05;617;387;13509;6866;7.4;3.8
2B;2021-03-06;682;97;14191;6963;7.8;3.8
2B;2021-03-07;360;59;14551;7022;8.0;3.9
2B;2021-03-08;301;239;14852;7261;8.1;4.0
2B;2021-03-09;383;506;15235;7767;8.4;4.3
2B;2021-03-10;630;446;15865;8213;8.7;4.5
2B;2021-03-11;584;354;16449;8567;9.0;4.7
2B;2021-03-12;959;226;17408;8793;9.6;4.8
2B;2021-03-13;508;109;17916;8902;9.8;4.9
2B;2021-03-14;226;61;18142;8963;10.0;4.9
2B;2021-03-15;513;200;18655;9163;10.2;5.0
2B;2021-03-16;571;276;19226;9439;10.5;5.2
2B;2021-03-17;528;262;19754;9701;10.8;5.3
2B;2021-03-18;549;228;20303;9929;11.1;5.4
2B;2021-03-19;803;194;21106;10123;11.6;5.6
2B;2021-03-20;654;36;21760;10159;11.9;5.6
2B;2021-03-21;429;34;22189;10193;12.2;5.6
2B;2021-03-22;546;123;22735;10316;12.5;5.7
2B;2021-03-23;788;263;23523;10579;12.9;5.8
2B;2021-03-24;827;216;24350;10795;13.4;5.9
2B;2021-03-25;823;161;25173;10956;13.8;6.0
2B;2021-03-26;957;189;26130;11145;14.3;6.1
2B;2021-03-27;1089;33;27219;11178;14.9;6.1
2B;2021-03-28;829;122;28048;11300;15.4;6.2
2B;2021-03-29;744;176;28792;11476;15.8;6.3
2B;2021-03-30;971;322;29763;11798;16.3;6.5
2B;2021-03-31;981;265;30744;12063;16.9;6.6
2B;2021-04-01;1000;229;31744;12292;17.4;6.7
2B;2021-04-02;964;413;32708;12705;17.9;7.0
2B;2021-04-03;1246;149;33954;12854;18.6;7.1
2B;2021-04-04;196;61;34150;12915;18.7;7.1
2B;2021-04-05;108;113;34258;13028;18.8;7.1
2B;2021-04-06;1033;360;35291;13388;19.4;7.3
2B;2021-04-07;1228;429;36519;13817;20.0;7.6
2B;2021-04-08;1127;409;37646;14226;20.7;7.8
2B;2021-04-09;1169;564;38815;14790;21.3;8.1
2B;2021-04-10;1350;259;40165;15049;22.0;8.3
2B;2021-04-11;812;63;40977;15112;22.5;8.3
2B;2021-04-12;851;562;41828;15674;22.9;8.6
2B;2021-04-13;1061;629;42889;16303;23.5;8.9
2B;2021-04-14;1044;492;43933;16795;24.1;9.2
2B;2021-04-15;884;516;44817;17311;24.6;9.5
2B;2021-04-16;911;650;45728;17961;25.1;9.9
2B;2021-04-17;386;444;46114;18405;25.3;10.1
2B;2021-04-18;252;339;46366;18744;25.4;10.3
2B;2021-04-19;822;433;47188;19177;25.9;10.5
2B;2021-04-20;898;848;48086;20025;26.4;11.0
2B;2021-04-21;1054;606;49140;20631;27.0;11.3
2B;2021-04-22;938;730;50078;21361;27.5;11.7
2B;2021-04-23;661;629;50739;21990;27.8;12.1
2B;2021-04-24;287;772;51026;22762;28.0;12.5
2B;2021-04-25;284;477;51310;23239;28.2;12.8
2B;2021-04-26;708;920;52018;24159;28.5;13.3
2B;2021-04-27;963;874;52981;25033;29.1;13.7
2B;2021-04-28;920;859;53901;25892;29.6;14.2
2B;2021-04-29;920;867;54821;26759;30.1;14.7
2B;2021-04-30;1132;830;55953;27589;30.7;15.1
2B;2021-05-01;459;1116;56412;28705;31.0;15.7
2B;2021-05-02;336;244;56748;28949;31.1;15.9
2B;2021-05-03;1019;495;57767;29444;31.7;16.2
2B;2021-05-04;809;1150;58576;30594;32.1;16.8
2B;2021-05-05;804;1375;59380;31969;32.6;17.5
2B;2021-05-06;1285;904;60665;32873;33.3;18.0
2B;2021-05-07;1062;987;61727;33860;33.9;18.6
2B;2021-05-08;459;856;62186;34716;34.1;19.0
2B;2021-05-09;394;683;62580;35399;34.3;19.4
2B;2021-05-10;921;797;63501;36196;34.8;19.9
2B;2021-05-11;933;1160;64434;37356;35.4;20.5
2B;2021-05-12;856;892;65290;38248;35.8;21.0
2B;2021-05-13;1024;376;66314;38624;36.4;21.2
2B;2021-05-14;715;579;67029;39203;36.8;21.5
2B;2021-05-15;702;353;67731;39556;37.2;21.7
2B;2021-05-16;297;179;68028;39735;37.3;21.8
2B;2021-05-17;1002;406;69030;40141;37.9;22.0
2B;2021-05-18;990;381;70020;40522;38.4;22.2
2B;2021-05-19;770;416;70790;40938;38.8;22.5
2B;2021-05-20;668;360;71458;41298;39.2;22.7
2B;2021-05-21;705;502;72163;41800;39.6;22.9
2B;2021-05-22;574;390;72737;42190;39.9;23.1
2B;2021-05-23;168;46;72905;42236;40.0;23.2
2B;2021-05-24;40;114;72945;42350;40.0;23.2
2B;2021-05-25;548;351;73493;42701;40.3;23.4
2B;2021-05-26;544;790;74037;43491;40.6;23.9
2B;2021-05-27;407;1130;74444;44621;40.8;24.5
2B;2021-05-28;555;906;74999;45527;41.1;25.0
2B;2021-05-29;311;352;75310;45879;41.3;25.2
2B;2021-05-30;46;45;75356;45924;41.3;25.2
2B;2021-05-31;376;829;75732;46753;41.6;25.7
2B;2021-06-01;413;1039;76145;47792;41.8;26.2
2B;2021-06-02;365;991;76510;48783;42.0;26.8
2B;2021-06-03;497;807;77007;49590;42.3;27.2
2B;2021-06-04;344;1255;77351;50845;42.4;27.9
2B;2021-06-05;258;494;77609;51339;42.6;28.2
2B;2021-06-06;50;129;77659;51468;42.6;28.2
2B;2021-06-07;279;948;77938;52416;42.8;28.8
2B;2021-06-08;396;1170;78334;53586;43.0;29.4
2B;2021-06-09;514;1177;78848;54763;43.3;30.0
2B;2021-06-10;366;939;79214;55702;43.5;30.6
2B;2021-06-11;428;1277;79642;56979;43.7;31.3
2B;2021-06-12;149;545;79791;57524;43.8;31.6
2B;2021-06-13;23;59;79814;57583;43.8;31.6
2B;2021-06-14;189;1117;80003;58700;43.9;32.2
2B;2021-06-15;343;1220;80346;59920;44.1;32.9
2B;2021-06-16;374;939;80720;60859;44.3;33.4
2B;2021-06-17;392;1048;81112;61907;44.5;34.0
2B;2021-06-18;345;959;81457;62866;44.7;34.5
2B;2021-06-19;139;327;81596;63193;44.8;34.7
2B;2021-06-20;43;194;81639;63387;44.8;34.8
2B;2021-06-21;262;962;81901;64349;44.9;35.3
2B;2021-06-22;311;1115;82212;65464;45.1;35.9
2B;2021-06-23;205;872;82417;66336;45.2;36.4
2B;2021-06-24;334;755;82751;67091;45.4;36.8
2B;2021-06-25;205;1076;82956;68167;45.5;37.4
2B;2021-06-26;104;552;83060;68719;45.6;37.7
2B;2021-06-27;30;215;83090;68934;45.6;37.8
2B;2021-06-28;324;950;83414;69884;45.8;38.3
2B;2021-06-29;264;989;83678;70873;45.9;38.9
2B;2021-06-30;374;948;84052;71821;46.1;39.4
2B;2021-07-01;218;508;84270;72329;46.2;39.7
2B;2021-07-02;209;558;84479;72887;46.4;40.0
2B;2021-07-03;89;395;84568;73282;46.4;40.2
2B;2021-07-04;1;0;84569;73282;46.4;40.2
2B;2021-07-05;264;662;84833;73944;46.5;40.6
2B;2021-07-06;446;707;85279;74651;46.8;41.0
2B;2021-07-07;371;906;85650;75557;47.0;41.5
2B;2021-07-08;179;347;85829;75904;47.1;41.6
2B;2021-07-09;243;368;86072;76272;47.2;41.8
2B;2021-07-10;194;199;86266;76471;47.3;42.0
2B;2021-07-11;13;14;86279;76485;47.3;42.0
2B;2021-07-12;491;739;86770;77224;47.6;42.4
2B;2021-07-13;817;1006;87587;78230;48.1;42.9
2B;2021-07-14;338;98;87925;78328;48.2;43.0
2B;2021-07-15;1248;567;89173;78895;48.9;43.3
2B;2021-07-16;1089;535;90262;79430;49.5;43.6
2B;2021-07-17;703;309;90965;79739;49.9;43.8
2B;2021-07-18;179;44;91144;79783;50.0;43.8
30;2020-12-27;0;0;0;0;0.0;0.0
30;2020-12-28;0;0;0;0;0.0;0.0
30;2020-12-29;0;0;0;0;0.0;0.0
30;2020-12-30;0;0;0;0;0.0;0.0
30;2020-12-31;0;0;0;0;0.0;0.0
30;2021-01-01;0;0;0;0;0.0;0.0
30;2021-01-02;0;0;0;0;0.0;0.0
30;2021-01-03;0;0;0;0;0.0;0.0
30;2021-01-04;0;0;0;0;0.0;0.0
30;2021-01-05;3;0;3;0;0.0;0.0
30;2021-01-06;128;0;131;0;0.0;0.0
30;2021-01-07;311;0;442;0;0.1;0.0
30;2021-01-08;529;0;971;0;0.1;0.0
30;2021-01-09;270;0;1241;0;0.2;0.0
30;2021-01-10;0;0;1241;0;0.2;0.0
30;2021-01-11;537;0;1778;0;0.2;0.0
30;2021-01-12;794;3;2572;3;0.3;0.0
30;2021-01-13;640;0;3212;3;0.4;0.0
30;2021-01-14;646;5;3858;8;0.5;0.0
30;2021-01-15;756;2;4614;10;0.6;0.0
30;2021-01-16;313;0;4927;10;0.7;0.0
30;2021-01-17;0;0;4927;10;0.7;0.0
30;2021-01-18;936;3;5863;13;0.8;0.0
30;2021-01-19;1735;6;7598;19;1.0;0.0
30;2021-01-20;1303;2;8901;21;1.2;0.0
30;2021-01-21;1224;2;10125;23;1.4;0.0
30;2021-01-22;1074;5;11199;28;1.5;0.0
30;2021-01-23;634;2;11833;30;1.6;0.0
30;2021-01-24;0;0;11833;30;1.6;0.0
30;2021-01-25;829;4;12662;34;1.7;0.0
30;2021-01-26;1057;14;13719;48;1.8;0.0
30;2021-01-27;977;111;14696;159;2.0;0.0
30;2021-01-28;709;274;15405;433;2.1;0.1
30;2021-01-29;668;448;16073;881;2.1;0.1
30;2021-01-30;470;290;16543;1171;2.2;0.2
30;2021-01-31;3;7;16546;1178;2.2;0.2
30;2021-02-01;813;435;17359;1613;2.3;0.2
30;2021-02-02;1873;667;19232;2280;2.6;0.3
30;2021-02-03;1182;492;20414;2772;2.7;0.4
30;2021-02-04;966;663;21380;3435;2.9;0.5
30;2021-02-05;596;768;21976;4203;2.9;0.6
30;2021-02-06;288;262;22264;4465;3.0;0.6
30;2021-02-07;2;8;22266;4473;3.0;0.6
30;2021-02-08;573;738;22839;5211;3.1;0.7
30;2021-02-09;977;1006;23816;6217;3.2;0.8
30;2021-02-10;980;1101;24796;7318;3.3;1.0
30;2021-02-11;926;1061;25722;8379;3.4;1.1
30;2021-02-12;614;992;26336;9371;3.5;1.3
30;2021-02-13;434;390;26770;9761;3.6;1.3
30;2021-02-14;1;21;26771;9782;3.6;1.3
30;2021-02-15;446;624;27217;10406;3.6;1.4
30;2021-02-16;459;849;27676;11255;3.7;1.5
30;2021-02-17;681;634;28357;11889;3.8;1.6
30;2021-02-18;793;527;29150;12416;3.9;1.7
30;2021-02-19;573;676;29723;13092;4.0;1.7
30;2021-02-20;223;226;29946;13318;4.0;1.8
30;2021-02-21;5;3;29951;13321;4.0;1.8
30;2021-02-22;501;767;30452;14088;4.1;1.9
30;2021-02-23;973;1465;31425;15553;4.2;2.1
30;2021-02-24;925;1194;32350;16747;4.3;2.2
30;2021-02-25;1201;892;33551;17639;4.5;2.4
30;2021-02-26;1335;590;34886;18229;4.7;2.4
30;2021-02-27;564;545;35450;18774;4.7;2.5
30;2021-02-28;1;7;35451;18781;4.7;2.5
30;2021-03-01;1336;823;36787;19604;4.9;2.6
30;2021-03-02;1709;909;38496;20513;5.1;2.7
30;2021-03-03;2299;748;40795;21261;5.5;2.8
30;2021-03-04;2628;861;43423;22122;5.8;3.0
30;2021-03-05;2751;603;46174;22725;6.2;3.0
30;2021-03-06;2995;347;49169;23072;6.6;3.1
30;2021-03-07;1857;36;51026;23108;6.8;3.1
30;2021-03-08;1524;778;52550;23886;7.0;3.2
30;2021-03-09;2273;858;54823;24744;7.3;3.3
30;2021-03-10;2341;639;57164;25383;7.6;3.4
30;2021-03-11;3049;655;60213;26038;8.0;3.5
30;2021-03-12;3109;364;63322;26402;8.5;3.5
30;2021-03-13;2218;281;65540;26683;8.8;3.6
30;2021-03-14;83;3;65623;26686;8.8;3.6
30;2021-03-15;1561;555;67184;27241;9.0;3.6
30;2021-03-16;1299;1062;68483;28303;9.1;3.8
30;2021-03-17;1453;639;69936;28942;9.3;3.9
30;2021-03-18;1639;708;71575;29650;9.6;4.0
30;2021-03-19;2247;534;73822;30184;9.9;4.0
30;2021-03-20;1398;137;75220;30321;10.0;4.1
30;2021-03-21;57;8;75277;30329;10.1;4.1
30;2021-03-22;2390;708;77667;31037;10.4;4.1
30;2021-03-23;3502;789;81169;31826;10.8;4.3
30;2021-03-24;3627;794;84796;32620;11.3;4.4
30;2021-03-25;4392;828;89188;33448;11.9;4.5
30;2021-03-26;4355;616;93543;34064;12.5;4.6
30;2021-03-27;1968;369;95511;34433;12.8;4.6
30;2021-03-28;35;30;95546;34463;12.8;4.6
30;2021-03-29;2804;1640;98350;36103;13.1;4.8
30;2021-03-30;3775;1866;102125;37969;13.6;5.1
30;2021-03-31;3504;1627;105629;39596;14.1;5.3
30;2021-04-01;4009;1432;109638;41028;14.6;5.5
30;2021-04-02;3596;1219;113234;42247;15.1;5.6
30;2021-04-03;1061;1218;114295;43465;15.3;5.8
30;2021-04-04;29;187;114324;43652;15.3;5.8
30;2021-04-05;760;279;115084;43931;15.4;5.9
30;2021-04-06;3033;1557;118117;45488;15.8;6.1
30;2021-04-07;2716;1620;120833;47108;16.1;6.3
30;2021-04-08;3911;1475;124744;48583;16.7;6.5
30;2021-04-09;4882;1497;129626;50080;17.3;6.7
30;2021-04-10;2425;1170;132051;51250;17.6;6.8
30;2021-04-11;949;54;133000;51304;17.8;6.9
30;2021-04-12;3143;1477;136143;52781;18.2;7.1
30;2021-04-13;4008;1896;140151;54677;18.7;7.3
30;2021-04-14;3372;1530;143523;56207;19.2;7.5
30;2021-04-15;3828;1436;147351;57643;19.7;7.7
30;2021-04-16;3702;1510;151053;59153;20.2;7.9
30;2021-04-17;1490;944;152543;60097;20.4;8.0
30;2021-04-18;957;66;153500;60163;20.5;8.0
30;2021-04-19;2446;2293;155946;62456;20.8;8.3
30;2021-04-20;2812;2823;158758;65279;21.2;8.7
30;2021-04-21;2584;2562;161342;67841;21.6;9.1
30;2021-04-22;3508;2310;164850;70151;22.0;9.4
30;2021-04-23;3569;2297;168419;72448;22.5;9.7
30;2021-04-24;1345;1228;169764;73676;22.7;9.8
30;2021-04-25;748;89;170512;73765;22.8;9.9
30;2021-04-26;2012;2380;172524;76145;23.1;10.2
30;2021-04-27;2922;2585;175446;78730;23.4;10.5
30;2021-04-28;2821;2471;178267;81201;23.8;10.8
30;2021-04-29;3612;2297;181879;83498;24.3;11.2
30;2021-04-30;3398;2015;185277;85513;24.8;11.4
30;2021-05-01;1747;603;187024;86116;25.0;11.5
30;2021-05-02;663;243;187687;86359;25.1;11.5
30;2021-05-03;3743;2495;191430;88854;25.6;11.9
30;2021-05-04;3968;3511;195398;92365;26.1;12.3
30;2021-05-05;3928;3116;199326;95481;26.6;12.8
30;2021-05-06;4186;3349;203512;98830;27.2;13.2
30;2021-05-07;4071;3048;207583;101878;27.7;13.6
30;2021-05-08;1599;716;209182;102594;27.9;13.7
30;2021-05-09;372;611;209554;103205;28.0;13.8
30;2021-05-10;2912;3107;212466;106312;28.4;14.2
30;2021-05-11;5382;3646;217848;109958;29.1;14.7
30;2021-05-12;5291;3199;223139;113157;29.8;15.1
30;2021-05-13;3226;1018;226365;114175;30.2;15.3
30;2021-05-14;4887;2447;231252;116622;30.9;15.6
30;2021-05-15;3405;1199;234657;117821;31.4;15.7
30;2021-05-16;396;340;235053;118161;31.4;15.8
30;2021-05-17;3792;3024;238845;121185;31.9;16.2
30;2021-05-18;4818;3038;243663;124223;32.6;16.6
30;2021-05-19;4765;2528;248428;126751;33.2;16.9
30;2021-05-20;4998;2570;253426;129321;33.9;17.3
30;2021-05-21;4877;2468;258303;131789;34.5;17.6
30;2021-05-22;3155;1292;261458;133081;34.9;17.8
30;2021-05-23;287;347;261745;133428;35.0;17.8
30;2021-05-24;782;771;262527;134199;35.1;17.9
30;2021-05-25;2655;3161;265182;137360;35.4;18.4
30;2021-05-26;2880;2556;268062;139916;35.8;18.7
30;2021-05-27;3753;2715;271815;142631;36.3;19.1
30;2021-05-28;3321;3275;275136;145906;36.8;19.5
30;2021-05-29;1684;1799;276820;147705;37.0;19.7
30;2021-05-30;357;589;277177;148294;37.0;19.8
30;2021-05-31;2826;2288;280003;150582;37.4;20.1
30;2021-06-01;3646;2791;283649;153373;37.9;20.5
30;2021-06-02;3309;2434;286958;155807;38.3;20.8
30;2021-06-03;4124;3338;291082;159145;38.9;21.3
30;2021-06-04;3900;3393;294982;162538;39.4;21.7
30;2021-06-05;1903;1312;296885;163850;39.7;21.9
30;2021-06-06;683;262;297568;164112;39.8;21.9
30;2021-06-07;4709;2516;302277;166628;40.4;22.3
30;2021-06-08;4803;3304;307080;169932;41.0;22.7
30;2021-06-09;4123;2963;311203;172895;41.6;23.1
30;2021-06-10;4560;3337;315763;176232;42.2;23.5
30;2021-06-11;4568;3800;320331;180032;42.8;24.1
30;2021-06-12;2475;1696;322806;181728;43.1;24.3
30;2021-06-13;491;340;323297;182068;43.2;24.3
30;2021-06-14;2456;4703;325753;186771;43.5;25.0
30;2021-06-15;3188;5300;328941;192071;43.9;25.7
30;2021-06-16;3087;4632;332028;196703;44.4;26.3
30;2021-06-17;3905;4351;335933;201054;44.9;26.9
30;2021-06-18;3701;4682;339634;205736;45.4;27.5
30;2021-06-19;1430;1989;341064;207725;45.6;27.8
30;2021-06-20;356;489;341420;208214;45.6;27.8
30;2021-06-21;2365;4906;343785;213120;45.9;28.5
30;2021-06-22;2340;5743;346125;218863;46.2;29.2
30;2021-06-23;2503;5337;348628;224200;46.6;30.0
30;2021-06-24;2319;4708;350947;228908;46.9;30.6
30;2021-06-25;2602;5602;353549;234510;47.2;31.3
30;2021-06-26;894;2925;354443;237435;47.4;31.7
30;2021-06-27;219;527;354662;237962;47.4;31.8
30;2021-06-28;1652;6018;356314;243980;47.6;32.6
30;2021-06-29;1821;6031;358135;250011;47.8;33.4
30;2021-06-30;1976;5255;360111;255266;48.1;34.1
30;2021-07-01;2940;4698;363051;259964;48.5;34.7
30;2021-07-02;2816;4611;365867;264575;48.9;35.3
30;2021-07-03;1139;3041;367006;267616;49.0;35.8
30;2021-07-04;110;392;367116;268008;49.0;35.8
30;2021-07-05;2005;4016;369121;272024;49.3;36.3
30;2021-07-06;2639;4955;371760;276979;49.7;37.0
30;2021-07-07;2512;4201;374272;281180;50.0;37.6
30;2021-07-08;1989;3412;376261;284592;50.3;38.0
30;2021-07-09;2392;5294;378653;289886;50.6;38.7
30;2021-07-10;1481;2143;380134;292029;50.8;39.0
30;2021-07-11;43;416;380177;292445;50.8;39.1
30;2021-07-12;2501;5135;382678;297580;51.1;39.8
30;2021-07-13;3243;5989;385921;303569;51.6;40.6
30;2021-07-14;490;539;386411;304108;51.6;40.6
30;2021-07-15;4058;5426;390469;309534;52.2;41.4
30;2021-07-16;4749;5649;395218;315183;52.8;42.1
30;2021-07-17;1685;2442;396903;317625;53.0;42.4
30;2021-07-18;144;602;397047;318227;53.0;42.5
31;2020-12-27;0;0;0;0;0.0;0.0
31;2020-12-28;0;0;0;0;0.0;0.0
31;2020-12-29;0;0;0;0;0.0;0.0
31;2020-12-30;0;0;0;0;0.0;0.0
31;2020-12-31;0;0;0;0;0.0;0.0
31;2021-01-01;2;0;2;0;0.0;0.0
31;2021-01-02;0;0;2;0;0.0;0.0
31;2021-01-03;1;0;3;0;0.0;0.0
31;2021-01-04;2;0;5;0;0.0;0.0
31;2021-01-05;48;0;53;0;0.0;0.0
31;2021-01-06;210;1;263;1;0.0;0.0
31;2021-01-07;284;1;547;2;0.0;0.0
31;2021-01-08;543;1;1090;3;0.1;0.0
31;2021-01-09;273;0;1363;3;0.1;0.0
31;2021-01-10;286;0;1649;3;0.1;0.0
31;2021-01-11;977;3;2626;6;0.2;0.0
31;2021-01-12;1187;0;3813;6;0.3;0.0
31;2021-01-13;1155;4;4968;10;0.4;0.0
31;2021-01-14;1176;17;6144;27;0.4;0.0
31;2021-01-15;1047;4;7191;31;0.5;0.0
31;2021-01-16;243;1;7434;32;0.5;0.0
31;2021-01-17;173;0;7607;32;0.5;0.0
31;2021-01-18;1606;3;9213;35;0.7;0.0
31;2021-01-19;2928;11;12141;46;0.9;0.0
31;2021-01-20;3656;9;15797;55;1.1;0.0
31;2021-01-21;2986;3;18783;58;1.3;0.0
31;2021-01-22;2267;4;21050;62;1.5;0.0
31;2021-01-23;727;1;21777;63;1.6;0.0
31;2021-01-24;212;1;21989;64;1.6;0.0
31;2021-01-25;1741;8;23730;72;1.7;0.0
31;2021-01-26;1837;63;25567;135;1.8;0.0
31;2021-01-27;1571;153;27138;288;1.9;0.0
31;2021-01-28;1379;303;28517;591;2.0;0.0
31;2021-01-29;1353;351;29870;942;2.1;0.1
31;2021-01-30;443;187;30313;1129;2.2;0.1
31;2021-01-31;61;210;30374;1339;2.2;0.1
31;2021-02-01;1153;736;31527;2075;2.3;0.1
31;2021-02-02;3008;805;34535;2880;2.5;0.2
31;2021-02-03;1903;779;36438;3659;2.6;0.3
31;2021-02-04;1803;845;38241;4504;2.7;0.3
31;2021-02-05;1335;575;39576;5079;2.8;0.4
31;2021-02-06;375;55;39951;5134;2.9;0.4
31;2021-02-07;37;41;39988;5175;2.9;0.4
31;2021-02-08;1113;667;41101;5842;2.9;0.4
31;2021-02-09;1675;1575;42776;7417;3.1;0.5
31;2021-02-10;1958;2476;44734;9893;3.2;0.7
31;2021-02-11;1813;1822;46547;11715;3.3;0.8
31;2021-02-12;1534;798;48081;12513;3.4;0.9
31;2021-02-13;501;230;48582;12743;3.5;0.9
31;2021-02-14;55;217;48637;12960;3.5;0.9
31;2021-02-15;441;1376;49078;14336;3.5;1.0
31;2021-02-16;465;1554;49543;15890;3.5;1.1
31;2021-02-17;471;1692;50014;17582;3.6;1.3
31;2021-02-18;475;1832;50489;19414;3.6;1.4
31;2021-02-19;388;1574;50877;20988;3.6;1.5
31;2021-02-20;67;532;50944;21520;3.6;1.5
31;2021-02-21;79;161;51023;21681;3.6;1.5
31;2021-02-22;430;1758;51453;23439;3.7;1.7
31;2021-02-23;862;3015;52315;26454;3.7;1.9
31;2021-02-24;652;2196;52967;28650;3.8;2.0
31;2021-02-25;1422;1843;54389;30493;3.9;2.2
31;2021-02-26;1707;1231;56096;31724;4.0;2.3
31;2021-02-27;637;404;56733;32128;4.0;2.3
31;2021-02-28;77;54;56810;32182;4.1;2.3
31;2021-03-01;865;1133;57675;33315;4.1;2.4
31;2021-03-02;1230;1667;58905;34982;4.2;2.5
31;2021-03-03;1354;1816;60259;36798;4.3;2.6
31;2021-03-04;2411;1495;62670;38293;4.5;2.7
31;2021-03-05;3053;1592;65723;39885;4.7;2.8
31;2021-03-06;2829;408;68552;40293;4.9;2.9
31;2021-03-07;5364;91;73916;40384;5.3;2.9
31;2021-03-08;1594;1095;75510;41479;5.4;3.0
31;2021-03-09;2777;1186;78287;42665;5.6;3.0
31;2021-03-10;2566;1084;80853;43749;5.8;3.1
31;2021-03-11;4373;1149;85226;44898;6.1;3.2
31;2021-03-12;5308;1183;90534;46081;6.5;3.3
31;2021-03-13;2833;500;93367;46581;6.7;3.3
31;2021-03-14;229;47;93596;46628;6.7;3.3
31;2021-03-15;2575;420;96171;47048;6.9;3.4
31;2021-03-16;1740;807;97911;47855;7.0;3.4
31;2021-03-17;1652;553;99563;48408;7.1;3.5
31;2021-03-18;1960;705;101523;49113;7.2;3.5
31;2021-03-19;3175;518;104698;49631;7.5;3.5
31;2021-03-20;1791;140;106489;49771;7.6;3.6
31;2021-03-21;206;35;106695;49806;7.6;3.6
31;2021-03-22;2576;358;109271;50164;7.8;3.6
31;2021-03-23;4048;309;113319;50473;8.1;3.6
31;2021-03-24;4350;280;117669;50753;8.4;3.6
31;2021-03-25;6037;502;123706;51255;8.8;3.7
31;2021-03-26;5454;507;129160;51762;9.2;3.7
31;2021-03-27;4341;190;133501;51952;9.5;3.7
31;2021-03-28;2287;44;135788;51996;9.7;3.7
31;2021-03-29;4199;420;139987;52416;10.0;3.7
31;2021-03-30;6584;532;146571;52948;10.5;3.8
31;2021-03-31;5638;354;152209;53302;10.9;3.8
31;2021-04-01;6953;523;159162;53825;11.4;3.8
31;2021-04-02;6095;568;165257;54393;11.8;3.9
31;2021-04-03;3917;148;169174;54541;12.1;3.9
31;2021-04-04;2058;109;171232;54650;12.2;3.9
31;2021-04-05;477;68;171709;54718;12.3;3.9
31;2021-04-06;4154;1139;175863;55857;12.6;4.0
31;2021-04-07;5979;974;181842;56831;13.0;4.1
31;2021-04-08;7560;1015;189402;57846;13.5;4.1
31;2021-04-09;8378;1232;197780;59078;14.1;4.2
31;2021-04-10;4710;536;202490;59614;14.5;4.3
31;2021-04-11;2065;138;204555;59752;14.6;4.3
31;2021-04-12;5989;1821;210544;61573;15.0;4.4
31;2021-04-13;8019;2005;218563;63578;15.6;4.5
31;2021-04-14;6641;1912;225204;65490;16.1;4.7
31;2021-04-15;7765;2219;232969;67709;16.6;4.8
31;2021-04-16;7171;2080;240140;69789;17.1;5.0
31;2021-04-17;4406;894;244546;70683;17.5;5.0
31;2021-04-18;2503;352;247049;71035;17.6;5.1
31;2021-04-19;5214;2013;252263;73048;18.0;5.2
31;2021-04-20;6064;2846;258327;75894;18.4;5.4
31;2021-04-21;5966;2781;264293;78675;18.9;5.6
31;2021-04-22;6379;3227;270672;81902;19.3;5.8
31;2021-04-23;6257;2562;276929;84464;19.8;6.0
31;2021-04-24;1611;3130;278540;87594;19.9;6.3
31;2021-04-25;680;2093;279220;89687;19.9;6.4
31;2021-04-26;3789;3220;283009;92907;20.2;6.6
31;2021-04-27;4509;3900;287518;96807;20.5;6.9
31;2021-04-28;4540;3489;292058;100296;20.8;7.2
31;2021-04-29;5172;4012;297230;104308;21.2;7.4
31;2021-04-30;5022;4126;302252;108434;21.6;7.7
31;2021-05-01;1487;3115;303739;111549;21.7;8.0
31;2021-05-02;1411;1980;305150;113529;21.8;8.1
31;2021-05-03;5644;2405;310794;115934;22.2;8.3
31;2021-05-04;4778;4732;315572;120666;22.5;8.6
31;2021-05-05;2980;5710;318552;126376;22.7;9.0
31;2021-05-06;3629;7378;322181;133754;23.0;9.5
31;2021-05-07;5252;7167;327433;140921;23.4;10.1
31;2021-05-08;3632;3101;331065;144022;23.6;10.3
31;2021-05-09;3758;2308;334823;146330;23.9;10.4
31;2021-05-10;5681;5464;340504;151794;24.3;10.8
31;2021-05-11;6637;6688;347141;158482;24.8;11.3
31;2021-05-12;6169;5911;353310;164393;25.2;11.7
31;2021-05-13;4641;2060;357951;166453;25.6;11.9
31;2021-05-14;6902;3973;364853;170426;26.0;12.2
31;2021-05-15;5140;1749;369993;172175;26.4;12.3
31;2021-05-16;3293;629;373286;172804;26.6;12.3
31;2021-05-17;5141;4140;378427;176944;27.0;12.6
31;2021-05-18;5583;4268;384010;181212;27.4;12.9
31;2021-05-19;5772;3764;389782;184976;27.8;13.2
31;2021-05-20;6465;4800;396247;189776;28.3;13.5
31;2021-05-21;5978;4603;402225;194379;28.7;13.9
31;2021-05-22;4081;1626;406306;196005;29.0;14.0
31;2021-05-23;3582;342;409888;196347;29.3;14.0
31;2021-05-24;3873;708;413761;197055;29.5;14.1
31;2021-05-25;6187;3605;419948;200660;30.0;14.3
31;2021-05-26;5592;4634;425540;205294;30.4;14.7
31;2021-05-27;4766;6190;430306;211484;30.7;15.1
31;2021-05-28;4114;6341;434420;217825;31.0;15.5
31;2021-05-29;1915;4030;436335;221855;31.1;15.8
31;2021-05-30;744;2362;437079;224217;31.2;16.0
31;2021-05-31;4391;5081;441470;229298;31.5;16.4
31;2021-06-01;5946;6557;447416;235855;31.9;16.8
31;2021-06-02;5778;6295;453194;242150;32.3;17.3
31;2021-06-03;7289;8132;460483;250282;32.9;17.9
31;2021-06-04;7525;7153;468008;257435;33.4;18.4
31;2021-06-05;9074;2766;477082;260201;34.1;18.6
31;2021-06-06;8103;1571;485185;261772;34.6;18.7
31;2021-06-07;7960;5447;493145;267219;35.2;19.1
31;2021-06-08;9047;6044;502192;273263;35.8;19.5
31;2021-06-09;8884;5505;511076;278768;36.5;19.9
31;2021-06-10;9736;6331;520812;285099;37.2;20.4
31;2021-06-11;10005;6631;530817;291730;37.9;20.8
31;2021-06-12;8781;2997;539598;294727;38.5;21.0
31;2021-06-13;8351;1995;547949;296722;39.1;21.2
31;2021-06-14;8350;6723;556299;303445;39.7;21.7
31;2021-06-15;9719;7421;566018;310866;40.4;22.2
31;2021-06-16;8699;5247;574717;316113;41.0;22.6
31;2021-06-17;8233;6579;582950;322692;41.6;23.0
31;2021-06-18;8500;7734;591450;330426;42.2;23.6
31;2021-06-19;7341;5425;598791;335851;42.7;24.0
31;2021-06-20;5558;3720;604349;339571;43.1;24.2
31;2021-06-21;5344;6913;609693;346484;43.5;24.7
31;2021-06-22;4941;8221;614634;354705;43.9;25.3
31;2021-06-23;5078;7264;619712;361969;44.2;25.8
31;2021-06-24;4554;8319;624266;370288;44.6;26.4
31;2021-06-25;4991;9308;629257;379596;44.9;27.1
31;2021-06-26;4265;6390;633522;385986;45.2;27.6
31;2021-06-27;3586;4095;637108;390081;45.5;27.8
31;2021-06-28;4070;6629;641178;396710;45.8;28.3
31;2021-06-29;3763;7557;644941;404267;46.0;28.9
31;2021-06-30;4234;7789;649175;412056;46.3;29.4
31;2021-07-01;3971;8461;653146;420517;46.6;30.0
31;2021-07-02;4078;9324;657224;429841;46.9;30.7
31;2021-07-03;4079;6112;661303;435953;47.2;31.1
31;2021-07-04;3196;4799;664499;440752;47.4;31.5
31;2021-07-05;4012;7082;668511;447834;47.7;32.0
31;2021-07-06;3766;8344;672277;456178;48.0;32.6
31;2021-07-07;3920;7968;676197;464146;48.3;33.1
31;2021-07-08;3987;8510;680184;472656;48.6;33.7
31;2021-07-09;4405;8785;684589;481441;48.9;34.4
31;2021-07-10;3896;5469;688485;486910;49.1;34.8
31;2021-07-11;3131;4114;691616;491024;49.4;35.0
31;2021-07-12;3792;8594;695408;499618;49.6;35.7
31;2021-07-13;6859;9364;702267;508982;50.1;36.3
31;2021-07-14;6103;3856;708370;512838;50.6;36.6
31;2021-07-15;8326;9362;716696;522200;51.2;37.3
31;2021-07-16;7662;9807;724358;532007;51.7;38.0
31;2021-07-17;8310;10437;732668;542444;52.3;38.7
31;2021-07-18;6599;9361;739267;551805;52.8;39.4
32;2020-12-27;0;0;0;0;0.0;0.0
32;2020-12-28;0;0;0;0;0.0;0.0
32;2020-12-29;0;0;0;0;0.0;0.0
32;2020-12-30;0;0;0;0;0.0;0.0
32;2020-12-31;0;0;0;0;0.0;0.0
32;2021-01-01;0;0;0;0;0.0;0.0
32;2021-01-02;0;0;0;0;0.0;0.0
32;2021-01-03;0;0;0;0;0.0;0.0
32;2021-01-04;3;0;3;0;0.0;0.0
32;2021-01-05;1;0;4;0;0.0;0.0
32;2021-01-06;2;0;6;0;0.0;0.0
32;2021-01-07;152;0;158;0;0.1;0.0
32;2021-01-08;70;0;228;0;0.1;0.0
32;2021-01-09;5;0;233;0;0.1;0.0
32;2021-01-10;0;0;233;0;0.1;0.0
32;2021-01-11;11;0;244;0;0.1;0.0
32;2021-01-12;94;0;338;0;0.2;0.0
32;2021-01-13;325;0;663;0;0.3;0.0
32;2021-01-14;386;3;1049;3;0.6;0.0
32;2021-01-15;448;1;1497;4;0.8;0.0
32;2021-01-16;16;2;1513;6;0.8;0.0
32;2021-01-17;1;0;1514;6;0.8;0.0
32;2021-01-18;344;0;1858;6;1.0;0.0
32;2021-01-19;418;0;2276;6;1.2;0.0
32;2021-01-20;358;0;2634;6;1.4;0.0
32;2021-01-21;582;0;3216;6;1.7;0.0
32;2021-01-22;371;0;3587;6;1.9;0.0
32;2021-01-23;189;0;3776;6;2.0;0.0
32;2021-01-24;3;0;3779;6;2.0;0.0
32;2021-01-25;460;1;4239;7;2.2;0.0
32;2021-01-26;604;0;4843;7;2.5;0.0
32;2021-01-27;703;4;5546;11;2.9;0.0
32;2021-01-28;685;17;6231;28;3.3;0.0
32;2021-01-29;460;52;6691;80;3.5;0.0
32;2021-01-30;260;0;6951;80;3.7;0.0
32;2021-01-31;4;5;6955;85;3.7;0.0
32;2021-02-01;286;58;7241;143;3.8;0.1
32;2021-02-02;641;140;7882;283;4.1;0.1
32;2021-02-03;338;201;8220;484;4.3;0.3
32;2021-02-04;424;279;8644;763;4.5;0.4
32;2021-02-05;348;360;8992;1123;4.7;0.6
32;2021-02-06;147;0;9139;1123;4.8;0.6
32;2021-02-07;0;36;9139;1159;4.8;0.6
32;2021-02-08;275;124;9414;1283;5.0;0.7
32;2021-02-09;308;230;9722;1513;5.1;0.8
32;2021-02-10;267;253;9989;1766;5.3;0.9
32;2021-02-11;379;317;10368;2083;5.5;1.1
32;2021-02-12;298;280;10666;2363;5.6;1.2
32;2021-02-13;249;1;10915;2364;5.7;1.2
32;2021-02-14;0;28;10915;2392;5.7;1.3
32;2021-02-15;25;212;10940;2604;5.8;1.4
32;2021-02-16;392;368;11332;2972;6.0;1.6
32;2021-02-17;189;474;11521;3446;6.1;1.8
32;2021-02-18;330;490;11851;3936;6.2;2.1
32;2021-02-19;183;282;12034;4218;6.3;2.2
32;2021-02-20;1;120;12035;4338;6.3;2.3
32;2021-02-21;0;0;12035;4338;6.3;2.3
32;2021-02-22;157;387;12192;4725;6.4;2.5
32;2021-02-23;432;562;12624;5287;6.6;2.8
32;2021-02-24;277;380;12901;5667;6.8;3.0
32;2021-02-25;480;531;13381;6198;7.0;3.3
32;2021-02-26;443;386;13824;6584;7.3;3.5
32;2021-02-27;157;246;13981;6830;7.4;3.6
32;2021-02-28;4;0;13985;6830;7.4;3.6
32;2021-03-01;51;299;14036;7129;7.4;3.8
32;2021-03-02;413;445;14449;7574;7.6;4.0
32;2021-03-03;272;292;14721;7866;7.7;4.1
32;2021-03-04;539;338;15260;8204;8.0;4.3
32;2021-03-05;434;249;15694;8453;8.3;4.4
32;2021-03-06;520;172;16214;8625;8.5;4.5
32;2021-03-07;25;5;16239;8630;8.5;4.5
32;2021-03-08;233;298;16472;8928;8.7;4.7
32;2021-03-09;642;329;17114;9257;9.0;4.9
32;2021-03-10;482;328;17596;9585;9.3;5.0
32;2021-03-11;853;293;18449;9878;9.7;5.2
32;2021-03-12;881;343;19330;10221;10.2;5.4
32;2021-03-13;490;248;19820;10469;10.4;5.5
32;2021-03-14;1;0;19821;10469;10.4;5.5
32;2021-03-15;265;25;20086;10494;10.6;5.5
32;2021-03-16;312;304;20398;10798;10.7;5.7
32;2021-03-17;149;155;20547;10953;10.8;5.8
32;2021-03-18;374;307;20921;11260;11.0;5.9
32;2021-03-19;402;184;21323;11444;11.2;6.0
32;2021-03-20;136;33;21459;11477;11.3;6.0
32;2021-03-21;0;0;21459;11477;11.3;6.0
32;2021-03-22;340;167;21799;11644;11.5;6.1
32;2021-03-23;559;397;22358;12041;11.8;6.3
32;2021-03-24;642;269;23000;12310;12.1;6.5
32;2021-03-25;893;415;23893;12725;12.6;6.7
32;2021-03-26;653;294;24546;13019;12.9;6.9
32;2021-03-27;164;2;24710;13021;13.0;6.9
32;2021-03-28;0;1;24710;13022;13.0;6.9
32;2021-03-29;371;48;25081;13070;13.2;6.9
32;2021-03-30;765;286;25846;13356;13.6;7.0
32;2021-03-31;654;171;26500;13527;13.9;7.1
32;2021-04-01;1237;318;27737;13845;14.6;7.3
32;2021-04-02;574;168;28311;14013;14.9;7.4
32;2021-04-03;114;0;28425;14013;15.0;7.4
32;2021-04-04;0;0;28425;14013;15.0;7.4
32;2021-04-05;0;0;28425;14013;15.0;7.4
32;2021-04-06;2641;302;31066;14315;16.3;7.5
32;2021-04-07;1176;201;32242;14516;17.0;7.6
32;2021-04-08;1737;404;33979;14920;17.9;7.9
32;2021-04-09;883;217;34862;15137;18.3;8.0
32;2021-04-10;807;27;35669;15164;18.8;8.0
32;2021-04-11;14;0;35683;15164;18.8;8.0
32;2021-04-12;476;20;36159;15184;19.0;8.0
32;2021-04-13;2463;378;38622;15562;20.3;8.2
32;2021-04-14;1226;260;39848;15822;21.0;8.3
32;2021-04-15;1701;391;41549;16213;21.9;8.5
32;2021-04-16;638;282;42187;16495;22.2;8.7
32;2021-04-17;781;37;42968;16532;22.6;8.7
32;2021-04-18;11;1;42979;16533;22.6;8.7
32;2021-04-19;502;44;43481;16577;22.9;8.7
32;2021-04-20;2472;382;45953;16959;24.2;8.9
32;2021-04-21;1009;294;46962;17253;24.7;9.1
32;2021-04-22;1662;318;48624;17571;25.6;9.2
32;2021-04-23;545;157;49169;17728;25.9;9.3
32;2021-04-24;1390;53;50559;17781;26.6;9.4
32;2021-04-25;0;11;50559;17792;26.6;9.4
32;2021-04-26;387;359;50946;18151;26.8;9.6
32;2021-04-27;2546;548;53492;18699;28.1;9.8
32;2021-04-28;968;352;54460;19051;28.7;10.0
32;2021-04-29;1006;884;55466;19935;29.2;10.5
32;2021-04-30;451;360;55917;20295;29.4;10.7
32;2021-05-01;2604;92;58521;20387;30.8;10.7
32;2021-05-02;0;0;58521;20387;30.8;10.7
32;2021-05-03;167;321;58688;20708;30.9;10.9
32;2021-05-04;793;2492;59481;23200;31.3;12.2
32;2021-05-05;2360;1091;61841;24291;32.5;12.8
32;2021-05-06;516;1662;62357;25953;32.8;13.7
32;2021-05-07;2286;533;64643;26486;34.0;13.9
32;2021-05-08;70;519;64713;27005;34.1;14.2
32;2021-05-09;19;179;64732;27184;34.1;14.3
32;2021-05-10;1988;547;66720;27731;35.1;14.6
32;2021-05-11;656;2272;67376;30003;35.5;15.8
32;2021-05-12;2312;1136;69688;31139;36.7;16.4
32;2021-05-13;279;1414;69967;32553;36.8;17.1
32;2021-05-14;2222;321;72189;32874;38.0;17.3
32;2021-05-15;134;712;72323;33586;38.1;17.7
32;2021-05-16;1;0;72324;33586;38.1;17.7
32;2021-05-17;353;171;72677;33757;38.2;17.8
32;2021-05-18;1642;297;74319;34054;39.1;17.9
32;2021-05-19;2471;272;76790;34326;40.4;18.1
32;2021-05-20;2886;466;79676;34792;41.9;18.3
32;2021-05-21;2532;498;82208;35290;43.3;18.6
32;2021-05-22;335;111;82543;35401;43.4;18.6
32;2021-05-23;1;13;82544;35414;43.4;18.6
32;2021-05-24;2;0;82546;35414;43.4;18.6
32;2021-05-25;1978;372;84524;35786;44.5;18.8
32;2021-05-26;2542;554;87066;36340;45.8;19.1
32;2021-05-27;2876;624;89942;36964;47.3;19.5
32;2021-05-28;2312;766;92254;37730;48.5;19.9
32;2021-05-29;372;312;92626;38042;48.7;20.0
32;2021-05-30;4;6;92630;38048;48.7;20.0
32;2021-05-31;1412;624;94042;38672;49.5;20.3
32;2021-06-01;563;2888;94605;41560;49.8;21.9
32;2021-06-02;1575;1353;96180;42913;50.6;22.6
32;2021-06-03;397;2087;96577;45000;50.8;23.7
32;2021-06-04;1834;828;98411;45828;51.8;24.1
32;2021-06-05;208;1661;98619;47489;51.9;25.0
32;2021-06-06;8;14;98627;47503;51.9;25.0
32;2021-06-07;101;418;98728;47921;52.0;25.2
32;2021-06-08;659;2540;99387;50461;52.3;26.6
32;2021-06-09;1189;1049;100576;51510;52.9;27.1
32;2021-06-10;678;1214;101254;52724;53.3;27.7
32;2021-06-11;925;661;102179;53385;53.8;28.1
32;2021-06-12;151;2678;102330;56063;53.8;29.5
32;2021-06-13;1;1;102331;56064;53.8;29.5
32;2021-06-14;521;208;102852;56272;54.1;29.6
32;2021-06-15;1720;1022;104572;57294;55.0;30.1
32;2021-06-16;847;2777;105419;60071;55.5;31.6
32;2021-06-17;856;829;106275;60900;55.9;32.0
32;2021-06-18;310;2721;106585;63621;56.1;33.5
32;2021-06-19;912;431;107497;64052;56.6;33.7
32;2021-06-20;5;13;107502;64065;56.6;33.7
32;2021-06-21;68;1994;107570;66059;56.6;34.8
32;2021-06-22;1035;963;108605;67022;57.1;35.3
32;2021-06-23;509;2185;109114;69207;57.4;36.4
32;2021-06-24;522;516;109636;69723;57.7;36.7
32;2021-06-25;476;2357;110112;72080;57.9;37.9
32;2021-06-26;104;171;110216;72251;58.0;38.0
32;2021-06-27;2;5;110218;72256;58.0;38.0
32;2021-06-28;624;604;110842;72860;58.3;38.3
32;2021-06-29;798;1980;111640;74840;58.7;39.4
32;2021-06-30;755;2722;112395;77562;59.1;40.8
32;2021-07-01;531;2637;112926;80199;59.4;42.2
32;2021-07-02;639;2332;113565;82531;59.8;43.4
32;2021-07-03;479;508;114044;83039;60.0;43.7
32;2021-07-04;1;12;114045;83051;60.0;43.7
32;2021-07-05;67;390;114112;83441;60.0;43.9
32;2021-07-06;867;2072;114979;85513;60.5;45.0
32;2021-07-07;776;2748;115755;88261;60.9;46.4
32;2021-07-08;473;2262;116228;90523;61.2;47.6
32;2021-07-09;607;2221;116835;92744;61.5;48.8
32;2021-07-10;532;518;117367;93262;61.8;49.1
32;2021-07-11;0;5;117367;93267;61.8;49.1
32;2021-07-12;522;1236;117889;94503;62.0;49.7
32;2021-07-13;1685;1804;119574;96307;62.9;50.7
32;2021-07-14;478;31;120052;96338;63.2;50.7
32;2021-07-15;2083;865;122135;97203;64.3;51.1
32;2021-07-16;1163;1898;123298;99101;64.9;52.1
32;2021-07-17;71;122;123369;99223;64.9;52.2
32;2021-07-18;2;5;123371;99228;64.9;52.2
33;2020-12-27;1;0;1;0;0.0;0.0
33;2020-12-28;1;0;2;0;0.0;0.0
33;2020-12-29;0;0;2;0;0.0;0.0
33;2020-12-30;0;0;2;0;0.0;0.0
33;2020-12-31;0;0;2;0;0.0;0.0
33;2021-01-01;0;0;2;0;0.0;0.0
33;2021-01-02;1;0;3;0;0.0;0.0
33;2021-01-03;0;0;3;0;0.0;0.0
33;2021-01-04;1;0;4;0;0.0;0.0
33;2021-01-05;0;0;4;0;0.0;0.0
33;2021-01-06;134;0;138;0;0.0;0.0
33;2021-01-07;1303;1;1441;1;0.1;0.0
33;2021-01-08;1199;1;2640;2;0.2;0.0
33;2021-01-09;296;1;2936;3;0.2;0.0
33;2021-01-10;229;0;3165;3;0.2;0.0
33;2021-01-11;622;0;3787;3;0.2;0.0
33;2021-01-12;1414;2;5201;5;0.3;0.0
33;2021-01-13;1312;8;6513;13;0.4;0.0
33;2021-01-14;1274;11;7787;24;0.5;0.0
33;2021-01-15;1594;9;9381;33;0.6;0.0
33;2021-01-16;565;8;9946;41;0.6;0.0
33;2021-01-17;405;4;10351;45;0.6;0.0
33;2021-01-18;1191;10;11542;55;0.7;0.0
33;2021-01-19;2919;4;14461;59;0.9;0.0
33;2021-01-20;3385;6;17846;65;1.1;0.0
33;2021-01-21;2851;5;20697;70;1.3;0.0
33;2021-01-22;2319;6;23016;76;1.4;0.0
33;2021-01-23;845;0;23861;76;1.5;0.0
33;2021-01-24;525;2;24386;78;1.5;0.0
33;2021-01-25;2167;61;26553;139;1.6;0.0
33;2021-01-26;2226;160;28779;299;1.8;0.0
33;2021-01-27;2248;210;31027;509;1.9;0.0
33;2021-01-28;2152;442;33179;951;2.0;0.1
33;2021-01-29;1813;693;34992;1644;2.1;0.1
33;2021-01-30;701;175;35693;1819;2.2;0.1
33;2021-01-31;387;157;36080;1976;2.2;0.1
33;2021-02-01;1453;654;37533;2630;2.3;0.2
33;2021-02-02;2640;1105;40173;3735;2.5;0.2
33;2021-02-03;2891;866;43064;4601;2.6;0.3
33;2021-02-04;3981;1346;47045;5947;2.9;0.4
33;2021-02-05;2183;1165;49228;7112;3.0;0.4
33;2021-02-06;642;201;49870;7313;3.1;0.4
33;2021-02-07;218;232;50088;7545;3.1;0.5
33;2021-02-08;1257;762;51345;8307;3.1;0.5
33;2021-02-09;1317;1692;52662;9999;3.2;0.6
33;2021-02-10;1255;1757;53917;11756;3.3;0.7
33;2021-02-11;1287;1473;55204;13229;3.4;0.8
33;2021-02-12;1114;1261;56318;14490;3.4;0.9
33;2021-02-13;196;294;56514;14784;3.5;0.9
33;2021-02-14;44;247;56558;15031;3.5;0.9
33;2021-02-15;684;1736;57242;16767;3.5;1.0
33;2021-02-16;801;2053;58043;18820;3.6;1.2
33;2021-02-17;664;2052;58707;20872;3.6;1.3
33;2021-02-18;897;2273;59604;23145;3.6;1.4
33;2021-02-19;912;2033;60516;25178;3.7;1.5
33;2021-02-20;73;661;60589;25839;3.7;1.6
33;2021-02-21;31;464;60620;26303;3.7;1.6
33;2021-02-22;703;1898;61323;28201;3.8;1.7
33;2021-02-23;1236;2749;62559;30950;3.8;1.9
33;2021-02-24;1356;2538;63915;33488;3.9;2.1
33;2021-02-25;2822;3754;66737;37242;4.1;2.3
33;2021-02-26;4053;2320;70790;39562;4.3;2.4
33;2021-02-27;1355;722;72145;40284;4.4;2.5
33;2021-02-28;122;521;72267;40805;4.4;2.5
33;2021-03-01;1528;1847;73795;42652;4.5;2.6
33;2021-03-02;2321;1742;76116;44394;4.7;2.7
33;2021-03-03;2295;1713;78411;46107;4.8;2.8
33;2021-03-04;3923;1662;82334;47769;5.0;2.9
33;2021-03-05;5749;1738;88083;49507;5.4;3.0
33;2021-03-06;3409;552;91492;50059;5.6;3.1
33;2021-03-07;736;153;92228;50212;5.6;3.1
33;2021-03-08;2701;1151;94929;51363;5.8;3.1
33;2021-03-09;4388;1327;99317;52690;6.1;3.2
33;2021-03-10;5106;1223;104423;53913;6.4;3.3
33;2021-03-11;7526;1219;111949;55132;6.9;3.4
33;2021-03-12;10100;1139;122049;56271;7.5;3.4
33;2021-03-13;5141;199;127190;56470;7.8;3.5
33;2021-03-14;709;16;127899;56486;7.8;3.5
33;2021-03-15;4426;671;132325;57157;8.1;3.5
33;2021-03-16;3575;869;135900;58026;8.3;3.6
33;2021-03-17;3624;928;139524;58954;8.5;3.6
33;2021-03-18;4024;1395;143548;60349;8.8;3.7
33;2021-03-19;6246;995;149794;61344;9.2;3.8
33;2021-03-20;3346;88;153140;61432;9.4;3.8
33;2021-03-21;452;26;153592;61458;9.4;3.8
33;2021-03-22;4881;427;158473;61885;9.7;3.8
33;2021-03-23;6299;599;164772;62484;10.1;3.8
33;2021-03-24;7066;516;171838;63000;10.5;3.9
33;2021-03-25;8815;637;180653;63637;11.1;3.9
33;2021-03-26;10024;825;190677;64462;11.7;3.9
33;2021-03-27;3613;73;194290;64535;11.9;4.0
33;2021-03-28;574;29;194864;64564;11.9;4.0
33;2021-03-29;6749;683;201613;65247;12.3;4.0
33;2021-03-30;8077;1031;209690;66278;12.8;4.1
33;2021-03-31;7566;1047;217256;67325;13.3;4.1
33;2021-04-01;8799;1173;226055;68498;13.8;4.2
33;2021-04-02;8394;1536;234449;70034;14.4;4.3
33;2021-04-03;2827;521;237276;70555;14.5;4.3
33;2021-04-04;211;161;237487;70716;14.5;4.3
33;2021-04-05;683;122;238170;70838;14.6;4.3
33;2021-04-06;6035;2695;244205;73533;15.0;4.5
33;2021-04-07;7405;2557;251610;76090;15.4;4.7
33;2021-04-08;10305;2766;261915;78856;16.0;4.8
33;2021-04-09;12671;3060;274586;81916;16.8;5.0
33;2021-04-10;5341;1380;279927;83296;17.1;5.1
33;2021-04-11;998;349;280925;83645;17.2;5.1
33;2021-04-12;7407;3266;288332;86911;17.7;5.3
33;2021-04-13;9301;3465;297633;90376;18.2;5.5
33;2021-04-14;9019;3619;306652;93995;18.8;5.8
33;2021-04-15;10065;3857;316717;97852;19.4;6.0
33;2021-04-16;9705;4211;326422;102063;20.0;6.2
33;2021-04-17;4648;1646;331070;103709;20.3;6.3
33;2021-04-18;925;412;331995;104121;20.3;6.4
33;2021-04-19;5600;3832;337595;107953;20.7;6.6
33;2021-04-20;7276;4242;344871;112195;21.1;6.9
33;2021-04-21;6580;4342;351451;116537;21.5;7.1
33;2021-04-22;7334;4462;358785;120999;22.0;7.4
33;2021-04-23;7672;4768;366457;125767;22.4;7.7
33;2021-04-24;4484;1794;370941;127561;22.7;7.8
33;2021-04-25;1644;418;372585;127979;22.8;7.8
33;2021-04-26;5250;5079;377835;133058;23.1;8.1
33;2021-04-27;6559;5588;384394;138646;23.5;8.5
33;2021-04-28;6757;5560;391151;144206;23.9;8.8
33;2021-04-29;8393;6203;399544;150409;24.5;9.2
33;2021-04-30;8715;6132;408259;156541;25.0;9.6
33;2021-05-01;2894;510;411153;157051;25.2;9.6
33;2021-05-02;1834;342;412987;157393;25.3;9.6
33;2021-05-03;7004;5219;419991;162612;25.7;10.0
33;2021-05-04;6819;6661;426810;169273;26.1;10.4
33;2021-05-05;7130;7568;433940;176841;26.6;10.8
33;2021-05-06;8693;8218;442633;185059;27.1;11.3
33;2021-05-07;8589;8900;451222;193959;27.6;11.9
33;2021-05-08;3536;1595;454758;195554;27.8;12.0
33;2021-05-09;1113;966;455871;196520;27.9;12.0
33;2021-05-10;6866;7287;462737;203807;28.3;12.5
33;2021-05-11;8624;7796;471361;211603;28.9;13.0
33;2021-05-12;9161;6668;480522;218271;29.4;13.4
33;2021-05-13;5199;2106;485721;220377;29.7;13.5
33;2021-05-14;8118;5352;493839;225729;30.2;13.8
33;2021-05-15;5166;2870;499005;228599;30.5;14.0
33;2021-05-16;1836;805;500841;229404;30.7;14.0
33;2021-05-17;8851;5089;509692;234493;31.2;14.4
33;2021-05-18;10601;4856;520293;239349;31.9;14.7
33;2021-05-19;10888;4779;531181;244128;32.5;14.9
33;2021-05-20;10888;5570;542069;249698;33.2;15.3
33;2021-05-21;10910;6261;552979;255959;33.9;15.7
33;2021-05-22;5112;2749;558091;258708;34.2;15.8
33;2021-05-23;1740;378;559831;259086;34.3;15.9
33;2021-05-24;5407;991;565238;260077;34.6;15.9
33;2021-05-25;9371;5763;574609;265840;35.2;16.3
33;2021-05-26;9663;6016;584272;271856;35.8;16.6
33;2021-05-27;10895;7708;595167;279564;36.4;17.1
33;2021-05-28;10060;9536;605227;289100;37.1;17.7
33;2021-05-29;5033;4099;610260;293199;37.4;17.9
33;2021-05-30;1697;662;611957;293861;37.5;18.0
33;2021-05-31;8545;6427;620502;300288;38.0;18.4
33;2021-06-01;11780;8711;632282;308999;38.7;18.9
33;2021-06-02;11700;8199;643982;317198;39.4;19.4
33;2021-06-03;12692;9174;656674;326372;40.2;20.0
33;2021-06-04;12921;10941;669595;337313;41.0;20.7
33;2021-06-05;5263;5057;674858;342370;41.3;21.0
33;2021-06-06;2517;1192;677375;343562;41.5;21.0
33;2021-06-07;9728;8483;687103;352045;42.1;21.6
33;2021-06-08;11866;9436;698969;361481;42.8;22.1
33;2021-06-09;11737;8525;710706;370006;43.5;22.7
33;2021-06-10;12839;8374;723545;378380;44.3;23.2
33;2021-06-11;12475;11168;736020;389548;45.1;23.8
33;2021-06-12;6163;4476;742183;394024;45.4;24.1
33;2021-06-13;2607;1279;744790;395303;45.6;24.2
33;2021-06-14;8537;10144;753327;405447;46.1;24.8
33;2021-06-15;11968;10218;765295;415665;46.9;25.4
33;2021-06-16;11979;8837;777274;424502;47.6;26.0
33;2021-06-17;13021;9587;790295;434089;48.4;26.6
33;2021-06-18;11725;11435;802020;445524;49.1;27.3
33;2021-06-19;5585;4811;807605;450335;49.4;27.6
33;2021-06-20;2927;1464;810532;451799;49.6;27.7
33;2021-06-21;7809;10170;818341;461969;50.1;28.3
33;2021-06-22;8996;11096;827337;473065;50.6;29.0
33;2021-06-23;8580;10842;835917;483907;51.2;29.6
33;2021-06-24;9660;9978;845577;493885;51.8;30.2
33;2021-06-25;7889;13721;853466;507606;52.2;31.1
33;2021-06-26;4297;5925;857763;513531;52.5;31.4
33;2021-06-27;2451;1958;860214;515489;52.7;31.6
33;2021-06-28;4810;12793;865024;528282;53.0;32.3
33;2021-06-29;6372;13654;871396;541936;53.3;33.2
33;2021-06-30;6572;13378;877968;555314;53.7;34.0
33;2021-07-01;7905;11794;885873;567108;54.2;34.7
33;2021-07-02;6738;15108;892611;582216;54.6;35.6
33;2021-07-03;3139;6776;895750;588992;54.8;36.1
33;2021-07-04;2037;2369;897787;591361;55.0;36.2
33;2021-07-05;4286;12901;902073;604262;55.2;37.0
33;2021-07-06;6066;14606;908139;618868;55.6;37.9
33;2021-07-07;6639;13046;914778;631914;56.0;38.7
33;2021-07-08;7854;12736;922632;644650;56.5;39.5
33;2021-07-09;6285;15085;928917;659735;56.9;40.4
33;2021-07-10;3057;7153;931974;666888;57.1;40.8
33;2021-07-11;1829;2298;933803;669186;57.2;41.0
33;2021-07-12;3874;14704;937677;683890;57.4;41.9
33;2021-07-13;7063;16080;944740;699970;57.8;42.9
33;2021-07-14;3649;5296;948389;705266;58.1;43.2
33;2021-07-15;7486;15936;955875;721202;58.5;44.2
33;2021-07-16;8417;15094;964292;736296;59.0;45.1
33;2021-07-17;3070;6408;967362;742704;59.2;45.5
33;2021-07-18;1640;3197;969002;745901;59.3;45.7
34;2020-12-27;0;0;0;0;0.0;0.0
34;2020-12-28;1;0;1;0;0.0;0.0
34;2020-12-29;0;0;1;0;0.0;0.0
34;2020-12-30;0;0;1;0;0.0;0.0
34;2020-12-31;0;0;1;0;0.0;0.0
34;2021-01-01;1;0;2;0;0.0;0.0
34;2021-01-02;0;0;2;0;0.0;0.0
34;2021-01-03;0;0;2;0;0.0;0.0
34;2021-01-04;21;0;23;0;0.0;0.0
34;2021-01-05;106;1;129;1;0.0;0.0
34;2021-01-06;198;1;327;2;0.0;0.0
34;2021-01-07;363;0;690;2;0.1;0.0
34;2021-01-08;606;0;1296;2;0.1;0.0
34;2021-01-09;244;0;1540;2;0.1;0.0
34;2021-01-10;93;1;1633;3;0.1;0.0
34;2021-01-11;559;1;2192;4;0.2;0.0
34;2021-01-12;1006;1;3198;5;0.3;0.0
34;2021-01-13;1097;6;4295;11;0.4;0.0
34;2021-01-14;1946;13;6241;24;0.5;0.0
34;2021-01-15;1466;5;7707;29;0.7;0.0
34;2021-01-16;329;6;8036;35;0.7;0.0
34;2021-01-17;231;0;8267;35;0.7;0.0
34;2021-01-18;1123;4;9390;39;0.8;0.0
34;2021-01-19;1608;7;10998;46;0.9;0.0
34;2021-01-20;2059;6;13057;52;1.1;0.0
34;2021-01-21;4182;8;17239;60;1.5;0.0
34;2021-01-22;2544;7;19783;67;1.7;0.0
34;2021-01-23;598;1;20381;68;1.7;0.0
34;2021-01-24;2;0;20383;68;1.7;0.0
34;2021-01-25;1242;5;21625;73;1.8;0.0
34;2021-01-26;1457;20;23082;93;2.0;0.0
34;2021-01-27;1464;23;24546;116;2.1;0.0
34;2021-01-28;1388;123;25934;239;2.2;0.0
34;2021-01-29;1254;136;27188;375;2.3;0.0
34;2021-01-30;479;25;27667;400;2.4;0.0
34;2021-01-31;2;0;27669;400;2.4;0.0
34;2021-02-01;1027;253;28696;653;2.4;0.1
34;2021-02-02;1452;444;30148;1097;2.6;0.1
34;2021-02-03;2638;527;32786;1624;2.8;0.1
34;2021-02-04;2301;885;35087;2509;3.0;0.2
34;2021-02-05;1887;1185;36974;3694;3.1;0.3
34;2021-02-06;484;242;37458;3936;3.2;0.3
34;2021-02-07;29;108;37487;4044;3.2;0.3
34;2021-02-08;860;1065;38347;5109;3.3;0.4
34;2021-02-09;1029;1311;39376;6420;3.3;0.5
34;2021-02-10;1284;1516;40660;7936;3.5;0.7
34;2021-02-11;1767;2712;42427;10648;3.6;0.9
34;2021-02-12;1899;1640;44326;12288;3.8;1.0
34;2021-02-13;351;513;44677;12801;3.8;1.1
34;2021-02-14;22;287;44699;13088;3.8;1.1
34;2021-02-15;665;1213;45364;14301;3.9;1.2
34;2021-02-16;664;1538;46028;15839;3.9;1.3
34;2021-02-17;710;1533;46738;17372;4.0;1.5
34;2021-02-18;833;1501;47571;18873;4.0;1.6
34;2021-02-19;817;1232;48388;20105;4.1;1.7
34;2021-02-20;299;485;48687;20590;4.1;1.8
34;2021-02-21;61;18;48748;20608;4.1;1.8
34;2021-02-22;629;1314;49377;21922;4.2;1.9
34;2021-02-23;558;1486;49935;23408;4.2;2.0
34;2021-02-24;925;2335;50860;25743;4.3;2.2
34;2021-02-25;1599;2274;52459;28017;4.5;2.4
34;2021-02-26;1847;1620;54306;29637;4.6;2.5
34;2021-02-27;699;432;55005;30069;4.7;2.6
34;2021-02-28;85;64;55090;30133;4.7;2.6
34;2021-03-01;925;1169;56015;31302;4.8;2.7
34;2021-03-02;1588;1286;57603;32588;4.9;2.8
34;2021-03-03;1827;1406;59430;33994;5.1;2.9
34;2021-03-04;2855;1613;62285;35607;5.3;3.0
34;2021-03-05;3665;1531;65950;37138;5.6;3.2
34;2021-03-06;2638;201;68588;37339;5.8;3.2
34;2021-03-07;1239;71;69827;37410;5.9;3.2
34;2021-03-08;2775;1005;72602;38415;6.2;3.3
34;2021-03-09;4006;1435;76608;39850;6.5;3.4
34;2021-03-10;3986;1323;80594;41173;6.9;3.5
34;2021-03-11;5422;1263;86016;42436;7.3;3.6
34;2021-03-12;6490;901;92506;43337;7.9;3.7
34;2021-03-13;3128;165;95634;43502;8.1;3.7
34;2021-03-14;999;52;96633;43554;8.2;3.7
34;2021-03-15;3291;552;99924;44106;8.5;3.8
34;2021-03-16;2898;652;102822;44758;8.7;3.8
34;2021-03-17;3300;714;106122;45472;9.0;3.9
34;2021-03-18;3440;891;109562;46363;9.3;3.9
34;2021-03-19;4682;772;114244;47135;9.7;4.0
34;2021-03-20;3130;51;117374;47186;10.0;4.0
34;2021-03-21;1989;50;119363;47236;10.1;4.0
34;2021-03-22;3677;454;123040;47690;10.5;4.1
34;2021-03-23;4946;521;127986;48211;10.9;4.1
34;2021-03-24;5200;621;133186;48832;11.3;4.2
34;2021-03-25;7182;693;140368;49525;11.9;4.2
34;2021-03-26;7159;550;147527;50075;12.5;4.3
34;2021-03-27;2364;71;149891;50146;12.7;4.3
34;2021-03-28;694;13;150585;50159;12.8;4.3
34;2021-03-29;4172;741;154757;50900;13.2;4.3
34;2021-03-30;5202;952;159959;51852;13.6;4.4
34;2021-03-31;5057;1182;165016;53034;14.0;4.5
34;2021-04-01;7013;979;172029;54013;14.6;4.6
34;2021-04-02;5814;1150;177843;55163;15.1;4.7
34;2021-04-03;1136;81;178979;55244;15.2;4.7
34;2021-04-04;162;5;179141;55249;15.2;4.7
34;2021-04-05;428;26;179569;55275;15.3;4.7
34;2021-04-06;3120;2450;182689;57725;15.5;4.9
34;2021-04-07;3378;2636;186067;60361;15.8;5.1
34;2021-04-08;5243;2804;191310;63165;16.3;5.4
34;2021-04-09;8058;2470;199368;65635;17.0;5.6
34;2021-04-10;3163;1358;202531;66993;17.2;5.7
34;2021-04-11;1711;801;204242;67794;17.4;5.8
34;2021-04-12;4470;2511;208712;70305;17.7;6.0
34;2021-04-13;5228;3036;213940;73341;18.2;6.2
34;2021-04-14;5614;3219;219554;76560;18.7;6.5
34;2021-04-15;6981;3133;226535;79693;19.3;6.8
34;2021-04-16;6561;3158;233096;82851;19.8;7.0
34;2021-04-17;2368;2060;235464;84911;20.0;7.2
34;2021-04-18;987;1710;236451;86621;20.1;7.4
34;2021-04-19;3416;3129;239867;89750;20.4;7.6
34;2021-04-20;3759;3665;243626;93415;20.7;7.9
34;2021-04-21;4235;3710;247861;97125;21.1;8.3
34;2021-04-22;4482;4597;252343;101722;21.5;8.6
34;2021-04-23;5346;3498;257689;105220;21.9;8.9
34;2021-04-24;3160;1562;260849;106782;22.2;9.1
34;2021-04-25;1920;639;262769;107421;22.3;9.1
34;2021-04-26;4211;3465;266980;110886;22.7;9.4
34;2021-04-27;5117;4002;272097;114888;23.1;9.8
34;2021-04-28;5749;3533;277846;118421;23.6;10.1
34;2021-04-29;6413;3920;284259;122341;24.2;10.4
34;2021-04-30;7856;3274;292115;125615;24.8;10.7
34;2021-05-01;2403;499;294518;126114;25.0;10.7
34;2021-05-02;3256;312;297774;126426;25.3;10.7
34;2021-05-03;6565;2883;304339;129309;25.9;11.0
34;2021-05-04;7107;3780;311446;133089;26.5;11.3
34;2021-05-05;6491;4519;317937;137608;27.0;11.7
34;2021-05-06;6930;5199;324867;142807;27.6;12.1
34;2021-05-07;6922;5673;331789;148480;28.2;12.6
34;2021-05-08;3601;1156;335390;149636;28.5;12.7
34;2021-05-09;2174;1284;337564;150920;28.7;12.8
34;2021-05-10;5853;4791;343417;155711;29.2;13.2
34;2021-05-11;7414;5311;350831;161022;29.8;13.7
34;2021-05-12;7732;4446;358563;165468;30.5;14.1
34;2021-05-13;6115;768;364678;166236;31.0;14.1
34;2021-05-14;7482;3719;372160;169955;31.6;14.5
34;2021-05-15;4863;1683;377023;171638;32.1;14.6
34;2021-05-16;4943;457;381966;172095;32.5;14.6
34;2021-05-17;8673;1971;390639;174066;33.2;14.8
34;2021-05-18;9127;1957;399766;176023;34.0;15.0
34;2021-05-19;8612;1794;408378;177817;34.7;15.1
34;2021-05-20;8855;2493;417233;180310;35.5;15.3
34;2021-05-21;8777;3211;426010;183521;36.2;15.6
34;2021-05-22;5786;1142;431796;184663;36.7;15.7
34;2021-05-23;3879;540;435675;185203;37.0;15.7
34;2021-05-24;1895;852;437570;186055;37.2;15.8
34;2021-05-25;7132;3803;444702;189858;37.8;16.1
34;2021-05-26;8302;3011;453004;192869;38.5;16.4
34;2021-05-27;8312;4284;461316;197153;39.2;16.8
34;2021-05-28;8036;5438;469352;202591;39.9;17.2
34;2021-05-29;4003;3103;473355;205694;40.2;17.5
34;2021-05-30;1985;1390;475340;207084;40.4;17.6
34;2021-05-31;5870;5238;481210;212322;40.9;18.1
34;2021-06-01;6935;6103;488145;218425;41.5;18.6
34;2021-06-02;6118;5799;494263;224224;42.0;19.1
34;2021-06-03;7700;6494;501963;230718;42.7;19.6
34;2021-06-04;7640;7585;509603;238303;43.3;20.3
34;2021-06-05;4133;3668;513736;241971;43.7;20.6
34;2021-06-06;3259;1860;516995;243831;44.0;20.7
34;2021-06-07;4397;6755;521392;250586;44.3;21.3
34;2021-06-08;5817;6806;527209;257392;44.8;21.9
34;2021-06-09;5799;6818;533008;264210;45.3;22.5
34;2021-06-10;6251;6858;539259;271068;45.8;23.0
34;2021-06-11;5372;9261;544631;280329;46.3;23.8
34;2021-06-12;3153;4716;547784;285045;46.6;24.2
34;2021-06-13;1066;1900;548850;286945;46.7;24.4
34;2021-06-14;3424;7812;552274;294757;47.0;25.1
34;2021-06-15;3918;8788;556192;303545;47.3;25.8
34;2021-06-16;4573;7838;560765;311383;47.7;26.5
34;2021-06-17;4181;7947;564946;319330;48.0;27.2
34;2021-06-18;4313;9310;569259;328640;48.4;27.9
34;2021-06-19;2720;4395;571979;333035;48.6;28.3
34;2021-06-20;882;2872;572861;335907;48.7;28.6
34;2021-06-21;2153;8563;575014;344470;48.9;29.3
34;2021-06-22;2955;9410;577969;353880;49.1;30.1
34;2021-06-23;3479;8972;581448;362852;49.4;30.9
34;2021-06-24;3515;8679;584963;371531;49.7;31.6
34;2021-06-25;3283;10442;588246;381973;50.0;32.5
34;2021-06-26;1625;6190;589871;388163;50.2;33.0
34;2021-06-27;301;4270;590172;392433;50.2;33.4
34;2021-06-28;2244;9437;592416;401870;50.4;34.2
34;2021-06-29;2639;10289;595055;412159;50.6;35.0
34;2021-06-30;3218;9531;598273;421690;50.9;35.9
34;2021-07-01;3373;9421;601646;431111;51.2;36.7
34;2021-07-02;3305;9720;604951;440831;51.4;37.5
34;2021-07-03;1649;6164;606600;446995;51.6;38.0
34;2021-07-04;305;2762;606905;449757;51.6;38.2
34;2021-07-05;3157;7992;610062;457749;51.9;38.9
34;2021-07-06;3387;9161;613449;466910;52.2;39.7
34;2021-07-07;3211;8624;616660;475534;52.4;40.4
34;2021-07-08;4212;8827;620872;484361;52.8;41.2
34;2021-07-09;3850;9300;624722;493661;53.1;42.0
34;2021-07-10;2088;5691;626810;499352;53.3;42.5
34;2021-07-11;914;2572;627724;501924;53.4;42.7
34;2021-07-12;2816;8944;630540;510868;53.6;43.4
34;2021-07-13;4491;9975;635031;520843;54.0;44.3
34;2021-07-14;694;335;635725;521178;54.1;44.3
34;2021-07-15;5728;10317;641453;531495;54.5;45.2
34;2021-07-16;5568;10607;647021;542102;55.0;46.1
34;2021-07-17;4408;4354;651429;546456;55.4;46.5
34;2021-07-18;180;182;651609;546638;55.4;46.5
35;2020-12-27;0;0;0;0;0.0;0.0
35;2020-12-28;0;0;0;0;0.0;0.0
35;2020-12-29;0;0;0;0;0.0;0.0
35;2020-12-30;0;0;0;0;0.0;0.0
35;2020-12-31;0;0;0;0;0.0;0.0
35;2021-01-01;2;0;2;0;0.0;0.0
35;2021-01-02;0;0;2;0;0.0;0.0
35;2021-01-03;0;0;2;0;0.0;0.0
35;2021-01-04;8;0;10;0;0.0;0.0
35;2021-01-05;107;0;117;0;0.0;0.0
35;2021-01-06;173;0;290;0;0.0;0.0
35;2021-01-07;438;2;728;2;0.1;0.0
35;2021-01-08;513;2;1241;4;0.1;0.0
35;2021-01-09;31;0;1272;4;0.1;0.0
35;2021-01-10;1;0;1273;4;0.1;0.0
35;2021-01-11;538;1;1811;5;0.2;0.0
35;2021-01-12;884;1;2695;6;0.2;0.0
35;2021-01-13;967;1;3662;7;0.3;0.0
35;2021-01-14;1254;18;4916;25;0.5;0.0
35;2021-01-15;725;2;5641;27;0.5;0.0
35;2021-01-16;186;1;5827;28;0.5;0.0
35;2021-01-17;43;0;5870;28;0.5;0.0
35;2021-01-18;1218;3;7088;31;0.7;0.0
35;2021-01-19;5363;9;12451;40;1.2;0.0
35;2021-01-20;3195;7;15646;47;1.4;0.0
35;2021-01-21;3624;5;19270;52;1.8;0.0
35;2021-01-22;2085;9;21355;61;2.0;0.0
35;2021-01-23;420;1;21775;62;2.0;0.0
35;2021-01-24;49;0;21824;62;2.0;0.0
35;2021-01-25;914;17;22738;79;2.1;0.0
35;2021-01-26;1127;137;23865;216;2.2;0.0
35;2021-01-27;1031;128;24896;344;2.3;0.0
35;2021-01-28;914;299;25810;643;2.4;0.1
35;2021-01-29;724;293;26534;936;2.5;0.1
35;2021-01-30;139;20;26673;956;2.5;0.1
35;2021-01-31;0;0;26673;956;2.5;0.1
35;2021-02-01;665;336;27338;1292;2.5;0.1
35;2021-02-02;719;490;28057;1782;2.6;0.2
35;2021-02-03;657;505;28714;2287;2.7;0.2
35;2021-02-04;588;657;29302;2944;2.7;0.3
35;2021-02-05;619;563;29921;3507;2.8;0.3
35;2021-02-06;165;5;30086;3512;2.8;0.3
35;2021-02-07;1;0;30087;3512;2.8;0.3
35;2021-02-08;445;660;30532;4172;2.8;0.4
35;2021-02-09;1710;3551;32242;7723;3.0;0.7
35;2021-02-10;1368;2707;33610;10430;3.1;1.0
35;2021-02-11;1914;3213;35524;13643;3.3;1.3
35;2021-02-12;1626;1736;37150;15379;3.4;1.4
35;2021-02-13;58;254;37208;15633;3.4;1.4
35;2021-02-14;7;68;37215;15701;3.4;1.5
35;2021-02-15;771;1101;37986;16802;3.5;1.6
35;2021-02-16;916;1031;38902;17833;3.6;1.6
35;2021-02-17;889;1101;39791;18934;3.7;1.7
35;2021-02-18;1015;997;40806;19931;3.8;1.8
35;2021-02-19;1008;970;41814;20901;3.9;1.9
35;2021-02-20;141;49;41955;20950;3.9;1.9
35;2021-02-21;1;0;41956;20950;3.9;1.9
35;2021-02-22;772;832;42728;21782;3.9;2.0
35;2021-02-23;1286;858;44014;22640;4.1;2.1
35;2021-02-24;1401;817;45415;23457;4.2;2.2
35;2021-02-25;2243;780;47658;24237;4.4;2.2
35;2021-02-26;2597;729;50255;24966;4.6;2.3
35;2021-02-27;868;100;51123;25066;4.7;2.3
35;2021-02-28;4;0;51127;25066;4.7;2.3
35;2021-03-01;952;692;52079;25758;4.8;2.4
35;2021-03-02;1629;1991;53708;27749;5.0;2.6
35;2021-03-03;1900;964;55608;28713;5.1;2.7
35;2021-03-04;2911;1402;58519;30115;5.4;2.8
35;2021-03-05;3708;1319;62227;31434;5.8;2.9
35;2021-03-06;1334;85;63561;31519;5.9;2.9
35;2021-03-07;0;40;63561;31559;5.9;2.9
35;2021-03-08;1469;578;65030;32137;6.0;3.0
35;2021-03-09;3222;582;68252;32719;6.3;3.0
35;2021-03-10;2895;556;71147;33275;6.6;3.1
35;2021-03-11;4188;687;75335;33962;7.0;3.1
35;2021-03-12;6046;577;81381;34539;7.5;3.2
35;2021-03-13;2422;126;83803;34665;7.7;3.2
35;2021-03-14;17;25;83820;34690;7.7;3.2
35;2021-03-15;1963;666;85783;35356;7.9;3.3
35;2021-03-16;2493;716;88276;36072;8.2;3.3
35;2021-03-17;2382;592;90658;36664;8.4;3.4
35;2021-03-18;2326;592;92984;37256;8.6;3.4
35;2021-03-19;3538;494;96522;37750;8.9;3.5
35;2021-03-20;1531;108;98053;37858;9.1;3.5
35;2021-03-21;34;1;98087;37859;9.1;3.5
35;2021-03-22;1742;840;99829;38699;9.2;3.6
35;2021-03-23;3612;1171;103441;39870;9.6;3.7
35;2021-03-24;3715;987;107156;40857;9.9;3.8
35;2021-03-25;5322;979;112478;41836;10.4;3.9
35;2021-03-26;5833;799;118311;42635;10.9;3.9
35;2021-03-27;1413;204;119724;42839;11.1;4.0
35;2021-03-28;4;0;119728;42839;11.1;4.0
35;2021-03-29;2776;911;122504;43750;11.3;4.0
35;2021-03-30;4283;1329;126787;45079;11.7;4.2
35;2021-03-31;3462;1332;130249;46411;12.0;4.3
35;2021-04-01;4241;1226;134490;47637;12.4;4.4
35;2021-04-02;4857;1198;139347;48835;12.9;4.5
35;2021-04-03;760;214;140107;49049;12.9;4.5
35;2021-04-04;5;0;140112;49049;12.9;4.5
35;2021-04-05;16;1;140128;49050;12.9;4.5
35;2021-04-06;3262;2044;143390;51094;13.3;4.7
35;2021-04-07;3951;1839;147341;52933;13.6;4.9
35;2021-04-08;5797;1565;153138;54498;14.2;5.0
35;2021-04-09;7418;1397;160556;55895;14.8;5.2
35;2021-04-10;1851;248;162407;56143;15.0;5.2
35;2021-04-11;35;23;162442;56166;15.0;5.2
35;2021-04-12;5129;1594;167571;57760;15.5;5.3
35;2021-04-13;7608;2753;175179;60513;16.2;5.6
35;2021-04-14;6309;2285;181488;62798;16.8;5.8
35;2021-04-15;7556;2145;189044;64943;17.5;6.0
35;2021-04-16;8075;1725;197119;66668;18.2;6.2
35;2021-04-17;1568;216;198687;66884;18.4;6.2
35;2021-04-18;8;3;198695;66887;18.4;6.2
35;2021-04-19;4806;1667;203501;68554;18.8;6.3
35;2021-04-20;5157;2627;208658;71181;19.3;6.6
35;2021-04-21;5129;2192;213787;73373;19.8;6.8
35;2021-04-22;6415;2300;220202;75673;20.4;7.0
35;2021-04-23;6801;2336;227003;78009;21.0;7.2
35;2021-04-24;1124;261;228127;78270;21.1;7.2
35;2021-04-25;3;16;228130;78286;21.1;7.2
35;2021-04-26;5086;2134;233216;80420;21.6;7.4
35;2021-04-27;6077;3188;239293;83608;22.1;7.7
35;2021-04-28;6165;2545;245458;86153;22.7;8.0
35;2021-04-29;7109;2740;252567;88893;23.3;8.2
35;2021-04-30;7544;2519;260111;91412;24.0;8.4
35;2021-05-01;611;236;260722;91648;24.1;8.5
35;2021-05-02;10;21;260732;91669;24.1;8.5
35;2021-05-03;5309;2321;266041;93990;24.6;8.7
35;2021-05-04;5077;5319;271118;99309;25.1;9.2
35;2021-05-05;4874;4434;275992;103743;25.5;9.6
35;2021-05-06;6155;5255;282147;108998;26.1;10.1
35;2021-05-07;5602;5239;287749;114237;26.6;10.6
35;2021-05-08;1717;135;289466;114372;26.8;10.6
35;2021-05-09;694;75;290160;114447;26.8;10.6
35;2021-05-10;3714;4959;293874;119406;27.2;11.0
35;2021-05-11;4726;5795;298600;125201;27.6;11.6
35;2021-05-12;5271;5492;303871;130693;28.1;12.1
35;2021-05-13;2687;1422;306558;132115;28.3;12.2
35;2021-05-14;5451;4279;312009;136394;28.8;12.6
35;2021-05-15;2924;714;314933;137108;29.1;12.7
35;2021-05-16;993;60;315926;137168;29.2;12.7
35;2021-05-17;4478;3880;320404;141048;29.6;13.0
35;2021-05-18;5829;4319;326233;145367;30.1;13.4
35;2021-05-19;5856;3615;332089;148982;30.7;13.8
35;2021-05-20;6435;4008;338524;152990;31.3;14.1
35;2021-05-21;6123;4761;344647;157751;31.9;14.6
35;2021-05-22;2107;739;346754;158490;32.0;14.6
35;2021-05-23;687;46;347441;158536;32.1;14.7
35;2021-05-24;3199;1292;350640;159828;32.4;14.8
35;2021-05-25;5536;4266;356176;164094;32.9;15.2
35;2021-05-26;5713;4156;361889;168250;33.4;15.5
35;2021-05-27;6513;4773;368402;173023;34.0;16.0
35;2021-05-28;6327;5577;374729;178600;34.6;16.5
35;2021-05-29;2872;1147;377601;179747;34.9;16.6
35;2021-05-30;875;39;378476;179786;35.0;16.6
35;2021-05-31;6300;4385;384776;184171;35.6;17.0
35;2021-06-01;7358;5116;392134;189287;36.2;17.5
35;2021-06-02;7198;3783;399332;193070;36.9;17.8
35;2021-06-03;8129;4988;407461;198058;37.7;18.3
35;2021-06-04;7252;7460;414713;205518;38.3;19.0
35;2021-06-05;4136;1576;418849;207094;38.7;19.1
35;2021-06-06;3048;148;421897;207242;39.0;19.2
35;2021-06-07;5761;5770;427658;213012;39.5;19.7
35;2021-06-08;7554;5940;435212;218952;40.2;20.2
35;2021-06-09;8412;4814;443624;223766;41.0;20.7
35;2021-06-10;9270;4738;452894;228504;41.9;21.1
35;2021-06-11;8595;7469;461489;235973;42.6;21.8
35;2021-06-12;4679;1203;466168;237176;43.1;21.9
35;2021-06-13;3374;222;469542;237398;43.4;21.9
35;2021-06-14;6184;6508;475726;243906;44.0;22.5
35;2021-06-15;7440;6958;483166;250864;44.7;23.2
35;2021-06-16;8262;5620;491428;256484;45.4;23.7
35;2021-06-17;8823;5895;500251;262379;46.2;24.2
35;2021-06-18;8610;8098;508861;270477;47.0;25.0
35;2021-06-19;1492;2510;510353;272987;47.2;25.2
35;2021-06-20;2946;882;513299;273869;47.4;25.3
35;2021-06-21;5848;6383;519147;280252;48.0;25.9
35;2021-06-22;6748;7510;525895;287762;48.6;26.6
35;2021-06-23;7168;6146;533063;293908;49.3;27.2
35;2021-06-24;8288;5907;541351;299815;50.0;27.7
35;2021-06-25;6560;8467;547911;308282;50.6;28.5
35;2021-06-26;1085;3083;548996;311365;50.7;28.8
35;2021-06-27;2620;1025;551616;312390;51.0;28.9
35;2021-06-28;4252;7770;555868;320160;51.4;29.6
35;2021-06-29;5018;7979;560886;328139;51.8;30.3
35;2021-06-30;5536;7887;566422;336026;52.3;31.1
35;2021-07-01;6395;7534;572817;343560;52.9;31.8
35;2021-07-02;5278;9860;578095;353420;53.4;32.7
35;2021-07-03;1063;2843;579158;356263;53.5;32.9
35;2021-07-04;2139;1550;581297;357813;53.7;33.1
35;2021-07-05;3679;8205;584976;366018;54.1;33.8
35;2021-07-06;4700;9465;589676;375483;54.5;34.7
35;2021-07-07;4968;8327;594644;383810;55.0;35.5
35;2021-07-08;5283;8483;599927;392293;55.4;36.3
35;2021-07-09;3836;11532;603763;403825;55.8;37.3
35;2021-07-10;881;3148;604644;406973;55.9;37.6
35;2021-07-11;1290;2357;605934;409330;56.0;37.8
35;2021-07-12;3032;9148;608966;418478;56.3;38.7
35;2021-07-13;3916;10736;612882;429214;56.6;39.7
35;2021-07-14;2129;4442;615011;433656;56.8;40.1
35;2021-07-15;4198;10162;619209;443818;57.2;41.0
35;2021-07-16;4648;10983;623857;454801;57.7;42.0
35;2021-07-17;1953;4045;625810;458846;57.8;42.4
35;2021-07-18;841;2568;626651;461414;57.9;42.6
36;2020-12-27;0;0;0;0;0.0;0.0
36;2020-12-28;0;0;0;0;0.0;0.0
36;2020-12-29;0;0;0;0;0.0;0.0
36;2020-12-30;0;0;0;0;0.0;0.0
36;2020-12-31;0;0;0;0;0.0;0.0
36;2021-01-01;0;0;0;0;0.0;0.0
36;2021-01-02;0;0;0;0;0.0;0.0
36;2021-01-03;0;0;0;0;0.0;0.0
36;2021-01-04;0;0;0;0;0.0;0.0
36;2021-01-05;0;0;0;0;0.0;0.0
36;2021-01-06;23;0;23;0;0.0;0.0
36;2021-01-07;51;0;74;0;0.0;0.0
36;2021-01-08;111;0;185;0;0.1;0.0
36;2021-01-09;83;0;268;0;0.1;0.0
36;2021-01-10;142;0;410;0;0.2;0.0
36;2021-01-11;238;1;648;1;0.3;0.0
36;2021-01-12;281;0;929;1;0.4;0.0
36;2021-01-13;198;1;1127;2;0.5;0.0
36;2021-01-14;505;4;1632;6;0.8;0.0
36;2021-01-15;179;1;1811;7;0.8;0.0
36;2021-01-16;24;0;1835;7;0.8;0.0
36;2021-01-17;16;2;1851;9;0.9;0.0
36;2021-01-18;613;5;2464;14;1.1;0.0
36;2021-01-19;1154;2;3618;16;1.7;0.0
36;2021-01-20;1096;1;4714;17;2.2;0.0
36;2021-01-21;720;0;5434;17;2.5;0.0
36;2021-01-22;856;3;6290;20;2.9;0.0
36;2021-01-23;295;0;6585;20;3.0;0.0
36;2021-01-24;185;1;6770;21;3.1;0.0
36;2021-01-25;640;4;7410;25;3.4;0.0
36;2021-01-26;609;1;8019;26;3.7;0.0
36;2021-01-27;845;18;8864;44;4.1;0.0
36;2021-01-28;475;47;9339;91;4.3;0.0
36;2021-01-29;573;98;9912;189;4.6;0.1
36;2021-01-30;288;73;10200;262;4.7;0.1
36;2021-01-31;115;136;10315;398;4.8;0.2
36;2021-02-01;378;101;10693;499;4.9;0.2
36;2021-02-02;410;175;11103;674;5.1;0.3
36;2021-02-03;471;264;11574;938;5.3;0.4
36;2021-02-04;275;281;11849;1219;5.5;0.6
36;2021-02-05;302;164;12151;1383;5.6;0.6
36;2021-02-06;0;0;12151;1383;5.6;0.6
36;2021-02-07;1;0;12152;1383;5.6;0.6
36;2021-02-08;280;258;12432;1641;5.7;0.8
36;2021-02-09;326;609;12758;2250;5.9;1.0
36;2021-02-10;487;658;13245;2908;6.1;1.3
36;2021-02-11;383;600;13628;3508;6.3;1.6
36;2021-02-12;301;461;13929;3969;6.4;1.8
36;2021-02-13;126;83;14055;4052;6.5;1.9
36;2021-02-14;22;46;14077;4098;6.5;1.9
36;2021-02-15;42;576;14119;4674;6.5;2.2
36;2021-02-16;105;419;14224;5093;6.6;2.3
36;2021-02-17;117;627;14341;5720;6.6;2.6
36;2021-02-18;162;621;14503;6341;6.7;2.9
36;2021-02-19;181;541;14684;6882;6.8;3.2
36;2021-02-20;85;240;14769;7122;6.8;3.3
36;2021-02-21;88;157;14857;7279;6.8;3.4
36;2021-02-22;162;507;15019;7786;6.9;3.6
36;2021-02-23;62;576;15081;8362;6.9;3.9
36;2021-02-24;112;683;15193;9045;7.0;4.2
36;2021-02-25;251;283;15444;9328;7.1;4.3
36;2021-02-26;339;475;15783;9803;7.3;4.5
36;2021-02-27;70;279;15853;10082;7.3;4.6
36;2021-02-28;14;98;15867;10180;7.3;4.7
36;2021-03-01;218;343;16085;10523;7.4;4.8
36;2021-03-02;352;363;16437;10886;7.6;5.0
36;2021-03-03;392;526;16829;11412;7.8;5.3
36;2021-03-04;662;376;17491;11788;8.1;5.4
36;2021-03-05;799;313;18290;12101;8.4;5.6
36;2021-03-06;410;16;18700;12117;8.6;5.6
36;2021-03-07;339;7;19039;12124;8.8;5.6
36;2021-03-08;251;315;19290;12439;8.9;5.7
36;2021-03-09;446;267;19736;12706;9.1;5.9
36;2021-03-10;715;414;20451;13120;9.4;6.0
36;2021-03-11;834;263;21285;13383;9.8;6.2
36;2021-03-12;1444;296;22729;13679;10.5;6.3
36;2021-03-13;573;121;23302;13800;10.7;6.4
36;2021-03-14;113;0;23415;13800;10.8;6.4
36;2021-03-15;648;156;24063;13956;11.1;6.4
36;2021-03-16;447;66;24510;14022;11.3;6.5
36;2021-03-17;764;88;25274;14110;11.6;6.5
36;2021-03-18;414;70;25688;14180;11.8;6.5
36;2021-03-19;735;44;26423;14224;12.2;6.6
36;2021-03-20;448;24;26871;14248;12.4;6.6
36;2021-03-21;0;0;26871;14248;12.4;6.6
36;2021-03-22;496;55;27367;14303;12.6;6.6
36;2021-03-23;776;55;28143;14358;13.0;6.6
36;2021-03-24;1087;73;29230;14431;13.5;6.6
36;2021-03-25;1333;83;30563;14514;14.1;6.7
36;2021-03-26;1419;150;31982;14664;14.7;6.8
36;2021-03-27;475;42;32457;14706;14.9;6.8
36;2021-03-28;68;57;32525;14763;15.0;6.8
36;2021-03-29;461;183;32986;14946;15.2;6.9
36;2021-03-30;582;263;33568;15209;15.5;7.0
36;2021-03-31;1258;165;34826;15374;16.0;7.1
36;2021-04-01;1083;428;35909;15802;16.5;7.3
36;2021-04-02;964;129;36873;15931;17.0;7.3
36;2021-04-03;282;174;37155;16105;17.1;7.4
36;2021-04-04;42;2;37197;16107;17.1;7.4
36;2021-04-05;15;46;37212;16153;17.1;7.4
36;2021-04-06;820;360;38032;16513;17.5;7.6
36;2021-04-07;1073;536;39105;17049;18.0;7.9
36;2021-04-08;1346;476;40451;17525;18.6;8.1
36;2021-04-09;1936;394;42387;17919;19.5;8.3
36;2021-04-10;593;239;42980;18158;19.8;8.4
36;2021-04-11;256;89;43236;18247;19.9;8.4
36;2021-04-12;849;558;44085;18805;20.3;8.7
36;2021-04-13;1137;516;45222;19321;20.8;8.9
36;2021-04-14;1582;856;46804;20177;21.6;9.3
36;2021-04-15;1652;461;48456;20638;22.3;9.5
36;2021-04-16;1486;466;49942;21104;23.0;9.7
36;2021-04-17;893;245;50835;21349;23.4;9.8
36;2021-04-18;383;7;51218;21356;23.6;9.8
36;2021-04-19;874;440;52092;21796;24.0;10.0
36;2021-04-20;1145;519;53237;22315;24.5;10.3
36;2021-04-21;1240;874;54477;23189;25.1;10.7
36;2021-04-22;1592;860;56069;24049;25.8;11.1
36;2021-04-23;1323;609;57392;24658;26.4;11.4
36;2021-04-24;678;375;58070;25033;26.7;11.5
36;2021-04-25;413;95;58483;25128;26.9;11.6
36;2021-04-26;1133;443;59616;25571;27.5;11.8
36;2021-04-27;1279;546;60895;26117;28.0;12.0
36;2021-04-28;1489;1058;62384;27175;28.7;12.5
36;2021-04-29;2015;698;64399;27873;29.7;12.8
36;2021-04-30;1551;445;65950;28318;30.4;13.0
36;2021-05-01;724;63;66674;28381;30.7;13.1
36;2021-05-02;498;60;67172;28441;30.9;13.1
36;2021-05-03;1292;304;68464;28745;31.5;13.2
36;2021-05-04;779;806;69243;29551;31.9;13.6
36;2021-05-05;1281;1305;70524;30856;32.5;14.2
36;2021-05-06;2135;788;72659;31644;33.5;14.6
36;2021-05-07;1465;764;74124;32408;34.1;14.9
36;2021-05-08;306;103;74430;32511;34.3;15.0
36;2021-05-09;175;343;74605;32854;34.4;15.1
36;2021-05-10;1215;810;75820;33664;34.9;15.5
36;2021-05-11;1721;1237;77541;34901;35.7;16.1
36;2021-05-12;1813;1474;79354;36375;36.5;16.8
36;2021-05-13;548;304;79902;36679;36.8;16.9
36;2021-05-14;698;1036;80600;37715;37.1;17.4
36;2021-05-15;633;588;81233;38303;37.4;17.6
36;2021-05-16;337;377;81570;38680;37.6;17.8
36;2021-05-17;614;943;82184;39623;37.8;18.2
36;2021-05-18;874;938;83058;40561;38.3;18.7
36;2021-05-19;1330;840;84388;41401;38.9;19.1
36;2021-05-20;1609;1208;85997;42609;39.6;19.6
36;2021-05-21;1106;1069;87103;43678;40.1;20.1
36;2021-05-22;677;341;87780;44019;40.4;20.3
36;2021-05-23;425;294;88205;44313;40.6;20.4
36;2021-05-24;505;468;88710;44781;40.9;20.6
36;2021-05-25;1045;685;89755;45466;41.3;20.9
36;2021-05-26;1473;1163;91228;46629;42.0;21.5
36;2021-05-27;1398;974;92626;47603;42.7;21.9
36;2021-05-28;922;1482;93548;49085;43.1;22.6
36;2021-05-29;700;507;94248;49592;43.4;22.8
36;2021-05-30;110;573;94358;50165;43.5;23.1
36;2021-05-31;1137;761;95495;50926;44.0;23.5
36;2021-06-01;1408;823;96903;51749;44.6;23.8
36;2021-06-02;2057;587;98960;52336;45.6;24.1
36;2021-06-03;1889;1172;100849;53508;46.4;24.6
36;2021-06-04;1769;1044;102618;54552;47.3;25.1
36;2021-06-05;690;654;103308;55206;47.6;25.4
36;2021-06-06;336;271;103644;55477;47.7;25.5
36;2021-06-07;981;808;104625;56285;48.2;25.9
36;2021-06-08;956;979;105581;57264;48.6;26.4
36;2021-06-09;1668;1041;107249;58305;49.4;26.9
36;2021-06-10;1528;1357;108777;59662;50.1;27.5
36;2021-06-11;1285;1497;110062;61159;50.7;28.2
36;2021-06-12;917;780;110979;61939;51.1;28.5
36;2021-06-13;342;270;111321;62209;51.3;28.6
36;2021-06-14;604;1269;111925;63478;51.5;29.2
36;2021-06-15;730;1215;112655;64693;51.9;29.8
36;2021-06-16;899;1519;113554;66212;52.3;30.5
36;2021-06-17;746;1905;114300;68117;52.6;31.4
36;2021-06-18;704;1882;115004;69999;53.0;32.2
36;2021-06-19;294;395;115298;70394;53.1;32.4
36;2021-06-20;235;326;115533;70720;53.2;32.6
36;2021-06-21;683;1452;116216;72172;53.5;33.2
36;2021-06-22;839;1552;117055;73724;53.9;34.0
36;2021-06-23;770;1795;117825;75519;54.3;34.8
36;2021-06-24;850;1524;118675;77043;54.7;35.5
36;2021-06-25;938;1221;119613;78264;55.1;36.0
36;2021-06-26;321;602;119934;78866;55.2;36.3
36;2021-06-27;104;267;120038;79133;55.3;36.4
36;2021-06-28;694;929;120732;80062;55.6;36.9
36;2021-06-29;679;1459;121411;81521;55.9;37.5
36;2021-06-30;824;2158;122235;83679;56.3;38.5
36;2021-07-01;350;1086;122585;84765;56.5;39.0
36;2021-07-02;735;1847;123320;86612;56.8;39.9
36;2021-07-03;465;884;123785;87496;57.0;40.3
36;2021-07-04;183;327;123968;87823;57.1;40.4
36;2021-07-05;491;1333;124459;89156;57.3;41.1
36;2021-07-06;491;1215;124950;90371;57.5;41.6
36;2021-07-07;577;1795;125527;92166;57.8;42.4
36;2021-07-08;540;1701;126067;93867;58.1;43.2
36;2021-07-09;776;1651;126843;95518;58.4;44.0
36;2021-07-10;464;1119;127307;96637;58.6;44.5
36;2021-07-11;256;154;127563;96791;58.7;44.6
36;2021-07-12;326;1631;127889;98422;58.9;45.3
36;2021-07-13;308;1938;128197;100360;59.0;46.2
36;2021-07-14;374;760;128571;101120;59.2;46.6
36;2021-07-15;872;2165;129443;103285;59.6;47.6
36;2021-07-16;577;1868;130020;105153;59.9;48.4
36;2021-07-17;394;859;130414;106012;60.1;48.8
36;2021-07-18;193;407;130607;106419;60.1;49.0
37;2020-12-27;0;0;0;0;0.0;0.0
37;2020-12-28;17;0;17;0;0.0;0.0
37;2020-12-29;10;0;27;0;0.0;0.0
37;2020-12-30;0;0;27;0;0.0;0.0
37;2020-12-31;0;0;27;0;0.0;0.0
37;2021-01-01;0;0;27;0;0.0;0.0
37;2021-01-02;0;0;27;0;0.0;0.0
37;2021-01-03;0;0;27;0;0.0;0.0
37;2021-01-04;21;0;48;0;0.0;0.0
37;2021-01-05;47;0;95;0;0.0;0.0
37;2021-01-06;79;0;174;0;0.0;0.0
37;2021-01-07;115;0;289;0;0.0;0.0
37;2021-01-08;442;0;731;0;0.1;0.0
37;2021-01-09;79;0;810;0;0.1;0.0
37;2021-01-10;83;0;893;0;0.1;0.0
37;2021-01-11;280;0;1173;0;0.2;0.0
37;2021-01-12;657;4;1830;4;0.3;0.0
37;2021-01-13;560;1;2390;5;0.4;0.0
37;2021-01-14;521;3;2911;8;0.5;0.0
37;2021-01-15;626;1;3537;9;0.6;0.0
37;2021-01-16;301;2;3838;11;0.6;0.0
37;2021-01-17;261;1;4099;12;0.7;0.0
37;2021-01-18;733;8;4832;20;0.8;0.0
37;2021-01-19;1242;7;6074;27;1.0;0.0
37;2021-01-20;1037;3;7111;30;1.2;0.0
37;2021-01-21;853;0;7964;30;1.3;0.0
37;2021-01-22;765;1;8729;31;1.4;0.0
37;2021-01-23;172;0;8901;31;1.5;0.0
37;2021-01-24;0;0;8901;31;1.5;0.0
37;2021-01-25;535;12;9436;43;1.6;0.0
37;2021-01-26;1812;66;11248;109;1.9;0.0
37;2021-01-27;1520;75;12768;184;2.1;0.0
37;2021-01-28;1527;92;14295;276;2.4;0.0
37;2021-01-29;630;309;14925;585;2.5;0.1
37;2021-01-30;202;64;15127;649;2.5;0.1
37;2021-01-31;15;65;15142;714;2.5;0.1
37;2021-02-01;332;200;15474;914;2.6;0.2
37;2021-02-02;522;530;15996;1444;2.6;0.2
37;2021-02-03;661;354;16657;1798;2.8;0.3
37;2021-02-04;546;411;17203;2209;2.8;0.4
37;2021-02-05;465;443;17668;2652;2.9;0.4
37;2021-02-06;189;2;17857;2654;2.9;0.4
37;2021-02-07;20;1;17877;2655;3.0;0.4
37;2021-02-08;330;329;18207;2984;3.0;0.5
37;2021-02-09;625;723;18832;3707;3.1;0.6
37;2021-02-10;663;513;19495;4220;3.2;0.7
37;2021-02-11;611;560;20106;4780;3.3;0.8
37;2021-02-12;488;553;20594;5333;3.4;0.9
37;2021-02-13;153;207;20747;5540;3.4;0.9
37;2021-02-14;1;71;20748;5611;3.4;0.9
37;2021-02-15;426;486;21174;6097;3.5;1.0
37;2021-02-16;842;1451;22016;7548;3.6;1.2
37;2021-02-17;633;1375;22649;8923;3.7;1.5
37;2021-02-18;896;1416;23545;10339;3.9;1.7
37;2021-02-19;792;841;24337;11180;4.0;1.8
37;2021-02-20;244;212;24581;11392;4.1;1.9
37;2021-02-21;5;1;24586;11393;4.1;1.9
37;2021-02-22;337;569;24923;11962;4.1;2.0
37;2021-02-23;604;628;25527;12590;4.2;2.1
37;2021-02-24;571;619;26098;13209;4.3;2.2
37;2021-02-25;875;613;26973;13822;4.5;2.3
37;2021-02-26;1113;576;28086;14398;4.6;2.4
37;2021-02-27;583;186;28669;14584;4.7;2.4
37;2021-02-28;23;0;28692;14584;4.7;2.4
37;2021-03-01;603;360;29295;14944;4.8;2.5
37;2021-03-02;1090;538;30385;15482;5.0;2.6
37;2021-03-03;970;546;31355;16028;5.2;2.6
37;2021-03-04;1603;475;32958;16503;5.4;2.7
37;2021-03-05;2127;550;35085;17053;5.8;2.8
37;2021-03-06;1165;205;36250;17258;6.0;2.9
37;2021-03-07;471;60;36721;17318;6.1;2.9
37;2021-03-08;664;404;37385;17722;6.2;2.9
37;2021-03-09;1649;698;39034;18420;6.4;3.0
37;2021-03-10;1607;744;40641;19164;6.7;3.2
37;2021-03-11;2045;691;42686;19855;7.1;3.3
37;2021-03-12;3206;458;45892;20313;7.6;3.4
37;2021-03-13;1951;184;47843;20497;7.9;3.4
37;2021-03-14;204;4;48047;20501;7.9;3.4
37;2021-03-15;1064;246;49111;20747;8.1;3.4
37;2021-03-16;1048;525;50159;21272;8.3;3.5
37;2021-03-17;933;276;51092;21548;8.4;3.6
37;2021-03-18;1030;523;52122;22071;8.6;3.6
37;2021-03-19;2215;329;54337;22400;9.0;3.7
37;2021-03-20;1331;135;55668;22535;9.2;3.7
37;2021-03-21;202;4;55870;22539;9.2;3.7
37;2021-03-22;1286;242;57156;22781;9.4;3.8
37;2021-03-23;2251;562;59407;23343;9.8;3.9
37;2021-03-24;2244;455;61651;23798;10.2;3.9
37;2021-03-25;2974;442;64625;24240;10.7;4.0
37;2021-03-26;3523;396;68148;24636;11.3;4.1
37;2021-03-27;1172;121;69320;24757;11.5;4.1
37;2021-03-28;138;1;69458;24758;11.5;4.1
37;2021-03-29;1601;341;71059;25099;11.7;4.1
37;2021-03-30;2521;615;73580;25714;12.2;4.2
37;2021-03-31;2043;480;75623;26194;12.5;4.3
37;2021-04-01;2598;959;78221;27153;12.9;4.5
37;2021-04-02;2812;658;81033;27811;13.4;4.6
37;2021-04-03;816;219;81849;28030;13.5;4.6
37;2021-04-04;101;1;81950;28031;13.5;4.6
37;2021-04-05;3;0;81953;28031;13.5;4.6
37;2021-04-06;2230;776;84183;28807;13.9;4.8
37;2021-04-07;3165;846;87348;29653;14.4;4.9
37;2021-04-08;4036;957;91384;30610;15.1;5.1
37;2021-04-09;4537;929;95921;31539;15.8;5.2
37;2021-04-10;1324;427;97245;31966;16.1;5.3
37;2021-04-11;104;1;97349;31967;16.1;5.3
37;2021-04-12;2637;669;99986;32636;16.5;5.4
37;2021-04-13;4110;1142;104096;33778;17.2;5.6
37;2021-04-14;3041;896;107137;34674;17.7;5.7
37;2021-04-15;3754;1003;110891;35677;18.3;5.9
37;2021-04-16;4353;1201;115244;36878;19.0;6.1
37;2021-04-17;1147;217;116391;37095;19.2;6.1
37;2021-04-18;95;2;116486;37097;19.2;6.1
37;2021-04-19;2479;844;118965;37941;19.7;6.3
37;2021-04-20;3235;1325;122200;39266;20.2;6.5
37;2021-04-21;2930;1147;125130;40413;20.7;6.7
37;2021-04-22;3455;1394;128585;41807;21.2;6.9
37;2021-04-23;3686;1796;132271;43603;21.8;7.2
37;2021-04-24;1004;386;133275;43989;22.0;7.3
37;2021-04-25;44;2;133319;43991;22.0;7.3
37;2021-04-26;2962;1329;136281;45320;22.5;7.5
37;2021-04-27;4180;1799;140461;47119;23.2;7.8
37;2021-04-28;3460;1926;143921;49045;23.8;8.1
37;2021-04-29;4579;2010;148500;51055;24.5;8.4
37;2021-04-30;5054;1975;153554;53030;25.4;8.8
37;2021-05-01;639;209;154193;53239;25.5;8.8
37;2021-05-02;103;14;154296;53253;25.5;8.8
37;2021-05-03;2670;1941;156966;55194;25.9;9.1
37;2021-05-04;3734;2698;160700;57892;26.5;9.6
37;2021-05-05;3495;2078;164195;59970;27.1;9.9
37;2021-05-06;4992;1942;169187;61912;27.9;10.2
37;2021-05-07;4685;2878;173872;64790;28.7;10.7
37;2021-05-08;532;312;174404;65102;28.8;10.8
37;2021-05-09;63;41;174467;65143;28.8;10.8
37;2021-05-10;2162;3489;176629;68632;29.2;11.3
37;2021-05-11;3865;3877;180494;72509;29.8;12.0
37;2021-05-12;4030;2533;184524;75042;30.5;12.4
37;2021-05-13;1134;514;185658;75556;30.7;12.5
37;2021-05-14;4043;2677;189701;78233;31.3;12.9
37;2021-05-15;2321;742;192022;78975;31.7;13.0
37;2021-05-16;22;71;192044;79046;31.7;13.1
37;2021-05-17;2761;2057;194805;81103;32.2;13.4
37;2021-05-18;3872;2353;198677;83456;32.8;13.8
37;2021-05-19;3493;1797;202170;85253;33.4;14.1
37;2021-05-20;4748;1773;206918;87026;34.2;14.4
37;2021-05-21;4527;2564;211445;89590;34.9;14.8
37;2021-05-22;1074;752;212519;90342;35.1;14.9
37;2021-05-23;71;89;212590;90431;35.1;14.9
37;2021-05-24;510;106;213100;90537;35.2;15.0
37;2021-05-25;5118;2173;218218;92710;36.0;15.3
37;2021-05-26;4927;2079;223145;94789;36.9;15.7
37;2021-05-27;5983;2368;229128;97157;37.8;16.0
37;2021-05-28;6022;3260;235150;100417;38.8;16.6
37;2021-05-29;1517;1166;236667;101583;39.1;16.8
37;2021-05-30;55;159;236722;101742;39.1;16.8
37;2021-05-31;3647;2527;240369;104269;39.7;17.2
37;2021-06-01;5841;3615;246210;107884;40.7;17.8
37;2021-06-02;5064;2444;251274;110328;41.5;18.2
37;2021-06-03;6083;2881;257357;113209;42.5;18.7
37;2021-06-04;5503;4200;262860;117409;43.4;19.4
37;2021-06-05;1855;1305;264715;118714;43.7;19.6
37;2021-06-06;49;196;264764;118910;43.7;19.6
37;2021-06-07;3011;4167;267775;123077;44.2;20.3
37;2021-06-08;4179;4659;271954;127736;44.9;21.1
37;2021-06-09;3874;3566;275828;131302;45.6;21.7
37;2021-06-10;5213;3612;281041;134914;46.4;22.3
37;2021-06-11;4969;4824;286010;139738;47.2;23.1
37;2021-06-12;3547;1345;289557;141083;47.8;23.3
37;2021-06-13;15;164;289572;141247;47.8;23.3
37;2021-06-14;2658;4046;292230;145293;48.3;24.0
37;2021-06-15;3889;4766;296119;150059;48.9;24.8
37;2021-06-16;3250;3599;299369;153658;49.5;25.4
37;2021-06-17;3993;4494;303362;158152;50.1;26.1
37;2021-06-18;4688;5076;308050;163228;50.9;27.0
37;2021-06-19;2511;1102;310561;164330;51.3;27.1
37;2021-06-20;7;183;310568;164513;51.3;27.2
37;2021-06-21;2411;3832;312979;168345;51.7;27.8
37;2021-06-22;2954;5024;315933;173369;52.2;28.6
37;2021-06-23;2602;3653;318535;177022;52.6;29.2
37;2021-06-24;2843;3543;321378;180565;53.1;29.8
37;2021-06-25;3282;4883;324660;185448;53.6;30.6
37;2021-06-26;1228;3086;325888;188534;53.8;31.1
37;2021-06-27;23;142;325911;188676;53.8;31.2
37;2021-06-28;1684;4518;327595;193194;54.1;31.9
37;2021-06-29;1878;6229;329473;199423;54.4;32.9
37;2021-06-30;1837;4435;331310;203858;54.7;33.7
37;2021-07-01;2071;4803;333381;208661;55.1;34.5
37;2021-07-02;2659;5582;336040;214243;55.5;35.4
37;2021-07-03;941;2139;336981;216382;55.7;35.7
37;2021-07-04;3;104;336984;216486;55.7;35.8
37;2021-07-05;1665;5146;338649;221632;55.9;36.6
37;2021-07-06;1975;6759;340624;228391;56.3;37.7
37;2021-07-07;1930;5459;342554;233850;56.6;38.6
37;2021-07-08;2433;6660;344987;240510;57.0;39.7
37;2021-07-09;1967;7642;346954;248152;57.3;41.0
37;2021-07-10;1010;2613;347964;250765;57.5;41.4
37;2021-07-11;14;95;347978;250860;57.5;41.4
37;2021-07-12;1116;5980;349094;256840;57.7;42.4
37;2021-07-13;1603;7823;350697;264663;57.9;43.7
37;2021-07-14;522;403;351219;265066;58.0;43.8
37;2021-07-15;2595;7475;353814;272541;58.4;45.0
37;2021-07-16;2723;7787;356537;280328;58.9;46.3
37;2021-07-17;1189;2431;357726;282759;59.1;46.7
37;2021-07-18;50;53;357776;282812;59.1;46.7
38;2020-12-27;0;0;0;0;0.0;0.0
38;2020-12-28;0;0;0;0;0.0;0.0
38;2020-12-29;0;0;0;0;0.0;0.0
38;2020-12-30;0;0;0;0;0.0;0.0
38;2020-12-31;5;0;5;0;0.0;0.0
38;2021-01-01;1;0;6;0;0.0;0.0
38;2021-01-02;0;0;6;0;0.0;0.0
38;2021-01-03;0;0;6;0;0.0;0.0
38;2021-01-04;162;0;168;0;0.0;0.0
38;2021-01-05;257;1;425;1;0.0;0.0
38;2021-01-06;365;0;790;1;0.1;0.0
38;2021-01-07;635;1;1425;2;0.1;0.0
38;2021-01-08;693;0;2118;2;0.2;0.0
38;2021-01-09;30;0;2148;2;0.2;0.0
38;2021-01-10;0;0;2148;2;0.2;0.0
38;2021-01-11;796;2;2944;4;0.2;0.0
38;2021-01-12;1468;2;4412;6;0.3;0.0
38;2021-01-13;1072;4;5484;10;0.4;0.0
38;2021-01-14;1675;15;7159;25;0.6;0.0
38;2021-01-15;1670;7;8829;32;0.7;0.0
38;2021-01-16;307;2;9136;34;0.7;0.0
38;2021-01-17;3;0;9139;34;0.7;0.0
38;2021-01-18;1174;4;10313;38;0.8;0.0
38;2021-01-19;2232;4;12545;42;1.0;0.0
38;2021-01-20;1873;2;14418;44;1.1;0.0
38;2021-01-21;1617;6;16035;50;1.3;0.0
38;2021-01-22;1396;7;17431;57;1.4;0.0
38;2021-01-23;379;1;17810;58;1.4;0.0
38;2021-01-24;1;0;17811;58;1.4;0.0
38;2021-01-25;787;107;18598;165;1.5;0.0
38;2021-01-26;854;183;19452;348;1.5;0.0
38;2021-01-27;1088;278;20540;626;1.6;0.0
38;2021-01-28;1153;479;21693;1105;1.7;0.1
38;2021-01-29;947;380;22640;1485;1.8;0.1
38;2021-01-30;304;1;22944;1486;1.8;0.1
38;2021-01-31;0;0;22944;1486;1.8;0.1
38;2021-02-01;703;598;23647;2084;1.9;0.2
38;2021-02-02;966;965;24613;3049;1.9;0.2
38;2021-02-03;1230;693;25843;3742;2.0;0.3
38;2021-02-04;1277;972;27120;4714;2.1;0.4
38;2021-02-05;1397;847;28517;5561;2.3;0.4
38;2021-02-06;186;95;28703;5656;2.3;0.4
38;2021-02-07;0;48;28703;5704;2.3;0.5
38;2021-02-08;859;797;29562;6501;2.3;0.5
38;2021-02-09;1540;1300;31102;7801;2.5;0.6
38;2021-02-10;1576;1282;32678;9083;2.6;0.7
38;2021-02-11;1867;1149;34545;10232;2.7;0.8
38;2021-02-12;1508;1114;36053;11346;2.9;0.9
38;2021-02-13;467;187;36520;11533;2.9;0.9
38;2021-02-14;1;7;36521;11540;2.9;0.9
38;2021-02-15;975;937;37496;12477;3.0;1.0
38;2021-02-16;1381;971;38877;13448;3.1;1.1
38;2021-02-17;1369;1065;40246;14513;3.2;1.1
38;2021-02-18;1779;1061;42025;15574;3.3;1.2
38;2021-02-19;1253;892;43278;16466;3.4;1.3
38;2021-02-20;471;314;43749;16780;3.5;1.3
38;2021-02-21;0;0;43749;16780;3.5;1.3
38;2021-02-22;1074;908;44823;17688;3.5;1.4
38;2021-02-23;1539;947;46362;18635;3.7;1.5
38;2021-02-24;1728;1135;48090;19770;3.8;1.6
38;2021-02-25;2491;1070;50581;20840;4.0;1.6
38;2021-02-26;3302;965;53883;21805;4.3;1.7
38;2021-02-27;1508;416;55391;22221;4.4;1.8
38;2021-02-28;33;1;55424;22222;4.4;1.8
38;2021-03-01;2471;762;57895;22984;4.6;1.8
38;2021-03-02;4040;1037;61935;24021;4.9;1.9
38;2021-03-03;3335;1204;65270;25225;5.2;2.0
38;2021-03-04;4477;1354;69747;26579;5.5;2.1
38;2021-03-05;5225;1168;74972;27747;5.9;2.2
38;2021-03-06;3040;244;78012;27991;6.2;2.2
38;2021-03-07;112;1;78124;27992;6.2;2.2
38;2021-03-08;2419;890;80543;28882;6.4;2.3
38;2021-03-09;4021;1285;84564;30167;6.7;2.4
38;2021-03-10;3494;1051;88058;31218;7.0;2.5
38;2021-03-11;5137;1490;93195;32708;7.4;2.6
38;2021-03-12;7083;1111;100278;33819;7.9;2.7
38;2021-03-13;3768;186;104046;34005;8.2;2.7
38;2021-03-14;544;10;104590;34015;8.3;2.7
38;2021-03-15;2695;990;107285;35005;8.5;2.8
38;2021-03-16;2077;1370;109362;36375;8.6;2.9
38;2021-03-17;2020;1195;111382;37570;8.8;3.0
38;2021-03-18;2632;1358;114014;38928;9.0;3.1
38;2021-03-19;4001;1048;118015;39976;9.3;3.2
38;2021-03-20;1820;232;119835;40208;9.5;3.2
38;2021-03-21;127;8;119962;40216;9.5;3.2
38;2021-03-22;2858;997;122820;41213;9.7;3.3
38;2021-03-23;4770;1480;127590;42693;10.1;3.4
38;2021-03-24;3708;1567;131298;44260;10.4;3.5
38;2021-03-25;5785;1515;137083;45775;10.8;3.6
38;2021-03-26;6597;1719;143680;47494;11.4;3.8
38;2021-03-27;2509;740;146189;48234;11.6;3.8
38;2021-03-28;923;34;147112;48268;11.6;3.8
38;2021-03-29;2669;1846;149781;50114;11.8;4.0
38;2021-03-30;4559;2525;154340;52639;12.2;4.2
38;2021-03-31;3655;2216;157995;54855;12.5;4.3
38;2021-04-01;5125;2462;163120;57317;12.9;4.5
38;2021-04-02;3860;2505;166980;59822;13.2;4.7
38;2021-04-03;1414;938;168394;60760;13.3;4.8
38;2021-04-04;425;46;168819;60806;13.3;4.8
38;2021-04-05;2169;323;170988;61129;13.5;4.8
38;2021-04-06;4337;2382;175325;63511;13.9;5.0
38;2021-04-07;4409;2714;179734;66225;14.2;5.2
38;2021-04-08;5637;2646;185371;68871;14.7;5.4
38;2021-04-09;8544;2696;193915;71567;15.3;5.7
38;2021-04-10;3595;1454;197510;73021;15.6;5.8
38;2021-04-11;1044;101;198554;73122;15.7;5.8
38;2021-04-12;4189;2244;202743;75366;16.0;6.0
38;2021-04-13;6118;2460;208861;77826;16.5;6.2
38;2021-04-14;5108;2445;213969;80271;16.9;6.3
38;2021-04-15;6354;2733;220323;83004;17.4;6.6
38;2021-04-16;6211;2705;226534;85709;17.9;6.8
38;2021-04-17;2586;980;229120;86689;18.1;6.9
38;2021-04-18;1332;72;230452;86761;18.2;6.9
38;2021-04-19;3937;2808;234389;89569;18.5;7.1
38;2021-04-20;5418;2826;239807;92395;19.0;7.3
38;2021-04-21;4972;2675;244779;95070;19.4;7.5
38;2021-04-22;5769;2805;250548;97875;19.8;7.7
38;2021-04-23;6014;2770;256562;100645;20.3;8.0
38;2021-04-24;2661;1336;259223;101981;20.5;8.1
38;2021-04-25;805;593;260028;102574;20.6;8.1
38;2021-04-26;4476;2445;264504;105019;20.9;8.3
38;2021-04-27;6034;2693;270538;107712;21.4;8.5
38;2021-04-28;6189;2474;276727;110186;21.9;8.7
38;2021-04-29;8324;3019;285051;113205;22.5;8.9
38;2021-04-30;7667;4026;292718;117231;23.1;9.3
38;2021-05-01;1539;195;294257;117426;23.3;9.3
38;2021-05-02;838;72;295095;117498;23.3;9.3
38;2021-05-03;5289;3566;300384;121064;23.7;9.6
38;2021-05-04;6185;5042;306569;126106;24.2;10.0
38;2021-05-05;6056;4572;312625;130678;24.7;10.3
38;2021-05-06;6700;5269;319325;135947;25.2;10.7
38;2021-05-07;7257;6413;326582;142360;25.8;11.3
38;2021-05-08;3684;690;330266;143050;26.1;11.3
38;2021-05-09;2849;1929;333115;144979;26.3;11.5
38;2021-05-10;6146;5275;339261;150254;26.8;11.9
38;2021-05-11;8216;5959;347477;156213;27.5;12.3
38;2021-05-12;9038;4666;356515;160879;28.2;12.7
38;2021-05-13;6625;1406;363140;162285;28.7;12.8
38;2021-05-14;9557;3388;372697;165673;29.5;13.1
38;2021-05-15;6845;1447;379542;167120;30.0;13.2
38;2021-05-16;5472;648;385014;167768;30.4;13.3
38;2021-05-17;7657;2964;392671;170732;31.0;13.5
38;2021-05-18;8611;3982;401282;174714;31.7;13.8
38;2021-05-19;8135;3330;409417;178044;32.4;14.1
38;2021-05-20;8967;4453;418384;182497;33.1;14.4
38;2021-05-21;9947;4564;428331;187061;33.9;14.8
38;2021-05-22;7446;1900;435777;188961;34.4;14.9
38;2021-05-23;5581;576;441358;189537;34.9;15.0
38;2021-05-24;7493;1615;448851;191152;35.5;15.1
38;2021-05-25;9529;4833;458380;195985;36.2;15.5
38;2021-05-26;8104;4703;466484;200688;36.9;15.9
38;2021-05-27;9128;5633;475612;206321;37.6;16.3
38;2021-05-28;8773;6452;484385;212773;38.3;16.8
38;2021-05-29;5812;3259;490197;216032;38.8;17.1
38;2021-05-30;2686;1592;492883;217624;39.0;17.2
38;2021-05-31;8266;5113;501149;222737;39.6;17.6
38;2021-06-01;7913;6408;509062;229145;40.2;18.1
38;2021-06-02;7093;5592;516155;234737;40.8;18.6
38;2021-06-03;7382;6815;523537;241552;41.4;19.1
38;2021-06-04;8097;7602;531634;249154;42.0;19.7
38;2021-06-05;5791;3938;537425;253092;42.5;20.0
38;2021-06-06;2492;1462;539917;254554;42.7;20.1
38;2021-06-07;5540;6850;545457;261404;43.1;20.7
38;2021-06-08;5846;7522;551303;268926;43.6;21.3
38;2021-06-09;4903;6460;556206;275386;44.0;21.8
38;2021-06-10;5328;6780;561534;282166;44.4;22.3
38;2021-06-11;5850;7774;567384;289940;44.9;22.9
38;2021-06-12;3910;3243;571294;293183;45.2;23.2
38;2021-06-13;1228;1305;572522;294488;45.3;23.3
38;2021-06-14;3806;7662;576328;302150;45.6;23.9
38;2021-06-15;5208;8149;581536;310299;46.0;24.5
38;2021-06-16;5092;7393;586628;317692;46.4;25.1
38;2021-06-17;4481;7059;591109;324751;46.7;25.7
38;2021-06-18;5697;9215;596806;333966;47.2;26.4
38;2021-06-19;3584;4964;600390;338930;47.5;26.8
38;2021-06-20;1025;2898;601415;341828;47.5;27.0
38;2021-06-21;3721;8696;605136;350524;47.8;27.7
38;2021-06-22;3613;10102;608749;360626;48.1;28.5
38;2021-06-23;3129;9571;611878;370197;48.4;29.3
38;2021-06-24;3186;8584;615064;378781;48.6;29.9
38;2021-06-25;3733;11495;618797;390276;48.9;30.9
38;2021-06-26;2201;7856;620998;398132;49.1;31.5
38;2021-06-27;1053;4353;622051;402485;49.2;31.8
38;2021-06-28;2588;10315;624639;412800;49.4;32.6
38;2021-06-29;3474;10428;628113;423228;49.7;33.5
38;2021-06-30;3681;9942;631794;433170;49.9;34.2
38;2021-07-01;3162;9006;634956;442176;50.2;35.0
38;2021-07-02;3485;11609;638441;453785;50.5;35.9
38;2021-07-03;1681;8782;640122;462567;50.6;36.6
38;2021-07-04;1188;3197;641310;465764;50.7;36.8
38;2021-07-05;2585;10536;643895;476300;50.9;37.7
38;2021-07-06;3263;10232;647158;486532;51.2;38.5
38;2021-07-07;3284;9396;650442;495928;51.4;39.2
38;2021-07-08;3439;8219;653881;504147;51.7;39.9
38;2021-07-09;3512;10734;657393;514881;52.0;40.7
38;2021-07-10;2331;7788;659724;522669;52.2;41.3
38;2021-07-11;747;2016;660471;524685;52.2;41.5
38;2021-07-12;3351;10645;663822;535330;52.5;42.3
38;2021-07-13;6474;10877;670296;546207;53.0;43.2
38;2021-07-14;4556;3314;674852;549521;53.3;43.4
38;2021-07-15;8545;9597;683397;559118;54.0;44.2
38;2021-07-16;8644;10631;692041;569749;54.7;45.0
38;2021-07-17;4634;7428;696675;577177;55.1;45.6
38;2021-07-18;2543;2460;699218;579637;55.3;45.8
39;2020-12-27;0;0;0;0;0.0;0.0
39;2020-12-28;0;0;0;0;0.0;0.0
39;2020-12-29;0;0;0;0;0.0;0.0
39;2020-12-30;0;0;0;0;0.0;0.0
39;2020-12-31;0;0;0;0;0.0;0.0
39;2021-01-01;0;0;0;0;0.0;0.0
39;2021-01-02;0;0;0;0;0.0;0.0
39;2021-01-03;0;0;0;0;0.0;0.0
39;2021-01-04;3;0;3;0;0.0;0.0
39;2021-01-05;3;0;6;0;0.0;0.0
39;2021-01-06;56;0;62;0;0.0;0.0
39;2021-01-07;330;2;392;2;0.2;0.0
39;2021-01-08;651;1;1043;3;0.4;0.0
39;2021-01-09;169;0;1212;3;0.5;0.0
39;2021-01-10;1;0;1213;3;0.5;0.0
39;2021-01-11;436;1;1649;4;0.6;0.0
39;2021-01-12;431;1;2080;5;0.8;0.0
39;2021-01-13;408;2;2488;7;1.0;0.0
39;2021-01-14;540;3;3028;10;1.2;0.0
39;2021-01-15;470;1;3498;11;1.4;0.0
39;2021-01-16;142;2;3640;13;1.4;0.0
39;2021-01-17;0;1;3640;14;1.4;0.0
39;2021-01-18;924;7;4564;21;1.8;0.0
39;2021-01-19;1181;5;5745;26;2.2;0.0
39;2021-01-20;904;5;6649;31;2.6;0.0
39;2021-01-21;1177;2;7826;33;3.0;0.0
39;2021-01-22;986;1;8812;34;3.4;0.0
39;2021-01-23;382;1;9194;35;3.6;0.0
39;2021-01-24;0;0;9194;35;3.6;0.0
39;2021-01-25;642;1;9836;36;3.8;0.0
39;2021-01-26;1120;11;10956;47;4.2;0.0
39;2021-01-27;923;16;11879;63;4.6;0.0
39;2021-01-28;738;243;12617;306;4.9;0.1
39;2021-01-29;581;422;13198;728;5.1;0.3
39;2021-01-30;265;110;13463;838;5.2;0.3
39;2021-01-31;1;0;13464;838;5.2;0.3
39;2021-02-01;561;262;14025;1100;5.4;0.4
39;2021-02-02;753;322;14778;1422;5.7;0.6
39;2021-02-03;531;515;15309;1937;5.9;0.8
39;2021-02-04;553;462;15862;2399;6.2;0.9
39;2021-02-05;439;431;16301;2830;6.3;1.1
39;2021-02-06;265;109;16566;2939;6.4;1.1
39;2021-02-07;0;1;16566;2940;6.4;1.1
39;2021-02-08;320;371;16886;3311;6.5;1.3
39;2021-02-09;382;485;17268;3796;6.7;1.5
39;2021-02-10;248;334;17516;4130;6.8;1.6
39;2021-02-11;586;509;18102;4639;7.0;1.8
39;2021-02-12;386;415;18488;5054;7.2;2.0
39;2021-02-13;97;67;18585;5121;7.2;2.0
39;2021-02-14;0;0;18585;5121;7.2;2.0
39;2021-02-15;99;760;18684;5881;7.2;2.3
39;2021-02-16;99;910;18783;6791;7.3;2.6
39;2021-02-17;57;695;18840;7486;7.3;2.9
39;2021-02-18;109;860;18949;8346;7.3;3.2
39;2021-02-19;100;486;19049;8832;7.4;3.4
39;2021-02-20;18;365;19067;9197;7.4;3.6
39;2021-02-21;0;0;19067;9197;7.4;3.6
39;2021-02-22;100;731;19167;9928;7.4;3.9
39;2021-02-23;4;765;19171;10693;7.4;4.1
39;2021-02-24;125;872;19296;11565;7.5;4.5
39;2021-02-25;209;751;19505;12316;7.6;4.8
39;2021-02-26;217;467;19722;12783;7.6;5.0
39;2021-02-27;169;298;19891;13081;7.7;5.1
39;2021-02-28;1;0;19892;13081;7.7;5.1
39;2021-03-01;218;639;20110;13720;7.8;5.3
39;2021-03-02;327;825;20437;14545;7.9;5.6
39;2021-03-03;598;521;21035;15066;8.2;5.8
39;2021-03-04;657;472;21692;15538;8.4;6.0
39;2021-03-05;668;326;22360;15864;8.7;6.2
39;2021-03-06;777;238;23137;16102;9.0;6.2
39;2021-03-07;240;77;23377;16179;9.1;6.3
39;2021-03-08;286;439;23663;16618;9.2;6.4
39;2021-03-09;842;452;24505;17070;9.5;6.6
39;2021-03-10;984;332;25489;17402;9.9;6.7
39;2021-03-11;826;458;26315;17860;10.2;6.9
39;2021-03-12;804;283;27119;18143;10.5;7.0
39;2021-03-13;787;98;27906;18241;10.8;7.1
39;2021-03-14;35;10;27941;18251;10.8;7.1
39;2021-03-15;512;86;28453;18337;11.0;7.1
39;2021-03-16;554;60;29007;18397;11.2;7.1
39;2021-03-17;612;51;29619;18448;11.5;7.2
39;2021-03-18;595;59;30214;18507;11.7;7.2
39;2021-03-19;392;70;30606;18577;11.9;7.2
39;2021-03-20;311;8;30917;18585;12.0;7.2
39;2021-03-21;3;0;30920;18585;12.0;7.2
39;2021-03-22;754;110;31674;18695;12.3;7.3
39;2021-03-23;1130;38;32804;18733;12.7;7.3
39;2021-03-24;1177;86;33981;18819;13.2;7.3
39;2021-03-25;2039;104;36020;18923;14.0;7.3
39;2021-03-26;797;109;36817;19032;14.3;7.4
39;2021-03-27;345;4;37162;19036;14.4;7.4
39;2021-03-28;36;4;37198;19040;14.4;7.4
39;2021-03-29;1036;187;38234;19227;14.8;7.5
39;2021-03-30;1400;264;39634;19491;15.4;7.6
39;2021-03-31;658;512;40292;20003;15.6;7.8
39;2021-04-01;1309;300;41601;20303;16.1;7.9
39;2021-04-02;625;127;42226;20430;16.4;7.9
39;2021-04-03;180;6;42406;20436;16.4;7.9
39;2021-04-04;2;1;42408;20437;16.4;7.9
39;2021-04-05;1;0;42409;20437;16.4;7.9
39;2021-04-06;824;628;43233;21065;16.8;8.2
39;2021-04-07;1128;669;44361;21734;17.2;8.4
39;2021-04-08;1783;559;46144;22293;17.9;8.6
39;2021-04-09;1675;279;47819;22572;18.5;8.8
39;2021-04-10;344;178;48163;22750;18.7;8.8
39;2021-04-11;2;0;48165;22750;18.7;8.8
39;2021-04-12;678;392;48843;23142;18.9;9.0
39;2021-04-13;1203;576;50046;23718;19.4;9.2
39;2021-04-14;844;629;50890;24347;19.7;9.4
39;2021-04-15;1480;701;52370;25048;20.3;9.7
39;2021-04-16;1090;169;53460;25217;20.7;9.8
39;2021-04-17;196;58;53656;25275;20.8;9.8
39;2021-04-18;0;0;53656;25275;20.8;9.8
39;2021-04-19;524;699;54180;25974;21.0;10.1
39;2021-04-20;765;537;54945;26511;21.3;10.3
39;2021-04-21;1142;710;56087;27221;21.8;10.6
39;2021-04-22;1012;1132;57099;28353;22.1;11.0
39;2021-04-23;455;357;57554;28710;22.3;11.1
39;2021-04-24;275;147;57829;28857;22.4;11.2
39;2021-04-25;12;2;57841;28859;22.4;11.2
39;2021-04-26;568;1032;58409;29891;22.7;11.6
39;2021-04-27;788;981;59197;30872;23.0;12.0
39;2021-04-28;1717;409;60914;31281;23.6;12.1
39;2021-04-29;2570;957;63484;32238;24.6;12.5
39;2021-04-30;2475;377;65959;32615;25.6;12.6
39;2021-05-01;41;53;66000;32668;25.6;12.7
39;2021-05-02;0;0;66000;32668;25.6;12.7
39;2021-05-03;917;802;66917;33470;26.0;13.0
39;2021-05-04;949;1124;67866;34594;26.3;13.4
39;2021-05-05;1947;884;69813;35478;27.1;13.8
39;2021-05-06;2426;1331;72239;36809;28.0;14.3
39;2021-05-07;1287;570;73526;37379;28.5;14.5
39;2021-05-08;178;54;73704;37433;28.6;14.5
39;2021-05-09;10;5;73714;37438;28.6;14.5
39;2021-05-10;1760;839;75474;38277;29.3;14.8
39;2021-05-11;1772;1511;77246;39788;30.0;15.4
39;2021-05-12;1799;1473;79045;41261;30.7;16.0
39;2021-05-13;246;23;79291;41284;30.8;16.0
39;2021-05-14;2392;325;81683;41609;31.7;16.1
39;2021-05-15;1848;256;83531;41865;32.4;16.2
39;2021-05-16;0;0;83531;41865;32.4;16.2
39;2021-05-17;1990;717;85521;42582;33.2;16.5
39;2021-05-18;1691;1183;87212;43765;33.8;17.0
39;2021-05-19;2496;553;89708;44318;34.8;17.2
39;2021-05-20;2465;752;92173;45070;35.7;17.5
39;2021-05-21;1798;560;93971;45630;36.4;17.7
39;2021-05-22;322;220;94293;45850;36.6;17.8
39;2021-05-23;7;36;94300;45886;36.6;17.8
39;2021-05-24;8;28;94308;45914;36.6;17.8
39;2021-05-25;1726;1195;96034;47109;37.2;18.3
39;2021-05-26;1640;1375;97674;48484;37.9;18.8
39;2021-05-27;1487;1618;99161;50102;38.5;19.4
39;2021-05-28;855;1217;100016;51319;38.8;19.9
39;2021-05-29;259;272;100275;51591;38.9;20.0
39;2021-05-30;2;40;100277;51631;38.9;20.0
39;2021-05-31;1626;1248;101903;52879;39.5;20.5
39;2021-06-01;1891;1315;103794;54194;40.3;21.0
39;2021-06-02;1700;1175;105494;55369;40.9;21.5
39;2021-06-03;1325;1158;106819;56527;41.4;21.9
39;2021-06-04;941;1067;107760;57594;41.8;22.3
39;2021-06-05;765;514;108525;58108;42.1;22.5
39;2021-06-06;1;36;108526;58144;42.1;22.5
39;2021-06-07;2093;913;110619;59057;42.9;22.9
39;2021-06-08;2202;1154;112821;60211;43.8;23.4
39;2021-06-09;1723;1241;114544;61452;44.4;23.8
39;2021-06-10;1612;2085;116156;63537;45.0;24.6
39;2021-06-11;1557;1270;117713;64807;45.7;25.1
39;2021-06-12;1261;346;118974;65153;46.1;25.3
39;2021-06-13;9;17;118983;65170;46.1;25.3
39;2021-06-14;1331;1893;120314;67063;46.7;26.0
39;2021-06-15;1377;1252;121691;68315;47.2;26.5
39;2021-06-16;1152;1540;122843;69855;47.6;27.1
39;2021-06-17;1040;1714;123883;71569;48.0;27.8
39;2021-06-18;1623;1176;125506;72745;48.7;28.2
39;2021-06-19;246;408;125752;73153;48.8;28.4
39;2021-06-20;1;18;125753;73171;48.8;28.4
39;2021-06-21;348;2497;126101;75668;48.9;29.3
39;2021-06-22;798;2294;126899;77962;49.2;30.2
39;2021-06-23;1157;1298;128056;79260;49.7;30.7
39;2021-06-24;718;1048;128774;80308;49.9;31.1
39;2021-06-25;680;2962;129454;83270;50.2;32.3
39;2021-06-26;201;1566;129655;84836;50.3;32.9
39;2021-06-27;0;0;129655;84836;50.3;32.9
39;2021-06-28;298;2749;129953;87585;50.4;34.0
39;2021-06-29;488;2700;130441;90285;50.6;35.0
39;2021-06-30;862;2419;131303;92704;50.9;36.0
39;2021-07-01;599;1938;131902;94642;51.2;36.7
39;2021-07-02;1067;1403;132969;96045;51.6;37.2
39;2021-07-03;537;523;133506;96568;51.8;37.5
39;2021-07-04;1;1;133507;96569;51.8;37.5
39;2021-07-05;575;2586;134082;99155;52.0;38.5
39;2021-07-06;815;1883;134897;101038;52.3;39.2
39;2021-07-07;575;1385;135472;102423;52.5;39.7
39;2021-07-08;689;905;136161;103328;52.8;40.1
39;2021-07-09;1072;1583;137233;104911;53.2;40.7
39;2021-07-10;737;474;137970;105385;53.5;40.9
39;2021-07-11;27;8;137997;105393;53.5;40.9
39;2021-07-12;558;2597;138555;107990;53.7;41.9
39;2021-07-13;1623;2644;140178;110634;54.4;42.9
39;2021-07-14;12;20;140190;110654;54.4;42.9
39;2021-07-15;1891;1833;142081;112487;55.1;43.6
39;2021-07-16;3204;2013;145285;114500;56.3;44.4
39;2021-07-17;2218;1135;147503;115635;57.2;44.8
39;2021-07-18;164;51;147667;115686;57.3;44.9
40;2020-12-27;0;0;0;0;0.0;0.0
40;2020-12-28;0;0;0;0;0.0;0.0
40;2020-12-29;0;0;0;0;0.0;0.0
40;2020-12-30;0;0;0;0;0.0;0.0
40;2020-12-31;0;0;0;0;0.0;0.0
40;2021-01-01;0;0;0;0;0.0;0.0
40;2021-01-02;0;0;0;0;0.0;0.0
40;2021-01-03;0;0;0;0;0.0;0.0
40;2021-01-04;0;0;0;0;0.0;0.0
40;2021-01-05;0;0;0;0;0.0;0.0
40;2021-01-06;1;0;1;0;0.0;0.0
40;2021-01-07;212;0;213;0;0.1;0.0
40;2021-01-08;392;1;605;1;0.1;0.0
40;2021-01-09;0;0;605;1;0.1;0.0
40;2021-01-10;1;0;606;1;0.1;0.0
40;2021-01-11;110;0;716;1;0.2;0.0
40;2021-01-12;0;0;716;1;0.2;0.0
40;2021-01-13;681;0;1397;1;0.3;0.0
40;2021-01-14;901;4;2298;5;0.6;0.0
40;2021-01-15;808;3;3106;8;0.8;0.0
40;2021-01-16;157;0;3263;8;0.8;0.0
40;2021-01-17;0;1;3263;9;0.8;0.0
40;2021-01-18;402;0;3665;9;0.9;0.0
40;2021-01-19;1203;2;4868;11;1.2;0.0
40;2021-01-20;878;2;5746;13;1.4;0.0
40;2021-01-21;1260;2;7006;15;1.7;0.0
40;2021-01-22;809;2;7815;17;1.9;0.0
40;2021-01-23;288;0;8103;17;2.0;0.0
40;2021-01-24;1;0;8104;17;2.0;0.0
40;2021-01-25;393;1;8497;18;2.1;0.0
40;2021-01-26;802;6;9299;24;2.3;0.0
40;2021-01-27;1118;12;10417;36;2.5;0.0
40;2021-01-28;704;118;11121;154;2.7;0.0
40;2021-01-29;602;226;11723;380;2.8;0.1
40;2021-01-30;234;3;11957;383;2.9;0.1
40;2021-01-31;0;0;11957;383;2.9;0.1
40;2021-02-01;357;132;12314;515;3.0;0.1
40;2021-02-02;923;52;13237;567;3.2;0.1
40;2021-02-03;891;296;14128;863;3.4;0.2
40;2021-02-04;1058;604;15186;1467;3.7;0.4
40;2021-02-05;793;421;15979;1888;3.9;0.5
40;2021-02-06;376;84;16355;1972;4.0;0.5
40;2021-02-07;10;0;16365;1972;4.0;0.5
40;2021-02-08;369;123;16734;2095;4.1;0.5
40;2021-02-09;807;540;17541;2635;4.3;0.6
40;2021-02-10;746;471;18287;3106;4.4;0.8
40;2021-02-11;736;684;19023;3790;4.6;0.9
40;2021-02-12;627;642;19650;4432;4.8;1.1
40;2021-02-13;399;94;20049;4526;4.9;1.1
40;2021-02-14;0;0;20049;4526;4.9;1.1
40;2021-02-15;47;386;20096;4912;4.9;1.2
40;2021-02-16;283;594;20379;5506;4.9;1.3
40;2021-02-17;358;896;20737;6402;5.0;1.6
40;2021-02-18;383;695;21120;7097;5.1;1.7
40;2021-02-19;143;646;21263;7743;5.2;1.9
40;2021-02-20;39;95;21302;7838;5.2;1.9
40;2021-02-21;0;66;21302;7904;5.2;1.9
40;2021-02-22;52;565;21354;8469;5.2;2.1
40;2021-02-23;179;835;21533;9304;5.2;2.3
40;2021-02-24;282;687;21815;9991;5.3;2.4
40;2021-02-25;723;995;22538;10986;5.5;2.7
40;2021-02-26;654;635;23192;11621;5.6;2.8
40;2021-02-27;384;102;23576;11723;5.7;2.8
40;2021-02-28;2;0;23578;11723;5.7;2.8
40;2021-03-01;418;509;23996;12232;5.8;3.0
40;2021-03-02;735;1039;24731;13271;6.0;3.2
40;2021-03-03;933;910;25664;14181;6.2;3.4
40;2021-03-04;1298;818;26962;14999;6.5;3.6
40;2021-03-05;1230;744;28192;15743;6.8;3.8
40;2021-03-06;864;391;29056;16134;7.1;3.9
40;2021-03-07;90;9;29146;16143;7.1;3.9
40;2021-03-08;835;500;29981;16643;7.3;4.0
40;2021-03-09;1503;641;31484;17284;7.6;4.2
40;2021-03-10;1746;693;33230;17977;8.1;4.4
40;2021-03-11;1982;687;35212;18664;8.5;4.5
40;2021-03-12;2046;548;37258;19212;9.0;4.7
40;2021-03-13;969;254;38227;19466;9.3;4.7
40;2021-03-14;98;0;38325;19466;9.3;4.7
40;2021-03-15;920;87;39245;19553;9.5;4.7
40;2021-03-16;985;266;40230;19819;9.8;4.8
40;2021-03-17;1570;335;41800;20154;10.1;4.9
40;2021-03-18;1556;329;43356;20483;10.5;5.0
40;2021-03-19;1805;146;45161;20629;11.0;5.0
40;2021-03-20;705;10;45866;20639;11.1;5.0
40;2021-03-21;51;1;45917;20640;11.1;5.0
40;2021-03-22;1171;29;47088;20669;11.4;5.0
40;2021-03-23;2320;163;49408;20832;12.0;5.1
40;2021-03-24;2323;224;51731;21056;12.6;5.1
40;2021-03-25;2759;369;54490;21425;13.2;5.2
40;2021-03-26;3121;202;57611;21627;14.0;5.2
40;2021-03-27;920;43;58531;21670;14.2;5.3
40;2021-03-28;176;47;58707;21717;14.2;5.3
40;2021-03-29;1148;380;59855;22097;14.5;5.4
40;2021-03-30;2295;378;62150;22475;15.1;5.5
40;2021-03-31;1992;294;64142;22769;15.6;5.5
40;2021-04-01;2396;323;66538;23092;16.2;5.6
40;2021-04-02;2359;212;68897;23304;16.7;5.7
40;2021-04-03;741;118;69638;23422;16.9;5.7
40;2021-04-04;362;7;70000;23429;17.0;5.7
40;2021-04-05;522;36;70522;23465;17.1;5.7
40;2021-04-06;2094;801;72616;24266;17.6;5.9
40;2021-04-07;2663;865;75279;25131;18.3;6.1
40;2021-04-08;3054;891;78333;26022;19.0;6.3
40;2021-04-09;3825;588;82158;26610;19.9;6.5
40;2021-04-10;1597;340;83755;26950;20.3;6.5
40;2021-04-11;51;2;83806;26952;20.3;6.5
40;2021-04-12;2174;725;85980;27677;20.9;6.7
40;2021-04-13;2565;1079;88545;28756;21.5;7.0
40;2021-04-14;2569;1364;91114;30120;22.1;7.3
40;2021-04-15;2974;1486;94088;31606;22.8;7.7
40;2021-04-16;2872;1184;96960;32790;23.5;8.0
40;2021-04-17;1461;343;98421;33133;23.9;8.0
40;2021-04-18;55;24;98476;33157;23.9;8.0
40;2021-04-19;1055;1014;99531;34171;24.2;8.3
40;2021-04-20;1616;1739;101147;35910;24.6;8.7
40;2021-04-21;1773;1736;102920;37646;25.0;9.1
40;2021-04-22;2103;1771;105023;39417;25.5;9.6
40;2021-04-23;2156;1386;107179;40803;26.0;9.9
40;2021-04-24;1325;615;108504;41418;26.3;10.1
40;2021-04-25;35;57;108539;41475;26.3;10.1
40;2021-04-26;1247;1132;109786;42607;26.6;10.3
40;2021-04-27;1484;2029;111270;44636;27.0;10.8
40;2021-04-28;2049;1362;113319;45998;27.5;11.2
40;2021-04-29;2602;1893;115921;47891;28.1;11.6
40;2021-04-30;2683;1604;118604;49495;28.8;12.0
40;2021-05-01;1224;775;119828;50270;29.1;12.2
40;2021-05-02;142;321;119970;50591;29.1;12.3
40;2021-05-03;1855;1496;121825;52087;29.6;12.6
40;2021-05-04;1880;2466;123705;54553;30.0;13.2
40;2021-05-05;2186;2669;125891;57222;30.6;13.9
40;2021-05-06;2231;2859;128122;60081;31.1;14.6
40;2021-05-07;1904;3004;130026;63085;31.6;15.3
40;2021-05-08;673;466;130699;63551;31.7;15.4
40;2021-05-09;315;20;131014;63571;31.8;15.4
40;2021-05-10;1399;2052;132413;65623;32.1;15.9
40;2021-05-11;2191;2504;134604;68127;32.7;16.5
40;2021-05-12;2728;1939;137332;70066;33.3;17.0
40;2021-05-13;1980;512;139312;70578;33.8;17.1
40;2021-05-14;2322;1652;141634;72230;34.4;17.5
40;2021-05-15;1338;962;142972;73192;34.7;17.8
40;2021-05-16;435;24;143407;73216;34.8;17.8
40;2021-05-17;2113;1312;145520;74528;35.3;18.1
40;2021-05-18;2506;1410;148026;75938;35.9;18.4
40;2021-05-19;2953;1097;150979;77035;36.6;18.7
40;2021-05-20;3580;1164;154559;78199;37.5;19.0
40;2021-05-21;2922;1328;157481;79527;38.2;19.3
40;2021-05-22;1145;796;158626;80323;38.5;19.5
40;2021-05-23;630;28;159256;80351;38.7;19.5
40;2021-05-24;1208;331;160464;80682;38.9;19.6
40;2021-05-25;2165;1302;162629;81984;39.5;19.9
40;2021-05-26;2612;1557;165241;83541;40.1;20.3
40;2021-05-27;2730;2006;167971;85547;40.8;20.8
40;2021-05-28;2565;2268;170536;87815;41.4;21.3
40;2021-05-29;1541;1250;172077;89065;41.8;21.6
40;2021-05-30;2;52;172079;89117;41.8;21.6
40;2021-05-31;2559;1204;174638;90321;42.4;21.9
40;2021-06-01;3009;1767;177647;92088;43.1;22.4
40;2021-06-02;3160;1981;180807;94069;43.9;22.8
40;2021-06-03;3590;2332;184397;96401;44.8;23.4
40;2021-06-04;3013;2802;187410;99203;45.5;24.1
40;2021-06-05;1775;1392;189185;100595;45.9;24.4
40;2021-06-06;455;78;189640;100673;46.0;24.4
40;2021-06-07;2175;2024;191815;102697;46.6;24.9
40;2021-06-08;2923;2099;194738;104796;47.3;25.4
40;2021-06-09;3196;2255;197934;107051;48.0;26.0
40;2021-06-10;2950;2086;200884;109137;48.8;26.5
40;2021-06-11;3122;2794;204006;111931;49.5;27.2
40;2021-06-12;1957;1636;205963;113567;50.0;27.6
40;2021-06-13;636;160;206599;113727;50.1;27.6
40;2021-06-14;1451;2496;208050;116223;50.5;28.2
40;2021-06-15;2217;2817;210267;119040;51.0;28.9
40;2021-06-16;2586;2451;212853;121491;51.7;29.5
40;2021-06-17;2419;2436;215272;123927;52.3;30.1
40;2021-06-18;2310;2906;217582;126833;52.8;30.8
40;2021-06-19;1788;1227;219370;128060;53.2;31.1
40;2021-06-20;342;276;219712;128336;53.3;31.2
40;2021-06-21;1383;2326;221095;130662;53.7;31.7
40;2021-06-22;1672;3002;222767;133664;54.1;32.4
40;2021-06-23;1589;3352;224356;137016;54.5;33.3
40;2021-06-24;1712;2376;226068;139392;54.9;33.8
40;2021-06-25;1737;3258;227805;142650;55.3;34.6
40;2021-06-26;1320;1713;229125;144363;55.6;35.0
40;2021-06-27;256;355;229381;144718;55.7;35.1
40;2021-06-28;1324;2824;230705;147542;56.0;35.8
40;2021-06-29;1678;3385;232383;150927;56.4;36.6
40;2021-06-30;1749;3632;234132;154559;56.8;37.5
40;2021-07-01;1675;3944;235807;158503;57.2;38.5
40;2021-07-02;1533;3808;237340;162311;57.6;39.4
40;2021-07-03;663;1921;238003;164232;57.8;39.9
40;2021-07-04;216;483;238219;164715;57.8;40.0
40;2021-07-05;1453;3020;239672;167735;58.2;40.7
40;2021-07-06;1734;3609;241406;171344;58.6;41.6
40;2021-07-07;1942;3843;243348;175187;59.1;42.5
40;2021-07-08;2052;3401;245400;178588;59.6;43.3
40;2021-07-09;1872;3936;247272;182524;60.0;44.3
40;2021-07-10;988;2156;248260;184680;60.3;44.8
40;2021-07-11;201;294;248461;184974;60.3;44.9
40;2021-07-12;1196;4040;249657;189014;60.6;45.9
40;2021-07-13;2336;4682;251993;193696;61.2;47.0
40;2021-07-14;2109;2047;254102;195743;61.7;47.5
40;2021-07-15;2766;4849;256868;200592;62.3;48.7
40;2021-07-16;3246;3928;260114;204520;63.1;49.6
40;2021-07-17;2087;2579;262201;207099;63.6;50.3
40;2021-07-18;459;540;262660;207639;63.8;50.4
41;2020-12-27;0;0;0;0;0.0;0.0
41;2020-12-28;0;0;0;0;0.0;0.0
41;2020-12-29;0;0;0;0;0.0;0.0
41;2020-12-30;0;0;0;0;0.0;0.0
41;2020-12-31;0;0;0;0;0.0;0.0
41;2021-01-01;0;0;0;0;0.0;0.0
41;2021-01-02;0;0;0;0;0.0;0.0
41;2021-01-03;0;0;0;0;0.0;0.0
41;2021-01-04;0;0;0;0;0.0;0.0
41;2021-01-05;35;0;35;0;0.0;0.0
41;2021-01-06;72;0;107;0;0.0;0.0
41;2021-01-07;21;0;128;0;0.0;0.0
41;2021-01-08;1;0;129;0;0.0;0.0
41;2021-01-09;0;0;129;0;0.0;0.0
41;2021-01-10;0;0;129;0;0.0;0.0
41;2021-01-11;133;0;262;0;0.1;0.0
41;2021-01-12;321;1;583;1;0.2;0.0
41;2021-01-13;270;0;853;1;0.3;0.0
41;2021-01-14;281;1;1134;2;0.3;0.0
41;2021-01-15;213;1;1347;3;0.4;0.0
41;2021-01-16;0;0;1347;3;0.4;0.0
41;2021-01-17;0;0;1347;3;0.4;0.0
41;2021-01-18;397;0;1744;3;0.5;0.0
41;2021-01-19;856;0;2600;3;0.8;0.0
41;2021-01-20;1055;1;3655;4;1.1;0.0
41;2021-01-21;1565;1;5220;5;1.6;0.0
41;2021-01-22;834;0;6054;5;1.8;0.0
41;2021-01-23;92;0;6146;5;1.9;0.0
41;2021-01-24;0;0;6146;5;1.9;0.0
41;2021-01-25;421;1;6567;6;2.0;0.0
41;2021-01-26;471;0;7038;6;2.1;0.0
41;2021-01-27;437;1;7475;7;2.3;0.0
41;2021-01-28;604;56;8079;63;2.5;0.0
41;2021-01-29;258;30;8337;93;2.5;0.0
41;2021-01-30;0;0;8337;93;2.5;0.0
41;2021-01-31;0;0;8337;93;2.5;0.0
41;2021-02-01;349;149;8686;242;2.6;0.1
41;2021-02-02;470;231;9156;473;2.8;0.1
41;2021-02-03;341;202;9497;675;2.9;0.2
41;2021-02-04;559;154;10056;829;3.1;0.3
41;2021-02-05;329;191;10385;1020;3.2;0.3
41;2021-02-06;4;0;10389;1020;3.2;0.3
41;2021-02-07;1;0;10390;1020;3.2;0.3
41;2021-02-08;306;311;10696;1331;3.3;0.4
41;2021-02-09;597;454;11293;1785;3.4;0.5
41;2021-02-10;486;695;11779;2480;3.6;0.8
41;2021-02-11;1064;1153;12843;3633;3.9;1.1
41;2021-02-12;690;352;13533;3985;4.1;1.2
41;2021-02-13;9;5;13542;3990;4.1;1.2
41;2021-02-14;0;27;13542;4017;4.1;1.2
41;2021-02-15;314;307;13856;4324;4.2;1.3
41;2021-02-16;354;565;14210;4889;4.3;1.5
41;2021-02-17;318;460;14528;5349;4.4;1.6
41;2021-02-18;617;317;15145;5666;4.6;1.7
41;2021-02-19;452;334;15597;6000;4.8;1.8
41;2021-02-20;68;58;15665;6058;4.8;1.8
41;2021-02-21;0;0;15665;6058;4.8;1.8
41;2021-02-22;310;436;15975;6494;4.9;2.0
41;2021-02-23;454;360;16429;6854;5.0;2.1
41;2021-02-24;281;449;16710;7303;5.1;2.2
41;2021-02-25;671;457;17381;7760;5.3;2.4
41;2021-02-26;629;252;18010;8012;5.5;2.4
41;2021-02-27;161;3;18171;8015;5.5;2.4
41;2021-02-28;2;31;18173;8046;5.5;2.5
41;2021-03-01;309;344;18482;8390;5.6;2.6
41;2021-03-02;645;448;19127;8838;5.8;2.7
41;2021-03-03;497;437;19624;9275;6.0;2.8
41;2021-03-04;782;831;20406;10106;6.2;3.1
41;2021-03-05;838;669;21244;10775;6.5;3.3
41;2021-03-06;715;17;21959;10792;6.7;3.3
41;2021-03-07;497;13;22456;10805;6.8;3.3
41;2021-03-08;293;376;22749;11181;6.9;3.4
41;2021-03-09;1042;447;23791;11628;7.3;3.5
41;2021-03-10;721;455;24512;12083;7.5;3.7
41;2021-03-11;1181;679;25693;12762;7.8;3.9
41;2021-03-12;1111;407;26804;13169;8.2;4.0
41;2021-03-13;1220;6;28024;13175;8.5;4.0
41;2021-03-14;392;2;28416;13177;8.7;4.0
41;2021-03-15;795;350;29211;13527;8.9;4.1
41;2021-03-16;1057;402;30268;13929;9.2;4.2
41;2021-03-17;587;240;30855;14169;9.4;4.3
41;2021-03-18;925;406;31780;14575;9.7;4.4
41;2021-03-19;910;331;32690;14906;10.0;4.5
41;2021-03-20;539;14;33229;14920;10.1;4.6
41;2021-03-21;1;0;33230;14920;10.1;4.6
41;2021-03-22;808;265;34038;15185;10.4;4.6
41;2021-03-23;1307;490;35345;15675;10.8;4.8
41;2021-03-24;1231;364;36576;16039;11.2;4.9
41;2021-03-25;2026;431;38602;16470;11.8;5.0
41;2021-03-26;1655;320;40257;16790;12.3;5.1
41;2021-03-27;452;55;40709;16845;12.4;5.1
41;2021-03-28;0;0;40709;16845;12.4;5.1
41;2021-03-29;938;303;41647;17148;12.7;5.2
41;2021-03-30;1497;586;43144;17734;13.2;5.4
41;2021-03-31;1146;454;44290;18188;13.5;5.5
41;2021-04-01;2248;548;46538;18736;14.2;5.7
41;2021-04-02;1241;468;47779;19204;14.6;5.9
41;2021-04-03;320;6;48099;19210;14.7;5.9
41;2021-04-04;36;0;48135;19210;14.7;5.9
41;2021-04-05;139;1;48274;19211;14.7;5.9
41;2021-04-06;1297;620;49571;19831;15.1;6.0
41;2021-04-07;1850;692;51421;20523;15.7;6.3
41;2021-04-08;2290;910;53711;21433;16.4;6.5
41;2021-04-09;2565;598;56276;22031;17.2;6.7
41;2021-04-10;950;495;57226;22526;17.5;6.9
41;2021-04-11;275;376;57501;22902;17.5;7.0
41;2021-04-12;1685;637;59186;23539;18.1;7.2
41;2021-04-13;2261;971;61447;24510;18.7;7.5
41;2021-04-14;1792;544;63239;25054;19.3;7.6
41;2021-04-15;2381;964;65620;26018;20.0;7.9
41;2021-04-16;1929;619;67549;26637;20.6;8.1
41;2021-04-17;647;134;68196;26771;20.8;8.2
41;2021-04-18;5;2;68201;26773;20.8;8.2
41;2021-04-19;1263;677;69464;27450;21.2;8.4
41;2021-04-20;2004;1165;71468;28615;21.8;8.7
41;2021-04-21;1501;881;72969;29496;22.3;9.0
41;2021-04-22;2235;1577;75204;31073;22.9;9.5
41;2021-04-23;1730;1066;76934;32139;23.5;9.8
41;2021-04-24;1542;269;78476;32408;23.9;9.9
41;2021-04-25;1006;17;79482;32425;24.2;9.9
41;2021-04-26;1356;625;80838;33050;24.7;10.1
41;2021-04-27;2093;1036;82931;34086;25.3;10.4
41;2021-04-28;1560;850;84491;34936;25.8;10.7
41;2021-04-29;2208;1374;86699;36310;26.4;11.1
41;2021-04-30;1961;851;88660;37161;27.0;11.3
41;2021-05-01;184;11;88844;37172;27.1;11.3
41;2021-05-02;107;17;88951;37189;27.1;11.3
41;2021-05-03;1866;885;90817;38074;27.7;11.6
41;2021-05-04;2093;1537;92910;39611;28.3;12.1
41;2021-05-05;1880;1187;94790;40798;28.9;12.4
41;2021-05-06;2449;1691;97239;42489;29.7;13.0
41;2021-05-07;2016;1794;99255;44283;30.3;13.5
41;2021-05-08;199;152;99454;44435;30.3;13.6
41;2021-05-09;10;354;99464;44789;30.3;13.7
41;2021-05-10;1586;1553;101050;46342;30.8;14.1
41;2021-05-11;2091;2098;103141;48440;31.5;14.8
41;2021-05-12;1954;1669;105095;50109;32.1;15.3
41;2021-05-13;1484;944;106579;51053;32.5;15.6
41;2021-05-14;1575;1303;108154;52356;33.0;16.0
41;2021-05-15;206;294;108360;52650;33.1;16.1
41;2021-05-16;4;0;108364;52650;33.1;16.1
41;2021-05-17;2483;556;110847;53206;33.8;16.2
41;2021-05-18;3138;1026;113985;54232;34.8;16.5
41;2021-05-19;2553;668;116538;54900;35.5;16.7
41;2021-05-20;3348;1151;119886;56051;36.6;17.1
41;2021-05-21;2721;966;122607;57017;37.4;17.4
41;2021-05-22;396;236;123003;57253;37.5;17.5
41;2021-05-23;6;2;123009;57255;37.5;17.5
41;2021-05-24;2605;146;125614;57401;38.3;17.5
41;2021-05-25;2989;574;128603;57975;39.2;17.7
41;2021-05-26;3035;642;131638;58617;40.2;17.9
41;2021-05-27;3296;1106;134934;59723;41.2;18.2
41;2021-05-28;3143;983;138077;60706;42.1;18.5
41;2021-05-29;2075;427;140152;61133;42.8;18.6
41;2021-05-30;341;21;140493;61154;42.9;18.7
41;2021-05-31;1710;1514;142203;62668;43.4;19.1
41;2021-06-01;2256;2008;144459;64676;44.1;19.7
41;2021-06-02;1831;1289;146290;65965;44.6;20.1
41;2021-06-03;2596;1938;148886;67903;45.4;20.7
41;2021-06-04;2306;1963;151192;69866;46.1;21.3
41;2021-06-05;610;1579;151802;71445;46.3;21.8
41;2021-06-06;108;927;151910;72372;46.3;22.1
41;2021-06-07;1516;1533;153426;73905;46.8;22.5
41;2021-06-08;1711;2411;155137;76316;47.3;23.3
41;2021-06-09;1612;1641;156749;77957;47.8;23.8
41;2021-06-10;1913;1818;158662;79775;48.4;24.3
41;2021-06-11;1571;1797;160233;81572;48.9;24.9
41;2021-06-12;661;649;160894;82221;49.1;25.1
41;2021-06-13;12;77;160906;82298;49.1;25.1
41;2021-06-14;1265;1970;162171;84268;49.5;25.7
41;2021-06-15;1827;2767;163998;87035;50.0;26.5
41;2021-06-16;1722;2311;165720;89346;50.5;27.3
41;2021-06-17;1807;2575;167527;91921;51.1;28.0
41;2021-06-18;1662;2397;169189;94318;51.6;28.8
41;2021-06-19;412;532;169601;94850;51.7;28.9
41;2021-06-20;11;32;169612;94882;51.7;28.9
41;2021-06-21;1323;1785;170935;96667;52.1;29.5
41;2021-06-22;1609;2575;172544;99242;52.6;30.3
41;2021-06-23;1373;2044;173917;101286;53.1;30.9
41;2021-06-24;1477;2325;175394;103611;53.5;31.6
41;2021-06-25;1290;2623;176684;106234;53.9;32.4
41;2021-06-26;432;613;177116;106847;54.0;32.6
41;2021-06-27;0;4;177116;106851;54.0;32.6
41;2021-06-28;403;2713;177519;109564;54.1;33.4
41;2021-06-29;659;3451;178178;113015;54.3;34.5
41;2021-06-30;550;3072;178728;116087;54.5;35.4
41;2021-07-01;764;3114;179492;119201;54.8;36.4
41;2021-07-02;588;3506;180080;122707;54.9;37.4
41;2021-07-03;157;647;180237;123354;55.0;37.6
41;2021-07-04;1;2;180238;123356;55.0;37.6
41;2021-07-05;288;2828;180526;126184;55.1;38.5
41;2021-07-06;664;3639;181190;129823;55.3;39.6
41;2021-07-07;477;3138;181667;132961;55.4;40.6
41;2021-07-08;943;3380;182610;136341;55.7;41.6
41;2021-07-09;528;3643;183138;139984;55.9;42.7
41;2021-07-10;245;2085;183383;142069;55.9;43.3
41;2021-07-11;7;281;183390;142350;55.9;43.4
41;2021-07-12;857;2296;184247;144646;56.2;44.1
41;2021-07-13;1191;3284;185438;147930;56.6;45.1
41;2021-07-14;140;1081;185578;149011;56.6;45.5
41;2021-07-15;1304;3315;186882;152326;57.0;46.5
41;2021-07-16;1086;3392;187968;155718;57.3;47.5
41;2021-07-17;340;805;188308;156523;57.4;47.7
41;2021-07-18;23;32;188331;156555;57.4;47.8
42;2020-12-27;0;0;0;0;0.0;0.0
42;2020-12-28;0;0;0;0;0.0;0.0
42;2020-12-29;0;0;0;0;0.0;0.0
42;2020-12-30;0;0;0;0;0.0;0.0
42;2020-12-31;0;0;0;0;0.0;0.0
42;2021-01-01;0;0;0;0;0.0;0.0
42;2021-01-02;0;0;0;0;0.0;0.0
42;2021-01-03;0;0;0;0;0.0;0.0
42;2021-01-04;0;0;0;0;0.0;0.0
42;2021-01-05;1;0;1;0;0.0;0.0
42;2021-01-06;178;0;179;0;0.0;0.0
42;2021-01-07;254;0;433;0;0.1;0.0
42;2021-01-08;262;1;695;1;0.1;0.0
42;2021-01-09;136;0;831;1;0.1;0.0
42;2021-01-10;0;0;831;1;0.1;0.0
42;2021-01-11;293;2;1124;3;0.1;0.0
42;2021-01-12;412;2;1536;5;0.2;0.0
42;2021-01-13;526;1;2062;6;0.3;0.0
42;2021-01-14;744;4;2806;10;0.4;0.0
42;2021-01-15;704;2;3510;12;0.5;0.0
42;2021-01-16;297;1;3807;13;0.5;0.0
42;2021-01-17;219;0;4026;13;0.5;0.0
42;2021-01-18;967;1;4993;14;0.7;0.0
42;2021-01-19;1323;8;6316;22;0.8;0.0
42;2021-01-20;954;4;7270;26;1.0;0.0
42;2021-01-21;970;4;8240;30;1.1;0.0
42;2021-01-22;990;2;9230;32;1.2;0.0
42;2021-01-23;401;0;9631;32;1.3;0.0
42;2021-01-24;358;0;9989;32;1.3;0.0
42;2021-01-25;1098;9;11087;41;1.4;0.0
42;2021-01-26;1708;19;12795;60;1.7;0.0
42;2021-01-27;1430;123;14225;183;1.9;0.0
42;2021-01-28;1659;138;15884;321;2.1;0.0
42;2021-01-29;943;115;16827;436;2.2;0.1
42;2021-01-30;255;115;17082;551;2.2;0.1
42;2021-01-31;258;1;17340;552;2.3;0.1
42;2021-02-01;726;62;18066;614;2.4;0.1
42;2021-02-02;1741;288;19807;902;2.6;0.1
42;2021-02-03;1503;484;21310;1386;2.8;0.2
42;2021-02-04;1282;609;22592;1995;3.0;0.3
42;2021-02-05;683;525;23275;2520;3.0;0.3
42;2021-02-06;303;147;23578;2667;3.1;0.3
42;2021-02-07;275;152;23853;2819;3.1;0.4
42;2021-02-08;508;627;24361;3446;3.2;0.5
42;2021-02-09;703;799;25064;4245;3.3;0.6
42;2021-02-10;737;688;25801;4933;3.4;0.6
42;2021-02-11;764;672;26565;5605;3.5;0.7
42;2021-02-12;674;748;27239;6353;3.6;0.8
42;2021-02-13;426;299;27665;6652;3.6;0.9
42;2021-02-14;186;229;27851;6881;3.6;0.9
42;2021-02-15;520;816;28371;7697;3.7;1.0
42;2021-02-16;478;1243;28849;8940;3.8;1.2
42;2021-02-17;514;1536;29363;10476;3.8;1.4
42;2021-02-18;754;1375;30117;11851;3.9;1.5
42;2021-02-19;767;1009;30884;12860;4.0;1.7
42;2021-02-20;247;408;31131;13268;4.1;1.7
42;2021-02-21;63;328;31194;13596;4.1;1.8
42;2021-02-22;569;964;31763;14560;4.2;1.9
42;2021-02-23;1196;1412;32959;15972;4.3;2.1
42;2021-02-24;1215;1212;34174;17184;4.5;2.2
42;2021-02-25;1664;1406;35838;18590;4.7;2.4
42;2021-02-26;1641;900;37479;19490;4.9;2.5
42;2021-02-27;580;289;38059;19779;5.0;2.6
42;2021-02-28;167;125;38226;19904;5.0;2.6
42;2021-03-01;814;845;39040;20749;5.1;2.7
42;2021-03-02;1273;805;40313;21554;5.3;2.8
42;2021-03-03;1363;769;41676;22323;5.4;2.9
42;2021-03-04;1703;680;43379;23003;5.7;3.0
42;2021-03-05;2625;632;46004;23635;6.0;3.1
42;2021-03-06;1932;237;47936;23872;6.3;3.1
42;2021-03-07;1493;75;49429;23947;6.5;3.1
42;2021-03-08;1404;496;50833;24443;6.6;3.2
42;2021-03-09;1983;424;52816;24867;6.9;3.3
42;2021-03-10;2053;467;54869;25334;7.2;3.3
42;2021-03-11;3041;566;57910;25900;7.6;3.4
42;2021-03-12;3005;789;60915;26689;8.0;3.5
42;2021-03-13;1477;335;62392;27024;8.2;3.5
42;2021-03-14;471;172;62863;27196;8.2;3.6
42;2021-03-15;1570;583;64433;27779;8.4;3.6
42;2021-03-16;1461;760;65894;28539;8.6;3.7
42;2021-03-17;1714;1037;67608;29576;8.8;3.9
42;2021-03-18;1804;1009;69412;30585;9.1;4.0
42;2021-03-19;2561;651;71973;31236;9.4;4.1
42;2021-03-20;1670;209;73643;31445;9.6;4.1
42;2021-03-21;527;90;74170;31535;9.7;4.1
42;2021-03-22;1426;724;75596;32259;9.9;4.2
42;2021-03-23;2504;817;78100;33076;10.2;4.3
42;2021-03-24;2782;759;80882;33835;10.6;4.4
42;2021-03-25;3719;911;84601;34746;11.1;4.5
42;2021-03-26;3758;751;88359;35497;11.6;4.6
42;2021-03-27;1804;420;90163;35917;11.8;4.7
42;2021-03-28;1040;194;91203;36111;11.9;4.7
42;2021-03-29;2063;904;93266;37015;12.2;4.8
42;2021-03-30;3141;837;96407;37852;12.6;4.9
42;2021-03-31;2439;1032;98846;38884;12.9;5.1
42;2021-04-01;3388;1015;102234;39899;13.4;5.2
42;2021-04-02;2849;1183;105083;41082;13.7;5.4
42;2021-04-03;1414;592;106497;41674;13.9;5.4
42;2021-04-04;1400;375;107897;42049;14.1;5.5
42;2021-04-05;1900;277;109797;42326;14.4;5.5
42;2021-04-06;2292;1381;112089;43707;14.7;5.7
42;2021-04-07;2749;1790;114838;45497;15.0;5.9
42;2021-04-08;4003;1547;118841;47044;15.5;6.2
42;2021-04-09;5116;1473;123957;48517;16.2;6.3
42;2021-04-10;2579;731;126536;49248;16.5;6.4
42;2021-04-11;1953;408;128489;49656;16.8;6.5
42;2021-04-12;3683;1521;132172;51177;17.3;6.7
42;2021-04-13;4650;1767;136822;52944;17.9;6.9
42;2021-04-14;4286;1861;141108;54805;18.5;7.2
42;2021-04-15;4799;1770;145907;56575;19.1;7.4
42;2021-04-16;4613;1840;150520;58415;19.7;7.6
42;2021-04-17;2977;1056;153497;59471;20.1;7.8
42;2021-04-18;1883;409;155380;59880;20.3;7.8
42;2021-04-19;3088;1520;158468;61400;20.7;8.0
42;2021-04-20;3465;1919;161933;63319;21.2;8.3
42;2021-04-21;3468;1730;165401;65049;21.6;8.5
42;2021-04-22;3766;1920;169167;66969;22.1;8.8
42;2021-04-23;3832;1975;172999;68944;22.6;9.0
42;2021-04-24;2355;1490;175354;70434;22.9;9.2
42;2021-04-25;1655;939;177009;71373;23.1;9.3
42;2021-04-26;3273;1710;180282;73083;23.6;9.6
42;2021-04-27;3255;2183;183537;75266;24.0;9.8
42;2021-04-28;3464;2600;187001;77866;24.5;10.2
42;2021-04-29;3771;2785;190772;80651;24.9;10.5
42;2021-04-30;3357;3012;194129;83663;25.4;10.9
42;2021-05-01;2965;1032;197094;84695;25.8;11.1
42;2021-05-02;1933;1247;199027;85942;26.0;11.2
42;2021-05-03;2867;2756;201894;88698;26.4;11.6
42;2021-05-04;3423;3103;205317;91801;26.8;12.0
42;2021-05-05;3321;3378;208638;95179;27.3;12.4
42;2021-05-06;3886;3745;212524;98924;27.8;12.9
42;2021-05-07;3729;4024;216253;102948;28.3;13.5
42;2021-05-08;3164;1052;219417;104000;28.7;13.6
42;2021-05-09;1506;2208;220923;106208;28.9;13.9
42;2021-05-10;3246;3812;224169;110020;29.3;14.4
42;2021-05-11;5574;3897;229743;113917;30.0;14.9
42;2021-05-12;5337;3556;235080;117473;30.7;15.4
42;2021-05-13;5455;1123;240535;118596;31.5;15.5
42;2021-05-14;5245;2913;245780;121509;32.1;15.9
42;2021-05-15;4878;2104;250658;123613;32.8;16.2
42;2021-05-16;2868;1036;253526;124649;33.2;16.3
42;2021-05-17;5885;2830;259411;127479;33.9;16.7
42;2021-05-18;6250;2973;265661;130452;34.7;17.1
42;2021-05-19;6522;2744;272183;133196;35.6;17.4
42;2021-05-20;7107;2878;279290;136074;36.5;17.8
42;2021-05-21;6351;3253;285641;139327;37.4;18.2
42;2021-05-22;5838;2119;291479;141446;38.1;18.5
42;2021-05-23;2831;865;294310;142311;38.5;18.6
42;2021-05-24;5247;1407;299557;143718;39.2;18.8
42;2021-05-25;5150;3941;304707;147659;39.8;19.3
42;2021-05-26;5148;3435;309855;151094;40.5;19.8
42;2021-05-27;5361;3625;315216;154719;41.2;20.2
42;2021-05-28;5038;4191;320254;158910;41.9;20.8
42;2021-05-29;4333;2976;324587;161886;42.4;21.2
42;2021-05-30;1979;1209;326566;163095;42.7;21.3
42;2021-05-31;4237;3421;330803;166516;43.3;21.8
42;2021-06-01;4591;3566;335394;170082;43.9;22.2
42;2021-06-02;4460;2992;339854;173074;44.4;22.6
42;2021-06-03;4921;3830;344775;176904;45.1;23.1
42;2021-06-04;4764;4209;349539;181113;45.7;23.7
42;2021-06-05;3684;2421;353223;183534;46.2;24.0
42;2021-06-06;1445;1292;354668;184826;46.4;24.2
42;2021-06-07;3974;3368;358642;188194;46.9;24.6
42;2021-06-08;3452;3229;362094;191423;47.3;25.0
42;2021-06-09;2944;3191;365038;194614;47.7;25.4
42;2021-06-10;3229;2922;368267;197536;48.2;25.8
42;2021-06-11;3576;4117;371843;201653;48.6;26.4
42;2021-06-12;2844;2869;374687;204522;49.0;26.7
42;2021-06-13;941;1273;375628;205795;49.1;26.9
42;2021-06-14;2298;4066;377926;209861;49.4;27.4
42;2021-06-15;2818;4058;380744;213919;49.8;28.0
42;2021-06-16;2890;3544;383634;217463;50.2;28.4
42;2021-06-17;2628;3744;386262;221207;50.5;28.9
42;2021-06-18;3077;5148;389339;226355;50.9;29.6
42;2021-06-19;2827;4244;392166;230599;51.3;30.2
42;2021-06-20;854;1841;393020;232440;51.4;30.4
42;2021-06-21;1892;6280;394912;238720;51.6;31.2
42;2021-06-22;1860;5910;396772;244630;51.9;32.0
42;2021-06-23;1829;5324;398601;249954;52.1;32.7
42;2021-06-24;1772;4682;400373;254636;52.4;33.3
42;2021-06-25;2017;6959;402390;261595;52.6;34.2
42;2021-06-26;1389;5822;403779;267417;52.8;35.0
42;2021-06-27;755;2856;404534;270273;52.9;35.3
42;2021-06-28;1718;7065;406252;277338;53.1;36.3
42;2021-06-29;1515;6566;407767;283904;53.3;37.1
42;2021-06-30;1937;5766;409704;289670;53.6;37.9
42;2021-07-01;1756;5111;411460;294781;53.8;38.5
42;2021-07-02;2022;6740;413482;301521;54.1;39.4
42;2021-07-03;1738;5969;415220;307490;54.3;40.2
42;2021-07-04;847;2508;416067;309998;54.4;40.5
42;2021-07-05;1697;6288;417764;316286;54.6;41.4
42;2021-07-06;2098;5567;419862;321853;54.9;42.1
42;2021-07-07;2306;4653;422168;326506;55.2;42.7
42;2021-07-08;2259;3948;424427;330454;55.5;43.2
42;2021-07-09;2355;6088;426782;336542;55.8;44.0
42;2021-07-10;1689;5576;428471;342118;56.0;44.7
42;2021-07-11;916;2290;429387;344408;56.1;45.0
42;2021-07-12;1751;6274;431138;350682;56.4;45.9
42;2021-07-13;3574;6263;434712;356945;56.8;46.7
42;2021-07-14;4459;2030;439171;358975;57.4;46.9
42;2021-07-15;4513;5589;443684;364564;58.0;47.7
42;2021-07-16;4312;6159;447996;370723;58.6;48.5
42;2021-07-17;3158;4672;451154;375395;59.0;49.1
42;2021-07-18;1786;1718;452940;377113;59.2;49.3
43;2020-12-27;0;0;0;0;0.0;0.0
43;2020-12-28;0;0;0;0;0.0;0.0
43;2020-12-29;0;0;0;0;0.0;0.0
43;2020-12-30;0;0;0;0;0.0;0.0
43;2020-12-31;0;0;0;0;0.0;0.0
43;2021-01-01;0;0;0;0;0.0;0.0
43;2021-01-02;0;0;0;0;0.0;0.0
43;2021-01-03;0;0;0;0;0.0;0.0
43;2021-01-04;1;0;1;0;0.0;0.0
43;2021-01-05;0;0;1;0;0.0;0.0
43;2021-01-06;0;0;1;0;0.0;0.0
43;2021-01-07;167;0;168;0;0.1;0.0
43;2021-01-08;151;0;319;0;0.1;0.0
43;2021-01-09;0;0;319;0;0.1;0.0
43;2021-01-10;0;0;319;0;0.1;0.0
43;2021-01-11;137;0;456;0;0.2;0.0
43;2021-01-12;244;1;700;1;0.3;0.0
43;2021-01-13;244;1;944;2;0.4;0.0
43;2021-01-14;293;1;1237;3;0.5;0.0
43;2021-01-15;303;2;1540;5;0.7;0.0
43;2021-01-16;32;0;1572;5;0.7;0.0
43;2021-01-17;0;0;1572;5;0.7;0.0
43;2021-01-18;760;5;2332;10;1.0;0.0
43;2021-01-19;777;4;3109;14;1.4;0.0
43;2021-01-20;516;0;3625;14;1.6;0.0
43;2021-01-21;446;1;4071;15;1.8;0.0
43;2021-01-22;465;8;4536;23;2.0;0.0
43;2021-01-23;1;0;4537;23;2.0;0.0
43;2021-01-24;1;0;4538;23;2.0;0.0
43;2021-01-25;539;0;5077;23;2.2;0.0
43;2021-01-26;615;2;5692;25;2.5;0.0
43;2021-01-27;740;0;6432;25;2.8;0.0
43;2021-01-28;747;32;7179;57;3.2;0.0
43;2021-01-29;719;85;7898;142;3.5;0.1
43;2021-01-30;109;0;8007;142;3.5;0.1
43;2021-01-31;0;0;8007;142;3.5;0.1
43;2021-02-01;403;100;8410;242;3.7;0.1
43;2021-02-02;709;151;9119;393;4.0;0.2
43;2021-02-03;691;43;9810;436;4.3;0.2
43;2021-02-04;523;174;10333;610;4.6;0.3
43;2021-02-05;543;172;10876;782;4.8;0.3
43;2021-02-06;163;19;11039;801;4.9;0.4
43;2021-02-07;0;0;11039;801;4.9;0.4
43;2021-02-08;411;303;11450;1104;5.0;0.5
43;2021-02-09;369;440;11819;1544;5.2;0.7
43;2021-02-10;399;361;12218;1905;5.4;0.8
43;2021-02-11;390;394;12608;2299;5.6;1.0
43;2021-02-12;426;200;13034;2499;5.7;1.1
43;2021-02-13;572;31;13606;2530;6.0;1.1
43;2021-02-14;0;0;13606;2530;6.0;1.1
43;2021-02-15;68;480;13674;3010;6.0;1.3
43;2021-02-16;41;374;13715;3384;6.0;1.5
43;2021-02-17;87;483;13802;3867;6.1;1.7
43;2021-02-18;147;381;13949;4248;6.1;1.9
43;2021-02-19;275;506;14224;4754;6.3;2.1
43;2021-02-20;22;4;14246;4758;6.3;2.1
43;2021-02-21;0;0;14246;4758;6.3;2.1
43;2021-02-22;16;504;14262;5262;6.3;2.3
43;2021-02-23;202;797;14464;6059;6.4;2.7
43;2021-02-24;147;715;14611;6774;6.4;3.0
43;2021-02-25;227;682;14838;7456;6.5;3.3
43;2021-02-26;222;683;15060;8139;6.6;3.6
43;2021-02-27;138;74;15198;8213;6.7;3.6
43;2021-02-28;1;0;15199;8213;6.7;3.6
43;2021-03-01;210;478;15409;8691;6.8;3.8
43;2021-03-02;341;577;15750;9268;6.9;4.1
43;2021-03-03;337;611;16087;9879;7.1;4.4
43;2021-03-04;551;457;16638;10336;7.3;4.6
43;2021-03-05;566;447;17204;10783;7.6;4.8
43;2021-03-06;489;175;17693;10958;7.8;4.8
43;2021-03-07;12;0;17705;10958;7.8;4.8
43;2021-03-08;445;438;18150;11396;8.0;5.0
43;2021-03-09;621;344;18771;11740;8.3;5.2
43;2021-03-10;673;486;19444;12226;8.6;5.4
43;2021-03-11;953;433;20397;12659;9.0;5.6
43;2021-03-12;946;413;21343;13072;9.4;5.8
43;2021-03-13;792;107;22135;13179;9.8;5.8
43;2021-03-14;2;0;22137;13179;9.8;5.8
43;2021-03-15;706;137;22843;13316;10.1;5.9
43;2021-03-16;845;272;23688;13588;10.4;6.0
43;2021-03-17;638;126;24326;13714;10.7;6.0
43;2021-03-18;675;125;25001;13839;11.0;6.1
43;2021-03-19;838;94;25839;13933;11.4;6.1
43;2021-03-20;450;59;26289;13992;11.6;6.2
43;2021-03-21;0;0;26289;13992;11.6;6.2
43;2021-03-22;743;28;27032;14020;11.9;6.2
43;2021-03-23;869;29;27901;14049;12.3;6.2
43;2021-03-24;1172;62;29073;14111;12.8;6.2
43;2021-03-25;1594;130;30667;14241;13.5;6.3
43;2021-03-26;1609;165;32276;14406;14.2;6.3
43;2021-03-27;1448;63;33724;14469;14.9;6.4
43;2021-03-28;420;20;34144;14489;15.0;6.4
43;2021-03-29;1094;160;35238;14649;15.5;6.5
43;2021-03-30;1312;231;36550;14880;16.1;6.6
43;2021-03-31;1305;235;37855;15115;16.7;6.7
43;2021-04-01;1345;327;39200;15442;17.3;6.8
43;2021-04-02;1050;338;40250;15780;17.7;7.0
43;2021-04-03;337;192;40587;15972;17.9;7.0
43;2021-04-04;0;0;40587;15972;17.9;7.0
43;2021-04-05;3;0;40590;15972;17.9;7.0
43;2021-04-06;686;601;41276;16573;18.2;7.3
43;2021-04-07;867;567;42143;17140;18.6;7.6
43;2021-04-08;1084;447;43227;17587;19.1;7.8
43;2021-04-09;1148;644;44375;18231;19.6;8.0
43;2021-04-10;624;259;44999;18490;19.8;8.1
43;2021-04-11;0;0;44999;18490;19.8;8.1
43;2021-04-12;681;645;45680;19135;20.1;8.4
43;2021-04-13;917;716;46597;19851;20.5;8.7
43;2021-04-14;722;660;47319;20511;20.9;9.0
43;2021-04-15;958;690;48277;21201;21.3;9.3
43;2021-04-16;1006;680;49283;21881;21.7;9.6
43;2021-04-17;423;299;49706;22180;21.9;9.8
43;2021-04-18;3;5;49709;22185;21.9;9.8
43;2021-04-19;629;558;50338;22743;22.2;10.0
43;2021-04-20;839;661;51177;23404;22.6;10.3
43;2021-04-21;320;987;51497;24391;22.7;10.7
43;2021-04-22;678;1007;52175;25398;23.0;11.2
43;2021-04-23;402;1094;52577;26492;23.2;11.7
43;2021-04-24;347;1033;52924;27525;23.3;12.1
43;2021-04-25;23;403;52947;27928;23.3;12.3
43;2021-04-26;383;966;53330;28894;23.5;12.7
43;2021-04-27;823;988;54153;29882;23.9;13.2
43;2021-04-28;794;1099;54947;30981;24.2;13.7
43;2021-04-29;1235;1133;56182;32114;24.8;14.2
43;2021-04-30;1199;1059;57381;33173;25.3;14.6
43;2021-05-01;400;17;57781;33190;25.5;14.6
43;2021-05-02;0;0;57781;33190;25.5;14.6
43;2021-05-03;1216;394;58997;33584;26.0;14.8
43;2021-05-04;1236;944;60233;34528;26.5;15.2
43;2021-05-05;1144;846;61377;35374;27.1;15.6
43;2021-05-06;1403;935;62780;36309;27.7;16.0
43;2021-05-07;1089;1164;63869;37473;28.1;16.5
43;2021-05-08;517;136;64386;37609;28.4;16.6
43;2021-05-09;0;2;64386;37611;28.4;16.6
43;2021-05-10;1084;717;65470;38328;28.9;16.9
43;2021-05-11;1554;1001;67024;39329;29.5;17.3
43;2021-05-12;1480;806;68504;40135;30.2;17.7
43;2021-05-13;935;379;69439;40514;30.6;17.9
43;2021-05-14;2202;1093;71641;41607;31.6;18.3
43;2021-05-15;1269;317;72910;41924;32.1;18.5
43;2021-05-16;271;47;73181;41971;32.3;18.5
43;2021-05-17;1621;621;74802;42592;33.0;18.8
43;2021-05-18;1966;665;76768;43257;33.8;19.1
43;2021-05-19;2069;566;78837;43823;34.7;19.3
43;2021-05-20;2336;793;81173;44616;35.8;19.7
43;2021-05-21;2381;702;83554;45318;36.8;20.0
43;2021-05-22;1207;336;84761;45654;37.4;20.1
43;2021-05-23;1;0;84762;45654;37.4;20.1
43;2021-05-24;381;100;85143;45754;37.5;20.2
43;2021-05-25;1406;651;86549;46405;38.1;20.5
43;2021-05-26;1349;555;87898;46960;38.7;20.7
43;2021-05-27;1389;710;89287;47670;39.4;21.0
43;2021-05-28;1347;730;90634;48400;39.9;21.3
43;2021-05-29;1135;596;91769;48996;40.4;21.6
43;2021-05-30;149;16;91918;49012;40.5;21.6
43;2021-05-31;1207;443;93125;49455;41.0;21.8
43;2021-06-01;1279;979;94404;50434;41.6;22.2
43;2021-06-02;1085;691;95489;51125;42.1;22.5
43;2021-06-03;1194;856;96683;51981;42.6;22.9
43;2021-06-04;1348;859;98031;52840;43.2;23.3
43;2021-06-05;822;450;98853;53290;43.6;23.5
43;2021-06-06;10;5;98863;53295;43.6;23.5
43;2021-06-07;746;514;99609;53809;43.9;23.7
43;2021-06-08;664;701;100273;54510;44.2;24.0
43;2021-06-09;539;760;100812;55270;44.4;24.4
43;2021-06-10;800;1113;101612;56383;44.8;24.8
43;2021-06-11;757;1346;102369;57729;45.1;25.4
43;2021-06-12;910;514;103279;58243;45.5;25.7
43;2021-06-13;3;27;103282;58270;45.5;25.7
43;2021-06-14;446;1087;103728;59357;45.7;26.2
43;2021-06-15;628;1191;104356;60548;46.0;26.7
43;2021-06-16;548;975;104904;61523;46.2;27.1
43;2021-06-17;595;1497;105499;63020;46.5;27.8
43;2021-06-18;898;1461;106397;64481;46.9;28.4
43;2021-06-19;447;778;106844;65259;47.1;28.8
43;2021-06-20;0;12;106844;65271;47.1;28.8
43;2021-06-21;422;1311;107266;66582;47.3;29.3
43;2021-06-22;530;1961;107796;68543;47.5;30.2
43;2021-06-23;342;1748;108138;70291;47.7;31.0
43;2021-06-24;506;1495;108644;71786;47.9;31.6
43;2021-06-25;592;2349;109236;74135;48.1;32.7
43;2021-06-26;504;1247;109740;75382;48.4;33.2
43;2021-06-27;9;20;109749;75402;48.4;33.2
43;2021-06-28;329;1790;110078;77192;48.5;34.0
43;2021-06-29;518;2382;110596;79574;48.7;35.1
43;2021-06-30;452;2281;111048;81855;48.9;36.1
43;2021-07-01;469;1913;111517;83768;49.1;36.9
43;2021-07-02;495;1961;112012;85729;49.4;37.8
43;2021-07-03;256;1109;112268;86838;49.5;38.3
43;2021-07-04;0;0;112268;86838;49.5;38.3
43;2021-07-05;523;1199;112791;88037;49.7;38.8
43;2021-07-06;629;1679;113420;89716;50.0;39.5
43;2021-07-07;519;1419;113939;91135;50.2;40.2
43;2021-07-08;834;1422;114773;92557;50.6;40.8
43;2021-07-09;544;1498;115317;94055;50.8;41.5
43;2021-07-10;400;1329;115717;95384;51.0;42.0
43;2021-07-11;23;98;115740;95482;51.0;42.1
43;2021-07-12;601;1684;116341;97166;51.3;42.8
43;2021-07-13;1181;1836;117522;99002;51.8;43.6
43;2021-07-14;843;145;118365;99147;52.2;43.7
43;2021-07-15;1923;1823;120288;100970;53.0;44.5
43;2021-07-16;1746;1609;122034;102579;53.8;45.2
43;2021-07-17;1525;1185;123559;103764;54.5;45.7
43;2021-07-18;4;19;123563;103783;54.5;45.7
44;2020-12-27;0;0;0;0;0.0;0.0
44;2020-12-28;0;0;0;0;0.0;0.0
44;2020-12-29;0;0;0;0;0.0;0.0
44;2020-12-30;1;0;1;0;0.0;0.0
44;2020-12-31;0;0;1;0;0.0;0.0
44;2021-01-01;0;0;1;0;0.0;0.0
44;2021-01-02;0;0;1;0;0.0;0.0
44;2021-01-03;1;0;2;0;0.0;0.0
44;2021-01-04;0;0;2;0;0.0;0.0
44;2021-01-05;0;0;2;0;0.0;0.0
44;2021-01-06;20;0;22;0;0.0;0.0
44;2021-01-07;186;0;208;0;0.0;0.0
44;2021-01-08;527;1;735;1;0.1;0.0
44;2021-01-09;473;0;1208;1;0.1;0.0
44;2021-01-10;455;1;1663;2;0.1;0.0
44;2021-01-11;801;0;2464;2;0.2;0.0
44;2021-01-12;904;1;3368;3;0.2;0.0
44;2021-01-13;1087;1;4455;4;0.3;0.0
44;2021-01-14;1109;8;5564;12;0.4;0.0
44;2021-01-15;987;1;6551;13;0.5;0.0
44;2021-01-16;335;2;6886;15;0.5;0.0
44;2021-01-17;327;1;7213;16;0.5;0.0
44;2021-01-18;855;3;8068;19;0.6;0.0
44;2021-01-19;2565;3;10633;22;0.7;0.0
44;2021-01-20;2711;4;13344;26;0.9;0.0
44;2021-01-21;4526;2;17870;28;1.2;0.0
44;2021-01-22;2414;4;20284;32;1.4;0.0
44;2021-01-23;762;1;21046;33;1.5;0.0
44;2021-01-24;119;0;21165;33;1.5;0.0
44;2021-01-25;829;0;21994;33;1.5;0.0
44;2021-01-26;2521;18;24515;51;1.7;0.0
44;2021-01-27;2086;61;26601;112;1.9;0.0
44;2021-01-28;3727;191;30328;303;2.1;0.0
44;2021-01-29;2366;491;32694;794;2.3;0.1
44;2021-01-30;627;217;33321;1011;2.3;0.1
44;2021-01-31;14;215;33335;1226;2.3;0.1
44;2021-02-01;591;547;33926;1773;2.4;0.1
44;2021-02-02;877;763;34803;2536;2.4;0.2
44;2021-02-03;889;901;35692;3437;2.5;0.2
44;2021-02-04;934;724;36626;4161;2.5;0.3
44;2021-02-05;893;631;37519;4792;2.6;0.3
44;2021-02-06;462;269;37981;5061;2.6;0.4
44;2021-02-07;72;208;38053;5269;2.6;0.4
44;2021-02-08;522;462;38575;5731;2.7;0.4
44;2021-02-09;945;1255;39520;6986;2.7;0.5
44;2021-02-10;1129;1314;40649;8300;2.8;0.6
44;2021-02-11;2281;3007;42930;11307;3.0;0.8
44;2021-02-12;1661;1734;44591;13041;3.1;0.9
44;2021-02-13;431;517;45022;13558;3.1;0.9
44;2021-02-14;10;180;45032;13738;3.1;1.0
44;2021-02-15;503;1103;45535;14841;3.2;1.0
44;2021-02-16;1441;2570;46976;17411;3.3;1.2
44;2021-02-17;1102;2165;48078;19576;3.3;1.4
44;2021-02-18;1945;3713;50023;23289;3.5;1.6
44;2021-02-19;1579;2540;51602;25829;3.6;1.8
44;2021-02-20;406;650;52008;26479;3.6;1.8
44;2021-02-21;6;178;52014;26657;3.6;1.9
44;2021-02-22;706;838;52720;27495;3.7;1.9
44;2021-02-23;1239;1130;53959;28625;3.8;2.0
44;2021-02-24;1215;1094;55174;29719;3.8;2.1
44;2021-02-25;2431;1084;57605;30803;4.0;2.1
44;2021-02-26;2289;969;59894;31772;4.2;2.2
44;2021-02-27;974;452;60868;32224;4.2;2.2
44;2021-02-28;6;32;60874;32256;4.2;2.2
44;2021-03-01;986;558;61860;32814;4.3;2.3
44;2021-03-02;1797;1054;63657;33868;4.4;2.4
44;2021-03-03;1849;1133;65506;35001;4.6;2.4
44;2021-03-04;2874;1558;68380;36559;4.8;2.5
44;2021-03-05;3471;1320;71851;37879;5.0;2.6
44;2021-03-06;2500;494;74351;38373;5.2;2.7
44;2021-03-07;986;79;75337;38452;5.2;2.7
44;2021-03-08;1784;607;77121;39059;5.4;2.7
44;2021-03-09;3350;1144;80471;40203;5.6;2.8
44;2021-03-10;3076;1102;83547;41305;5.8;2.9
44;2021-03-11;4425;1777;87972;43082;6.1;3.0
44;2021-03-12;5885;1270;93857;44352;6.5;3.1
44;2021-03-13;3623;291;97480;44643;6.8;3.1
44;2021-03-14;426;62;97906;44705;6.8;3.1
44;2021-03-15;2683;353;100589;45058;7.0;3.1
44;2021-03-16;2141;626;102730;45684;7.1;3.2
44;2021-03-17;1958;674;104688;46358;7.3;3.2
44;2021-03-18;2160;631;106848;46989;7.4;3.3
44;2021-03-19;3766;355;110614;47344;7.7;3.3
44;2021-03-20;3208;281;113822;47625;7.9;3.3
44;2021-03-21;908;16;114730;47641;8.0;3.3
44;2021-03-22;2460;430;117190;48071;8.2;3.3
44;2021-03-23;3956;695;121146;48766;8.4;3.4
44;2021-03-24;4300;617;125446;49383;8.7;3.4
44;2021-03-25;5605;912;131051;50295;9.1;3.5
44;2021-03-26;6494;746;137545;51041;9.6;3.6
44;2021-03-27;3210;419;140755;51460;9.8;3.6
44;2021-03-28;1241;34;141996;51494;9.9;3.6
44;2021-03-29;3114;783;145110;52277;10.1;3.6
44;2021-03-30;5125;1098;150235;53375;10.5;3.7
44;2021-03-31;4607;1311;154842;54686;10.8;3.8
44;2021-04-01;6126;980;160968;55666;11.2;3.9
44;2021-04-02;5790;943;166758;56609;11.6;3.9
44;2021-04-03;2434;650;169192;57259;11.8;4.0
44;2021-04-04;665;19;169857;57278;11.8;4.0
44;2021-04-05;685;284;170542;57562;11.9;4.0
44;2021-04-06;4196;1363;174738;58925;12.2;4.1
44;2021-04-07;5066;1636;179804;60561;12.5;4.2
44;2021-04-08;7173;1635;186977;62196;13.0;4.3
44;2021-04-09;10049;1768;197026;63964;13.7;4.5
44;2021-04-10;4554;1434;201580;65398;14.0;4.6
44;2021-04-11;2139;417;203719;65815;14.2;4.6
44;2021-04-12;5457;1576;209176;67391;14.6;4.7
44;2021-04-13;6717;2234;215893;69625;15.0;4.8
44;2021-04-14;5900;2221;221793;71846;15.4;5.0
44;2021-04-15;6699;2189;228492;74035;15.9;5.2
44;2021-04-16;7777;2024;236269;76059;16.4;5.3
44;2021-04-17;4288;1367;240557;77426;16.7;5.4
44;2021-04-18;2252;821;242809;78247;16.9;5.4
44;2021-04-19;5042;1897;247851;80144;17.2;5.6
44;2021-04-20;6267;2639;254118;82783;17.7;5.8
44;2021-04-21;5997;2768;260115;85551;18.1;6.0
44;2021-04-22;6952;2497;267067;88048;18.6;6.1
44;2021-04-23;7313;3141;274380;91189;19.1;6.3
44;2021-04-24;3972;2038;278352;93227;19.4;6.5
44;2021-04-25;2072;1056;280424;94283;19.5;6.6
44;2021-04-26;5638;2755;286062;97038;19.9;6.8
44;2021-04-27;7411;4099;293473;101137;20.4;7.0
44;2021-04-28;7599;3764;301072;104901;20.9;7.3
44;2021-04-29;8959;4247;310031;109148;21.6;7.6
44;2021-04-30;9564;4673;319595;113821;22.2;7.9
44;2021-05-01;2846;923;322441;114744;22.4;8.0
44;2021-05-02;1894;619;324335;115363;22.6;8.0
44;2021-05-03;5542;4071;329877;119434;23.0;8.3
44;2021-05-04;6320;5127;336197;124561;23.4;8.7
44;2021-05-05;6068;4617;342265;129178;23.8;9.0
44;2021-05-06;7243;4874;349508;134052;24.3;9.3
44;2021-05-07;7448;5708;356956;139760;24.8;9.7
44;2021-05-08;2578;1259;359534;141019;25.0;9.8
44;2021-05-09;1798;1813;361332;142832;25.1;9.9
44;2021-05-10;6564;5766;367896;148598;25.6;10.3
44;2021-05-11;7785;6253;375681;154851;26.1;10.8
44;2021-05-12;8177;5714;383858;160565;26.7;11.2
44;2021-05-13;5287;1180;389145;161745;27.1;11.3
44;2021-05-14;7579;3968;396724;165713;27.6;11.5
44;2021-05-15;5000;2227;401724;167940;28.0;11.7
44;2021-05-16;2792;735;404516;168675;28.1;11.7
44;2021-05-17;6738;5151;411254;173826;28.6;12.1
44;2021-05-18;7966;5233;419220;179059;29.2;12.5
44;2021-05-19;8150;4280;427370;183339;29.7;12.8
44;2021-05-20;8359;4640;435729;187979;30.3;13.1
44;2021-05-21;8827;5200;444556;193179;30.9;13.4
44;2021-05-22;5092;2227;449648;195406;31.3;13.6
44;2021-05-23;1759;821;451407;196227;31.4;13.7
44;2021-05-24;4885;1614;456292;197841;31.8;13.8
44;2021-05-25;7736;5528;464028;203369;32.3;14.2
44;2021-05-26;8169;5031;472197;208400;32.9;14.5
44;2021-05-27;9644;5346;481841;213746;33.5;14.9
44;2021-05-28;9174;6902;491015;220648;34.2;15.4
44;2021-05-29;5882;3328;496897;223976;34.6;15.6
44;2021-05-30;1772;695;498669;224671;34.7;15.6
44;2021-05-31;8061;6172;506730;230843;35.3;16.1
44;2021-06-01;9885;6520;516615;237363;35.9;16.5
44;2021-06-02;9501;5676;526116;243039;36.6;16.9
44;2021-06-03;10845;5863;536961;248902;37.4;17.3
44;2021-06-04;9924;8058;546885;256960;38.1;17.9
44;2021-06-05;5769;4340;552654;261300;38.5;18.2
44;2021-06-06;2355;1126;555009;262426;38.6;18.3
44;2021-06-07;9530;6911;564539;269337;39.3;18.7
44;2021-06-08;10850;7465;575389;276802;40.0;19.3
44;2021-06-09;10497;6307;585886;283109;40.8;19.7
44;2021-06-10;11344;6016;597230;289125;41.6;20.1
44;2021-06-11;11880;8629;609110;297754;42.4;20.7
44;2021-06-12;7730;4080;616840;301834;42.9;21.0
44;2021-06-13;2767;1002;619607;302836;43.1;21.1
44;2021-06-14;8637;8395;628244;311231;43.7;21.7
44;2021-06-15;11167;8227;639411;319458;44.5;22.2
44;2021-06-16;10845;7631;650256;327089;45.2;22.8
44;2021-06-17;11627;8652;661883;335741;46.1;23.4
44;2021-06-18;10567;10089;672450;345830;46.8;24.1
44;2021-06-19;5848;4314;678298;350144;47.2;24.4
44;2021-06-20;2520;1332;680818;351476;47.4;24.5
44;2021-06-21;7180;10019;687998;361495;47.9;25.2
44;2021-06-22;8397;10635;696395;372130;48.5;25.9
44;2021-06-23;8478;9129;704873;381259;49.0;26.5
44;2021-06-24;9056;8575;713929;389834;49.7;27.1
44;2021-06-25;7535;10815;721464;400649;50.2;27.9
44;2021-06-26;2940;6474;724404;407123;50.4;28.3
44;2021-06-27;808;2404;725212;409527;50.5;28.5
44;2021-06-28;5151;10072;730363;419599;50.8;29.2
44;2021-06-29;6118;12096;736481;431695;51.2;30.0
44;2021-06-30;6035;10466;742516;442161;51.7;30.8
44;2021-07-01;6771;10502;749287;452663;52.1;31.5
44;2021-07-02;6339;12546;755626;465209;52.6;32.4
44;2021-07-03;2547;7003;758173;472212;52.8;32.9
44;2021-07-04;969;2234;759142;474446;52.8;33.0
44;2021-07-05;5188;11869;764330;486315;53.2;33.8
44;2021-07-06;5860;12598;770190;498913;53.6;34.7
44;2021-07-07;6342;11087;776532;510000;54.0;35.5
44;2021-07-08;7219;11963;783751;521963;54.5;36.3
44;2021-07-09;6021;14255;789772;536218;55.0;37.3
44;2021-07-10;2355;7017;792127;543235;55.1;37.8
44;2021-07-11;718;2259;792845;545494;55.2;38.0
44;2021-07-12;4323;14045;797168;559539;55.5;38.9
44;2021-07-13;5667;14839;802835;574378;55.9;40.0
44;2021-07-14;3611;5800;806446;580178;56.1;40.4
44;2021-07-15;7100;14233;813546;594411;56.6;41.4
44;2021-07-16;7990;14946;821536;609357;57.2;42.4
44;2021-07-17;3323;7564;824859;616921;57.4;42.9
44;2021-07-18;1424;2545;826283;619466;57.5;43.1
45;2020-12-27;0;0;0;0;0.0;0.0
45;2020-12-28;0;0;0;0;0.0;0.0
45;2020-12-29;0;0;0;0;0.0;0.0
45;2020-12-30;0;0;0;0;0.0;0.0
45;2020-12-31;0;0;0;0;0.0;0.0
45;2021-01-01;0;0;0;0;0.0;0.0
45;2021-01-02;0;0;0;0;0.0;0.0
45;2021-01-03;0;0;0;0;0.0;0.0
45;2021-01-04;0;0;0;0;0.0;0.0
45;2021-01-05;76;0;76;0;0.0;0.0
45;2021-01-06;69;0;145;0;0.0;0.0
45;2021-01-07;173;0;318;0;0.0;0.0
45;2021-01-08;199;1;517;1;0.1;0.0
45;2021-01-09;42;0;559;1;0.1;0.0
45;2021-01-10;23;0;582;1;0.1;0.0
45;2021-01-11;254;0;836;1;0.1;0.0
45;2021-01-12;679;2;1515;3;0.2;0.0
45;2021-01-13;496;2;2011;5;0.3;0.0
45;2021-01-14;482;37;2493;42;0.4;0.0
45;2021-01-15;391;3;2884;45;0.4;0.0
45;2021-01-16;39;0;2923;45;0.4;0.0
45;2021-01-17;24;0;2947;45;0.4;0.0
45;2021-01-18;814;1;3761;46;0.6;0.0
45;2021-01-19;1196;6;4957;52;0.7;0.0
45;2021-01-20;2107;5;7064;57;1.0;0.0
45;2021-01-21;2522;4;9586;61;1.4;0.0
45;2021-01-22;1409;2;10995;63;1.6;0.0
45;2021-01-23;120;0;11115;63;1.6;0.0
45;2021-01-24;39;0;11154;63;1.6;0.0
45;2021-01-25;555;3;11709;66;1.7;0.0
45;2021-01-26;847;18;12556;84;1.8;0.0
45;2021-01-27;648;45;13204;129;1.9;0.0
45;2021-01-28;882;220;14086;349;2.1;0.1
45;2021-01-29;576;125;14662;474;2.1;0.1
45;2021-01-30;40;41;14702;515;2.2;0.1
45;2021-01-31;37;23;14739;538;2.2;0.1
45;2021-02-01;462;211;15201;749;2.2;0.1
45;2021-02-02;757;470;15958;1219;2.3;0.2
45;2021-02-03;770;480;16728;1699;2.4;0.2
45;2021-02-04;699;266;17427;1965;2.6;0.3
45;2021-02-05;416;150;17843;2115;2.6;0.3
45;2021-02-06;36;28;17879;2143;2.6;0.3
45;2021-02-07;5;31;17884;2174;2.6;0.3
45;2021-02-08;455;193;18339;2367;2.7;0.3
45;2021-02-09;1003;405;19342;2772;2.8;0.4
45;2021-02-10;1275;789;20617;3561;3.0;0.5
45;2021-02-11;1381;1524;21998;5085;3.2;0.7
45;2021-02-12;1050;1140;23048;6225;3.4;0.9
45;2021-02-13;85;158;23133;6383;3.4;0.9
45;2021-02-14;39;11;23172;6394;3.4;0.9
45;2021-02-15;523;611;23695;7005;3.5;1.0
45;2021-02-16;756;935;24451;7940;3.6;1.2
45;2021-02-17;640;1049;25091;8989;3.7;1.3
45;2021-02-18;841;856;25932;9845;3.8;1.4
45;2021-02-19;823;761;26755;10606;3.9;1.6
45;2021-02-20;58;94;26813;10700;3.9;1.6
45;2021-02-21;17;46;26830;10746;3.9;1.6
45;2021-02-22;404;630;27234;11376;4.0;1.7
45;2021-02-23;814;808;28048;12184;4.1;1.8
45;2021-02-24;645;927;28693;13111;4.2;1.9
45;2021-02-25;962;807;29655;13918;4.3;2.0
45;2021-02-26;1043;694;30698;14612;4.5;2.1
45;2021-02-27;290;52;30988;14664;4.5;2.1
45;2021-02-28;28;5;31016;14669;4.5;2.1
45;2021-03-01;529;334;31545;15003;4.6;2.2
45;2021-03-02;668;728;32213;15731;4.7;2.3
45;2021-03-03;981;892;33194;16623;4.9;2.4
45;2021-03-04;1104;977;34298;17600;5.0;2.6
45;2021-03-05;1435;856;35733;18456;5.2;2.7
45;2021-03-06;2022;115;37755;18571;5.5;2.7
45;2021-03-07;143;59;37898;18630;5.5;2.7
45;2021-03-08;749;849;38647;19479;5.7;2.9
45;2021-03-09;1253;708;39900;20187;5.8;3.0
45;2021-03-10;1593;892;41493;21079;6.1;3.1
45;2021-03-11;1717;748;43210;21827;6.3;3.2
45;2021-03-12;2067;598;45277;22425;6.6;3.3
45;2021-03-13;985;45;46262;22470;6.8;3.3
45;2021-03-14;24;43;46286;22513;6.8;3.3
45;2021-03-15;809;601;47095;23114;6.9;3.4
45;2021-03-16;939;838;48034;23952;7.0;3.5
45;2021-03-17;1048;671;49082;24623;7.2;3.6
45;2021-03-18;995;575;50077;25198;7.3;3.7
45;2021-03-19;1614;424;51691;25622;7.6;3.8
45;2021-03-20;495;81;52186;25703;7.6;3.8
45;2021-03-21;19;35;52205;25738;7.6;3.8
45;2021-03-22;910;528;53115;26266;7.8;3.8
45;2021-03-23;1980;720;55095;26986;8.1;4.0
45;2021-03-24;1894;540;56989;27526;8.3;4.0
45;2021-03-25;2977;442;59966;27968;8.8;4.1
45;2021-03-26;3385;461;63351;28429;9.3;4.2
45;2021-03-27;1793;109;65144;28538;9.5;4.2
45;2021-03-28;89;40;65233;28578;9.6;4.2
45;2021-03-29;1525;525;66758;29103;9.8;4.3
45;2021-03-30;2779;796;69537;29899;10.2;4.4
45;2021-03-31;2130;574;71667;30473;10.5;4.5
45;2021-04-01;2971;561;74638;31034;10.9;4.5
45;2021-04-02;2824;497;77462;31531;11.3;4.6
45;2021-04-03;810;71;78272;31602;11.5;4.6
45;2021-04-04;111;33;78383;31635;11.5;4.6
45;2021-04-05;10;2;78393;31637;11.5;4.6
45;2021-04-06;1731;784;80124;32421;11.7;4.7
45;2021-04-07;1774;1130;81898;33551;12.0;4.9
45;2021-04-08;2771;1028;84669;34579;12.4;5.1
45;2021-04-09;3673;632;88342;35211;12.9;5.2
45;2021-04-10;2321;102;90663;35313;13.3;5.2
45;2021-04-11;153;24;90816;35337;13.3;5.2
45;2021-04-12;2603;654;93419;35991;13.7;5.3
45;2021-04-13;3841;1070;97260;37061;14.2;5.4
45;2021-04-14;2928;1210;100188;38271;14.7;5.6
45;2021-04-15;3518;1020;103706;39291;15.2;5.8
45;2021-04-16;3773;680;107479;39971;15.7;5.9
45;2021-04-17;1613;103;109092;40074;16.0;5.9
45;2021-04-18;200;36;109292;40110;16.0;5.9
45;2021-04-19;1936;941;111228;41051;16.3;6.0
45;2021-04-20;3070;1687;114298;42738;16.7;6.3
45;2021-04-21;2715;1295;117013;44033;17.1;6.4
45;2021-04-22;3421;1832;120434;45865;17.6;6.7
45;2021-04-23;3268;1787;123702;47652;18.1;7.0
45;2021-04-24;2022;864;125724;48516;18.4;7.1
45;2021-04-25;289;86;126013;48602;18.5;7.1
45;2021-04-26;2226;1162;128239;49764;18.8;7.3
45;2021-04-27;3347;2345;131586;52109;19.3;7.6
45;2021-04-28;2800;1939;134386;54048;19.7;7.9
45;2021-04-29;3825;2324;138211;56372;20.2;8.3
45;2021-04-30;4381;1796;142592;58168;20.9;8.5
45;2021-05-01;450;60;143042;58228;20.9;8.5
45;2021-05-02;626;118;143668;58346;21.0;8.5
45;2021-05-03;2814;982;146482;59328;21.5;8.7
45;2021-05-04;3148;2338;149630;61666;21.9;9.0
45;2021-05-05;2703;2159;152333;63825;22.3;9.3
45;2021-05-06;3321;2524;155654;66349;22.8;9.7
45;2021-05-07;2869;3198;158523;69547;23.2;10.2
45;2021-05-08;607;243;159130;69790;23.3;10.2
45;2021-05-09;1497;120;160627;69910;23.5;10.2
45;2021-05-10;4138;2964;164765;72874;24.1;10.7
45;2021-05-11;5009;2954;169774;75828;24.9;11.1
45;2021-05-12;6057;2766;175831;78594;25.7;11.5
45;2021-05-13;2438;593;178269;79187;26.1;11.6
45;2021-05-14;4963;1618;183232;80805;26.8;11.8
45;2021-05-15;4065;598;187297;81403;27.4;11.9
45;2021-05-16;284;32;187581;81435;27.5;11.9
45;2021-05-17;3347;1534;190928;82969;28.0;12.1
45;2021-05-18;5094;1673;196022;84642;28.7;12.4
45;2021-05-19;4464;2050;200486;86692;29.4;12.7
45;2021-05-20;5241;2127;205727;88819;30.1;13.0
45;2021-05-21;5132;2210;210859;91029;30.9;13.3
45;2021-05-22;3034;628;213893;91657;31.3;13.4
45;2021-05-23;15;94;213908;91751;31.3;13.4
45;2021-05-24;2823;202;216731;91953;31.7;13.5
45;2021-05-25;4951;3026;221682;94979;32.5;13.9
45;2021-05-26;5082;2306;226764;97285;33.2;14.2
45;2021-05-27;5296;3187;232060;100472;34.0;14.7
45;2021-05-28;5659;3530;237719;104002;34.8;15.2
45;2021-05-29;3667;1280;241386;105282;35.3;15.4
45;2021-05-30;33;182;241419;105464;35.4;15.4
45;2021-05-31;4323;2503;245742;107967;36.0;15.8
45;2021-06-01;6078;2988;251820;110955;36.9;16.2
45;2021-06-02;4930;3057;256750;114012;37.6;16.7
45;2021-06-03;5613;3193;262363;117205;38.4;17.2
45;2021-06-04;5885;3172;268248;120377;39.3;17.6
45;2021-06-05;2029;1334;270277;121711;39.6;17.8
45;2021-06-06;84;198;270361;121909;39.6;17.9
45;2021-06-07;4080;2719;274441;124628;40.2;18.3
45;2021-06-08;4612;4042;279053;128670;40.9;18.8
45;2021-06-09;4338;3321;283391;131991;41.5;19.3
45;2021-06-10;4611;2667;288002;134658;42.2;19.7
45;2021-06-11;4091;3663;292093;138321;42.8;20.3
45;2021-06-12;2429;1502;294522;139823;43.1;20.5
45;2021-06-13;20;424;294542;140247;43.1;20.5
45;2021-06-14;3113;4148;297655;144395;43.6;21.1
45;2021-06-15;3380;4322;301035;148717;44.1;21.8
45;2021-06-16;3882;3445;304917;152162;44.7;22.3
45;2021-06-17;3512;3545;308429;155707;45.2;22.8
45;2021-06-18;3797;5026;312226;160733;45.7;23.5
45;2021-06-19;2387;1763;314613;162496;46.1;23.8
45;2021-06-20;44;140;314657;162636;46.1;23.8
45;2021-06-21;2132;5865;316789;168501;46.4;24.7
45;2021-06-22;2405;6540;319194;175041;46.7;25.6
45;2021-06-23;2263;5606;321457;180647;47.1;26.5
45;2021-06-24;2122;3525;323579;184172;47.4;27.0
45;2021-06-25;2430;6456;326009;190628;47.7;27.9
45;2021-06-26;1925;3093;327934;193721;48.0;28.4
45;2021-06-27;50;139;327984;193860;48.0;28.4
45;2021-06-28;2066;4847;330050;198707;48.3;29.1
45;2021-06-29;2803;6834;332853;205541;48.7;30.1
45;2021-06-30;2848;5852;335701;211393;49.2;31.0
45;2021-07-01;2366;5032;338067;216425;49.5;31.7
45;2021-07-02;2351;6281;340418;222706;49.8;32.6
45;2021-07-03;747;2540;341165;225246;50.0;33.0
45;2021-07-04;4;10;341169;225256;50.0;33.0
45;2021-07-05;2129;4981;343298;230237;50.3;33.7
45;2021-07-06;2788;6781;346086;237018;50.7;34.7
45;2021-07-07;2423;6071;348509;243089;51.0;35.6
45;2021-07-08;2807;5392;351316;248481;51.4;36.4
45;2021-07-09;2134;6985;353450;255466;51.8;37.4
45;2021-07-10;1536;3854;354986;259320;52.0;38.0
45;2021-07-11;23;31;355009;259351;52.0;38.0
45;2021-07-12;1580;5995;356589;265346;52.2;38.9
45;2021-07-13;2973;8225;359562;273571;52.7;40.1
45;2021-07-14;1468;1507;361030;275078;52.9;40.3
45;2021-07-15;3700;7266;364730;282344;53.4;41.3
45;2021-07-16;3226;7436;367956;289780;53.9;42.4
45;2021-07-17;1271;2320;369227;292100;54.1;42.8
45;2021-07-18;14;19;369241;292119;54.1;42.8
46;2020-12-27;0;0;0;0;0.0;0.0
46;2020-12-28;0;0;0;0;0.0;0.0
46;2020-12-29;0;0;0;0;0.0;0.0
46;2020-12-30;0;0;0;0;0.0;0.0
46;2020-12-31;0;0;0;0;0.0;0.0
46;2021-01-01;0;0;0;0;0.0;0.0
46;2021-01-02;0;0;0;0;0.0;0.0
46;2021-01-03;1;0;1;0;0.0;0.0
46;2021-01-04;0;0;1;0;0.0;0.0
46;2021-01-05;0;0;1;0;0.0;0.0
46;2021-01-06;3;0;4;0;0.0;0.0
46;2021-01-07;135;0;139;0;0.1;0.0
46;2021-01-08;180;0;319;0;0.2;0.0
46;2021-01-09;1;0;320;0;0.2;0.0
46;2021-01-10;1;0;321;0;0.2;0.0
46;2021-01-11;117;0;438;0;0.3;0.0
46;2021-01-12;140;0;578;0;0.3;0.0
46;2021-01-13;234;1;812;1;0.5;0.0
46;2021-01-14;235;2;1047;3;0.6;0.0
46;2021-01-15;304;2;1351;5;0.8;0.0
46;2021-01-16;16;0;1367;5;0.8;0.0
46;2021-01-17;0;0;1367;5;0.8;0.0
46;2021-01-18;268;2;1635;7;0.9;0.0
46;2021-01-19;386;0;2021;7;1.2;0.0
46;2021-01-20;930;0;2951;7;1.7;0.0
46;2021-01-21;994;0;3945;7;2.3;0.0
46;2021-01-22;390;2;4335;9;2.5;0.0
46;2021-01-23;0;0;4335;9;2.5;0.0
46;2021-01-24;0;0;4335;9;2.5;0.0
46;2021-01-25;203;1;4538;10;2.6;0.0
46;2021-01-26;262;1;4800;11;2.8;0.0
46;2021-01-27;276;0;5076;11;2.9;0.0
46;2021-01-28;278;43;5354;54;3.1;0.0
46;2021-01-29;233;93;5587;147;3.2;0.1
46;2021-01-30;0;0;5587;147;3.2;0.1
46;2021-01-31;0;0;5587;147;3.2;0.1
46;2021-02-01;233;175;5820;322;3.4;0.2
46;2021-02-02;209;238;6029;560;3.5;0.3
46;2021-02-03;222;95;6251;655;3.6;0.4
46;2021-02-04;372;87;6623;742;3.8;0.4
46;2021-02-05;225;179;6848;921;4.0;0.5
46;2021-02-06;7;0;6855;921;4.0;0.5
46;2021-02-07;42;0;6897;921;4.0;0.5
46;2021-02-08;190;155;7087;1076;4.1;0.6
46;2021-02-09;269;230;7356;1306;4.2;0.8
46;2021-02-10;277;541;7633;1847;4.4;1.1
46;2021-02-11;650;558;8283;2405;4.8;1.4
46;2021-02-12;318;340;8601;2745;5.0;1.6
46;2021-02-13;0;0;8601;2745;5.0;1.6
46;2021-02-14;0;62;8601;2807;5.0;1.6
46;2021-02-15;195;297;8796;3104;5.1;1.8
46;2021-02-16;214;282;9010;3386;5.2;2.0
46;2021-02-17;194;327;9204;3713;5.3;2.1
46;2021-02-18;336;270;9540;3983;5.5;2.3
46;2021-02-19;277;233;9817;4216;5.7;2.4
46;2021-02-20;0;0;9817;4216;5.7;2.4
46;2021-02-21;0;0;9817;4216;5.7;2.4
46;2021-02-22;131;191;9948;4407;5.7;2.5
46;2021-02-23;225;168;10173;4575;5.9;2.6
46;2021-02-24;179;325;10352;4900;6.0;2.8
46;2021-02-25;241;342;10593;5242;6.1;3.0
46;2021-02-26;400;346;10993;5588;6.3;3.2
46;2021-02-27;120;0;11113;5588;6.4;3.2
46;2021-02-28;0;3;11113;5591;6.4;3.2
46;2021-03-01;168;180;11281;5771;6.5;3.3
46;2021-03-02;405;233;11686;6004;6.7;3.5
46;2021-03-03;456;330;12142;6334;7.0;3.7
46;2021-03-04;603;445;12745;6779;7.4;3.9
46;2021-03-05;809;363;13554;7142;7.8;4.1
46;2021-03-06;471;17;14025;7159;8.1;4.1
46;2021-03-07;101;19;14126;7178;8.2;4.1
46;2021-03-08;347;248;14473;7426;8.4;4.3
46;2021-03-09;743;270;15216;7696;8.8;4.4
46;2021-03-10;685;247;15901;7943;9.2;4.6
46;2021-03-11;842;253;16743;8196;9.7;4.7
46;2021-03-12;924;229;17667;8425;10.2;4.9
46;2021-03-13;512;3;18179;8428;10.5;4.9
46;2021-03-14;0;0;18179;8428;10.5;4.9
46;2021-03-15;495;166;18674;8594;10.8;5.0
46;2021-03-16;751;175;19425;8769;11.2;5.1
46;2021-03-17;670;202;20095;8971;11.6;5.2
46;2021-03-18;746;216;20841;9187;12.0;5.3
46;2021-03-19;805;150;21646;9337;12.5;5.4
46;2021-03-20;285;2;21931;9339;12.7;5.4
46;2021-03-21;1;0;21932;9339;12.7;5.4
46;2021-03-22;549;239;22481;9578;13.0;5.5
46;2021-03-23;699;213;23180;9791;13.4;5.7
46;2021-03-24;673;240;23853;10031;13.8;5.8
46;2021-03-25;1132;177;24985;10208;14.4;5.9
46;2021-03-26;1026;335;26011;10543;15.0;6.1
46;2021-03-27;420;71;26431;10614;15.3;6.1
46;2021-03-28;126;1;26557;10615;15.3;6.1
46;2021-03-29;730;251;27287;10866;15.8;6.3
46;2021-03-30;768;361;28055;11227;16.2;6.5
46;2021-03-31;857;419;28912;11646;16.7;6.7
46;2021-04-01;1164;342;30076;11988;17.4;6.9
46;2021-04-02;925;393;31001;12381;17.9;7.1
46;2021-04-03;167;166;31168;12547;18.0;7.2
46;2021-04-04;0;71;31168;12618;18.0;7.3
46;2021-04-05;1;0;31169;12618;18.0;7.3
46;2021-04-06;543;519;31712;13137;18.3;7.6
46;2021-04-07;782;642;32494;13779;18.8;8.0
46;2021-04-08;960;543;33454;14322;19.3;8.3
46;2021-04-09;1015;501;34469;14823;19.9;8.6
46;2021-04-10;497;208;34966;15031;20.2;8.7
46;2021-04-11;232;1;35198;15032;20.3;8.7
46;2021-04-12;843;546;36041;15578;20.8;9.0
46;2021-04-13;1183;714;37224;16292;21.5;9.4
46;2021-04-14;1529;613;38753;16905;22.4;9.8
46;2021-04-15;1493;662;40246;17567;23.2;10.1
46;2021-04-16;1572;561;41818;18128;24.1;10.5
46;2021-04-17;988;132;42806;18260;24.7;10.5
46;2021-04-18;512;7;43318;18267;25.0;10.5
46;2021-04-19;1066;570;44384;18837;25.6;10.9
46;2021-04-20;1221;725;45605;19562;26.3;11.3
46;2021-04-21;1228;711;46833;20273;27.0;11.7
46;2021-04-22;1383;724;48216;20997;27.8;12.1
46;2021-04-23;1131;726;49347;21723;28.5;12.5
46;2021-04-24;471;17;49818;21740;28.8;12.6
46;2021-04-25;351;9;50169;21749;29.0;12.6
46;2021-04-26;855;729;51024;22478;29.5;13.0
46;2021-04-27;1216;662;52240;23140;30.2;13.4
46;2021-04-28;1288;667;53528;23807;30.9;13.7
46;2021-04-29;1412;521;54940;24328;31.7;14.0
46;2021-04-30;1432;554;56372;24882;32.6;14.4
46;2021-05-01;696;66;57068;24948;33.0;14.4
46;2021-05-02;346;3;57414;24951;33.2;14.4
46;2021-05-03;854;566;58268;25517;33.6;14.7
46;2021-05-04;1036;1056;59304;26573;34.2;15.3
46;2021-05-05;1374;783;60678;27356;35.0;15.8
46;2021-05-06;1376;741;62054;28097;35.8;16.2
46;2021-05-07;1392;788;63446;28885;36.6;16.7
46;2021-05-08;283;413;63729;29298;36.8;16.9
46;2021-05-09;23;225;63752;29523;36.8;17.0
46;2021-05-10;519;1139;64271;30662;37.1;17.7
46;2021-05-11;1037;1258;65308;31920;37.7;18.4
46;2021-05-12;994;1554;66302;33474;38.3;19.3
46;2021-05-13;599;143;66901;33617;38.6;19.4
46;2021-05-14;963;1094;67864;34711;39.2;20.0
46;2021-05-15;257;652;68121;35363;39.3;20.4
46;2021-05-16;78;298;68199;35661;39.4;20.6
46;2021-05-17;652;956;68851;36617;39.8;21.1
46;2021-05-18;1403;1019;70254;37636;40.6;21.7
46;2021-05-19;1305;896;71559;38532;41.3;22.3
46;2021-05-20;1451;808;73010;39340;42.2;22.7
46;2021-05-21;997;1157;74007;40497;42.7;23.4
46;2021-05-22;145;368;74152;40865;42.8;23.6
46;2021-05-23;448;24;74600;40889;43.1;23.6
46;2021-05-24;409;113;75009;41002;43.3;23.7
46;2021-05-25;962;1329;75971;42331;43.9;24.4
46;2021-05-26;1233;1149;77204;43480;44.6;25.1
46;2021-05-27;1434;1187;78638;44667;45.4;25.8
46;2021-05-28;1436;1207;80074;45874;46.2;26.5
46;2021-05-29;1051;398;81125;46272;46.8;26.7
46;2021-05-30;407;39;81532;46311;47.1;26.7
46;2021-05-31;968;973;82500;47284;47.6;27.3
46;2021-06-01;1277;996;83777;48280;48.4;27.9
46;2021-06-02;1315;1113;85092;49393;49.1;28.5
46;2021-06-03;1413;1006;86505;50399;50.0;29.1
46;2021-06-04;1329;971;87834;51370;50.7;29.7
46;2021-06-05;378;413;88212;51783;50.9;29.9
46;2021-06-06;204;93;88416;51876;51.1;30.0
46;2021-06-07;812;617;89228;52493;51.5;30.3
46;2021-06-08;1005;892;90233;53385;52.1;30.8
46;2021-06-09;1499;972;91732;54357;53.0;31.4
46;2021-06-10;968;847;92700;55204;53.5;31.9
46;2021-06-11;967;1323;93667;56527;54.1;32.6
46;2021-06-12;458;550;94125;57077;54.4;33.0
46;2021-06-13;27;86;94152;57163;54.4;33.0
46;2021-06-14;589;1138;94741;58301;54.7;33.7
46;2021-06-15;744;1245;95485;59546;55.1;34.4
46;2021-06-16;995;1114;96480;60660;55.7;35.0
46;2021-06-17;521;895;97001;61555;56.0;35.5
46;2021-06-18;649;1252;97650;62807;56.4;36.3
46;2021-06-19;448;313;98098;63120;56.6;36.5
46;2021-06-20;38;161;98136;63281;56.7;36.5
46;2021-06-21;426;945;98562;64226;56.9;37.1
46;2021-06-22;344;1178;98906;65404;57.1;37.8
46;2021-06-23;510;1077;99416;66481;57.4;38.4
46;2021-06-24;248;822;99664;67303;57.6;38.9
46;2021-06-25;490;1120;100154;68423;57.8;39.5
46;2021-06-26;392;550;100546;68973;58.1;39.8
46;2021-06-27;1;4;100547;68977;58.1;39.8
46;2021-06-28;309;1340;100856;70317;58.2;40.6
46;2021-06-29;372;1688;101228;72005;58.5;41.6
46;2021-06-30;503;1582;101731;73587;58.7;42.5
46;2021-07-01;301;1154;102032;74741;58.9;43.2
46;2021-07-02;446;1085;102478;75826;59.2;43.8
46;2021-07-03;117;456;102595;76282;59.2;44.1
46;2021-07-04;54;127;102649;76409;59.3;44.1
46;2021-07-05;339;1189;102988;77598;59.5;44.8
46;2021-07-06;365;1460;103353;79058;59.7;45.7
46;2021-07-07;573;1720;103926;80778;60.0;46.6
46;2021-07-08;340;1167;104266;81945;60.2;47.3
46;2021-07-09;394;1703;104660;83648;60.4;48.3
46;2021-07-10;281;1043;104941;84691;60.6;48.9
46;2021-07-11;15;375;104956;85066;60.6;49.1
46;2021-07-12;245;1262;105201;86328;60.8;49.9
46;2021-07-13;622;1674;105823;88002;61.1;50.8
46;2021-07-14;62;144;105885;88146;61.1;50.9
46;2021-07-15;880;1463;106765;89609;61.7;51.7
46;2021-07-16;759;1393;107524;91002;62.1;52.6
46;2021-07-17;343;528;107867;91530;62.3;52.9
46;2021-07-18;0;0;107867;91530;62.3;52.9
47;2020-12-27;0;0;0;0;0.0;0.0
47;2020-12-28;0;0;0;0;0.0;0.0
47;2020-12-29;0;0;0;0;0.0;0.0
47;2020-12-30;0;0;0;0;0.0;0.0
47;2020-12-31;0;0;0;0;0.0;0.0
47;2021-01-01;4;0;4;0;0.0;0.0
47;2021-01-02;0;0;4;0;0.0;0.0
47;2021-01-03;0;0;4;0;0.0;0.0
47;2021-01-04;0;0;4;0;0.0;0.0
47;2021-01-05;0;0;4;0;0.0;0.0
47;2021-01-06;0;0;4;0;0.0;0.0
47;2021-01-07;71;1;75;1;0.0;0.0
47;2021-01-08;314;0;389;1;0.1;0.0
47;2021-01-09;113;0;502;1;0.2;0.0
47;2021-01-10;0;0;502;1;0.2;0.0
47;2021-01-11;249;0;751;1;0.2;0.0
47;2021-01-12;325;0;1076;1;0.3;0.0
47;2021-01-13;349;0;1425;1;0.4;0.0
47;2021-01-14;363;4;1788;5;0.5;0.0
47;2021-01-15;283;1;2071;6;0.6;0.0
47;2021-01-16;176;4;2247;10;0.7;0.0
47;2021-01-17;0;0;2247;10;0.7;0.0
47;2021-01-18;481;1;2728;11;0.8;0.0
47;2021-01-19;466;2;3194;13;1.0;0.0
47;2021-01-20;509;0;3703;13;1.1;0.0
47;2021-01-21;584;0;4287;13;1.3;0.0
47;2021-01-22;462;0;4749;13;1.4;0.0
47;2021-01-23;388;1;5137;14;1.6;0.0
47;2021-01-24;0;0;5137;14;1.6;0.0
47;2021-01-25;425;0;5562;14;1.7;0.0
47;2021-01-26;788;4;6350;18;1.9;0.0
47;2021-01-27;730;0;7080;18;2.1;0.0
47;2021-01-28;575;68;7655;86;2.3;0.0
47;2021-01-29;462;170;8117;256;2.5;0.1
47;2021-01-30;301;39;8418;295;2.5;0.1
47;2021-01-31;0;0;8418;295;2.5;0.1
47;2021-02-01;375;116;8793;411;2.7;0.1
47;2021-02-02;756;316;9549;727;2.9;0.2
47;2021-02-03;424;163;9973;890;3.0;0.3
47;2021-02-04;370;317;10343;1207;3.1;0.4
47;2021-02-05;299;311;10642;1518;3.2;0.5
47;2021-02-06;293;99;10935;1617;3.3;0.5
47;2021-02-07;0;0;10935;1617;3.3;0.5
47;2021-02-08;184;287;11119;1904;3.4;0.6
47;2021-02-09;232;260;11351;2164;3.4;0.7
47;2021-02-10;255;245;11606;2409;3.5;0.7
47;2021-02-11;357;378;11963;2787;3.6;0.8
47;2021-02-12;242;416;12205;3203;3.7;1.0
47;2021-02-13;225;111;12430;3314;3.8;1.0
47;2021-02-14;0;0;12430;3314;3.8;1.0
47;2021-02-15;195;384;12625;3698;3.8;1.1
47;2021-02-16;303;590;12928;4288;3.9;1.3
47;2021-02-17;325;454;13253;4742;4.0;1.4
47;2021-02-18;200;599;13453;5341;4.1;1.6
47;2021-02-19;194;369;13647;5710;4.1;1.7
47;2021-02-20;118;269;13765;5979;4.2;1.8
47;2021-02-21;0;0;13765;5979;4.2;1.8
47;2021-02-22;75;408;13840;6387;4.2;1.9
47;2021-02-23;150;649;13990;7036;4.2;2.1
47;2021-02-24;260;561;14250;7597;4.3;2.3
47;2021-02-25;305;413;14555;8010;4.4;2.4
47;2021-02-26;469;323;15024;8333;4.5;2.5
47;2021-02-27;324;213;15348;8546;4.6;2.6
47;2021-02-28;0;0;15348;8546;4.6;2.6
47;2021-03-01;124;397;15472;8943;4.7;2.7
47;2021-03-02;200;367;15672;9310;4.7;2.8
47;2021-03-03;244;349;15916;9659;4.8;2.9
47;2021-03-04;588;327;16504;9986;5.0;3.0
47;2021-03-05;843;288;17347;10274;5.3;3.1
47;2021-03-06;504;193;17851;10467;5.4;3.2
47;2021-03-07;329;5;18180;10472;5.5;3.2
47;2021-03-08;457;224;18637;10696;5.6;3.2
47;2021-03-09;508;492;19145;11188;5.8;3.4
47;2021-03-10;664;301;19809;11489;6.0;3.5
47;2021-03-11;937;370;20746;11859;6.3;3.6
47;2021-03-12;1370;291;22116;12150;6.7;3.7
47;2021-03-13;947;104;23063;12254;7.0;3.7
47;2021-03-14;51;0;23114;12254;7.0;3.7
47;2021-03-15;590;161;23704;12415;7.2;3.8
47;2021-03-16;750;173;24454;12588;7.4;3.8
47;2021-03-17;857;200;25311;12788;7.7;3.9
47;2021-03-18;915;173;26226;12961;7.9;3.9
47;2021-03-19;1270;123;27496;13084;8.3;4.0
47;2021-03-20;1083;56;28579;13140;8.7;4.0
47;2021-03-21;343;1;28922;13141;8.8;4.0
47;2021-03-22;1006;87;29928;13228;9.1;4.0
47;2021-03-23;1145;148;31073;13376;9.4;4.0
47;2021-03-24;1210;128;32283;13504;9.8;4.1
47;2021-03-25;1565;140;33848;13644;10.2;4.1
47;2021-03-26;1880;195;35728;13839;10.8;4.2
47;2021-03-27;975;127;36703;13966;11.1;4.2
47;2021-03-28;697;4;37400;13970;11.3;4.2
47;2021-03-29;1511;78;38911;14048;11.8;4.3
47;2021-03-30;1639;124;40550;14172;12.3;4.3
47;2021-03-31;1603;144;42153;14316;12.8;4.3
47;2021-04-01;1685;259;43838;14575;13.3;4.4
47;2021-04-02;1930;454;45768;15029;13.9;4.5
47;2021-04-03;1199;175;46967;15204;14.2;4.6
47;2021-04-04;473;9;47440;15213;14.4;4.6
47;2021-04-05;1293;53;48733;15266;14.8;4.6
47;2021-04-06;1383;383;50116;15649;15.2;4.7
47;2021-04-07;1690;584;51806;16233;15.7;4.9
47;2021-04-08;1832;467;53638;16700;16.2;5.1
47;2021-04-09;2081;534;55719;17234;16.9;5.2
47;2021-04-10;1564;318;57283;17552;17.3;5.3
47;2021-04-11;530;8;57813;17560;17.5;5.3
47;2021-04-12;1428;606;59241;18166;17.9;5.5
47;2021-04-13;1815;754;61056;18920;18.5;5.7
47;2021-04-14;1750;713;62806;19633;19.0;5.9
47;2021-04-15;2012;837;64818;20470;19.6;6.2
47;2021-04-16;1764;891;66582;21361;20.2;6.5
47;2021-04-17;1472;970;68054;22331;20.6;6.8
47;2021-04-18;23;0;68077;22331;20.6;6.8
47;2021-04-19;1333;929;69410;23260;21.0;7.0
47;2021-04-20;1624;896;71034;24156;21.5;7.3
47;2021-04-21;1621;770;72655;24926;22.0;7.5
47;2021-04-22;1869;1056;74524;25982;22.6;7.9
47;2021-04-23;1721;1066;76245;27048;23.1;8.2
47;2021-04-24;1546;796;77791;27844;23.5;8.4
47;2021-04-25;242;343;78033;28187;23.6;8.5
47;2021-04-26;1480;1361;79513;29548;24.1;8.9
47;2021-04-27;1924;1466;81437;31014;24.7;9.4
47;2021-04-28;2089;1584;83526;32598;25.3;9.9
47;2021-04-29;2528;1501;86054;34099;26.1;10.3
47;2021-04-30;2037;1773;88091;35872;26.7;10.9
47;2021-05-01;2263;983;90354;36855;27.4;11.2
47;2021-05-02;21;358;90375;37213;27.4;11.3
47;2021-05-03;1596;1417;91971;38630;27.8;11.7
47;2021-05-04;1647;1722;93618;40352;28.3;12.2
47;2021-05-05;1924;1636;95542;41988;28.9;12.7
47;2021-05-06;2102;1507;97644;43495;29.6;13.2
47;2021-05-07;1994;1619;99638;45114;30.2;13.7
47;2021-05-08;2097;462;101735;45576;30.8;13.8
47;2021-05-09;24;362;101759;45938;30.8;13.9
47;2021-05-10;1203;1670;102962;47608;31.2;14.4
47;2021-05-11;2171;1989;105133;49597;31.8;15.0
47;2021-05-12;2625;1444;107758;51041;32.6;15.5
47;2021-05-13;2379;656;110137;51697;33.3;15.6
47;2021-05-14;2062;857;112199;52554;34.0;15.9
47;2021-05-15;1935;858;114134;53412;34.6;16.2
47;2021-05-16;367;8;114501;53420;34.7;16.2
47;2021-05-17;1878;1124;116379;54544;35.2;16.5
47;2021-05-18;2353;1133;118732;55677;35.9;16.9
47;2021-05-19;2343;755;121075;56432;36.7;17.1
47;2021-05-20;2579;954;123654;57386;37.4;17.4
47;2021-05-21;1535;1127;125189;58513;37.9;17.7
47;2021-05-22;2363;831;127552;59344;38.6;18.0
47;2021-05-23;25;182;127577;59526;38.6;18.0
47;2021-05-24;1550;232;129127;59758;39.1;18.1
47;2021-05-25;1481;1316;130608;61074;39.5;18.5
47;2021-05-26;1596;1082;132204;62156;40.0;18.8
47;2021-05-27;1942;1262;134146;63418;40.6;19.2
47;2021-05-28;1458;1537;135604;64955;41.1;19.7
47;2021-05-29;1151;1127;136755;66082;41.4;20.0
47;2021-05-30;11;45;136766;66127;41.4;20.0
47;2021-05-31;1867;1419;138633;67546;42.0;20.4
47;2021-06-01;1918;1333;140551;68879;42.5;20.9
47;2021-06-02;2099;1332;142650;70211;43.2;21.3
47;2021-06-03;2479;1606;145129;71817;43.9;21.7
47;2021-06-04;1966;2109;147095;73926;44.5;22.4
47;2021-06-05;1633;1473;148728;75399;45.0;22.8
47;2021-06-06;212;70;148940;75469;45.1;22.8
47;2021-06-07;1662;2246;150602;77715;45.6;23.5
47;2021-06-08;1626;1904;152228;79619;46.1;24.1
47;2021-06-09;1817;2126;154045;81745;46.6;24.7
47;2021-06-10;2356;1604;156401;83349;47.3;25.2
47;2021-06-11;1817;2094;158218;85443;47.9;25.9
47;2021-06-12;1350;2100;159568;87543;48.3;26.5
47;2021-06-13;4;10;159572;87553;48.3;26.5
47;2021-06-14;1276;2447;160848;90000;48.7;27.2
47;2021-06-15;1460;2034;162308;92034;49.1;27.9
47;2021-06-16;1199;2180;163507;94214;49.5;28.5
47;2021-06-17;1638;1521;165145;95735;50.0;29.0
47;2021-06-18;1430;2493;166575;98228;50.4;29.7
47;2021-06-19;1509;2455;168084;100683;50.9;30.5
47;2021-06-20;4;33;168088;100716;50.9;30.5
47;2021-06-21;1125;2509;169213;103225;51.2;31.2
47;2021-06-22;756;2508;169969;105733;51.5;32.0
47;2021-06-23;994;2015;170963;107748;51.8;32.6
47;2021-06-24;1194;1932;172157;109680;52.1;33.2
47;2021-06-25;992;2608;173149;112288;52.4;34.0
47;2021-06-26;979;2782;174128;115070;52.7;34.8
47;2021-06-27;14;349;174142;115419;52.7;34.9
47;2021-06-28;865;2401;175007;117820;53.0;35.7
47;2021-06-29;785;2317;175792;120137;53.2;36.4
47;2021-06-30;717;2311;176509;122448;53.4;37.1
47;2021-07-01;799;2103;177308;124551;53.7;37.7
47;2021-07-02;886;2276;178194;126827;53.9;38.4
47;2021-07-03;720;3038;178914;129865;54.2;39.3
47;2021-07-04;31;12;178945;129877;54.2;39.3
47;2021-07-05;970;2142;179915;132019;54.5;40.0
47;2021-07-06;905;1962;180820;133981;54.7;40.6
47;2021-07-07;1292;2059;182112;136040;55.1;41.2
47;2021-07-08;1139;2190;183251;138230;55.5;41.8
47;2021-07-09;1046;2408;184297;140638;55.8;42.6
47;2021-07-10;948;2130;185245;142768;56.1;43.2
47;2021-07-11;0;6;185245;142774;56.1;43.2
47;2021-07-12;555;2583;185800;145357;56.2;44.0
47;2021-07-13;1087;2587;186887;147944;56.6;44.8
47;2021-07-14;1155;1575;188042;149519;56.9;45.3
47;2021-07-15;1694;3131;189736;152650;57.4;46.2
47;2021-07-16;1704;2678;191440;155328;58.0;47.0
47;2021-07-17;1124;2421;192564;157749;58.3;47.8
47;2021-07-18;35;187;192599;157936;58.3;47.8
48;2020-12-27;0;0;0;0;0.0;0.0
48;2020-12-28;0;0;0;0;0.0;0.0
48;2020-12-29;0;0;0;0;0.0;0.0
48;2020-12-30;0;0;0;0;0.0;0.0
48;2020-12-31;0;0;0;0;0.0;0.0
48;2021-01-01;0;0;0;0;0.0;0.0
48;2021-01-02;0;0;0;0;0.0;0.0
48;2021-01-03;0;0;0;0;0.0;0.0
48;2021-01-04;0;0;0;0;0.0;0.0
48;2021-01-05;0;0;0;0;0.0;0.0
48;2021-01-06;0;0;0;0;0.0;0.0
48;2021-01-07;54;0;54;0;0.1;0.0
48;2021-01-08;87;0;141;0;0.2;0.0
48;2021-01-09;1;0;142;0;0.2;0.0
48;2021-01-10;0;0;142;0;0.2;0.0
48;2021-01-11;13;0;155;0;0.2;0.0
48;2021-01-12;19;0;174;0;0.2;0.0
48;2021-01-13;104;0;278;0;0.4;0.0
48;2021-01-14;90;0;368;0;0.5;0.0
48;2021-01-15;63;0;431;0;0.6;0.0
48;2021-01-16;0;0;431;0;0.6;0.0
48;2021-01-17;0;0;431;0;0.6;0.0
48;2021-01-18;117;0;548;0;0.7;0.0
48;2021-01-19;345;0;893;0;1.2;0.0
48;2021-01-20;364;0;1257;0;1.6;0.0
48;2021-01-21;463;0;1720;0;2.3;0.0
48;2021-01-22;269;0;1989;0;2.6;0.0
48;2021-01-23;36;0;2025;0;2.7;0.0
48;2021-01-24;0;0;2025;0;2.7;0.0
48;2021-01-25;109;0;2134;0;2.8;0.0
48;2021-01-26;261;1;2395;1;3.1;0.0
48;2021-01-27;257;2;2652;3;3.5;0.0
48;2021-01-28;270;10;2922;13;3.8;0.0
48;2021-01-29;175;60;3097;73;4.1;0.1
48;2021-01-30;1;7;3098;80;4.1;0.1
48;2021-01-31;0;6;3098;86;4.1;0.1
48;2021-02-01;97;48;3195;134;4.2;0.2
48;2021-02-02;142;36;3337;170;4.4;0.2
48;2021-02-03;177;82;3514;252;4.6;0.3
48;2021-02-04;234;13;3748;265;4.9;0.3
48;2021-02-05;144;35;3892;300;5.1;0.4
48;2021-02-06;34;0;3926;300;5.1;0.4
48;2021-02-07;0;0;3926;300;5.1;0.4
48;2021-02-08;50;61;3976;361;5.2;0.5
48;2021-02-09;66;167;4042;528;5.3;0.7
48;2021-02-10;65;303;4107;831;5.4;1.1
48;2021-02-11;165;407;4272;1238;5.6;1.6
48;2021-02-12;119;156;4391;1394;5.8;1.8
48;2021-02-13;8;55;4399;1449;5.8;1.9
48;2021-02-14;0;0;4399;1449;5.8;1.9
48;2021-02-15;51;106;4450;1555;5.8;2.0
48;2021-02-16;43;173;4493;1728;5.9;2.3
48;2021-02-17;35;284;4528;2012;5.9;2.6
48;2021-02-18;252;94;4780;2106;6.3;2.8
48;2021-02-19;60;183;4840;2289;6.3;3.0
48;2021-02-20;0;1;4840;2290;6.3;3.0
48;2021-02-21;0;14;4840;2304;6.3;3.0
48;2021-02-22;24;129;4864;2433;6.4;3.2
48;2021-02-23;74;221;4938;2654;6.5;3.5
48;2021-02-24;65;257;5003;2911;6.6;3.8
48;2021-02-25;148;261;5151;3172;6.8;4.2
48;2021-02-26;51;225;5202;3397;6.8;4.5
48;2021-02-27;28;1;5230;3398;6.9;4.5
48;2021-02-28;3;14;5233;3412;6.9;4.5
48;2021-03-01;102;96;5335;3508;7.0;4.6
48;2021-03-02;199;87;5534;3595;7.3;4.7
48;2021-03-03;155;109;5689;3704;7.5;4.9
48;2021-03-04;192;181;5881;3885;7.7;5.1
48;2021-03-05;137;139;6018;4024;7.9;5.3
48;2021-03-06;180;53;6198;4077;8.1;5.3
48;2021-03-07;75;1;6273;4078;8.2;5.3
48;2021-03-08;351;120;6624;4198;8.7;5.5
48;2021-03-09;377;85;7001;4283;9.2;5.6
48;2021-03-10;262;60;7263;4343;9.5;5.7
48;2021-03-11;334;88;7597;4431;10.0;5.8
48;2021-03-12;256;150;7853;4581;10.3;6.0
48;2021-03-13;300;3;8153;4584;10.7;6.0
48;2021-03-14;8;0;8161;4584;10.7;6.0
48;2021-03-15;174;63;8335;4647;10.9;6.1
48;2021-03-16;162;61;8497;4708;11.1;6.2
48;2021-03-17;155;104;8652;4812;11.3;6.3
48;2021-03-18;190;101;8842;4913;11.6;6.4
48;2021-03-19;116;95;8958;5008;11.7;6.6
48;2021-03-20;101;0;9059;5008;11.9;6.6
48;2021-03-21;0;0;9059;5008;11.9;6.6
48;2021-03-22;160;22;9219;5030;12.1;6.6
48;2021-03-23;328;100;9547;5130;12.5;6.7
48;2021-03-24;284;98;9831;5228;12.9;6.9
48;2021-03-25;755;111;10586;5339;13.9;7.0
48;2021-03-26;269;56;10855;5395;14.2;7.1
48;2021-03-27;104;0;10959;5395;14.4;7.1
48;2021-03-28;78;0;11037;5395;14.5;7.1
48;2021-03-29;304;76;11341;5471;14.9;7.2
48;2021-03-30;362;126;11703;5597;15.3;7.3
48;2021-03-31;447;82;12150;5679;15.9;7.4
48;2021-04-01;729;65;12879;5744;16.9;7.5
48;2021-04-02;486;123;13365;5867;17.5;7.7
48;2021-04-03;140;82;13505;5949;17.7;7.8
48;2021-04-04;0;0;13505;5949;17.7;7.8
48;2021-04-05;42;1;13547;5950;17.8;7.8
48;2021-04-06;462;155;14009;6105;18.4;8.0
48;2021-04-07;464;135;14473;6240;19.0;8.2
48;2021-04-08;617;182;15090;6422;19.8;8.4
48;2021-04-09;446;113;15536;6535;20.4;8.6
48;2021-04-10;96;58;15632;6593;20.5;8.6
48;2021-04-11;1;0;15633;6593;20.5;8.6
48;2021-04-12;364;68;15997;6661;21.0;8.7
48;2021-04-13;361;90;16358;6751;21.4;8.8
48;2021-04-14;621;178;16979;6929;22.3;9.1
48;2021-04-15;697;347;17676;7276;23.2;9.5
48;2021-04-16;536;213;18212;7489;23.9;9.8
48;2021-04-17;89;68;18301;7557;24.0;9.9
48;2021-04-18;0;0;18301;7557;24.0;9.9
48;2021-04-19;197;104;18498;7661;24.2;10.0
48;2021-04-20;216;175;18714;7836;24.5;10.3
48;2021-04-21;284;202;18998;8038;24.9;10.5
48;2021-04-22;307;479;19305;8517;25.3;11.2
48;2021-04-23;253;238;19558;8755;25.6;11.5
48;2021-04-24;97;93;19655;8848;25.8;11.6
48;2021-04-25;1;9;19656;8857;25.8;11.6
48;2021-04-26;86;205;19742;9062;25.9;11.9
48;2021-04-27;170;291;19912;9353;26.1;12.3
48;2021-04-28;149;412;20061;9765;26.3;12.8
48;2021-04-29;202;490;20263;10255;26.6;13.4
48;2021-04-30;171;220;20434;10475;26.8;13.7
48;2021-05-01;0;0;20434;10475;26.8;13.7
48;2021-05-02;0;0;20434;10475;26.8;13.7
48;2021-05-03;102;386;20536;10861;26.9;14.2
48;2021-05-04;227;421;20763;11282;27.2;14.8
48;2021-05-05;84;480;20847;11762;27.3;15.4
48;2021-05-06;742;632;21589;12394;28.3;16.2
48;2021-05-07;94;504;21683;12898;28.4;16.9
48;2021-05-08;309;43;21992;12941;28.8;17.0
48;2021-05-09;285;9;22277;12950;29.2;17.0
48;2021-05-10;55;325;22332;13275;29.3;17.4
48;2021-05-11;220;284;22552;13559;29.6;17.8
48;2021-05-12;249;312;22801;13871;29.9;18.2
48;2021-05-13;471;156;23272;14027;30.5;18.4
48;2021-05-14;244;220;23516;14247;30.8;18.7
48;2021-05-15;84;47;23600;14294;30.9;18.7
48;2021-05-16;0;8;23600;14302;30.9;18.7
48;2021-05-17;474;265;24074;14567;31.6;19.1
48;2021-05-18;260;226;24334;14793;31.9;19.4
48;2021-05-19;207;278;24541;15071;32.2;19.8
48;2021-05-20;320;252;24861;15323;32.6;20.1
48;2021-05-21;172;267;25033;15590;32.8;20.4
48;2021-05-22;25;50;25058;15640;32.8;20.5
48;2021-05-23;0;6;25058;15646;32.8;20.5
48;2021-05-24;0;14;25058;15660;32.8;20.5
48;2021-05-25;180;265;25238;15925;33.1;20.9
48;2021-05-26;416;294;25654;16219;33.6;21.3
48;2021-05-27;1175;369;26829;16588;35.2;21.7
48;2021-05-28;315;340;27144;16928;35.6;22.2
48;2021-05-29;79;47;27223;16975;35.7;22.3
48;2021-05-30;0;1;27223;16976;35.7;22.3
48;2021-05-31;625;261;27848;17237;36.5;22.6
48;2021-06-01;271;302;28119;17539;36.9;23.0
48;2021-06-02;407;422;28526;17961;37.4;23.5
48;2021-06-03;627;426;29153;18387;38.2;24.1
48;2021-06-04;291;279;29444;18666;38.6;24.5
48;2021-06-05;121;75;29565;18741;38.8;24.6
48;2021-06-06;1;1;29566;18742;38.8;24.6
48;2021-06-07;426;159;29992;18901;39.3;24.8
48;2021-06-08;605;304;30597;19205;40.1;25.2
48;2021-06-09;376;188;30973;19393;40.6;25.4
48;2021-06-10;987;224;31960;19617;41.9;25.7
48;2021-06-11;370;158;32330;19775;42.4;25.9
48;2021-06-12;74;56;32404;19831;42.5;26.0
48;2021-06-13;0;2;32404;19833;42.5;26.0
48;2021-06-14;124;115;32528;19948;42.6;26.1
48;2021-06-15;404;384;32932;20332;43.2;26.7
48;2021-06-16;258;143;33190;20475;43.5;26.8
48;2021-06-17;486;568;33676;21043;44.1;27.6
48;2021-06-18;252;313;33928;21356;44.5;28.0
48;2021-06-19;34;291;33962;21647;44.5;28.4
48;2021-06-20;123;224;34085;21871;44.7;28.7
48;2021-06-21;123;132;34208;22003;44.8;28.8
48;2021-06-22;255;330;34463;22333;45.2;29.3
48;2021-06-23;111;546;34574;22879;45.3;30.0
48;2021-06-24;354;600;34928;23479;45.8;30.8
48;2021-06-25;148;274;35076;23753;46.0;31.1
48;2021-06-26;14;45;35090;23798;46.0;31.2
48;2021-06-27;0;1;35090;23799;46.0;31.2
48;2021-06-28;79;179;35169;23978;46.1;31.4
48;2021-06-29;294;409;35463;24387;46.5;32.0
48;2021-06-30;94;465;35557;24852;46.6;32.6
48;2021-07-01;196;665;35753;25517;46.9;33.4
48;2021-07-02;147;368;35900;25885;47.1;33.9
48;2021-07-03;41;88;35941;25973;47.1;34.0
48;2021-07-04;7;0;35948;25973;47.1;34.0
48;2021-07-05;40;116;35988;26089;47.2;34.2
48;2021-07-06;277;595;36265;26684;47.5;35.0
48;2021-07-07;199;481;36464;27165;47.8;35.6
48;2021-07-08;223;1185;36687;28350;48.1;37.2
48;2021-07-09;156;550;36843;28900;48.3;37.9
48;2021-07-10;95;146;36938;29046;48.4;38.1
48;2021-07-11;0;4;36938;29050;48.4;38.1
48;2021-07-12;138;669;37076;29719;48.6;39.0
48;2021-07-13;210;430;37286;30149;48.9;39.5
48;2021-07-14;178;140;37464;30289;49.1;39.7
48;2021-07-15;185;454;37649;30743;49.4;40.3
48;2021-07-16;232;308;37881;31051;49.7;40.7
48;2021-07-17;121;117;38002;31168;49.8;40.9
48;2021-07-18;4;4;38006;31172;49.8;40.9
49;2020-12-27;0;0;0;0;0.0;0.0
49;2020-12-28;2;0;2;0;0.0;0.0
49;2020-12-29;0;0;2;0;0.0;0.0
49;2020-12-30;0;0;2;0;0.0;0.0
49;2020-12-31;0;0;2;0;0.0;0.0
49;2021-01-01;2;0;4;0;0.0;0.0
49;2021-01-02;1;0;5;0;0.0;0.0
49;2021-01-03;0;0;5;0;0.0;0.0
49;2021-01-04;9;0;14;0;0.0;0.0
49;2021-01-05;92;0;106;0;0.0;0.0
49;2021-01-06;230;0;336;0;0.0;0.0
49;2021-01-07;364;0;700;0;0.1;0.0
49;2021-01-08;330;1;1030;1;0.1;0.0
49;2021-01-09;118;0;1148;1;0.1;0.0
49;2021-01-10;114;0;1262;1;0.2;0.0
49;2021-01-11;287;0;1549;1;0.2;0.0
49;2021-01-12;620;0;2169;1;0.3;0.0
49;2021-01-13;600;2;2769;3;0.3;0.0
49;2021-01-14;587;5;3356;8;0.4;0.0
49;2021-01-15;772;1;4128;9;0.5;0.0
49;2021-01-16;147;0;4275;9;0.5;0.0
49;2021-01-17;111;2;4386;11;0.5;0.0
49;2021-01-18;691;0;5077;11;0.6;0.0
49;2021-01-19;1203;1;6280;12;0.8;0.0
49;2021-01-20;1504;3;7784;15;1.0;0.0
49;2021-01-21;1937;2;9721;17;1.2;0.0
49;2021-01-22;1313;4;11034;21;1.4;0.0
49;2021-01-23;259;1;11293;22;1.4;0.0
49;2021-01-24;0;0;11293;22;1.4;0.0
49;2021-01-25;549;5;11842;27;1.5;0.0
49;2021-01-26;986;75;12828;102;1.6;0.0
49;2021-01-27;1839;36;14667;138;1.8;0.0
49;2021-01-28;2871;84;17538;222;2.1;0.0
49;2021-01-29;1585;93;19123;315;2.3;0.0
49;2021-01-30;298;47;19421;362;2.4;0.0
49;2021-01-31;62;51;19483;413;2.4;0.1
49;2021-02-01;657;156;20140;569;2.5;0.1
49;2021-02-02;741;386;20881;955;2.6;0.1
49;2021-02-03;676;382;21557;1337;2.6;0.2
49;2021-02-04;755;445;22312;1782;2.7;0.2
49;2021-02-05;708;599;23020;2381;2.8;0.3
49;2021-02-06;229;111;23249;2492;2.8;0.3
49;2021-02-07;59;86;23308;2578;2.9;0.3
49;2021-02-08;545;481;23853;3059;2.9;0.4
49;2021-02-09;711;647;24564;3706;3.0;0.5
49;2021-02-10;799;951;25363;4657;3.1;0.6
49;2021-02-11;1000;1406;26363;6063;3.2;0.7
49;2021-02-12;870;974;27233;7037;3.3;0.9
49;2021-02-13;266;118;27499;7155;3.4;0.9
49;2021-02-14;9;106;27508;7261;3.4;0.9
49;2021-02-15;734;658;28242;7919;3.5;1.0
49;2021-02-16;1109;1123;29351;9042;3.6;1.1
49;2021-02-17;1156;1866;30507;10908;3.7;1.3
49;2021-02-18;1812;2446;32319;13354;4.0;1.6
49;2021-02-19;1392;1103;33711;14457;4.1;1.8
49;2021-02-20;232;383;33943;14840;4.2;1.8
49;2021-02-21;0;64;33943;14904;4.2;1.8
49;2021-02-22;646;585;34589;15489;4.2;1.9
49;2021-02-23;734;865;35323;16354;4.3;2.0
49;2021-02-24;801;646;36124;17000;4.4;2.1
49;2021-02-25;1209;823;37333;17823;4.6;2.2
49;2021-02-26;1665;845;38998;18668;4.8;2.3
49;2021-02-27;435;309;39433;18977;4.8;2.3
49;2021-02-28;49;38;39482;19015;4.8;2.3
49;2021-03-01;765;579;40247;19594;4.9;2.4
49;2021-03-02;1081;727;41328;20321;5.1;2.5
49;2021-03-03;1553;674;42881;20995;5.3;2.6
49;2021-03-04;1762;934;44643;21929;5.5;2.7
49;2021-03-05;2211;690;46854;22619;5.7;2.8
49;2021-03-06;712;184;47566;22803;5.8;2.8
49;2021-03-07;627;9;48193;22812;5.9;2.8
49;2021-03-08;1394;710;49587;23522;6.1;2.9
49;2021-03-09;2049;741;51636;24263;6.3;3.0
49;2021-03-10;2524;850;54160;25113;6.6;3.1
49;2021-03-11;3192;1461;57352;26574;7.0;3.3
49;2021-03-12;3764;983;61116;27557;7.5;3.4
49;2021-03-13;1499;214;62615;27771;7.7;3.4
49;2021-03-14;6;0;62621;27771;7.7;3.4
49;2021-03-15;2082;542;64703;28313;7.9;3.5
49;2021-03-16;1730;960;66433;29273;8.1;3.6
49;2021-03-17;1810;668;68243;29941;8.4;3.7
49;2021-03-18;2193;723;70436;30664;8.6;3.8
49;2021-03-19;3328;554;73764;31218;9.0;3.8
49;2021-03-20;1741;207;75505;31425;9.3;3.9
49;2021-03-21;493;25;75998;31450;9.3;3.9
49;2021-03-22;2244;545;78242;31995;9.6;3.9
49;2021-03-23;3398;674;81640;32669;10.0;4.0
49;2021-03-24;3600;489;85240;33158;10.4;4.1
49;2021-03-25;4223;640;89463;33798;11.0;4.1
49;2021-03-26;4879;494;94342;34292;11.6;4.2
49;2021-03-27;1670;98;96012;34390;11.8;4.2
49;2021-03-28;398;33;96410;34423;11.8;4.2
49;2021-03-29;2364;612;98774;35035;12.1;4.3
49;2021-03-30;3263;934;102037;35969;12.5;4.4
49;2021-03-31;2976;749;105013;36718;12.9;4.5
49;2021-04-01;4116;847;109129;37565;13.4;4.6
49;2021-04-02;4281;917;113410;38482;13.9;4.7
49;2021-04-03;971;192;114381;38674;14.0;4.7
49;2021-04-04;314;2;114695;38676;14.1;4.7
49;2021-04-05;940;19;115635;38695;14.2;4.7
49;2021-04-06;2331;1323;117966;40018;14.5;4.9
49;2021-04-07;3307;1366;121273;41384;14.9;5.1
49;2021-04-08;5174;1383;126447;42767;15.5;5.2
49;2021-04-09;6208;1393;132655;44160;16.3;5.4
49;2021-04-10;2061;490;134716;44650;16.5;5.5
49;2021-04-11;389;7;135105;44657;16.6;5.5
49;2021-04-12;4068;1566;139173;46223;17.1;5.7
49;2021-04-13;5375;1898;144548;48121;17.7;5.9
49;2021-04-14;4537;1859;149085;49980;18.3;6.1
49;2021-04-15;5377;1877;154462;51857;18.9;6.4
49;2021-04-16;5756;2124;160218;53981;19.6;6.6
49;2021-04-17;3334;838;163552;54819;20.0;6.7
49;2021-04-18;381;475;163933;55294;20.1;6.8
49;2021-04-19;3707;2053;167640;57347;20.5;7.0
49;2021-04-20;4371;2106;172011;59453;21.1;7.3
49;2021-04-21;3950;2202;175961;61655;21.6;7.6
49;2021-04-22;4825;2096;180786;63751;22.2;7.8
49;2021-04-23;4806;2320;185592;66071;22.7;8.1
49;2021-04-24;2934;1151;188526;67222;23.1;8.2
49;2021-04-25;41;283;188567;67505;23.1;8.3
49;2021-04-26;3737;2111;192304;69616;23.6;8.5
49;2021-04-27;4473;2486;196777;72102;24.1;8.8
49;2021-04-28;4611;2473;201388;74575;24.7;9.1
49;2021-04-29;5206;2999;206594;77574;25.3;9.5
49;2021-04-30;5546;3171;212140;80745;26.0;9.9
49;2021-05-01;2365;661;214505;81406;26.3;10.0
49;2021-05-02;4;40;214509;81446;26.3;10.0
49;2021-05-03;5010;2384;219519;83830;26.9;10.3
49;2021-05-04;4968;3028;224487;86858;27.5;10.6
49;2021-05-05;4783;2991;229270;89849;28.1;11.0
49;2021-05-06;5330;3075;234600;92924;28.8;11.4
49;2021-05-07;4268;5012;238868;97936;29.3;12.0
49;2021-05-08;3571;429;242439;98365;29.7;12.1
49;2021-05-09;9;41;242448;98406;29.7;12.1
49;2021-05-10;4830;4260;247278;102666;30.3;12.6
49;2021-05-11;5395;5081;252673;107747;31.0;13.2
49;2021-05-12;4800;4583;257473;112330;31.6;13.8
49;2021-05-13;4780;683;262253;113013;32.1;13.9
49;2021-05-14;5170;3265;267423;116278;32.8;14.3
49;2021-05-15;4155;1804;271578;118082;33.3;14.5
49;2021-05-16;2786;116;274364;118198;33.6;14.5
49;2021-05-17;4828;3681;279192;121879;34.2;14.9
49;2021-05-18;5459;3753;284651;125632;34.9;15.4
49;2021-05-19;5913;3208;290564;128840;35.6;15.8
49;2021-05-20;6759;2951;297323;131791;36.4;16.2
49;2021-05-21;6458;3735;303781;135526;37.2;16.6
49;2021-05-22;5180;1186;308961;136712;37.9;16.8
49;2021-05-23;1;12;308962;136724;37.9;16.8
49;2021-05-24;4218;437;313180;137161;38.4;16.8
49;2021-05-25;6327;3297;319507;140458;39.2;17.2
49;2021-05-26;6270;2657;325777;143115;39.9;17.5
49;2021-05-27;7103;2719;332880;145834;40.8;17.9
49;2021-05-28;6874;4010;339754;149844;41.6;18.4
49;2021-05-29;5022;1892;344776;151736;42.3;18.6
49;2021-05-30;20;13;344796;151749;42.3;18.6
49;2021-05-31;6037;3213;350833;154962;43.0;19.0
49;2021-06-01;6587;3968;357420;158930;43.8;19.5
49;2021-06-02;5788;3734;363208;162664;44.5;19.9
49;2021-06-03;6601;3416;369809;166080;45.3;20.4
49;2021-06-04;6464;4850;376273;170930;46.1;21.0
49;2021-06-05;4384;2692;380657;173622;46.7;21.3
49;2021-06-06;34;52;380691;173674;46.7;21.3
49;2021-06-07;4623;4758;385314;178432;47.2;21.9
49;2021-06-08;5162;5085;390476;183517;47.9;22.5
49;2021-06-09;5312;4494;395788;188011;48.5;23.0
49;2021-06-10;5960;3775;401748;191786;49.2;23.5
49;2021-06-11;4835;6035;406583;197821;49.8;24.2
49;2021-06-12;4081;3198;410664;201019;50.3;24.6
49;2021-06-13;17;989;410681;202008;50.3;24.8
49;2021-06-14;3406;6014;414087;208022;50.8;25.5
49;2021-06-15;4224;6389;418311;214411;51.3;26.3
49;2021-06-16;4130;5652;422441;220063;51.8;27.0
49;2021-06-17;5053;5064;427494;225127;52.4;27.6
49;2021-06-18;4113;6889;431607;232016;52.9;28.4
49;2021-06-19;3520;3973;435127;235989;53.3;28.9
49;2021-06-20;21;22;435148;236011;53.3;28.9
49;2021-06-21;2816;6515;437964;242526;53.7;29.7
49;2021-06-22;3183;7012;441147;249538;54.1;30.6
49;2021-06-23;3241;6309;444388;255847;54.5;31.4
49;2021-06-24;4300;4972;448688;260819;55.0;32.0
49;2021-06-25;3309;7442;451997;268261;55.4;32.9
49;2021-06-26;2559;4636;454556;272897;55.7;33.4
49;2021-06-27;10;1544;454566;274441;55.7;33.6
49;2021-06-28;2223;7176;456789;281617;56.0;34.5
49;2021-06-29;2979;7248;459768;288865;56.4;35.4
49;2021-06-30;2772;6804;462540;295669;56.7;36.2
49;2021-07-01;3056;6261;465596;301930;57.1;37.0
49;2021-07-02;2885;8083;468481;310013;57.4;38.0
49;2021-07-03;1979;5490;470460;315503;57.7;38.7
49;2021-07-04;5;52;470465;315555;57.7;38.7
49;2021-07-05;1615;7068;472080;322623;57.9;39.5
49;2021-07-06;1876;7562;473956;330185;58.1;40.5
49;2021-07-07;2042;6628;475998;336813;58.3;41.3
49;2021-07-08;2494;6351;478492;343164;58.6;42.1
49;2021-07-09;2291;8256;480783;351420;58.9;43.1
49;2021-07-10;1771;5339;482554;356759;59.1;43.7
49;2021-07-11;11;34;482565;356793;59.1;43.7
49;2021-07-12;1905;7719;484470;364512;59.4;44.7
49;2021-07-13;2539;8301;487009;372813;59.7;45.7
49;2021-07-14;2874;3363;489883;376176;60.0;46.1
49;2021-07-15;3089;7550;492972;383726;60.4;47.0
49;2021-07-16;3246;8280;496218;392006;60.8;48.0
49;2021-07-17;2055;5475;498273;397481;61.1;48.7
49;2021-07-18;3737;558;502010;398039;61.5;48.8
50;2020-12-27;0;0;0;0;0.0;0.0
50;2020-12-28;0;0;0;0;0.0;0.0
50;2020-12-29;1;0;1;0;0.0;0.0
50;2020-12-30;0;0;1;0;0.0;0.0
50;2020-12-31;0;0;1;0;0.0;0.0
50;2021-01-01;0;0;1;0;0.0;0.0
50;2021-01-02;0;0;1;0;0.0;0.0
50;2021-01-03;0;0;1;0;0.0;0.0
50;2021-01-04;0;0;1;0;0.0;0.0
50;2021-01-05;0;0;1;0;0.0;0.0
50;2021-01-06;126;0;127;0;0.0;0.0
50;2021-01-07;306;0;433;0;0.1;0.0
50;2021-01-08;435;0;868;0;0.2;0.0
50;2021-01-09;236;0;1104;0;0.2;0.0
50;2021-01-10;23;0;1127;0;0.2;0.0
50;2021-01-11;388;2;1515;2;0.3;0.0
50;2021-01-12;600;0;2115;2;0.4;0.0
50;2021-01-13;693;4;2808;6;0.6;0.0
50;2021-01-14;1010;6;3818;12;0.8;0.0
50;2021-01-15;705;2;4523;14;0.9;0.0
50;2021-01-16;213;3;4736;17;1.0;0.0
50;2021-01-17;0;0;4736;17;1.0;0.0
50;2021-01-18;619;0;5355;17;1.1;0.0
50;2021-01-19;892;1;6247;18;1.3;0.0
50;2021-01-20;902;0;7149;18;1.5;0.0
50;2021-01-21;916;3;8065;21;1.6;0.0
50;2021-01-22;713;2;8778;23;1.8;0.0
50;2021-01-23;667;4;9445;27;1.9;0.0
50;2021-01-24;880;2;10325;29;2.1;0.0
50;2021-01-25;2649;11;12974;40;2.6;0.0
50;2021-01-26;1334;10;14308;50;2.9;0.0
50;2021-01-27;743;54;15051;104;3.1;0.0
50;2021-01-28;718;169;15769;273;3.2;0.1
50;2021-01-29;578;298;16347;571;3.3;0.1
50;2021-01-30;381;167;16728;738;3.4;0.2
50;2021-01-31;0;0;16728;738;3.4;0.2
50;2021-02-01;448;226;17176;964;3.5;0.2
50;2021-02-02;415;236;17591;1200;3.6;0.2
50;2021-02-03;390;379;17981;1579;3.7;0.3
50;2021-02-04;479;453;18460;2032;3.8;0.4
50;2021-02-05;422;450;18882;2482;3.8;0.5
50;2021-02-06;178;113;19060;2595;3.9;0.5
50;2021-02-07;0;0;19060;2595;3.9;0.5
50;2021-02-08;255;510;19315;3105;3.9;0.6
50;2021-02-09;245;643;19560;3748;4.0;0.8
50;2021-02-10;568;555;20128;4303;4.1;0.9
50;2021-02-11;439;917;20567;5220;4.2;1.1
50;2021-02-12;325;673;20892;5893;4.3;1.2
50;2021-02-13;303;489;21195;6382;4.3;1.3
50;2021-02-14;185;825;21380;7207;4.4;1.5
50;2021-02-15;656;2021;22036;9228;4.5;1.9
50;2021-02-16;742;1624;22778;10852;4.6;2.2
50;2021-02-17;630;828;23408;11680;4.8;2.4
50;2021-02-18;568;808;23976;12488;4.9;2.5
50;2021-02-19;628;522;24604;13010;5.0;2.7
50;2021-02-20;421;193;25025;13203;5.1;2.7
50;2021-02-21;85;29;25110;13232;5.1;2.7
50;2021-02-22;290;731;25400;13963;5.2;2.8
50;2021-02-23;502;569;25902;14532;5.3;3.0
50;2021-02-24;623;569;26525;15101;5.4;3.1
50;2021-02-25;778;586;27303;15687;5.6;3.2
50;2021-02-26;998;401;28301;16088;5.8;3.3
50;2021-02-27;886;112;29187;16200;5.9;3.3
50;2021-02-28;111;0;29298;16200;6.0;3.3
50;2021-03-01;488;556;29786;16756;6.1;3.4
50;2021-03-02;650;520;30436;17276;6.2;3.5
50;2021-03-03;795;457;31231;17733;6.4;3.6
50;2021-03-04;1247;337;32478;18070;6.6;3.7
50;2021-03-05;1549;345;34027;18415;6.9;3.8
50;2021-03-06;1319;156;35346;18571;7.2;3.8
50;2021-03-07;549;40;35895;18611;7.3;3.8
50;2021-03-08;1019;621;36914;19232;7.5;3.9
50;2021-03-09;1552;565;38466;19797;7.8;4.0
50;2021-03-10;1603;320;40069;20117;8.2;4.1
50;2021-03-11;2351;340;42420;20457;8.6;4.2
50;2021-03-12;2865;235;45285;20692;9.2;4.2
50;2021-03-13;1987;127;47272;20819;9.6;4.2
50;2021-03-14;279;41;47551;20860;9.7;4.3
50;2021-03-15;1376;297;48927;21157;10.0;4.3
50;2021-03-16;1339;275;50266;21432;10.2;4.4
50;2021-03-17;1268;406;51534;21838;10.5;4.5
50;2021-03-18;1158;422;52692;22260;10.7;4.5
50;2021-03-19;1727;588;54419;22848;11.1;4.7
50;2021-03-20;1684;221;56103;23069;11.4;4.7
50;2021-03-21;794;7;56897;23076;11.6;4.7
50;2021-03-22;1506;329;58403;23405;11.9;4.8
50;2021-03-23;2068;390;60471;23795;12.3;4.8
50;2021-03-24;2278;548;62749;24343;12.8;5.0
50;2021-03-25;2807;461;65556;24804;13.4;5.1
50;2021-03-26;3204;458;68760;25262;14.0;5.1
50;2021-03-27;1816;371;70576;25633;14.4;5.2
50;2021-03-28;403;15;70979;25648;14.5;5.2
50;2021-03-29;2135;715;73114;26363;14.9;5.4
50;2021-03-30;2273;636;75387;26999;15.4;5.5
50;2021-03-31;2470;561;77857;27560;15.9;5.6
50;2021-04-01;3092;856;80949;28416;16.5;5.8
50;2021-04-02;2961;924;83910;29340;17.1;6.0
50;2021-04-03;1244;691;85154;30031;17.4;6.1
50;2021-04-04;321;135;85475;30166;17.4;6.1
50;2021-04-05;399;27;85874;30193;17.5;6.2
50;2021-04-06;2123;1218;87997;31411;17.9;6.4
50;2021-04-07;2554;1177;90551;32588;18.5;6.6
50;2021-04-08;3587;1207;94138;33795;19.2;6.9
50;2021-04-09;3929;1277;98067;35072;20.0;7.1
50;2021-04-10;2535;874;100602;35946;20.5;7.3
50;2021-04-11;408;147;101010;36093;20.6;7.4
50;2021-04-12;2438;1374;103448;37467;21.1;7.6
50;2021-04-13;2670;1535;106118;39002;21.6;7.9
50;2021-04-14;2607;1350;108725;40352;22.2;8.2
50;2021-04-15;3157;1102;111882;41454;22.8;8.4
50;2021-04-16;3362;1098;115244;42552;23.5;8.7
50;2021-04-17;2400;1180;117644;43732;24.0;8.9
50;2021-04-18;424;661;118068;44393;24.1;9.0
50;2021-04-19;1996;1473;120064;45866;24.5;9.3
50;2021-04-20;2277;1576;122341;47442;24.9;9.7
50;2021-04-21;2552;1751;124893;49193;25.5;10.0
50;2021-04-22;3075;1817;127968;51010;26.1;10.4
50;2021-04-23;2746;1902;130714;52912;26.6;10.8
50;2021-04-24;1894;1434;132608;54346;27.0;11.1
50;2021-04-25;470;271;133078;54617;27.1;11.1
50;2021-04-26;2117;1884;135195;56501;27.6;11.5
50;2021-04-27;2403;1989;137598;58490;28.0;11.9
50;2021-04-28;2702;1964;140300;60454;28.6;12.3
50;2021-04-29;3262;2033;143562;62487;29.3;12.7
50;2021-04-30;2990;1922;146552;64409;29.9;13.1
50;2021-05-01;1013;592;147565;65001;30.1;13.2
50;2021-05-02;522;449;148087;65450;30.2;13.3
50;2021-05-03;1767;1805;149854;67255;30.5;13.7
50;2021-05-04;1774;2318;151628;69573;30.9;14.2
50;2021-05-05;1660;2951;153288;72524;31.2;14.8
50;2021-05-06;2533;2578;155821;75102;31.8;15.3
50;2021-05-07;2148;2860;157969;77962;32.2;15.9
50;2021-05-08;1165;786;159134;78748;32.4;16.0
50;2021-05-09;621;359;159755;79107;32.6;16.1
50;2021-05-10;1706;2600;161461;81707;32.9;16.7
50;2021-05-11;2540;2837;164001;84544;33.4;17.2
50;2021-05-12;3173;2434;167174;86978;34.1;17.7
50;2021-05-13;3381;611;170555;87589;34.8;17.9
50;2021-05-14;3572;2276;174127;89865;35.5;18.3
50;2021-05-15;4000;1870;178127;91735;36.3;18.7
50;2021-05-16;946;265;179073;92000;36.5;18.7
50;2021-05-17;2137;1876;181210;93876;36.9;19.1
50;2021-05-18;2513;1614;183723;95490;37.4;19.5
50;2021-05-19;2502;1437;186225;96927;38.0;19.8
50;2021-05-20;3238;1621;189463;98548;38.6;20.1
50;2021-05-21;3157;1912;192620;100460;39.3;20.5
50;2021-05-22;2650;1324;195270;101784;39.8;20.7
50;2021-05-23;601;285;195871;102069;39.9;20.8
50;2021-05-24;1527;490;197398;102559;40.2;20.9
50;2021-05-25;2446;1674;199844;104233;40.7;21.2
50;2021-05-26;2986;1441;202830;105674;41.3;21.5
50;2021-05-27;3026;1972;205856;107646;42.0;21.9
50;2021-05-28;2945;2119;208801;109765;42.6;22.4
50;2021-05-29;2755;1398;211556;111163;43.1;22.7
50;2021-05-30;812;323;212368;111486;43.3;22.7
50;2021-05-31;2649;1815;215017;113301;43.8;23.1
50;2021-06-01;3329;2062;218346;115363;44.5;23.5
50;2021-06-02;3254;1780;221600;117143;45.2;23.9
50;2021-06-03;3909;2085;225509;119228;46.0;24.3
50;2021-06-04;3820;2875;229329;122103;46.7;24.9
50;2021-06-05;2957;1840;232286;123943;47.3;25.3
50;2021-06-06;809;442;233095;124385;47.5;25.4
50;2021-06-07;3509;2076;236604;126461;48.2;25.8
50;2021-06-08;4052;2217;240656;128678;49.0;26.2
50;2021-06-09;4234;1980;244890;130658;49.9;26.6
50;2021-06-10;4169;2106;249059;132764;50.8;27.1
50;2021-06-11;4191;2707;253250;135471;51.6;27.6
50;2021-06-12;3718;1596;256968;137067;52.4;27.9
50;2021-06-13;1136;449;258104;137516;52.6;28.0
50;2021-06-14;2671;2965;260775;140481;53.1;28.6
50;2021-06-15;3006;2602;263781;143083;53.8;29.2
50;2021-06-16;3085;1968;266866;145051;54.4;29.6
50;2021-06-17;2787;2481;269653;147532;55.0;30.1
50;2021-06-18;3223;3038;272876;150570;55.6;30.7
50;2021-06-19;3167;1921;276043;152491;56.3;31.1
50;2021-06-20;729;710;276772;153201;56.4;31.2
50;2021-06-21;1800;3134;278572;156335;56.8;31.9
50;2021-06-22;2052;3397;280624;159732;57.2;32.6
50;2021-06-23;1849;3877;282473;163609;57.6;33.3
50;2021-06-24;1700;4023;284173;167632;57.9;34.2
50;2021-06-25;2119;4007;286292;171639;58.3;35.0
50;2021-06-26;2124;3704;288416;175343;58.8;35.7
50;2021-06-27;609;894;289025;176237;58.9;35.9
50;2021-06-28;1887;3361;290912;179598;59.3;36.6
50;2021-06-29;1854;3405;292766;183003;59.7;37.3
50;2021-06-30;2147;3412;294913;186415;60.1;38.0
50;2021-07-01;1923;3258;296836;189673;60.5;38.7
50;2021-07-02;1875;3946;298711;193619;60.9;39.5
50;2021-07-03;1430;3453;300141;197072;61.2;40.2
50;2021-07-04;441;1073;300582;198145;61.3;40.4
50;2021-07-05;1256;3418;301838;201563;61.5;41.1
50;2021-07-06;1547;3891;303385;205454;61.8;41.9
50;2021-07-07;1775;3624;305160;209078;62.2;42.6
50;2021-07-08;1350;4108;306510;213186;62.5;43.4
50;2021-07-09;1378;4585;307888;217771;62.7;44.4
50;2021-07-10;1014;3610;308902;221381;63.0;45.1
50;2021-07-11;365;1021;309267;222402;63.0;45.3
50;2021-07-12;1294;4636;310561;227038;63.3;46.3
50;2021-07-13;1600;4864;312161;231902;63.6;47.3
50;2021-07-14;1472;2353;313633;234255;63.9;47.7
50;2021-07-15;1652;5054;315285;239309;64.3;48.8
50;2021-07-16;2927;5239;318212;244548;64.9;49.8
50;2021-07-17;2126;3727;320338;248275;65.3;50.6
50;2021-07-18;401;1090;320739;249365;65.4;50.8
51;2020-12-27;0;0;0;0;0.0;0.0
51;2020-12-28;0;0;0;0;0.0;0.0
51;2020-12-29;0;0;0;0;0.0;0.0
51;2020-12-30;0;0;0;0;0.0;0.0
51;2020-12-31;1;0;1;0;0.0;0.0
51;2021-01-01;0;0;1;0;0.0;0.0
51;2021-01-02;0;0;1;0;0.0;0.0
51;2021-01-03;0;0;1;0;0.0;0.0
51;2021-01-04;1;0;2;0;0.0;0.0
51;2021-01-05;1;0;3;0;0.0;0.0
51;2021-01-06;6;0;9;0;0.0;0.0
51;2021-01-07;261;1;270;1;0.0;0.0
51;2021-01-08;500;1;770;2;0.1;0.0
51;2021-01-09;91;0;861;2;0.2;0.0
51;2021-01-10;0;0;861;2;0.2;0.0
51;2021-01-11;544;2;1405;4;0.2;0.0
51;2021-01-12;1533;2;2938;6;0.5;0.0
51;2021-01-13;1287;4;4225;10;0.7;0.0
51;2021-01-14;1462;6;5687;16;1.0;0.0
51;2021-01-15;605;3;6292;19;1.1;0.0
51;2021-01-16;177;1;6469;20;1.1;0.0
51;2021-01-17;101;0;6570;20;1.2;0.0
51;2021-01-18;843;2;7413;22;1.3;0.0
51;2021-01-19;996;2;8409;24;1.5;0.0
51;2021-01-20;952;5;9361;29;1.7;0.0
51;2021-01-21;790;2;10151;31;1.8;0.0
51;2021-01-22;390;2;10541;33;1.9;0.0
51;2021-01-23;294;0;10835;33;1.9;0.0
51;2021-01-24;129;1;10964;34;1.9;0.0
51;2021-01-25;712;1;11676;35;2.1;0.0
51;2021-01-26;776;4;12452;39;2.2;0.0
51;2021-01-27;655;3;13107;42;2.3;0.0
51;2021-01-28;644;69;13751;111;2.4;0.0
51;2021-01-29;470;141;14221;252;2.5;0.0
51;2021-01-30;126;5;14347;257;2.5;0.0
51;2021-01-31;83;0;14430;257;2.6;0.0
51;2021-02-01;271;58;14701;315;2.6;0.1
51;2021-02-02;732;723;15433;1038;2.7;0.2
51;2021-02-03;634;470;16067;1508;2.8;0.3
51;2021-02-04;966;821;17033;2329;3.0;0.4
51;2021-02-05;965;512;17998;2841;3.2;0.5
51;2021-02-06;30;149;18028;2990;3.2;0.5
51;2021-02-07;0;18;18028;3008;3.2;0.5
51;2021-02-08;115;415;18143;3423;3.2;0.6
51;2021-02-09;222;471;18365;3894;3.3;0.7
51;2021-02-10;219;638;18584;4532;3.3;0.8
51;2021-02-11;298;530;18882;5062;3.3;0.9
51;2021-02-12;340;567;19222;5629;3.4;1.0
51;2021-02-13;8;117;19230;5746;3.4;1.0
51;2021-02-14;8;173;19238;5919;3.4;1.0
51;2021-02-15;264;855;19502;6774;3.5;1.2
51;2021-02-16;400;967;19902;7741;3.5;1.4
51;2021-02-17;367;881;20269;8622;3.6;1.5
51;2021-02-18;435;594;20704;9216;3.7;1.6
51;2021-02-19;529;419;21233;9635;3.8;1.7
51;2021-02-20;205;297;21438;9932;3.8;1.8
51;2021-02-21;10;101;21448;10033;3.8;1.8
51;2021-02-22;195;689;21643;10722;3.8;1.9
51;2021-02-23;259;1098;21902;11820;3.9;2.1
51;2021-02-24;410;692;22312;12512;4.0;2.2
51;2021-02-25;1048;884;23360;13396;4.1;2.4
51;2021-02-26;1223;664;24583;14060;4.4;2.5
51;2021-02-27;589;123;25172;14183;4.5;2.5
51;2021-02-28;7;71;25179;14254;4.5;2.5
51;2021-03-01;766;308;25945;14562;4.6;2.6
51;2021-03-02;1122;446;27067;15008;4.8;2.7
51;2021-03-03;1193;459;28260;15467;5.0;2.7
51;2021-03-04;1057;694;29317;16161;5.2;2.9
51;2021-03-05;1556;667;30873;16828;5.5;3.0
51;2021-03-06;1433;48;32306;16876;5.7;3.0
51;2021-03-07;250;3;32556;16879;5.8;3.0
51;2021-03-08;985;92;33541;16971;5.9;3.0
51;2021-03-09;1661;173;35202;17144;6.2;3.0
51;2021-03-10;1987;94;37189;17238;6.6;3.1
51;2021-03-11;2371;150;39560;17388;7.0;3.1
51;2021-03-12;3242;138;42802;17526;7.6;3.1
51;2021-03-13;2548;36;45350;17562;8.0;3.1
51;2021-03-14;190;2;45540;17564;8.1;3.1
51;2021-03-15;1574;141;47114;17705;8.4;3.1
51;2021-03-16;1475;180;48589;17885;8.6;3.2
51;2021-03-17;1495;201;50084;18086;8.9;3.2
51;2021-03-18;1610;276;51694;18362;9.2;3.3
51;2021-03-19;2306;289;54000;18651;9.6;3.3
51;2021-03-20;1660;207;55660;18858;9.9;3.3
51;2021-03-21;133;1;55793;18859;9.9;3.3
51;2021-03-22;1412;117;57205;18976;10.1;3.4
51;2021-03-23;2467;151;59672;19127;10.6;3.4
51;2021-03-24;2838;120;62510;19247;11.1;3.4
51;2021-03-25;3248;322;65758;19569;11.7;3.5
51;2021-03-26;3409;491;69167;20060;12.3;3.6
51;2021-03-27;1839;246;71006;20306;12.6;3.6
51;2021-03-28;213;2;71219;20308;12.6;3.6
51;2021-03-29;991;639;72210;20947;12.8;3.7
51;2021-03-30;1746;851;73956;21798;13.1;3.9
51;2021-03-31;1726;753;75682;22551;13.4;4.0
51;2021-04-01;2276;435;77958;22986;13.8;4.1
51;2021-04-02;2414;619;80372;23605;14.3;4.2
51;2021-04-03;1302;402;81674;24007;14.5;4.3
51;2021-04-04;105;2;81779;24009;14.5;4.3
51;2021-04-05;70;141;81849;24150;14.5;4.3
51;2021-04-06;763;1235;82612;25385;14.7;4.5
51;2021-04-07;1310;1404;83922;26789;14.9;4.8
51;2021-04-08;2200;1757;86122;28546;15.3;5.1
51;2021-04-09;2862;1727;88984;30273;15.8;5.4
51;2021-04-10;2202;491;91186;30764;16.2;5.5
51;2021-04-11;105;85;91291;30849;16.2;5.5
51;2021-04-12;1449;1339;92740;32188;16.4;5.7
51;2021-04-13;1938;1680;94678;33868;16.8;6.0
51;2021-04-14;2455;1546;97133;35414;17.2;6.3
51;2021-04-15;2852;1659;99985;37073;17.7;6.6
51;2021-04-16;3208;1589;103193;38662;18.3;6.9
51;2021-04-17;1965;770;105158;39432;18.7;7.0
51;2021-04-18;296;109;105454;39541;18.7;7.0
51;2021-04-19;1563;1156;107017;40697;19.0;7.2
51;2021-04-20;1790;1661;108807;42358;19.3;7.5
51;2021-04-21;2005;1736;110812;44094;19.7;7.8
51;2021-04-22;2357;1638;113169;45732;20.1;8.1
51;2021-04-23;2971;1814;116140;47546;20.6;8.4
51;2021-04-24;1745;946;117885;48492;20.9;8.6
51;2021-04-25;122;162;118007;48654;20.9;8.6
51;2021-04-26;1843;757;119850;49411;21.3;8.8
51;2021-04-27;2441;1228;122291;50639;21.7;9.0
51;2021-04-28;2550;1306;124841;51945;22.1;9.2
51;2021-04-29;2637;1443;127478;53388;22.6;9.5
51;2021-04-30;2973;1664;130451;55052;23.1;9.8
51;2021-05-01;1452;410;131903;55462;23.4;9.8
51;2021-05-02;107;100;132010;55562;23.4;9.9
51;2021-05-03;2486;762;134496;56324;23.9;10.0
51;2021-05-04;2785;1344;137281;57668;24.3;10.2
51;2021-05-05;2853;1630;140134;59298;24.9;10.5
51;2021-05-06;5338;1928;145472;61226;25.8;10.9
51;2021-05-07;3691;1928;149163;63154;26.5;11.2
51;2021-05-08;2857;820;152020;63974;27.0;11.3
51;2021-05-09;211;89;152231;64063;27.0;11.4
51;2021-05-10;3214;1853;155445;65916;27.6;11.7
51;2021-05-11;3615;2040;159060;67956;28.2;12.1
51;2021-05-12;4182;2233;163242;70189;29.0;12.4
51;2021-05-13;1778;501;165020;70690;29.3;12.5
51;2021-05-14;5400;1735;170420;72425;30.2;12.8
51;2021-05-15;4227;1352;174647;73777;31.0;13.1
51;2021-05-16;281;47;174928;73824;31.0;13.1
51;2021-05-17;3133;1519;178061;75343;31.6;13.4
51;2021-05-18;3915;1765;181976;77108;32.3;13.7
51;2021-05-19;4007;1720;185983;78828;33.0;14.0
51;2021-05-20;4642;1968;190625;80796;33.8;14.3
51;2021-05-21;3595;2480;194220;83276;34.4;14.8
51;2021-05-22;2073;1545;196293;84821;34.8;15.0
51;2021-05-23;306;210;196599;85031;34.9;15.1
51;2021-05-24;2018;718;198617;85749;35.2;15.2
51;2021-05-25;3126;1821;201743;87570;35.8;15.5
51;2021-05-26;3294;1699;205037;89269;36.4;15.8
51;2021-05-27;3266;2058;208303;91327;36.9;16.2
51;2021-05-28;3603;2823;211906;94150;37.6;16.7
51;2021-05-29;2400;1997;214306;96147;38.0;17.1
51;2021-05-30;400;133;214706;96280;38.1;17.1
51;2021-05-31;3347;1774;218053;98054;38.7;17.4
51;2021-06-01;3853;2331;221906;100385;39.4;17.8
51;2021-06-02;6094;2312;228000;102697;40.4;18.2
51;2021-06-03;3575;2425;231575;105122;41.1;18.6
51;2021-06-04;6336;2940;237911;108062;42.2;19.2
51;2021-06-05;2594;1818;240505;109880;42.7;19.5
51;2021-06-06;171;156;240676;110036;42.7;19.5
51;2021-06-07;4292;2166;244968;112202;43.4;19.9
51;2021-06-08;3910;2526;248878;114728;44.1;20.3
51;2021-06-09;4008;2750;252886;117478;44.9;20.8
51;2021-06-10;3180;2479;256066;119957;45.4;21.3
51;2021-06-11;3344;3419;259410;123376;46.0;21.9
51;2021-06-12;2156;2166;261566;125542;46.4;22.3
51;2021-06-13;189;147;261755;125689;46.4;22.3
51;2021-06-14;1620;3338;263375;129027;46.7;22.9
51;2021-06-15;3162;3577;266537;132604;47.3;23.5
51;2021-06-16;2192;3686;268729;136290;47.7;24.2
51;2021-06-17;2595;5411;271324;141701;48.1;25.1
51;2021-06-18;2351;5218;273675;146919;48.5;26.1
51;2021-06-19;1680;4430;275355;151349;48.8;26.8
51;2021-06-20;183;228;275538;151577;48.9;26.9
51;2021-06-21;1224;4450;276762;156027;49.1;27.7
51;2021-06-22;1553;4047;278315;160074;49.4;28.4
51;2021-06-23;3634;4232;281949;164306;50.0;29.1
51;2021-06-24;2211;3235;284160;167541;50.4;29.7
51;2021-06-25;1880;6530;286040;174071;50.7;30.9
51;2021-06-26;1165;5080;287205;179151;50.9;31.8
51;2021-06-27;103;335;287308;179486;51.0;31.8
51;2021-06-28;1378;4410;288686;183896;51.2;32.6
51;2021-06-29;1155;4477;289841;188373;51.4;33.4
51;2021-06-30;1675;6044;291516;194417;51.7;34.5
51;2021-07-01;1948;3767;293464;198184;52.0;35.2
51;2021-07-02;1811;6891;295275;205075;52.4;36.4
51;2021-07-03;985;3198;296260;208273;52.5;36.9
51;2021-07-04;168;253;296428;208526;52.6;37.0
51;2021-07-05;758;5530;297186;214056;52.7;38.0
51;2021-07-06;1235;4784;298421;218840;52.9;38.8
51;2021-07-07;1597;4938;300018;223778;53.2;39.7
51;2021-07-08;2047;3422;302065;227200;53.6;40.3
51;2021-07-09;1846;5050;303911;232250;53.9;41.2
51;2021-07-10;1222;3202;305133;235452;54.1;41.8
51;2021-07-11;186;277;305319;235729;54.2;41.8
51;2021-07-12;983;4378;306302;240107;54.3;42.6
51;2021-07-13;1464;4779;307766;244886;54.6;43.4
51;2021-07-14;1061;1681;308827;246567;54.8;43.7
51;2021-07-15;2907;4884;311734;251451;55.3;44.6
51;2021-07-16;2331;5257;314065;256708;55.7;45.5
51;2021-07-17;1786;3477;315851;260185;56.0;46.1
51;2021-07-18;161;327;316012;260512;56.0;46.2
52;2020-12-27;0;0;0;0;0.0;0.0
52;2020-12-28;0;0;0;0;0.0;0.0
52;2020-12-29;0;0;0;0;0.0;0.0
52;2020-12-30;0;0;0;0;0.0;0.0
52;2020-12-31;0;0;0;0;0.0;0.0
52;2021-01-01;0;0;0;0;0.0;0.0
52;2021-01-02;0;0;0;0;0.0;0.0
52;2021-01-03;0;0;0;0;0.0;0.0
52;2021-01-04;0;0;0;0;0.0;0.0
52;2021-01-05;0;0;0;0;0.0;0.0
52;2021-01-06;2;0;2;0;0.0;0.0
52;2021-01-07;0;0;2;0;0.0;0.0
52;2021-01-08;201;0;203;0;0.1;0.0
52;2021-01-09;93;0;296;0;0.2;0.0
52;2021-01-10;0;0;296;0;0.2;0.0
52;2021-01-11;206;0;502;0;0.3;0.0
52;2021-01-12;170;0;672;0;0.4;0.0
52;2021-01-13;561;2;1233;2;0.7;0.0
52;2021-01-14;676;8;1909;10;1.1;0.0
52;2021-01-15;409;1;2318;11;1.4;0.0
52;2021-01-16;16;1;2334;12;1.4;0.0
52;2021-01-17;0;0;2334;12;1.4;0.0
52;2021-01-18;426;0;2760;12;1.6;0.0
52;2021-01-19;437;0;3197;12;1.9;0.0
52;2021-01-20;419;1;3616;13;2.1;0.0
52;2021-01-21;424;1;4040;14;2.4;0.0
52;2021-01-22;321;0;4361;14;2.6;0.0
52;2021-01-23;72;0;4433;14;2.6;0.0
52;2021-01-24;0;0;4433;14;2.6;0.0
52;2021-01-25;235;0;4668;14;2.8;0.0
52;2021-01-26;306;1;4974;15;2.9;0.0
52;2021-01-27;237;1;5211;16;3.1;0.0
52;2021-01-28;174;4;5385;20;3.2;0.0
52;2021-01-29;74;125;5459;145;3.2;0.1
52;2021-01-30;91;95;5550;240;3.3;0.1
52;2021-01-31;0;0;5550;240;3.3;0.1
52;2021-02-01;117;193;5667;433;3.3;0.3
52;2021-02-02;60;178;5727;611;3.4;0.4
52;2021-02-03;91;416;5818;1027;3.4;0.6
52;2021-02-04;230;598;6048;1625;3.6;1.0
52;2021-02-05;113;506;6161;2131;3.6;1.3
52;2021-02-06;22;0;6183;2131;3.7;1.3
52;2021-02-07;0;1;6183;2132;3.7;1.3
52;2021-02-08;34;209;6217;2341;3.7;1.4
52;2021-02-09;47;216;6264;2557;3.7;1.5
52;2021-02-10;87;191;6351;2748;3.8;1.6
52;2021-02-11;129;146;6480;2894;3.8;1.7
52;2021-02-12;189;125;6669;3019;3.9;1.8
52;2021-02-13;5;1;6674;3020;3.9;1.8
52;2021-02-14;0;16;6674;3036;3.9;1.8
52;2021-02-15;80;277;6754;3313;4.0;2.0
52;2021-02-16;49;356;6803;3669;4.0;2.2
52;2021-02-17;37;316;6840;3985;4.0;2.4
52;2021-02-18;83;280;6923;4265;4.1;2.5
52;2021-02-19;51;192;6974;4457;4.1;2.6
52;2021-02-20;14;111;6988;4568;4.1;2.7
52;2021-02-21;0;0;6988;4568;4.1;2.7
52;2021-02-22;42;383;7030;4951;4.2;2.9
52;2021-02-23;55;277;7085;5228;4.2;3.1
52;2021-02-24;82;248;7167;5476;4.2;3.2
52;2021-02-25;161;234;7328;5710;4.3;3.4
52;2021-02-26;296;181;7624;5891;4.5;3.5
52;2021-02-27;149;46;7773;5937;4.6;3.5
52;2021-02-28;0;0;7773;5937;4.6;3.5
52;2021-03-01;163;14;7936;5951;4.7;3.5
52;2021-03-02;195;50;8131;6001;4.8;3.5
52;2021-03-03;355;34;8486;6035;5.0;3.6
52;2021-03-04;375;55;8861;6090;5.2;3.6
52;2021-03-05;531;47;9392;6137;5.5;3.6
52;2021-03-06;409;31;9801;6168;5.8;3.6
52;2021-03-07;0;0;9801;6168;5.8;3.6
52;2021-03-08;398;107;10199;6275;6.0;3.7
52;2021-03-09;546;102;10745;6377;6.3;3.8
52;2021-03-10;308;108;11053;6485;6.5;3.8
52;2021-03-11;581;31;11634;6516;6.9;3.8
52;2021-03-12;579;61;12213;6577;7.2;3.9
52;2021-03-13;488;4;12701;6581;7.5;3.9
52;2021-03-14;13;3;12714;6584;7.5;3.9
52;2021-03-15;314;21;13028;6605;7.7;3.9
52;2021-03-16;203;14;13231;6619;7.8;3.9
52;2021-03-17;358;13;13589;6632;8.0;3.9
52;2021-03-18;441;7;14030;6639;8.3;3.9
52;2021-03-19;450;51;14480;6690;8.6;4.0
52;2021-03-20;259;11;14739;6701;8.7;4.0
52;2021-03-21;15;0;14754;6701;8.7;4.0
52;2021-03-22;375;47;15129;6748;8.9;4.0
52;2021-03-23;675;87;15804;6835;9.3;4.0
52;2021-03-24;771;67;16575;6902;9.8;4.1
52;2021-03-25;1133;79;17708;6981;10.5;4.1
52;2021-03-26;1030;139;18738;7120;11.1;4.2
52;2021-03-27;476;75;19214;7195;11.4;4.3
52;2021-03-28;53;0;19267;7195;11.4;4.3
52;2021-03-29;506;185;19773;7380;11.7;4.4
52;2021-03-30;865;284;20638;7664;12.2;4.5
52;2021-03-31;958;286;21596;7950;12.8;4.7
52;2021-04-01;1145;168;22741;8118;13.4;4.8
52;2021-04-02;957;95;23698;8213;14.0;4.9
52;2021-04-03;456;2;24154;8215;14.3;4.9
52;2021-04-04;1;1;24155;8216;14.3;4.9
52;2021-04-05;1;0;24156;8216;14.3;4.9
52;2021-04-06;428;290;24584;8506;14.5;5.0
52;2021-04-07;503;448;25087;8954;14.8;5.3
52;2021-04-08;842;208;25929;9162;15.3;5.4
52;2021-04-09;1060;123;26989;9285;15.9;5.5
52;2021-04-10;851;100;27840;9385;16.4;5.5
52;2021-04-11;96;1;27936;9386;16.5;5.5
52;2021-04-12;931;271;28867;9657;17.1;5.7
52;2021-04-13;1245;370;30112;10027;17.8;5.9
52;2021-04-14;1347;449;31459;10476;18.6;6.2
52;2021-04-15;1512;430;32971;10906;19.5;6.4
52;2021-04-16;1574;364;34545;11270;20.4;6.7
52;2021-04-17;1305;121;35850;11391;21.2;6.7
52;2021-04-18;509;29;36359;11420;21.5;6.7
52;2021-04-19;694;608;37053;12028;21.9;7.1
52;2021-04-20;1075;660;38128;12688;22.5;7.5
52;2021-04-21;1059;673;39187;13361;23.2;7.9
52;2021-04-22;1469;714;40656;14075;24.0;8.3
52;2021-04-23;1253;653;41909;14728;24.8;8.7
52;2021-04-24;475;287;42384;15015;25.0;8.9
52;2021-04-25;3;77;42387;15092;25.0;8.9
52;2021-04-26;628;559;43015;15651;25.4;9.2
52;2021-04-27;931;674;43946;16325;26.0;9.6
52;2021-04-28;1439;556;45385;16881;26.8;10.0
52;2021-04-29;1451;568;46836;17449;27.7;10.3
52;2021-04-30;1314;604;48150;18053;28.4;10.7
52;2021-05-01;8;232;48158;18285;28.5;10.8
52;2021-05-02;0;1;48158;18286;28.5;10.8
52;2021-05-03;1161;624;49319;18910;29.1;11.2
52;2021-05-04;1448;711;50767;19621;30.0;11.6
52;2021-05-05;1769;643;52536;20264;31.0;12.0
52;2021-05-06;1973;493;54509;20757;32.2;12.3
52;2021-05-07;1442;1155;55951;21912;33.1;12.9
52;2021-05-08;587;314;56538;22226;33.4;13.1
52;2021-05-09;1;47;56539;22273;33.4;13.2
52;2021-05-10;792;1098;57331;23371;33.9;13.8
52;2021-05-11;865;1395;58196;24766;34.4;14.6
52;2021-05-12;1203;1381;59399;26147;35.1;15.4
52;2021-05-13;67;184;59466;26331;35.1;15.6
52;2021-05-14;1182;1356;60648;27687;35.8;16.4
52;2021-05-15;492;929;61140;28616;36.1;16.9
52;2021-05-16;8;43;61148;28659;36.1;16.9
52;2021-05-17;1144;705;62292;29364;36.8;17.3
52;2021-05-18;1216;669;63508;30033;37.5;17.7
52;2021-05-19;1543;414;65051;30447;38.4;18.0
52;2021-05-20;1546;419;66597;30866;39.3;18.2
52;2021-05-21;1623;613;68220;31479;40.3;18.6
52;2021-05-22;1089;207;69309;31686;41.0;18.7
52;2021-05-23;1;0;69310;31686;41.0;18.7
52;2021-05-24;402;33;69712;31719;41.2;18.7
52;2021-05-25;1354;383;71066;32102;42.0;19.0
52;2021-05-26;1477;668;72543;32770;42.9;19.4
52;2021-05-27;1565;788;74108;33558;43.8;19.8
52;2021-05-28;1488;670;75596;34228;44.7;20.2
52;2021-05-29;695;834;76291;35062;45.1;20.7
52;2021-05-30;17;550;76308;35612;45.1;21.0
52;2021-05-31;823;829;77131;36441;45.6;21.5
52;2021-06-01;956;813;78087;37254;46.1;22.0
52;2021-06-02;894;742;78981;37996;46.7;22.4
52;2021-06-03;825;825;79806;38821;47.2;22.9
52;2021-06-04;883;1340;80689;40161;47.7;23.7
52;2021-06-05;579;637;81268;40798;48.0;24.1
52;2021-06-06;27;55;81295;40853;48.0;24.1
52;2021-06-07;359;931;81654;41784;48.2;24.7
52;2021-06-08;550;1467;82204;43251;48.6;25.6
52;2021-06-09;612;1474;82816;44725;48.9;26.4
52;2021-06-10;790;1157;83606;45882;49.4;27.1
52;2021-06-11;828;1347;84434;47229;49.9;27.9
52;2021-06-12;421;586;84855;47815;50.1;28.3
52;2021-06-13;1;6;84856;47821;50.1;28.3
52;2021-06-14;169;1413;85025;49234;50.2;29.1
52;2021-06-15;221;1810;85246;51044;50.4;30.2
52;2021-06-16;352;1998;85598;53042;50.6;31.3
52;2021-06-17;260;1156;85858;54198;50.7;32.0
52;2021-06-18;306;1557;86164;55755;50.9;32.9
52;2021-06-19;501;691;86665;56446;51.2;33.4
52;2021-06-20;0;17;86665;56463;51.2;33.4
52;2021-06-21;521;898;87186;57361;51.5;33.9
52;2021-06-22;501;1053;87687;58414;51.8;34.5
52;2021-06-23;542;1044;88229;59458;52.1;35.1
52;2021-06-24;605;702;88834;60160;52.5;35.5
52;2021-06-25;653;1313;89487;61473;52.9;36.3
52;2021-06-26;264;721;89751;62194;53.0;36.7
52;2021-06-27;1;8;89752;62202;53.0;36.8
52;2021-06-28;182;1444;89934;63646;53.1;37.6
52;2021-06-29;161;1418;90095;65064;53.2;38.4
52;2021-06-30;213;1472;90308;66536;53.4;39.3
52;2021-07-01;310;1024;90618;67560;53.5;39.9
52;2021-07-02;428;1453;91046;69013;53.8;40.8
52;2021-07-03;298;1150;91344;70163;54.0;41.5
52;2021-07-04;0;11;91344;70174;54.0;41.5
52;2021-07-05;171;1456;91515;71630;54.1;42.3
52;2021-07-06;283;1454;91798;73084;54.2;43.2
52;2021-07-07;300;1164;92098;74248;54.4;43.9
52;2021-07-08;470;1165;92568;75413;54.7;44.6
52;2021-07-09;284;1621;92852;77034;54.9;45.5
52;2021-07-10;139;821;92991;77855;54.9;46.0
52;2021-07-11;0;12;92991;77867;54.9;46.0
52;2021-07-12;276;1463;93267;79330;55.1;46.9
52;2021-07-13;589;1369;93856;80699;55.5;47.7
52;2021-07-14;436;150;94292;80849;55.7;47.8
52;2021-07-15;587;1425;94879;82274;56.1;48.6
52;2021-07-16;888;1339;95767;83613;56.6;49.4
52;2021-07-17;517;338;96284;83951;56.9;49.6
52;2021-07-18;3;13;96287;83964;56.9;49.6
53;2020-12-27;0;0;0;0;0.0;0.0
53;2020-12-28;0;0;0;0;0.0;0.0
53;2020-12-29;0;0;0;0;0.0;0.0
53;2020-12-30;0;0;0;0;0.0;0.0
53;2020-12-31;0;0;0;0;0.0;0.0
53;2021-01-01;0;0;0;0;0.0;0.0
53;2021-01-02;0;0;0;0;0.0;0.0
53;2021-01-03;0;0;0;0;0.0;0.0
53;2021-01-04;0;0;0;0;0.0;0.0
53;2021-01-05;0;0;0;0;0.0;0.0
53;2021-01-06;0;0;0;0;0.0;0.0
53;2021-01-07;102;0;102;0;0.0;0.0
53;2021-01-08;284;1;386;1;0.1;0.0
53;2021-01-09;134;1;520;2;0.2;0.0
53;2021-01-10;15;0;535;2;0.2;0.0
53;2021-01-11;176;0;711;2;0.2;0.0
53;2021-01-12;453;1;1164;3;0.4;0.0
53;2021-01-13;252;0;1416;3;0.5;0.0
53;2021-01-14;289;6;1705;9;0.6;0.0
53;2021-01-15;343;4;2048;13;0.7;0.0
53;2021-01-16;61;0;2109;13;0.7;0.0
53;2021-01-17;24;1;2133;14;0.7;0.0
53;2021-01-18;364;0;2497;14;0.8;0.0
53;2021-01-19;592;0;3089;14;1.0;0.0
53;2021-01-20;742;0;3831;14;1.3;0.0
53;2021-01-21;769;2;4600;16;1.5;0.0
53;2021-01-22;705;2;5305;18;1.7;0.0
53;2021-01-23;160;0;5465;18;1.8;0.0
53;2021-01-24;6;0;5471;18;1.8;0.0
53;2021-01-25;550;0;6021;18;2.0;0.0
53;2021-01-26;1196;5;7217;23;2.4;0.0
53;2021-01-27;696;4;7913;27;2.6;0.0
53;2021-01-28;738;95;8651;122;2.8;0.0
53;2021-01-29;422;189;9073;311;3.0;0.1
53;2021-01-30;128;0;9201;311;3.0;0.1
53;2021-01-31;0;0;9201;311;3.0;0.1
53;2021-02-01;297;149;9498;460;3.1;0.2
53;2021-02-02;309;231;9807;691;3.2;0.2
53;2021-02-03;226;378;10033;1069;3.3;0.4
53;2021-02-04;182;333;10215;1402;3.3;0.5
53;2021-02-05;234;304;10449;1706;3.4;0.6
53;2021-02-06;152;23;10601;1729;3.5;0.6
53;2021-02-07;0;0;10601;1729;3.5;0.6
53;2021-02-08;166;108;10767;1837;3.5;0.6
53;2021-02-09;369;213;11136;2050;3.6;0.7
53;2021-02-10;266;435;11402;2485;3.7;0.8
53;2021-02-11;429;484;11831;2969;3.9;1.0
53;2021-02-12;316;572;12147;3541;4.0;1.2
53;2021-02-13;95;66;12242;3607;4.0;1.2
53;2021-02-14;0;99;12242;3706;4.0;1.2
53;2021-02-15;239;432;12481;4138;4.1;1.4
53;2021-02-16;528;847;13009;4985;4.3;1.6
53;2021-02-17;390;616;13399;5601;4.4;1.8
53;2021-02-18;544;576;13943;6177;4.6;2.0
53;2021-02-19;895;415;14838;6592;4.9;2.2
53;2021-02-20;139;110;14977;6702;4.9;2.2
53;2021-02-21;0;20;14977;6722;4.9;2.2
53;2021-02-22;160;588;15137;7310;5.0;2.4
53;2021-02-23;59;660;15196;7970;5.0;2.6
53;2021-02-24;136;517;15332;8487;5.0;2.8
53;2021-02-25;457;354;15789;8841;5.2;2.9
53;2021-02-26;439;262;16228;9103;5.3;3.0
53;2021-02-27;86;115;16314;9218;5.3;3.0
53;2021-02-28;0;0;16314;9218;5.3;3.0
53;2021-03-01;230;280;16544;9498;5.4;3.1
53;2021-03-02;246;255;16790;9753;5.5;3.2
53;2021-03-03;319;392;17109;10145;5.6;3.3
53;2021-03-04;858;326;17967;10471;5.9;3.4
53;2021-03-05;659;277;18626;10748;6.1;3.5
53;2021-03-06;445;212;19071;10960;6.2;3.6
53;2021-03-07;276;3;19347;10963;6.3;3.6
53;2021-03-08;375;176;19722;11139;6.5;3.6
53;2021-03-09;878;237;20600;11376;6.7;3.7
53;2021-03-10;807;103;21407;11479;7.0;3.8
53;2021-03-11;1247;217;22654;11696;7.4;3.8
53;2021-03-12;1600;132;24254;11828;7.9;3.9
53;2021-03-13;823;4;25077;11832;8.2;3.9
53;2021-03-14;1;0;25078;11832;8.2;3.9
53;2021-03-15;1001;296;26079;12128;8.5;4.0
53;2021-03-16;1033;322;27112;12450;8.9;4.1
53;2021-03-17;683;261;27795;12711;9.1;4.2
53;2021-03-18;971;340;28766;13051;9.4;4.3
53;2021-03-19;1341;592;30107;13643;9.9;4.5
53;2021-03-20;591;13;30698;13656;10.1;4.5
53;2021-03-21;2;0;30700;13656;10.1;4.5
53;2021-03-22;1209;146;31909;13802;10.4;4.5
53;2021-03-23;1695;59;33604;13861;11.0;4.5
53;2021-03-24;1321;113;34925;13974;11.4;4.6
53;2021-03-25;2319;220;37244;14194;12.2;4.6
53;2021-03-26;1882;141;39126;14335;12.8;4.7
53;2021-03-27;339;2;39465;14337;12.9;4.7
53;2021-03-28;2;0;39467;14337;12.9;4.7
53;2021-03-29;1472;203;40939;14540;13.4;4.8
53;2021-03-30;1945;195;42884;14735;14.0;4.8
53;2021-03-31;1789;215;44673;14950;14.6;4.9
53;2021-04-01;1945;660;46618;15610;15.3;5.1
53;2021-04-02;2073;215;48691;15825;15.9;5.2
53;2021-04-03;414;0;49105;15825;16.1;5.2
53;2021-04-04;10;0;49115;15825;16.1;5.2
53;2021-04-05;8;15;49123;15840;16.1;5.2
53;2021-04-06;1304;498;50427;16338;16.5;5.4
53;2021-04-07;1175;919;51602;17257;16.9;5.7
53;2021-04-08;1662;1001;53264;18258;17.4;6.0
53;2021-04-09;1956;384;55220;18642;18.1;6.1
53;2021-04-10;543;10;55763;18652;18.3;6.1
53;2021-04-11;12;0;55775;18652;18.3;6.1
53;2021-04-12;696;1066;56471;19718;18.5;6.5
53;2021-04-13;1471;1098;57942;20816;19.0;6.8
53;2021-04-14;1020;731;58962;21547;19.3;7.1
53;2021-04-15;1159;1109;60121;22656;19.7;7.4
53;2021-04-16;1271;813;61392;23469;20.1;7.7
53;2021-04-17;279;271;61671;23740;20.2;7.8
53;2021-04-18;0;0;61671;23740;20.2;7.8
53;2021-04-19;679;1066;62350;24806;20.4;8.1
53;2021-04-20;936;1452;63286;26258;20.7;8.6
53;2021-04-21;848;1008;64134;27266;21.0;8.9
53;2021-04-22;1046;1610;65180;28876;21.3;9.5
53;2021-04-23;1323;1041;66503;29917;21.8;9.8
53;2021-04-24;67;7;66570;29924;21.8;9.8
53;2021-04-25;5;39;66575;29963;21.8;9.8
53;2021-04-26;368;1238;66943;31201;21.9;10.2
53;2021-04-27;724;1969;67667;33170;22.2;10.9
53;2021-04-28;978;1387;68645;34557;22.5;11.3
53;2021-04-29;1050;1707;69695;36264;22.8;11.9
53;2021-04-30;1358;1305;71053;37569;23.3;12.3
53;2021-05-01;35;50;71088;37619;23.3;12.3
53;2021-05-02;0;0;71088;37619;23.3;12.3
53;2021-05-03;1571;699;72659;38318;23.8;12.5
53;2021-05-04;1306;1436;73965;39754;24.2;13.0
53;2021-05-05;1610;821;75575;40575;24.7;13.3
53;2021-05-06;1392;1388;76967;41963;25.2;13.7
53;2021-05-07;1535;1295;78502;43258;25.7;14.2
53;2021-05-08;936;33;79438;43291;26.0;14.2
53;2021-05-09;11;2;79449;43293;26.0;14.2
53;2021-05-10;2416;802;81865;44095;26.8;14.4
53;2021-05-11;3097;1281;84962;45376;27.8;14.9
53;2021-05-12;2750;1080;87712;46456;28.7;15.2
53;2021-05-13;350;26;88062;46482;28.8;15.2
53;2021-05-14;2019;674;90081;47156;29.5;15.4
53;2021-05-15;1058;60;91139;47216;29.8;15.5
53;2021-05-16;0;0;91139;47216;29.8;15.5
53;2021-05-17;1703;1196;92842;48412;30.4;15.9
53;2021-05-18;1882;1538;94724;49950;31.0;16.4
53;2021-05-19;2302;732;97026;50682;31.8;16.6
53;2021-05-20;3217;851;100243;51533;32.8;16.9
53;2021-05-21;2796;821;103039;52354;33.7;17.1
53;2021-05-22;19;60;103058;52414;33.7;17.2
53;2021-05-23;0;0;103058;52414;33.7;17.2
53;2021-05-24;7;6;103065;52420;33.8;17.2
53;2021-05-25;1818;802;104883;53222;34.3;17.4
53;2021-05-26;1851;898;106734;54120;35.0;17.7
53;2021-05-27;3073;1072;109807;55192;36.0;18.1
53;2021-05-28;2562;871;112369;56063;36.8;18.4
53;2021-05-29;843;244;113212;56307;37.1;18.4
53;2021-05-30;15;6;113227;56313;37.1;18.4
53;2021-05-31;2565;799;115792;57112;37.9;18.7
53;2021-06-01;3489;1252;119281;58364;39.1;19.1
53;2021-06-02;3180;515;122461;58879;40.1;19.3
53;2021-06-03;4191;776;126652;59655;41.5;19.5
53;2021-06-04;3181;1264;129833;60919;42.5;19.9
53;2021-06-05;136;245;129969;61164;42.6;20.0
53;2021-06-06;0;4;129969;61168;42.6;20.0
53;2021-06-07;2626;925;132595;62093;43.4;20.3
53;2021-06-08;3560;1121;136155;63214;44.6;20.7
53;2021-06-09;2447;936;138602;64150;45.4;21.0
53;2021-06-10;3510;838;142112;64988;46.5;21.3
53;2021-06-11;2961;1202;145073;66190;47.5;21.7
53;2021-06-12;108;140;145181;66330;47.5;21.7
53;2021-06-13;10;2;145191;66332;47.5;21.7
53;2021-06-14;1596;1790;146787;68122;48.1;22.3
53;2021-06-15;1890;2258;148677;70380;48.7;23.0
53;2021-06-16;1822;1729;150499;72109;49.3;23.6
53;2021-06-17;3007;1646;153506;73755;50.3;24.2
53;2021-06-18;2696;1807;156202;75562;51.2;24.7
53;2021-06-19;760;1166;156962;76728;51.4;25.1
53;2021-06-20;3;479;156965;77207;51.4;25.3
53;2021-06-21;913;2536;157878;79743;51.7;26.1
53;2021-06-22;1293;3458;159171;83201;52.1;27.2
53;2021-06-23;1357;2896;160528;86097;52.6;28.2
53;2021-06-24;1801;2033;162329;88130;53.2;28.9
53;2021-06-25;1776;2045;164105;90175;53.7;29.5
53;2021-06-26;975;349;165080;90524;54.1;29.6
53;2021-06-27;6;8;165086;90532;54.1;29.6
53;2021-06-28;659;2903;165745;93435;54.3;30.6
53;2021-06-29;852;3654;166597;97089;54.6;31.8
53;2021-06-30;742;1514;167339;98603;54.8;32.3
53;2021-07-01;1483;2636;168822;101239;55.3;33.2
53;2021-07-02;1479;2022;170301;103261;55.8;33.8
53;2021-07-03;853;569;171154;103830;56.0;34.0
53;2021-07-04;0;4;171154;103834;56.0;34.0
53;2021-07-05;532;2062;171686;105896;56.2;34.7
53;2021-07-06;849;3615;172535;109511;56.5;35.9
53;2021-07-07;1009;2650;173544;112161;56.8;36.7
53;2021-07-08;1305;3119;174849;115280;57.3;37.8
53;2021-07-09;1115;3398;175964;118678;57.6;38.9
53;2021-07-10;422;1000;176386;119678;57.8;39.2
53;2021-07-11;12;20;176398;119698;57.8;39.2
53;2021-07-12;501;3712;176899;123410;57.9;40.4
53;2021-07-13;888;4766;177787;128176;58.2;42.0
53;2021-07-14;104;283;177891;128459;58.3;42.1
53;2021-07-15;1110;4350;179001;132809;58.6;43.5
53;2021-07-16;1231;3834;180232;136643;59.0;44.7
53;2021-07-17;1315;285;181547;136928;59.5;44.8
53;2021-07-18;25;19;181572;136947;59.5;44.8
54;2020-12-27;0;0;0;0;0.0;0.0
54;2020-12-28;0;0;0;0;0.0;0.0
54;2020-12-29;0;0;0;0;0.0;0.0
54;2020-12-30;0;0;0;0;0.0;0.0
54;2020-12-31;10;0;10;0;0.0;0.0
54;2021-01-01;0;0;10;0;0.0;0.0
54;2021-01-02;0;0;10;0;0.0;0.0
54;2021-01-03;1;0;11;0;0.0;0.0
54;2021-01-04;162;0;173;0;0.0;0.0
54;2021-01-05;395;0;568;0;0.1;0.0
54;2021-01-06;647;1;1215;1;0.2;0.0
54;2021-01-07;815;2;2030;3;0.3;0.0
54;2021-01-08;704;3;2734;6;0.4;0.0
54;2021-01-09;81;0;2815;6;0.4;0.0
54;2021-01-10;78;0;2893;6;0.4;0.0
54;2021-01-11;974;3;3867;9;0.5;0.0
54;2021-01-12;1180;1;5047;10;0.7;0.0
54;2021-01-13;2366;6;7413;16;1.0;0.0
54;2021-01-14;3368;29;10781;45;1.5;0.0
54;2021-01-15;2680;10;13461;55;1.8;0.0
54;2021-01-16;813;3;14274;58;2.0;0.0
54;2021-01-17;210;0;14484;58;2.0;0.0
54;2021-01-18;1556;5;16040;63;2.2;0.0
54;2021-01-19;1693;0;17733;63;2.4;0.0
54;2021-01-20;1485;6;19218;69;2.6;0.0
54;2021-01-21;1340;3;20558;72;2.8;0.0
54;2021-01-22;1086;7;21644;79;3.0;0.0
54;2021-01-23;476;0;22120;79;3.0;0.0
54;2021-01-24;66;0;22186;79;3.0;0.0
54;2021-01-25;937;29;23123;108;3.2;0.0
54;2021-01-26;142;5;23265;113;3.2;0.0
54;2021-01-27;12;173;23277;286;3.2;0.0
54;2021-01-28;28;237;23305;523;3.2;0.1
54;2021-01-29;16;279;23321;802;3.2;0.1
54;2021-01-30;3;0;23324;802;3.2;0.1
54;2021-01-31;1;0;23325;802;3.2;0.1
54;2021-02-01;9;787;23334;1589;3.2;0.2
54;2021-02-02;22;973;23356;2562;3.2;0.4
54;2021-02-03;359;1536;23715;4098;3.2;0.6
54;2021-02-04;726;2456;24441;6554;3.3;0.9
54;2021-02-05;794;1900;25235;8454;3.5;1.2
54;2021-02-06;202;338;25437;8792;3.5;1.2
54;2021-02-07;4;126;25441;8918;3.5;1.2
54;2021-02-08;116;1002;25557;9920;3.5;1.4
54;2021-02-09;302;1071;25859;10991;3.5;1.5
54;2021-02-10;386;802;26245;11793;3.6;1.6
54;2021-02-11;292;818;26537;12611;3.6;1.7
54;2021-02-12;448;1302;26985;13913;3.7;1.9
54;2021-02-13;146;237;27131;14150;3.7;1.9
54;2021-02-14;9;11;27140;14161;3.7;1.9
54;2021-02-15;433;1141;27573;15302;3.8;2.1
54;2021-02-16;399;1226;27972;16528;3.8;2.3
54;2021-02-17;521;959;28493;17487;3.9;2.4
54;2021-02-18;591;792;29084;18279;4.0;2.5
54;2021-02-19;520;775;29604;19054;4.1;2.6
54;2021-02-20;35;284;29639;19338;4.1;2.6
54;2021-02-21;3;25;29642;19363;4.1;2.7
54;2021-02-22;483;604;30125;19967;4.1;2.7
54;2021-02-23;677;566;30802;20533;4.2;2.8
54;2021-02-24;727;365;31529;20898;4.3;2.9
54;2021-02-25;1473;733;33002;21631;4.5;3.0
54;2021-02-26;1760;772;34762;22403;4.8;3.1
54;2021-02-27;699;105;35461;22508;4.9;3.1
54;2021-02-28;10;28;35471;22536;4.9;3.1
54;2021-03-01;645;214;36116;22750;4.9;3.1
54;2021-03-02;1498;134;37614;22884;5.1;3.1
54;2021-03-03;1756;55;39370;22939;5.4;3.1
54;2021-03-04;2022;96;41392;23035;5.7;3.2
54;2021-03-05;2794;132;44186;23167;6.0;3.2
54;2021-03-06;4032;96;48218;23263;6.6;3.2
54;2021-03-07;2619;55;50837;23318;7.0;3.2
54;2021-03-08;1334;53;52171;23371;7.1;3.2
54;2021-03-09;2639;90;54810;23461;7.5;3.2
54;2021-03-10;3194;97;58004;23558;7.9;3.2
54;2021-03-11;3384;74;61388;23632;8.4;3.2
54;2021-03-12;4974;153;66362;23785;9.1;3.3
54;2021-03-13;4192;99;70554;23884;9.7;3.3
54;2021-03-14;543;32;71097;23916;9.7;3.3
54;2021-03-15;1717;100;72814;24016;10.0;3.3
54;2021-03-16;1730;160;74544;24176;10.2;3.3
54;2021-03-17;2081;141;76625;24317;10.5;3.3
54;2021-03-18;2049;156;78674;24473;10.8;3.4
54;2021-03-19;3314;234;81988;24707;11.2;3.4
54;2021-03-20;2300;68;84288;24775;11.5;3.4
54;2021-03-21;295;15;84583;24790;11.6;3.4
54;2021-03-22;1033;324;85616;25114;11.7;3.4
54;2021-03-23;1926;513;87542;25627;12.0;3.5
54;2021-03-24;2190;706;89732;26333;12.3;3.6
54;2021-03-25;3162;718;92894;27051;12.7;3.7
54;2021-03-26;3513;787;96407;27838;13.2;3.8
54;2021-03-27;2413;286;98820;28124;13.5;3.9
54;2021-03-28;278;3;99098;28127;13.6;3.9
54;2021-03-29;1665;382;100763;28509;13.8;3.9
54;2021-03-30;2548;967;103311;29476;14.1;4.0
54;2021-03-31;2594;1142;105905;30618;14.5;4.2
54;2021-04-01;3212;1235;109117;31853;14.9;4.4
54;2021-04-02;2967;1644;112084;33497;15.3;4.6
54;2021-04-03;1257;1310;113341;34807;15.5;4.8
54;2021-04-04;137;421;113478;35228;15.5;4.8
54;2021-04-05;143;574;113621;35802;15.6;4.9
54;2021-04-06;1259;1643;114880;37445;15.7;5.1
54;2021-04-07;901;2281;115781;39726;15.9;5.4
54;2021-04-08;2297;2459;118078;42185;16.2;5.8
54;2021-04-09;4110;3137;122188;45322;16.7;6.2
54;2021-04-10;3202;1656;125390;46978;17.2;6.4
54;2021-04-11;206;1001;125596;47979;17.2;6.6
54;2021-04-12;2196;1526;127792;49505;17.5;6.8
54;2021-04-13;2999;1948;130791;51453;17.9;7.0
54;2021-04-14;3251;1840;134042;53293;18.4;7.3
54;2021-04-15;2880;2271;136922;55564;18.7;7.6
54;2021-04-16;3134;2579;140056;58143;19.2;8.0
54;2021-04-17;3468;1469;143524;59612;19.7;8.2
54;2021-04-18;60;245;143584;59857;19.7;8.2
54;2021-04-19;2458;1055;146042;60912;20.0;8.3
54;2021-04-20;3022;1228;149064;62140;20.4;8.5
54;2021-04-21;4394;1581;153458;63721;21.0;8.7
54;2021-04-22;3715;2338;157173;66059;21.5;9.0
54;2021-04-23;3862;2032;161035;68091;22.0;9.3
54;2021-04-24;2336;1020;163371;69111;22.4;9.5
54;2021-04-25;281;275;163652;69386;22.4;9.5
54;2021-04-26;2302;1251;165954;70637;22.7;9.7
54;2021-04-27;3223;1373;169177;72010;23.2;9.9
54;2021-04-28;2959;1914;172136;73924;23.6;10.1
54;2021-04-29;3784;2056;175920;75980;24.1;10.4
54;2021-04-30;4479;1907;180399;77887;24.7;10.7
54;2021-05-01;2260;791;182659;78678;25.0;10.8
54;2021-05-02;227;67;182886;78745;25.0;10.8
54;2021-05-03;3091;926;185977;79671;25.5;10.9
54;2021-05-04;3509;1419;189486;81090;25.9;11.1
54;2021-05-05;4882;1361;194368;82451;26.6;11.3
54;2021-05-06;4428;2765;198796;85216;27.2;11.7
54;2021-05-07;4809;3373;203605;88589;27.9;12.1
54;2021-05-08;2013;629;205618;89218;28.2;12.2
54;2021-05-09;374;134;205992;89352;28.2;12.2
54;2021-05-10;3196;2233;209188;91585;28.6;12.5
54;2021-05-11;5482;2900;214670;94485;29.4;12.9
54;2021-05-12;4133;3370;218803;97855;30.0;13.4
54;2021-05-13;2641;480;221444;98335;30.3;13.5
54;2021-05-14;6872;1944;228316;100279;31.3;13.7
54;2021-05-15;5467;1285;233783;101564;32.0;13.9
54;2021-05-16;939;104;234722;101668;32.1;13.9
54;2021-05-17;3785;788;238507;102456;32.7;14.0
54;2021-05-18;3284;1085;241791;103541;33.1;14.2
54;2021-05-19;3452;1461;245243;105002;33.6;14.4
54;2021-05-20;4528;1586;249771;106588;34.2;14.6
54;2021-05-21;6707;2449;256478;109037;35.1;14.9
54;2021-05-22;5612;1337;262090;110374;35.9;15.1
54;2021-05-23;503;52;262593;110426;36.0;15.1
54;2021-05-24;1441;341;264034;110767;36.1;15.2
54;2021-05-25;4071;1513;268105;112280;36.7;15.4
54;2021-05-26;3522;2201;271627;114481;37.2;15.7
54;2021-05-27;4168;2406;275795;116887;37.8;16.0
54;2021-05-28;4911;3535;280706;120422;38.4;16.5
54;2021-05-29;3825;3967;284531;124389;39.0;17.0
54;2021-05-30;127;83;284658;124472;39.0;17.0
54;2021-05-31;2925;3055;287583;127527;39.4;17.5
54;2021-06-01;2607;4179;290190;131706;39.7;18.0
54;2021-06-02;2140;4068;292330;135774;40.0;18.6
54;2021-06-03;3085;5640;295415;141414;40.4;19.4
54;2021-06-04;5022;5443;300437;146857;41.1;20.1
54;2021-06-05;2342;3280;302779;150137;41.5;20.6
54;2021-06-06;66;234;302845;150371;41.5;20.6
54;2021-06-07;3677;2918;306522;153289;42.0;21.0
54;2021-06-08;4473;4244;310995;157533;42.6;21.6
54;2021-06-09;5910;3252;316905;160785;43.4;22.0
54;2021-06-10;5252;4391;322157;165176;44.1;22.6
54;2021-06-11;4940;4854;327097;170030;44.8;23.3
54;2021-06-12;4150;3208;331247;173238;45.4;23.7
54;2021-06-13;56;211;331303;173449;45.4;23.7
54;2021-06-14;2269;3578;333572;177027;45.7;24.2
54;2021-06-15;2784;4709;336356;181736;46.1;24.9
54;2021-06-16;3427;5609;339783;187345;46.5;25.6
54;2021-06-17;3106;5199;342889;192544;46.9;26.4
54;2021-06-18;4090;6217;346979;198761;47.5;27.2
54;2021-06-19;2604;3127;349583;201888;47.9;27.6
54;2021-06-20;121;338;349704;202226;47.9;27.7
54;2021-06-21;2499;4745;352203;206971;48.2;28.3
54;2021-06-22;2009;6228;354212;213199;48.5;29.2
54;2021-06-23;2158;5596;356370;218795;48.8;30.0
54;2021-06-24;2060;3460;358430;222255;49.1;30.4
54;2021-06-25;2178;7044;360608;229299;49.4;31.4
54;2021-06-26;2361;5644;362969;234943;49.7;32.2
54;2021-06-27;129;604;363098;235547;49.7;32.2
54;2021-06-28;1920;4322;365018;239869;50.0;32.8
54;2021-06-29;1911;5213;366929;245082;50.2;33.6
54;2021-06-30;1957;5122;368886;250204;50.5;34.3
54;2021-07-01;2091;5985;370977;256189;50.8;35.1
54;2021-07-02;2753;7534;373730;263723;51.2;36.1
54;2021-07-03;2707;4020;376437;267743;51.5;36.7
54;2021-07-04;194;498;376631;268241;51.6;36.7
54;2021-07-05;1671;4229;378302;272470;51.8;37.3
54;2021-07-06;2022;5011;380324;277481;52.1;38.0
54;2021-07-07;1712;4826;382036;282307;52.3;38.7
54;2021-07-08;1661;4101;383697;286408;52.5;39.2
54;2021-07-09;3137;5978;386834;292386;53.0;40.0
54;2021-07-10;2476;4296;389310;296682;53.3;40.6
54;2021-07-11;10;104;389320;296786;53.3;40.6
54;2021-07-12;1995;4599;391315;301385;53.6;41.3
54;2021-07-13;2580;4912;393895;306297;53.9;41.9
54;2021-07-14;1417;1485;395312;307782;54.1;42.1
54;2021-07-15;3081;4803;398393;312585;54.5;42.8
54;2021-07-16;3909;6088;402302;318673;55.1;43.6
54;2021-07-17;3734;4712;406036;323385;55.6;44.3
54;2021-07-18;1799;1624;407835;325009;55.8;44.5
55;2020-12-27;0;0;0;0;0.0;0.0
55;2020-12-28;0;0;0;0;0.0;0.0
55;2020-12-29;0;0;0;0;0.0;0.0
55;2020-12-30;0;0;0;0;0.0;0.0
55;2020-12-31;0;0;0;0;0.0;0.0
55;2021-01-01;0;0;0;0;0.0;0.0
55;2021-01-02;0;0;0;0;0.0;0.0
55;2021-01-03;0;0;0;0;0.0;0.0
55;2021-01-04;1;0;1;0;0.0;0.0
55;2021-01-05;0;0;1;0;0.0;0.0
55;2021-01-06;0;0;1;0;0.0;0.0
55;2021-01-07;122;0;123;0;0.1;0.0
55;2021-01-08;127;0;250;0;0.1;0.0
55;2021-01-09;52;0;302;0;0.2;0.0
55;2021-01-10;0;0;302;0;0.2;0.0
55;2021-01-11;127;1;429;1;0.2;0.0
55;2021-01-12;119;0;548;1;0.3;0.0
55;2021-01-13;133;0;681;1;0.4;0.0
55;2021-01-14;641;5;1322;6;0.7;0.0
55;2021-01-15;237;0;1559;6;0.9;0.0
55;2021-01-16;61;0;1620;6;0.9;0.0
55;2021-01-17;1;0;1621;6;0.9;0.0
55;2021-01-18;413;0;2034;6;1.1;0.0
55;2021-01-19;351;2;2385;8;1.3;0.0
55;2021-01-20;451;2;2836;10;1.6;0.0
55;2021-01-21;430;0;3266;10;1.8;0.0
55;2021-01-22;392;0;3658;10;2.0;0.0
55;2021-01-23;49;0;3707;10;2.0;0.0
55;2021-01-24;0;0;3707;10;2.0;0.0
55;2021-01-25;436;0;4143;10;2.3;0.0
55;2021-01-26;429;0;4572;10;2.5;0.0
55;2021-01-27;424;0;4996;10;2.8;0.0
55;2021-01-28;485;100;5481;110;3.0;0.1
55;2021-01-29;159;54;5640;164;3.1;0.1
55;2021-01-30;92;28;5732;192;3.2;0.1
55;2021-01-31;0;0;5732;192;3.2;0.1
55;2021-02-01;153;177;5885;369;3.2;0.2
55;2021-02-02;159;148;6044;517;3.3;0.3
55;2021-02-03;53;161;6097;678;3.4;0.4
55;2021-02-04;232;398;6329;1076;3.5;0.6
55;2021-02-05;173;140;6502;1216;3.6;0.7
55;2021-02-06;59;55;6561;1271;3.6;0.7
55;2021-02-07;2;53;6563;1324;3.6;0.7
55;2021-02-08;0;19;6563;1343;3.6;0.7
55;2021-02-09;92;114;6655;1457;3.7;0.8
55;2021-02-10;64;20;6719;1477;3.7;0.8
55;2021-02-11;176;97;6895;1574;3.8;0.9
55;2021-02-12;95;25;6990;1599;3.8;0.9
55;2021-02-13;0;0;6990;1599;3.8;0.9
55;2021-02-14;0;0;6990;1599;3.8;0.9
55;2021-02-15;14;418;7004;2017;3.9;1.1
55;2021-02-16;143;396;7147;2413;3.9;1.3
55;2021-02-17;26;495;7173;2908;3.9;1.6
55;2021-02-18;20;344;7193;3252;4.0;1.8
55;2021-02-19;120;292;7313;3544;4.0;2.0
55;2021-02-20;11;0;7324;3544;4.0;2.0
55;2021-02-21;0;0;7324;3544;4.0;2.0
55;2021-02-22;56;458;7380;4002;4.1;2.2
55;2021-02-23;84;442;7464;4444;4.1;2.4
55;2021-02-24;73;416;7537;4860;4.1;2.7
55;2021-02-25;270;681;7807;5541;4.3;3.1
55;2021-02-26;325;232;8132;5773;4.5;3.2
55;2021-02-27;125;85;8257;5858;4.5;3.2
55;2021-02-28;2;8;8259;5866;4.5;3.2
55;2021-03-01;77;138;8336;6004;4.6;3.3
55;2021-03-02;124;173;8460;6177;4.7;3.4
55;2021-03-03;198;3;8658;6180;4.8;3.4
55;2021-03-04;235;42;8893;6222;4.9;3.4
55;2021-03-05;363;44;9256;6266;5.1;3.4
55;2021-03-06;223;4;9479;6270;5.2;3.5
55;2021-03-07;69;0;9548;6270;5.3;3.5
55;2021-03-08;327;39;9875;6309;5.4;3.5
55;2021-03-09;633;48;10508;6357;5.8;3.5
55;2021-03-10;396;24;10904;6381;6.0;3.5
55;2021-03-11;595;135;11499;6516;6.3;3.6
55;2021-03-12;815;85;12314;6601;6.8;3.6
55;2021-03-13;521;10;12835;6611;7.1;3.6
55;2021-03-14;14;0;12849;6611;7.1;3.6
55;2021-03-15;392;17;13241;6628;7.3;3.6
55;2021-03-16;569;105;13810;6733;7.6;3.7
55;2021-03-17;683;17;14493;6750;8.0;3.7
55;2021-03-18;320;22;14813;6772;8.2;3.7
55;2021-03-19;471;58;15284;6830;8.4;3.8
55;2021-03-20;253;14;15537;6844;8.6;3.8
55;2021-03-21;1;1;15538;6845;8.6;3.8
55;2021-03-22;472;17;16010;6862;8.8;3.8
55;2021-03-23;971;58;16981;6920;9.3;3.8
55;2021-03-24;802;35;17783;6955;9.8;3.8
55;2021-03-25;1095;74;18878;7029;10.4;3.9
55;2021-03-26;600;34;19478;7063;10.7;3.9
55;2021-03-27;256;21;19734;7084;10.9;3.9
55;2021-03-28;0;0;19734;7084;10.9;3.9
55;2021-03-29;942;33;20676;7117;11.4;3.9
55;2021-03-30;1423;61;22099;7178;12.2;4.0
55;2021-03-31;1480;59;23579;7237;13.0;4.0
55;2021-04-01;1202;109;24781;7346;13.6;4.0
55;2021-04-02;896;69;25677;7415;14.1;4.1
55;2021-04-03;80;0;25757;7415;14.2;4.1
55;2021-04-04;2;0;25759;7415;14.2;4.1
55;2021-04-05;6;12;25765;7427;14.2;4.1
55;2021-04-06;933;271;26698;7698;14.7;4.2
55;2021-04-07;994;233;27692;7931;15.2;4.4
55;2021-04-08;1647;409;29339;8340;16.2;4.6
55;2021-04-09;1427;257;30766;8597;16.9;4.7
55;2021-04-10;241;173;31007;8770;17.1;4.8
55;2021-04-11;452;19;31459;8789;17.3;4.8
55;2021-04-12;854;318;32313;9107;17.8;5.0
55;2021-04-13;1356;516;33669;9623;18.5;5.3
55;2021-04-14;1371;728;35040;10351;19.3;5.7
55;2021-04-15;1634;450;36674;10801;20.2;5.9
55;2021-04-16;705;377;37379;11178;20.6;6.2
55;2021-04-17;677;28;38056;11206;21.0;6.2
55;2021-04-18;38;18;38094;11224;21.0;6.2
55;2021-04-19;961;344;39055;11568;21.5;6.4
55;2021-04-20;1173;769;40228;12337;22.1;6.8
55;2021-04-21;990;634;41218;12971;22.7;7.1
55;2021-04-22;1072;644;42290;13615;23.3;7.5
55;2021-04-23;1413;571;43703;14186;24.1;7.8
55;2021-04-24;312;121;44015;14307;24.2;7.9
55;2021-04-25;384;47;44399;14354;24.4;7.9
55;2021-04-26;478;815;44877;15169;24.7;8.4
55;2021-04-27;569;992;45446;16161;25.0;8.9
55;2021-04-28;931;815;46377;16976;25.5;9.3
55;2021-04-29;1118;854;47495;17830;26.1;9.8
55;2021-04-30;1279;618;48774;18448;26.9;10.2
55;2021-05-01;152;132;48926;18580;26.9;10.2
55;2021-05-02;2;3;48928;18583;26.9;10.2
55;2021-05-03;1208;627;50136;19210;27.6;10.6
55;2021-05-04;683;1176;50819;20386;28.0;11.2
55;2021-05-05;658;1073;51477;21459;28.3;11.8
55;2021-05-06;1347;1159;52824;22618;29.1;12.5
55;2021-05-07;1432;554;54256;23172;29.9;12.8
55;2021-05-08;154;77;54410;23249;30.0;12.8
55;2021-05-09;61;522;54471;23771;30.0;13.1
55;2021-05-10;862;1024;55333;24795;30.5;13.7
55;2021-05-11;1070;1380;56403;26175;31.1;14.4
55;2021-05-12;1030;1769;57433;27944;31.6;15.4
55;2021-05-13;99;74;57532;28018;31.7;15.4
55;2021-05-14;352;558;57884;28576;31.9;15.7
55;2021-05-15;291;494;58175;29070;32.0;16.0
55;2021-05-16;3;10;58178;29080;32.0;16.0
55;2021-05-17;1028;839;59206;29919;32.6;16.5
55;2021-05-18;1570;891;60776;30810;33.5;17.0
55;2021-05-19;1810;781;62586;31591;34.5;17.4
55;2021-05-20;2215;731;64801;32322;35.7;17.8
55;2021-05-21;2006;797;66807;33119;36.8;18.2
55;2021-05-22;197;167;67004;33286;36.9;18.3
55;2021-05-23;23;120;67027;33406;36.9;18.4
55;2021-05-24;0;0;67027;33406;36.9;18.4
55;2021-05-25;1347;652;68374;34058;37.6;18.8
55;2021-05-26;1671;1015;70045;35073;38.6;19.3
55;2021-05-27;1317;978;71362;36051;39.3;19.8
55;2021-05-28;1521;931;72883;36982;40.1;20.4
55;2021-05-29;1401;697;74284;37679;40.9;20.7
55;2021-05-30;15;206;74299;37885;40.9;20.9
55;2021-05-31;1049;1131;75348;39016;41.5;21.5
55;2021-06-01;913;954;76261;39970;42.0;22.0
55;2021-06-02;1159;985;77420;40955;42.6;22.5
55;2021-06-03;700;541;78120;41496;43.0;22.8
55;2021-06-04;1388;1099;79508;42595;43.8;23.5
55;2021-06-05;1363;276;80871;42871;44.5;23.6
55;2021-06-06;0;2;80871;42873;44.5;23.6
55;2021-06-07;790;715;81661;43588;45.0;24.0
55;2021-06-08;695;1073;82356;44661;45.3;24.6
55;2021-06-09;850;871;83206;45532;45.8;25.1
55;2021-06-10;375;275;83581;45807;46.0;25.2
55;2021-06-11;524;1288;84105;47095;46.3;25.9
55;2021-06-12;757;519;84862;47614;46.7;26.2
55;2021-06-13;262;33;85124;47647;46.9;26.2
55;2021-06-14;366;1365;85490;49012;47.1;27.0
55;2021-06-15;565;1213;86055;50225;47.4;27.7
55;2021-06-16;727;829;86782;51054;47.8;28.1
55;2021-06-17;423;856;87205;51910;48.0;28.6
55;2021-06-18;656;1476;87861;53386;48.4;29.4
55;2021-06-19;586;457;88447;53843;48.7;29.6
55;2021-06-20;0;0;88447;53843;48.7;29.6
55;2021-06-21;435;1021;88882;54864;48.9;30.2
55;2021-06-22;332;1014;89214;55878;49.1;30.8
55;2021-06-23;615;1213;89829;57091;49.5;31.4
55;2021-06-24;163;433;89992;57524;49.5;31.7
55;2021-06-25;639;1224;90631;58748;49.9;32.3
55;2021-06-26;416;340;91047;59088;50.1;32.5
55;2021-06-27;1;2;91048;59090;50.1;32.5
55;2021-06-28;141;1389;91189;60479;50.2;33.3
55;2021-06-29;196;1288;91385;61767;50.3;34.0
55;2021-06-30;269;1941;91654;63708;50.5;35.1
55;2021-07-01;370;1983;92024;65691;50.7;36.2
55;2021-07-02;386;1721;92410;67412;50.9;37.1
55;2021-07-03;108;261;92518;67673;50.9;37.3
55;2021-07-04;12;19;92530;67692;50.9;37.3
55;2021-07-05;221;1511;92751;69203;51.1;38.1
55;2021-07-06;316;891;93067;70094;51.2;38.6
55;2021-07-07;386;1801;93453;71895;51.4;39.6
55;2021-07-08;522;1585;93975;73480;51.7;40.5
55;2021-07-09;442;1477;94417;74957;52.0;41.3
55;2021-07-10;347;1107;94764;76064;52.2;41.9
55;2021-07-11;0;9;94764;76073;52.2;41.9
55;2021-07-12;601;1167;95365;77240;52.5;42.5
55;2021-07-13;597;1487;95962;78727;52.8;43.3
55;2021-07-14;0;13;95962;78740;52.8;43.3
55;2021-07-15;770;1642;96732;80382;53.3;44.3
55;2021-07-16;1234;1797;97966;82179;53.9;45.2
55;2021-07-17;1265;806;99231;82985;54.6;45.7
55;2021-07-18;1;2;99232;82987;54.6;45.7
56;2020-12-27;0;0;0;0;0.0;0.0
56;2020-12-28;1;0;1;0;0.0;0.0
56;2020-12-29;0;0;1;0;0.0;0.0
56;2020-12-30;0;0;1;0;0.0;0.0
56;2020-12-31;0;0;1;0;0.0;0.0
56;2021-01-01;0;0;1;0;0.0;0.0
56;2021-01-02;1;0;2;0;0.0;0.0
56;2021-01-03;0;0;2;0;0.0;0.0
56;2021-01-04;1;0;3;0;0.0;0.0
56;2021-01-05;1;0;4;0;0.0;0.0
56;2021-01-06;1;0;5;0;0.0;0.0
56;2021-01-07;198;0;203;0;0.0;0.0
56;2021-01-08;119;0;322;0;0.0;0.0
56;2021-01-09;1;0;323;0;0.0;0.0
56;2021-01-10;1;0;324;0;0.0;0.0
56;2021-01-11;242;0;566;0;0.1;0.0
56;2021-01-12;752;0;1318;0;0.2;0.0
56;2021-01-13;636;1;1954;1;0.3;0.0
56;2021-01-14;967;2;2921;3;0.4;0.0
56;2021-01-15;837;5;3758;8;0.5;0.0
56;2021-01-16;233;3;3991;11;0.5;0.0
56;2021-01-17;26;0;4017;11;0.5;0.0
56;2021-01-18;999;1;5016;12;0.7;0.0
56;2021-01-19;849;1;5865;13;0.8;0.0
56;2021-01-20;883;1;6748;14;0.9;0.0
56;2021-01-21;1456;2;8204;16;1.1;0.0
56;2021-01-22;1169;1;9373;17;1.2;0.0
56;2021-01-23;319;2;9692;19;1.3;0.0
56;2021-01-24;6;0;9698;19;1.3;0.0
56;2021-01-25;824;0;10522;19;1.4;0.0
56;2021-01-26;1031;4;11553;23;1.5;0.0
56;2021-01-27;1081;61;12634;84;1.7;0.0
56;2021-01-28;972;125;13606;209;1.8;0.0
56;2021-01-29;863;106;14469;315;1.9;0.0
56;2021-01-30;138;19;14607;334;1.9;0.0
56;2021-01-31;0;0;14607;334;1.9;0.0
56;2021-02-01;477;158;15084;492;2.0;0.1
56;2021-02-02;941;258;16025;750;2.1;0.1
56;2021-02-03;1019;270;17044;1020;2.3;0.1
56;2021-02-04;4682;333;21726;1353;2.9;0.2
56;2021-02-05;3577;421;25303;1774;3.3;0.2
56;2021-02-06;547;169;25850;1943;3.4;0.3
56;2021-02-07;135;26;25985;1969;3.4;0.3
56;2021-02-08;296;288;26281;2257;3.5;0.3
56;2021-02-09;793;509;27074;2766;3.6;0.4
56;2021-02-10;862;700;27936;3466;3.7;0.5
56;2021-02-11;972;1076;28908;4542;3.8;0.6
56;2021-02-12;1149;642;30057;5184;4.0;0.7
56;2021-02-13;220;104;30277;5288;4.0;0.7
56;2021-02-14;6;46;30283;5334;4.0;0.7
56;2021-02-15;620;1088;30903;6422;4.1;0.8
56;2021-02-16;1219;737;32122;7159;4.3;0.9
56;2021-02-17;1190;959;33312;8118;4.4;1.1
56;2021-02-18;1308;883;34620;9001;4.6;1.2
56;2021-02-19;1317;914;35937;9915;4.8;1.3
56;2021-02-20;365;262;36302;10177;4.8;1.3
56;2021-02-21;0;0;36302;10177;4.8;1.3
56;2021-02-22;372;700;36674;10877;4.9;1.4
56;2021-02-23;736;964;37410;11841;5.0;1.6
56;2021-02-24;912;1179;38322;13020;5.1;1.7
56;2021-02-25;2024;4242;40346;17262;5.3;2.3
56;2021-02-26;2348;2257;42694;19519;5.7;2.6
56;2021-02-27;736;446;43430;19965;5.7;2.6
56;2021-02-28;13;114;43443;20079;5.7;2.7
56;2021-03-01;645;559;44088;20638;5.8;2.7
56;2021-03-02;976;791;45064;21429;6.0;2.8
56;2021-03-03;1147;911;46211;22340;6.1;3.0
56;2021-03-04;1958;1036;48169;23376;6.4;3.1
56;2021-03-05;2575;1427;50744;24803;6.7;3.3
56;2021-03-06;1202;213;51946;25016;6.9;3.3
56;2021-03-07;282;24;52228;25040;6.9;3.3
56;2021-03-08;1137;388;53365;25428;7.1;3.4
56;2021-03-09;2026;626;55391;26054;7.3;3.4
56;2021-03-10;1998;936;57389;26990;7.6;3.6
56;2021-03-11;3248;725;60637;27715;8.0;3.7
56;2021-03-12;4206;813;64843;28528;8.6;3.8
56;2021-03-13;1877;145;66720;28673;8.8;3.8
56;2021-03-14;189;2;66909;28675;8.9;3.8
56;2021-03-15;1279;533;68188;29208;9.0;3.9
56;2021-03-16;1087;1035;69275;30243;9.2;4.0
56;2021-03-17;1354;778;70629;31021;9.3;4.1
56;2021-03-18;1993;1874;72622;32895;9.6;4.4
56;2021-03-19;2935;1401;75557;34296;10.0;4.5
56;2021-03-20;1485;205;77042;34501;10.2;4.6
56;2021-03-21;205;20;77247;34521;10.2;4.6
56;2021-03-22;1607;398;78854;34919;10.4;4.6
56;2021-03-23;2802;686;81656;35605;10.8;4.7
56;2021-03-24;3442;522;85098;36127;11.3;4.8
56;2021-03-25;4221;707;89319;36834;11.8;4.9
56;2021-03-26;5083;765;94402;37599;12.5;5.0
56;2021-03-27;1495;292;95897;37891;12.7;5.0
56;2021-03-28;263;10;96160;37901;12.7;5.0
56;2021-03-29;2222;500;98382;38401;13.0;5.1
56;2021-03-30;3516;783;101898;39184;13.5;5.2
56;2021-03-31;3109;704;105007;39888;13.9;5.3
56;2021-04-01;4057;814;109064;40702;14.4;5.4
56;2021-04-02;3903;923;112967;41625;15.0;5.5
56;2021-04-03;1186;269;114153;41894;15.1;5.5
56;2021-04-04;230;3;114383;41897;15.1;5.5
56;2021-04-05;240;8;114623;41905;15.2;5.5
56;2021-04-06;2810;1230;117433;43135;15.5;5.7
56;2021-04-07;4012;1173;121445;44308;16.1;5.9
56;2021-04-08;5267;1152;126712;45460;16.8;6.0
56;2021-04-09;7357;1275;134069;46735;17.7;6.2
56;2021-04-10;2577;418;136646;47153;18.1;6.2
56;2021-04-11;190;102;136836;47255;18.1;6.3
56;2021-04-12;3932;830;140768;48085;18.6;6.4
56;2021-04-13;5958;1245;146726;49330;19.4;6.5
56;2021-04-14;5159;1412;151885;50742;20.1;6.7
56;2021-04-15;7126;1746;159011;52488;21.0;6.9
56;2021-04-16;7832;1984;166843;54472;22.1;7.2
56;2021-04-17;3125;634;169968;55106;22.5;7.3
56;2021-04-18;528;106;170496;55212;22.6;7.3
56;2021-04-19;3713;1258;174209;56470;23.1;7.5
56;2021-04-20;4091;1972;178300;58442;23.6;7.7
56;2021-04-21;4053;2319;182353;60761;24.1;8.0
56;2021-04-22;5164;1915;187517;62676;24.8;8.3
56;2021-04-23;5146;2392;192663;65068;25.5;8.6
56;2021-04-24;2897;639;195560;65707;25.9;8.7
56;2021-04-25;463;148;196023;65855;25.9;8.7
56;2021-04-26;4699;1657;200722;67512;26.6;8.9
56;2021-04-27;5080;2541;205802;70053;27.2;9.3
56;2021-04-28;4962;2237;210764;72290;27.9;9.6
56;2021-04-29;5823;2925;216587;75215;28.7;10.0
56;2021-04-30;6234;2798;222821;78013;29.5;10.3
56;2021-05-01;2483;359;225304;78372;29.8;10.4
56;2021-05-02;306;254;225610;78626;29.9;10.4
56;2021-05-03;3862;2059;229472;80685;30.4;10.7
56;2021-05-04;4378;3898;233850;84583;31.0;11.2
56;2021-05-05;3522;3864;237372;88447;31.4;11.7
56;2021-05-06;4380;5420;241752;93867;32.0;12.4
56;2021-05-07;4264;5008;246016;98875;32.6;13.1
56;2021-05-08;1639;312;247655;99187;32.8;13.1
56;2021-05-09;494;220;248149;99407;32.8;13.2
56;2021-05-10;3746;3806;251895;103213;33.3;13.7
56;2021-05-11;4157;5043;256052;108256;33.9;14.3
56;2021-05-12;4334;4771;260386;113027;34.5;15.0
56;2021-05-13;2390;1002;262776;114029;34.8;15.1
56;2021-05-14;4219;4354;266995;118383;35.3;15.7
56;2021-05-15;2481;1892;269476;120275;35.7;15.9
56;2021-05-16;234;488;269710;120763;35.7;16.0
56;2021-05-17;2509;3661;272219;124424;36.0;16.5
56;2021-05-18;3513;4074;275732;128498;36.5;17.0
56;2021-05-19;3525;3387;279257;131885;37.0;17.5
56;2021-05-20;3794;4804;283051;136689;37.5;18.1
56;2021-05-21;3740;5221;286791;141910;38.0;18.8
56;2021-05-22;1697;2209;288488;144119;38.2;19.1
56;2021-05-23;283;197;288771;144316;38.2;19.1
56;2021-05-24;2055;499;290826;144815;38.5;19.2
56;2021-05-25;3127;4460;293953;149275;38.9;19.8
56;2021-05-26;3727;3900;297680;153175;39.4;20.3
56;2021-05-27;4358;4868;302038;158043;40.0;20.9
56;2021-05-28;4630;5960;306668;164003;40.6;21.7
56;2021-05-29;1884;1634;308552;165637;40.8;21.9
56;2021-05-30;317;66;308869;165703;40.9;21.9
56;2021-05-31;4500;3215;313369;168918;41.5;22.4
56;2021-06-01;5660;3383;319029;172301;42.2;22.8
56;2021-06-02;5633;2948;324662;175249;43.0;23.2
56;2021-06-03;6181;3302;330843;178551;43.8;23.6
56;2021-06-04;5803;4411;336646;182962;44.6;24.2
56;2021-06-05;4340;2384;340986;185346;45.1;24.5
56;2021-06-06;495;615;341481;185961;45.2;24.6
56;2021-06-07;5094;3168;346575;189129;45.9;25.0
56;2021-06-08;6035;3372;352610;192501;46.7;25.5
56;2021-06-09;6421;2809;359031;195310;47.5;25.8
56;2021-06-10;7425;2865;366456;198175;48.5;26.2
56;2021-06-11;6741;3867;373197;202042;49.4;26.7
56;2021-06-12;5084;2067;378281;204109;50.1;27.0
56;2021-06-13;1963;437;380244;204546;50.3;27.1
56;2021-06-14;3301;4590;383545;209136;50.8;27.7
56;2021-06-15;4186;4897;387731;214033;51.3;28.3
56;2021-06-16;4466;4505;392197;218538;51.9;28.9
56;2021-06-17;4240;4752;396437;223290;52.5;29.6
56;2021-06-18;4500;5965;400937;229255;53.1;30.3
56;2021-06-19;3825;2143;404762;231398;53.6;30.6
56;2021-06-20;1490;337;406252;231735;53.8;30.7
56;2021-06-21;3288;4470;409540;236205;54.2;31.3
56;2021-06-22;3455;5447;412995;241652;54.7;32.0
56;2021-06-23;3729;5067;416724;246719;55.2;32.7
56;2021-06-24;3453;5327;420177;252046;55.6;33.4
56;2021-06-25;3856;6275;424033;258321;56.1;34.2
56;2021-06-26;3174;2916;427207;261237;56.5;34.6
56;2021-06-27;298;163;427505;261400;56.6;34.6
56;2021-06-28;1552;3982;429057;265382;56.8;35.1
56;2021-06-29;2363;5741;431420;271123;57.1;35.9
56;2021-06-30;2460;5566;433880;276689;57.4;36.6
56;2021-07-01;2690;4954;436570;281643;57.8;37.3
56;2021-07-02;2632;6214;439202;287857;58.1;38.1
56;2021-07-03;2181;2683;441383;290540;58.4;38.5
56;2021-07-04;768;808;442151;291348;58.5;38.6
56;2021-07-05;1849;5452;444000;296800;58.8;39.3
56;2021-07-06;2163;5947;446163;302747;59.1;40.1
56;2021-07-07;2824;5644;448987;308391;59.4;40.8
56;2021-07-08;3049;6041;452036;314432;59.8;41.6
56;2021-07-09;2207;7105;454243;321537;60.1;42.6
56;2021-07-10;1123;3001;455366;324538;60.3;43.0
56;2021-07-11;254;343;455620;324881;60.3;43.0
56;2021-07-12;2163;6602;457783;331483;60.6;43.9
56;2021-07-13;3222;7463;461005;338946;61.0;44.9
56;2021-07-14;1767;2578;462772;341524;61.2;45.2
56;2021-07-15;3778;7045;466550;348569;61.7;46.1
56;2021-07-16;4031;8072;470581;356641;62.3;47.2
56;2021-07-17;2282;3517;472863;360158;62.6;47.7
56;2021-07-18;252;477;473115;360635;62.6;47.7
57;2020-12-27;0;0;0;0;0.0;0.0
57;2020-12-28;0;0;0;0;0.0;0.0
57;2020-12-29;1;0;1;0;0.0;0.0
57;2020-12-30;1;0;2;0;0.0;0.0
57;2020-12-31;0;0;2;0;0.0;0.0
57;2021-01-01;0;0;2;0;0.0;0.0
57;2021-01-02;2;0;4;0;0.0;0.0
57;2021-01-03;0;0;4;0;0.0;0.0
57;2021-01-04;15;0;19;0;0.0;0.0
57;2021-01-05;198;0;217;0;0.0;0.0
57;2021-01-06;225;1;442;1;0.0;0.0
57;2021-01-07;583;1;1025;2;0.1;0.0
57;2021-01-08;508;2;1533;4;0.1;0.0
57;2021-01-09;196;0;1729;4;0.2;0.0
57;2021-01-10;104;0;1833;4;0.2;0.0
57;2021-01-11;469;1;2302;5;0.2;0.0
57;2021-01-12;613;4;2915;9;0.3;0.0
57;2021-01-13;695;3;3610;12;0.3;0.0
57;2021-01-14;706;6;4316;18;0.4;0.0
57;2021-01-15;632;2;4948;20;0.5;0.0
57;2021-01-16;450;1;5398;21;0.5;0.0
57;2021-01-17;491;1;5889;22;0.6;0.0
57;2021-01-18;2702;15;8591;37;0.8;0.0
57;2021-01-19;2557;7;11148;44;1.1;0.0
57;2021-01-20;2755;10;13903;54;1.3;0.0
57;2021-01-21;1759;6;15662;60;1.5;0.0
57;2021-01-22;1317;6;16979;66;1.6;0.0
57;2021-01-23;542;15;17521;81;1.7;0.0
57;2021-01-24;0;0;17521;81;1.7;0.0
57;2021-01-25;869;183;18390;264;1.8;0.0
57;2021-01-26;1109;216;19499;480;1.9;0.0
57;2021-01-27;1063;183;20562;663;2.0;0.1
57;2021-01-28;1040;298;21602;961;2.1;0.1
57;2021-01-29;981;396;22583;1357;2.2;0.1
57;2021-01-30;440;96;23023;1453;2.2;0.1
57;2021-01-31;10;27;23033;1480;2.2;0.1
57;2021-02-01;823;354;23856;1834;2.3;0.2
57;2021-02-02;987;366;24843;2200;2.4;0.2
57;2021-02-03;986;320;25829;2520;2.5;0.2
57;2021-02-04;1138;806;26967;3326;2.6;0.3
57;2021-02-05;927;357;27894;3683;2.7;0.4
57;2021-02-06;480;350;28374;4033;2.7;0.4
57;2021-02-07;103;334;28477;4367;2.7;0.4
57;2021-02-08;1253;1558;29730;5925;2.9;0.6
57;2021-02-09;1763;1671;31493;7596;3.0;0.7
57;2021-02-10;1707;2064;33200;9660;3.2;0.9
57;2021-02-11;1480;1329;34680;10989;3.3;1.1
57;2021-02-12;1225;671;35905;11660;3.5;1.1
57;2021-02-13;1149;176;37054;11836;3.6;1.1
57;2021-02-14;1211;24;38265;11860;3.7;1.1
57;2021-02-15;765;863;39030;12723;3.8;1.2
57;2021-02-16;1070;796;40100;13519;3.9;1.3
57;2021-02-17;1006;962;41106;14481;4.0;1.4
57;2021-02-18;972;1155;42078;15636;4.1;1.5
57;2021-02-19;952;936;43030;16572;4.2;1.6
57;2021-02-20;1174;608;44204;17180;4.3;1.7
57;2021-02-21;322;11;44526;17191;4.3;1.7
57;2021-02-22;1229;909;45755;18100;4.4;1.7
57;2021-02-23;2235;1085;47990;19185;4.6;1.9
57;2021-02-24;2265;985;50255;20170;4.9;1.9
57;2021-02-25;3290;1105;53545;21275;5.2;2.1
57;2021-02-26;3570;954;57115;22229;5.5;2.1
57;2021-02-27;3685;522;60800;22751;5.9;2.2
57;2021-02-28;1895;51;62695;22802;6.1;2.2
57;2021-03-01;2047;1327;64742;24129;6.3;2.3
57;2021-03-02;2843;1611;67585;25740;6.5;2.5
57;2021-03-03;2799;1592;70384;27332;6.8;2.6
57;2021-03-04;3264;1288;73648;28620;7.1;2.8
57;2021-03-05;4439;1214;78087;29834;7.5;2.9
57;2021-03-06;7208;754;85295;30588;8.2;3.0
57;2021-03-07;6067;256;91362;30844;8.8;3.0
57;2021-03-08;2297;991;93659;31835;9.0;3.1
57;2021-03-09;3379;1286;97038;33121;9.4;3.2
57;2021-03-10;3570;940;100608;34061;9.7;3.3
57;2021-03-11;4026;1216;104634;35277;10.1;3.4
57;2021-03-12;5101;1179;109735;36456;10.6;3.5
57;2021-03-13;6278;947;116013;37403;11.2;3.6
57;2021-03-14;2413;403;118426;37806;11.4;3.6
57;2021-03-15;2957;859;121383;38665;11.7;3.7
57;2021-03-16;3062;1251;124445;39916;12.0;3.9
57;2021-03-17;3043;1126;127488;41042;12.3;4.0
57;2021-03-18;3399;1062;130887;42104;12.6;4.1
57;2021-03-19;4600;1001;135487;43105;13.1;4.2
57;2021-03-20;4691;1003;140178;44108;13.5;4.3
57;2021-03-21;1891;250;142069;44358;13.7;4.3
57;2021-03-22;2475;1460;144544;45818;14.0;4.4
57;2021-03-23;3428;2323;147972;48141;14.3;4.6
57;2021-03-24;3883;2133;151855;50274;14.7;4.9
57;2021-03-25;4733;2561;156588;52835;15.1;5.1
57;2021-03-26;4830;2233;161418;55068;15.6;5.3
57;2021-03-27;3706;3137;165124;58205;15.9;5.6
57;2021-03-28;1398;1843;166522;60048;16.1;5.8
57;2021-03-29;1934;2167;168456;62215;16.3;6.0
57;2021-03-30;3295;2478;171751;64693;16.6;6.2
57;2021-03-31;2815;2299;174566;66992;16.9;6.5
57;2021-04-01;3215;3162;177781;70154;17.2;6.8
57;2021-04-02;2389;2566;180170;72720;17.4;7.0
57;2021-04-03;2568;2658;182738;75378;17.6;7.3
57;2021-04-04;589;974;183327;76352;17.7;7.4
57;2021-04-05;1919;661;185246;77013;17.9;7.4
57;2021-04-06;2445;2821;187691;79834;18.1;7.7
57;2021-04-07;3806;3039;191497;82873;18.5;8.0
57;2021-04-08;5583;2838;197080;85711;19.0;8.3
57;2021-04-09;4996;2695;202076;88406;19.5;8.5
57;2021-04-10;2350;3624;204426;92030;19.7;8.9
57;2021-04-11;1097;1882;205523;93912;19.8;9.1
57;2021-04-12;1782;2750;207305;96662;20.0;9.3
57;2021-04-13;1972;3020;209277;99682;20.2;9.6
57;2021-04-14;1915;2980;211192;102662;20.4;9.9
57;2021-04-15;2357;3424;213549;106086;20.6;10.2
57;2021-04-16;2701;3281;216250;109367;20.9;10.6
57;2021-04-17;2470;3179;218720;112546;21.1;10.9
57;2021-04-18;1244;1772;219964;114318;21.2;11.0
57;2021-04-19;2133;2256;222097;116574;21.4;11.3
57;2021-04-20;2509;2776;224606;119350;21.7;11.5
57;2021-04-21;2561;2366;227167;121716;21.9;11.8
57;2021-04-22;3202;2242;230369;123958;22.2;12.0
57;2021-04-23;4047;2559;234416;126517;22.6;12.2
57;2021-04-24;3391;2545;237807;129062;23.0;12.5
57;2021-04-25;754;1125;238561;130187;23.0;12.6
57;2021-04-26;2967;1988;241528;132175;23.3;12.8
57;2021-04-27;3892;2364;245420;134539;23.7;13.0
57;2021-04-28;4201;2578;249621;137117;24.1;13.2
57;2021-04-29;5244;3424;254865;140541;24.6;13.6
57;2021-04-30;4717;3533;259582;144074;25.1;13.9
57;2021-05-01;2350;1683;261932;145757;25.3;14.1
57;2021-05-02;789;911;262721;146668;25.4;14.2
57;2021-05-03;3560;2986;266281;149654;25.7;14.4
57;2021-05-04;4865;3165;271146;152819;26.2;14.8
57;2021-05-05;6116;3158;277262;155977;26.8;15.1
57;2021-05-06;5980;3284;283242;159261;27.3;15.4
57;2021-05-07;6851;3437;290093;162698;28.0;15.7
57;2021-05-08;4049;1603;294142;164301;28.4;15.9
57;2021-05-09;2046;1107;296188;165408;28.6;16.0
57;2021-05-10;5123;3062;301311;168470;29.1;16.3
57;2021-05-11;7439;2847;308750;171317;29.8;16.5
57;2021-05-12;7828;3237;316578;174554;30.6;16.9
57;2021-05-13;4506;911;321084;175465;31.0;16.9
57;2021-05-14;7830;2627;328914;178092;31.8;17.2
57;2021-05-15;5956;2038;334870;180130;32.3;17.4
57;2021-05-16;3308;579;338178;180709;32.6;17.4
57;2021-05-17;3856;2067;342034;182776;33.0;17.6
57;2021-05-18;6287;2094;348321;184870;33.6;17.8
57;2021-05-19;7013;2322;355334;187192;34.3;18.1
57;2021-05-20;6045;2175;361379;189367;34.9;18.3
57;2021-05-21;7557;2907;368936;192274;35.6;18.6
57;2021-05-22;4888;2150;373824;194424;36.1;18.8
57;2021-05-23;1964;428;375788;194852;36.3;18.8
57;2021-05-24;3028;1068;378816;195920;36.6;18.9
57;2021-05-25;5574;2798;384390;198718;37.1;19.2
57;2021-05-26;6366;3169;390756;201887;37.7;19.5
57;2021-05-27;5782;3117;396538;205004;38.3;19.8
57;2021-05-28;7022;4743;403560;209747;39.0;20.2
57;2021-05-29;5222;4250;408782;213997;39.5;20.7
57;2021-05-30;1969;1742;410751;215739;39.7;20.8
57;2021-05-31;4314;3337;415065;219076;40.1;21.1
57;2021-06-01;5921;3703;420986;222779;40.6;21.5
57;2021-06-02;6327;3893;427313;226672;41.3;21.9
57;2021-06-03;6202;3694;433515;230366;41.9;22.2
57;2021-06-04;7555;4970;441070;235336;42.6;22.7
57;2021-06-05;4756;4021;445826;239357;43.0;23.1
57;2021-06-06;1991;887;447817;240244;43.2;23.2
57;2021-06-07;4307;4033;452124;244277;43.6;23.6
57;2021-06-08;6648;4307;458772;248584;44.3;24.0
57;2021-06-09;6837;4144;465609;252728;44.9;24.4
57;2021-06-10;6145;4580;471754;257308;45.5;24.8
57;2021-06-11;5320;5343;477074;262651;46.1;25.4
57;2021-06-12;5703;4442;482777;267093;46.6;25.8
57;2021-06-13;1476;1134;484253;268227;46.7;25.9
57;2021-06-14;3339;4707;487592;272934;47.1;26.3
57;2021-06-15;3774;6010;491366;278944;47.4;26.9
57;2021-06-16;4358;6590;495724;285534;47.9;27.6
57;2021-06-17;4169;6074;499893;291608;48.3;28.2
57;2021-06-18;4249;7301;504142;298909;48.7;28.9
57;2021-06-19;4108;6277;508250;305186;49.1;29.5
57;2021-06-20;955;1668;509205;306854;49.2;29.6
57;2021-06-21;2049;5984;511254;312838;49.4;30.2
57;2021-06-22;2617;8003;513871;320841;49.6;31.0
57;2021-06-23;3041;8392;516912;329233;49.9;31.8
57;2021-06-24;2428;5291;519340;334524;50.1;32.3
57;2021-06-25;2828;7825;522168;342349;50.4;33.0
57;2021-06-26;2837;7275;525005;349624;50.7;33.8
57;2021-06-27;741;2981;525746;352605;50.8;34.0
57;2021-06-28;1570;5083;527316;357688;50.9;34.5
57;2021-06-29;2032;6826;529348;364514;51.1;35.2
57;2021-06-30;3007;7310;532355;371824;51.4;35.9
57;2021-07-01;2633;5944;534988;377768;51.6;36.5
57;2021-07-02;2620;8072;537608;385840;51.9;37.2
57;2021-07-03;3197;6523;540805;392363;52.2;37.9
57;2021-07-04;931;2461;541736;394824;52.3;38.1
57;2021-07-05;1656;4602;543392;399426;52.5;38.6
57;2021-07-06;2370;6462;545762;405888;52.7;39.2
57;2021-07-07;2693;7070;548455;412958;52.9;39.9
57;2021-07-08;2449;5862;550904;418820;53.2;40.4
57;2021-07-09;3399;8392;554303;427212;53.5;41.2
57;2021-07-10;3075;6917;557378;434129;53.8;41.9
57;2021-07-11;841;2226;558219;436355;53.9;42.1
57;2021-07-12;2379;6397;560598;442752;54.1;42.7
57;2021-07-13;4365;7472;564963;450224;54.5;43.5
57;2021-07-14;2806;3834;567769;454058;54.8;43.8
57;2021-07-15;3900;7742;571669;461800;55.2;44.6
57;2021-07-16;5546;9774;577215;471574;55.7;45.5
57;2021-07-17;5782;7231;582997;478805;56.3;46.2
57;2021-07-18;1478;2644;584475;481449;56.4;46.5
58;2020-12-27;0;0;0;0;0.0;0.0
58;2020-12-28;0;0;0;0;0.0;0.0
58;2020-12-29;0;0;0;0;0.0;0.0
58;2020-12-30;0;0;0;0;0.0;0.0
58;2020-12-31;0;0;0;0;0.0;0.0
58;2021-01-01;0;0;0;0;0.0;0.0
58;2021-01-02;0;0;0;0;0.0;0.0
58;2021-01-03;1;0;1;0;0.0;0.0
58;2021-01-04;0;0;1;0;0.0;0.0
58;2021-01-05;0;0;1;0;0.0;0.0
58;2021-01-06;145;0;146;0;0.1;0.0
58;2021-01-07;241;0;387;0;0.2;0.0
58;2021-01-08;63;0;450;0;0.2;0.0
58;2021-01-09;1;0;451;0;0.2;0.0
58;2021-01-10;0;0;451;0;0.2;0.0
58;2021-01-11;54;0;505;0;0.3;0.0
58;2021-01-12;255;0;760;0;0.4;0.0
58;2021-01-13;392;0;1152;0;0.6;0.0
58;2021-01-14;291;1;1443;1;0.7;0.0
58;2021-01-15;141;0;1584;1;0.8;0.0
58;2021-01-16;10;1;1594;2;0.8;0.0
58;2021-01-17;0;0;1594;2;0.8;0.0
58;2021-01-18;413;1;2007;3;1.0;0.0
58;2021-01-19;985;2;2992;5;1.5;0.0
58;2021-01-20;1202;1;4194;6;2.1;0.0
58;2021-01-21;960;4;5154;10;2.6;0.0
58;2021-01-22;769;2;5923;12;3.0;0.0
58;2021-01-23;251;0;6174;12;3.1;0.0
58;2021-01-24;2;0;6176;12;3.1;0.0
58;2021-01-25;438;0;6614;12;3.3;0.0
58;2021-01-26;648;3;7262;15;3.6;0.0
58;2021-01-27;604;43;7866;58;3.9;0.0
58;2021-01-28;755;66;8621;124;4.3;0.1
58;2021-01-29;837;7;9458;131;4.7;0.1
58;2021-01-30;281;0;9739;131;4.9;0.1
58;2021-01-31;10;0;9749;131;4.9;0.1
58;2021-02-01;201;71;9950;202;5.0;0.1
58;2021-02-02;565;85;10515;287;5.3;0.1
58;2021-02-03;278;149;10793;436;5.4;0.2
58;2021-02-04;285;94;11078;530;5.6;0.3
58;2021-02-05;184;94;11262;624;5.6;0.3
58;2021-02-06;89;0;11351;624;5.7;0.3
58;2021-02-07;0;0;11351;624;5.7;0.3
58;2021-02-08;306;74;11657;698;5.8;0.3
58;2021-02-09;503;315;12160;1013;6.1;0.5
58;2021-02-10;349;381;12509;1394;6.3;0.7
58;2021-02-11;287;383;12796;1777;6.4;0.9
58;2021-02-12;242;201;13038;1978;6.5;1.0
58;2021-02-13;83;29;13121;2007;6.6;1.0
58;2021-02-14;0;3;13121;2010;6.6;1.0
58;2021-02-15;114;535;13235;2545;6.6;1.3
58;2021-02-16;208;941;13443;3486;6.7;1.7
58;2021-02-17;217;768;13660;4254;6.8;2.1
58;2021-02-18;187;791;13847;5045;6.9;2.5
58;2021-02-19;241;725;14088;5770;7.1;2.9
58;2021-02-20;62;230;14150;6000;7.1;3.0
58;2021-02-21;0;30;14150;6030;7.1;3.0
58;2021-02-22;76;406;14226;6436;7.1;3.2
58;2021-02-23;48;624;14274;7060;7.2;3.5
58;2021-02-24;39;635;14313;7695;7.2;3.9
58;2021-02-25;251;702;14564;8397;7.3;4.2
58;2021-02-26;245;623;14809;9020;7.4;4.5
58;2021-02-27;104;189;14913;9209;7.5;4.6
58;2021-02-28;11;8;14924;9217;7.5;4.6
58;2021-03-01;145;246;15069;9463;7.5;4.7
58;2021-03-02;415;641;15484;10104;7.8;5.1
58;2021-03-03;511;289;15995;10393;8.0;5.2
58;2021-03-04;722;265;16717;10658;8.4;5.3
58;2021-03-05;864;198;17581;10856;8.8;5.4
58;2021-03-06;574;82;18155;10938;9.1;5.5
58;2021-03-07;63;11;18218;10949;9.1;5.5
58;2021-03-08;151;300;18369;11249;9.2;5.6
58;2021-03-09;540;543;18909;11792;9.5;5.9
58;2021-03-10;836;239;19745;12031;9.9;6.0
58;2021-03-11;856;271;20601;12302;10.3;6.2
58;2021-03-12;860;196;21461;12498;10.8;6.3
58;2021-03-13;506;67;21967;12565;11.0;6.3
58;2021-03-14;34;0;22001;12565;11.0;6.3
58;2021-03-15;528;106;22529;12671;11.3;6.3
58;2021-03-16;726;221;23255;12892;11.7;6.5
58;2021-03-17;756;191;24011;13083;12.0;6.6
58;2021-03-18;581;175;24592;13258;12.3;6.6
58;2021-03-19;525;100;25117;13358;12.6;6.7
58;2021-03-20;322;63;25439;13421;12.7;6.7
58;2021-03-21;15;0;25454;13421;12.8;6.7
58;2021-03-22;793;20;26247;13441;13.2;6.7
58;2021-03-23;1637;38;27884;13479;14.0;6.8
58;2021-03-24;1354;66;29238;13545;14.6;6.8
58;2021-03-25;1788;38;31026;13583;15.5;6.8
58;2021-03-26;1412;47;32438;13630;16.3;6.8
58;2021-03-27;358;5;32796;13635;16.4;6.8
58;2021-03-28;19;0;32815;13635;16.4;6.8
58;2021-03-29;639;151;33454;13786;16.8;6.9
58;2021-03-30;1179;244;34633;14030;17.4;7.0
58;2021-03-31;1116;392;35749;14422;17.9;7.2
58;2021-04-01;1537;395;37286;14817;18.7;7.4
58;2021-04-02;1456;357;38742;15174;19.4;7.6
58;2021-04-03;565;148;39307;15322;19.7;7.7
58;2021-04-04;0;0;39307;15322;19.7;7.7
58;2021-04-05;46;0;39353;15322;19.7;7.7
58;2021-04-06;818;342;40171;15664;20.1;7.8
58;2021-04-07;695;549;40866;16213;20.5;8.1
58;2021-04-08;1492;414;42358;16627;21.2;8.3
58;2021-04-09;1773;481;44131;17108;22.1;8.6
58;2021-04-10;653;201;44784;17309;22.4;8.7
58;2021-04-11;17;3;44801;17312;22.4;8.7
58;2021-04-12;1116;501;45917;17813;23.0;8.9
58;2021-04-13;1435;616;47352;18429;23.7;9.2
58;2021-04-14;1337;667;48689;19096;24.4;9.6
58;2021-04-15;1428;594;50117;19690;25.1;9.9
58;2021-04-16;1733;503;51850;20193;26.0;10.1
58;2021-04-17;721;232;52571;20425;26.3;10.2
58;2021-04-18;20;7;52591;20432;26.3;10.2
58;2021-04-19;533;606;53124;21038;26.6;10.5
58;2021-04-20;487;1119;53611;22157;26.9;11.1
58;2021-04-21;625;967;54236;23124;27.2;11.6
58;2021-04-22;765;1522;55001;24646;27.6;12.3
58;2021-04-23;917;783;55918;25429;28.0;12.7
58;2021-04-24;210;204;56128;25633;28.1;12.8
58;2021-04-25;108;9;56236;25642;28.2;12.8
58;2021-04-26;762;245;56998;25887;28.6;13.0
58;2021-04-27;1497;1106;58495;26993;29.3;13.5
58;2021-04-28;1534;1040;60029;28033;30.1;14.0
58;2021-04-29;1442;1036;61471;29069;30.8;14.6
58;2021-04-30;1257;937;62728;30006;31.4;15.0
58;2021-05-01;6;17;62734;30023;31.4;15.0
58;2021-05-02;4;2;62738;30025;31.4;15.0
58;2021-05-03;1044;395;63782;30420;32.0;15.2
58;2021-05-04;1079;1343;64861;31763;32.5;15.9
58;2021-05-05;952;1091;65813;32854;33.0;16.5
58;2021-05-06;1358;1055;67171;33909;33.7;17.0
58;2021-05-07;1110;1086;68281;34995;34.2;17.5
58;2021-05-08;59;60;68340;35055;34.2;17.6
58;2021-05-09;5;19;68345;35074;34.2;17.6
58;2021-05-10;874;983;69219;36057;34.7;18.1
58;2021-05-11;1189;1974;70408;38031;35.3;19.1
58;2021-05-12;1663;1549;72071;39580;36.1;19.8
58;2021-05-13;49;179;72120;39759;36.1;19.9
58;2021-05-14;2307;903;74427;40662;37.3;20.4
58;2021-05-15;1725;450;76152;41112;38.2;20.6
58;2021-05-16;118;29;76270;41141;38.2;20.6
58;2021-05-17;792;605;77062;41746;38.6;20.9
58;2021-05-18;1331;1184;78393;42930;39.3;21.5
58;2021-05-19;1736;539;80129;43469;40.1;21.8
58;2021-05-20;1694;666;81823;44135;41.0;22.1
58;2021-05-21;855;725;82678;44860;41.4;22.5
58;2021-05-22;304;238;82982;45098;41.6;22.6
58;2021-05-23;2;21;82984;45119;41.6;22.6
58;2021-05-24;21;43;83005;45162;41.6;22.6
58;2021-05-25;1385;1150;84390;46312;42.3;23.2
58;2021-05-26;843;839;85233;47151;42.7;23.6
58;2021-05-27;749;941;85982;48092;43.1;24.1
58;2021-05-28;430;911;86412;49003;43.3;24.6
58;2021-05-29;150;211;86562;49214;43.4;24.7
58;2021-05-30;20;19;86582;49233;43.4;24.7
58;2021-05-31;757;397;87339;49630;43.8;24.9
58;2021-06-01;1355;1657;88694;51287;44.4;25.7
58;2021-06-02;1461;1040;90155;52327;45.2;26.2
58;2021-06-03;1023;957;91178;53284;45.7;26.7
58;2021-06-04;844;913;92022;54197;46.1;27.2
58;2021-06-05;272;262;92294;54459;46.2;27.3
58;2021-06-06;24;50;92318;54509;46.3;27.3
58;2021-06-07;713;787;93031;55296;46.6;27.7
58;2021-06-08;1320;1751;94351;57047;47.3;28.6
58;2021-06-09;1393;1001;95744;58048;48.0;29.1
58;2021-06-10;1103;983;96847;59031;48.5;29.6
58;2021-06-11;1027;907;97874;59938;49.0;30.0
58;2021-06-12;1051;415;98925;60353;49.6;30.2
58;2021-06-13;35;33;98960;60386;49.6;30.3
58;2021-06-14;513;1016;99473;61402;49.8;30.8
58;2021-06-15;1587;1756;101060;63158;50.6;31.6
58;2021-06-16;1795;990;102855;64148;51.5;32.1
58;2021-06-17;2015;1112;104870;65260;52.5;32.7
58;2021-06-18;982;1062;105852;66322;53.0;33.2
58;2021-06-19;578;316;106430;66638;53.3;33.4
58;2021-06-20;8;2;106438;66640;53.3;33.4
58;2021-06-21;471;551;106909;67191;53.6;33.7
58;2021-06-22;1026;1970;107935;69161;54.1;34.7
58;2021-06-23;1473;1510;109408;70671;54.8;35.4
58;2021-06-24;727;1027;110135;71698;55.2;35.9
58;2021-06-25;817;1717;110952;73415;55.6;36.8
58;2021-06-26;550;1234;111502;74649;55.9;37.4
58;2021-06-27;17;26;111519;74675;55.9;37.4
58;2021-06-28;459;989;111978;75664;56.1;37.9
58;2021-06-29;617;2168;112595;77832;56.4;39.0
58;2021-06-30;992;1637;113587;79469;56.9;39.8
58;2021-07-01;752;1671;114339;81140;57.3;40.7
58;2021-07-02;449;850;114788;81990;57.5;41.1
58;2021-07-03;248;511;115036;82501;57.6;41.3
58;2021-07-04;12;30;115048;82531;57.6;41.3
58;2021-07-05;508;769;115556;83300;57.9;41.7
58;2021-07-06;683;2122;116239;85422;58.2;42.8
58;2021-07-07;377;958;116616;86380;58.4;43.3
58;2021-07-08;394;1019;117010;87399;58.6;43.8
58;2021-07-09;707;1417;117717;88816;59.0;44.5
58;2021-07-10;259;410;117976;89226;59.1;44.7
58;2021-07-11;175;47;118151;89273;59.2;44.7
58;2021-07-12;197;968;118348;90241;59.3;45.2
58;2021-07-13;927;2503;119275;92744;59.8;46.5
58;2021-07-14;26;61;119301;92805;59.8;46.5
58;2021-07-15;1120;1932;120421;94737;60.3;47.5
58;2021-07-16;1387;1438;121808;96175;61.0;48.2
58;2021-07-17;458;284;122266;96459;61.3;48.3
58;2021-07-18;101;21;122367;96480;61.3;48.3
59;2020-12-27;0;0;0;0;0.0;0.0
59;2020-12-28;26;0;26;0;0.0;0.0
59;2020-12-29;0;0;26;0;0.0;0.0
59;2020-12-30;0;0;26;0;0.0;0.0
59;2020-12-31;0;0;26;0;0.0;0.0
59;2021-01-01;1;0;27;0;0.0;0.0
59;2021-01-02;1;0;28;0;0.0;0.0
59;2021-01-03;2;0;30;0;0.0;0.0
59;2021-01-04;79;0;109;0;0.0;0.0
59;2021-01-05;217;0;326;0;0.0;0.0
59;2021-01-06;426;2;752;2;0.0;0.0
59;2021-01-07;1307;0;2059;2;0.1;0.0
59;2021-01-08;1261;2;3320;4;0.1;0.0
59;2021-01-09;609;2;3929;6;0.2;0.0
59;2021-01-10;427;0;4356;6;0.2;0.0
59;2021-01-11;1836;4;6192;10;0.2;0.0
59;2021-01-12;2466;2;8658;12;0.3;0.0
59;2021-01-13;2355;3;11013;15;0.4;0.0
59;2021-01-14;2740;20;13753;35;0.5;0.0
59;2021-01-15;2271;16;16024;51;0.6;0.0
59;2021-01-16;770;1;16794;52;0.6;0.0
59;2021-01-17;558;1;17352;53;0.7;0.0
59;2021-01-18;3504;12;20856;65;0.8;0.0
59;2021-01-19;4741;7;25597;72;1.0;0.0
59;2021-01-20;4127;9;29724;81;1.1;0.0
59;2021-01-21;4711;34;34435;115;1.3;0.0
59;2021-01-22;4005;9;38440;124;1.5;0.0
59;2021-01-23;1209;2;39649;126;1.5;0.0
59;2021-01-24;168;0;39817;126;1.5;0.0
59;2021-01-25;2725;58;42542;184;1.6;0.0
59;2021-01-26;2792;135;45334;319;1.8;0.0
59;2021-01-27;1735;306;47069;625;1.8;0.0
59;2021-01-28;3392;764;50461;1389;1.9;0.1
59;2021-01-29;2541;790;53002;2179;2.0;0.1
59;2021-01-30;286;179;53288;2358;2.1;0.1
59;2021-01-31;24;0;53312;2358;2.1;0.1
59;2021-02-01;73;865;53385;3223;2.1;0.1
59;2021-02-02;646;1432;54031;4655;2.1;0.2
59;2021-02-03;3722;1438;57753;6093;2.2;0.2
59;2021-02-04;2939;1743;60692;7836;2.3;0.3
59;2021-02-05;1048;1410;61740;9246;2.4;0.4
59;2021-02-06;202;355;61942;9601;2.4;0.4
59;2021-02-07;266;49;62208;9650;2.4;0.4
59;2021-02-08;681;1629;62889;11279;2.4;0.4
59;2021-02-09;1004;1857;63893;13136;2.5;0.5
59;2021-02-10;969;1637;64862;14773;2.5;0.6
59;2021-02-11;1338;1814;66200;16587;2.6;0.6
59;2021-02-12;1397;1634;67597;18221;2.6;0.7
59;2021-02-13;207;750;67804;18971;2.6;0.7
59;2021-02-14;13;42;67817;19013;2.6;0.7
59;2021-02-15;1388;3130;69205;22143;2.7;0.9
59;2021-02-16;1432;3777;70637;25920;2.7;1.0
59;2021-02-17;1621;3836;72258;29756;2.8;1.1
59;2021-02-18;3089;5190;75347;34946;2.9;1.3
59;2021-02-19;3204;3607;78551;38553;3.0;1.5
59;2021-02-20;1410;1589;79961;40142;3.1;1.6
59;2021-02-21;241;261;80202;40403;3.1;1.6
59;2021-02-22;1426;2587;81628;42990;3.2;1.7
59;2021-02-23;2653;2838;84281;45828;3.3;1.8
59;2021-02-24;4091;4031;88372;49859;3.4;1.9
59;2021-02-25;6903;3667;95275;53526;3.7;2.1
59;2021-02-26;6486;1839;101761;55365;3.9;2.1
59;2021-02-27;3090;157;104851;55522;4.0;2.1
59;2021-02-28;205;59;105056;55581;4.1;2.1
59;2021-03-01;3684;646;108740;56227;4.2;2.2
59;2021-03-02;4769;529;113509;56756;4.4;2.2
59;2021-03-03;5710;973;119219;57729;4.6;2.2
59;2021-03-04;7057;929;126276;58658;4.9;2.3
59;2021-03-05;7778;921;134054;59579;5.2;2.3
59;2021-03-06;11536;442;145590;60021;5.6;2.3
59;2021-03-07;7575;297;153165;60318;5.9;2.3
59;2021-03-08;4493;1073;157658;61391;6.1;2.4
59;2021-03-09;6566;1356;164224;62747;6.3;2.4
59;2021-03-10;7013;1119;171237;63866;6.6;2.5
59;2021-03-11;9454;1777;180691;65643;7.0;2.5
59;2021-03-12;12077;1426;192768;67069;7.4;2.6
59;2021-03-13;16536;947;209304;68016;8.1;2.6
59;2021-03-14;6957;279;216261;68295;8.4;2.6
59;2021-03-15;5601;1439;221862;69734;8.6;2.7
59;2021-03-16;3729;1298;225591;71032;8.7;2.7
59;2021-03-17;3844;2067;229435;73099;8.9;2.8
59;2021-03-18;3944;2468;233379;75567;9.0;2.9
59;2021-03-19;7695;1779;241074;77346;9.3;3.0
59;2021-03-20;15989;1159;257063;78505;9.9;3.0
59;2021-03-21;6308;400;263371;78905;10.2;3.0
59;2021-03-22;5437;1739;268808;80644;10.4;3.1
59;2021-03-23;7759;2793;276567;83437;10.7;3.2
59;2021-03-24;6857;2983;283424;86420;10.9;3.3
59;2021-03-25;10515;2464;293939;88884;11.4;3.4
59;2021-03-26;12232;2783;306171;91667;11.8;3.5
59;2021-03-27;15258;1023;321429;92690;12.4;3.6
59;2021-03-28;7969;294;329398;92984;12.7;3.6
59;2021-03-29;5490;3186;334888;96170;12.9;3.7
59;2021-03-30;7530;3699;342418;99869;13.2;3.9
59;2021-03-31;6129;4058;348547;103927;13.5;4.0
59;2021-04-01;7477;4888;356024;108815;13.8;4.2
59;2021-04-02;7622;5469;363646;114284;14.0;4.4
59;2021-04-03;13009;4248;376655;118532;14.5;4.6
59;2021-04-04;5344;2149;381999;120681;14.8;4.7
59;2021-04-05;6006;1512;388005;122193;15.0;4.7
59;2021-04-06;5387;4466;393392;126659;15.2;4.9
59;2021-04-07;7610;5391;401002;132050;15.5;5.1
59;2021-04-08;10368;5667;411370;137717;15.9;5.3
59;2021-04-09;13404;5845;424774;143562;16.4;5.5
59;2021-04-10;11460;6081;436234;149643;16.8;5.8
59;2021-04-11;4631;3552;440865;153195;17.0;5.9
59;2021-04-12;6308;4328;447173;157523;17.3;6.1
59;2021-04-13;8923;4740;456096;162263;17.6;6.3
59;2021-04-14;8787;4292;464883;166555;18.0;6.4
59;2021-04-15;10273;4776;475156;171331;18.4;6.6
59;2021-04-16;10870;5456;486026;176787;18.8;6.8
59;2021-04-17;7287;9041;493313;185828;19.1;7.2
59;2021-04-18;3228;4161;496541;189989;19.2;7.3
59;2021-04-19;5042;4280;501583;194269;19.4;7.5
59;2021-04-20;6876;4188;508459;198457;19.6;7.7
59;2021-04-21;6239;4390;514698;202847;19.9;7.8
59;2021-04-22;8586;5476;523284;208323;20.2;8.0
59;2021-04-23;8431;5629;531715;213952;20.5;8.3
59;2021-04-24;5540;8065;537255;222017;20.8;8.6
59;2021-04-25;3232;6074;540487;228091;20.9;8.8
59;2021-04-26;6478;3774;546965;231865;21.1;9.0
59;2021-04-27;8353;5134;555318;236999;21.4;9.2
59;2021-04-28;8753;6530;564071;243529;21.8;9.4
59;2021-04-29;9384;8476;573455;252005;22.1;9.7
59;2021-04-30;10574;8490;584029;260495;22.6;10.1
59;2021-05-01;11985;7549;596014;268044;23.0;10.4
59;2021-05-02;8638;5972;604652;274016;23.4;10.6
59;2021-05-03;9551;5047;614203;279063;23.7;10.8
59;2021-05-04;11421;5996;625624;285059;24.2;11.0
59;2021-05-05;10289;6192;635913;291251;24.6;11.2
59;2021-05-06;11189;8406;647102;299657;25.0;11.6
59;2021-05-07;13280;9513;660382;309170;25.5;11.9
59;2021-05-08;14707;4116;675089;313286;26.1;12.1
59;2021-05-09;11491;3308;686580;316594;26.5;12.2
59;2021-05-10;12715;6594;699295;323188;27.0;12.5
59;2021-05-11;15103;8308;714398;331496;27.6;12.8
59;2021-05-12;16613;8597;731011;340093;28.2;13.1
59;2021-05-13;18432;3422;749443;343515;28.9;13.3
59;2021-05-14;15771;6934;765214;350449;29.6;13.5
59;2021-05-15;23430;5282;788644;355731;30.5;13.7
59;2021-05-16;21176;2387;809820;358118;31.3;13.8
59;2021-05-17;15065;5250;824885;363368;31.9;14.0
59;2021-05-18;16908;5634;841793;369002;32.5;14.3
59;2021-05-19;18304;5070;860097;374072;33.2;14.4
59;2021-05-20;17911;6990;878008;381062;33.9;14.7
59;2021-05-21;18361;8259;896369;389321;34.6;15.0
59;2021-05-22;23800;5660;920169;394981;35.5;15.3
59;2021-05-23;17921;2246;938090;397227;36.2;15.3
59;2021-05-24;16681;2101;954771;399328;36.9;15.4
59;2021-05-25;14981;6653;969752;405981;37.5;15.7
59;2021-05-26;15867;7023;985619;413004;38.1;16.0
59;2021-05-27;16137;9171;1001756;422175;38.7;16.3
59;2021-05-28;15870;11461;1017626;433636;39.3;16.7
59;2021-05-29;14353;8723;1031979;442359;39.9;17.1
59;2021-05-30;8396;1823;1040375;444182;40.2;17.2
59;2021-05-31;14198;7943;1054573;452125;40.7;17.5
59;2021-06-01;15069;10399;1069642;462524;41.3;17.9
59;2021-06-02;14736;9908;1084378;472432;41.9;18.2
59;2021-06-03;15602;12089;1099980;484521;42.5;18.7
59;2021-06-04;15558;13482;1115538;498003;43.1;19.2
59;2021-06-05;14962;9310;1130500;507313;43.7;19.6
59;2021-06-06;8819;3195;1139319;510508;44.0;19.7
59;2021-06-07;10515;9433;1149834;519941;44.4;20.1
59;2021-06-08;11699;11033;1161533;530974;44.9;20.5
59;2021-06-09;10723;11861;1172256;542835;45.3;21.0
59;2021-06-10;11423;12254;1183679;555089;45.7;21.4
59;2021-06-11;10930;15984;1194609;571073;46.1;22.1
59;2021-06-12;11040;13661;1205649;584734;46.6;22.6
59;2021-06-13;6329;7009;1211978;591743;46.8;22.9
59;2021-06-14;6476;12683;1218454;604426;47.1;23.3
59;2021-06-15;8170;15943;1226624;620369;47.4;24.0
59;2021-06-16;9170;13544;1235794;633913;47.7;24.5
59;2021-06-17;9143;15634;1244937;649547;48.1;25.1
59;2021-06-18;9004;20034;1253941;669581;48.4;25.9
59;2021-06-19;8911;17479;1262852;687060;48.8;26.5
59;2021-06-20;4877;10198;1267729;697258;49.0;26.9
59;2021-06-21;5249;16028;1272978;713286;49.2;27.6
59;2021-06-22;6285;18733;1279263;732019;49.4;28.3
59;2021-06-23;6114;19094;1285377;751113;49.6;29.0
59;2021-06-24;7273;20558;1292650;771671;49.9;29.8
59;2021-06-25;6448;21238;1299098;792909;50.2;30.6
59;2021-06-26;6444;23793;1305542;816702;50.4;31.5
59;2021-06-27;4726;17090;1310268;833792;50.6;32.2
59;2021-06-28;4938;19867;1315206;853659;50.8;33.0
59;2021-06-29;5473;20380;1320679;874039;51.0;33.8
59;2021-06-30;6062;20117;1326741;894156;51.2;34.5
59;2021-07-01;6675;20861;1333416;915017;51.5;35.3
59;2021-07-02;6762;23237;1340178;938254;51.8;36.2
59;2021-07-03;5527;24622;1345705;962876;52.0;37.2
59;2021-07-04;4385;15980;1350090;978856;52.1;37.8
59;2021-07-05;5611;17462;1355701;996318;52.4;38.5
59;2021-07-06;6544;18795;1362245;1015113;52.6;39.2
59;2021-07-07;6776;17452;1369021;1032565;52.9;39.9
59;2021-07-08;7958;17691;1376979;1050256;53.2;40.6
59;2021-07-09;7663;20266;1384642;1070522;53.5;41.3
59;2021-07-10;7404;18516;1392046;1089038;53.8;42.1
59;2021-07-11;4435;10220;1396481;1099258;53.9;42.5
59;2021-07-12;5815;18022;1402296;1117280;54.2;43.2
59;2021-07-13;9827;20704;1412123;1137984;54.5;44.0
59;2021-07-14;9753;8400;1421876;1146384;54.9;44.3
59;2021-07-15;11492;20307;1433368;1166691;55.4;45.1
59;2021-07-16;13027;20338;1446395;1187029;55.9;45.8
59;2021-07-17;12066;17280;1458461;1204309;56.3;46.5
59;2021-07-18;7903;8611;1466364;1212920;56.6;46.8
60;2020-12-27;0;0;0;0;0.0;0.0
60;2020-12-28;0;0;0;0;0.0;0.0
60;2020-12-29;1;0;1;0;0.0;0.0
60;2020-12-30;0;0;1;0;0.0;0.0
60;2020-12-31;0;0;1;0;0.0;0.0
60;2021-01-01;0;0;1;0;0.0;0.0
60;2021-01-02;5;0;6;0;0.0;0.0
60;2021-01-03;1;0;7;0;0.0;0.0
60;2021-01-04;1;0;8;0;0.0;0.0
60;2021-01-05;37;0;45;0;0.0;0.0
60;2021-01-06;188;1;233;1;0.0;0.0
60;2021-01-07;236;2;469;3;0.1;0.0
60;2021-01-08;377;3;846;6;0.1;0.0
60;2021-01-09;3;0;849;6;0.1;0.0
60;2021-01-10;60;0;909;6;0.1;0.0
60;2021-01-11;341;2;1250;8;0.2;0.0
60;2021-01-12;534;2;1784;10;0.2;0.0
60;2021-01-13;474;2;2258;12;0.3;0.0
60;2021-01-14;506;4;2764;16;0.3;0.0
60;2021-01-15;703;6;3467;22;0.4;0.0
60;2021-01-16;124;1;3591;23;0.4;0.0
60;2021-01-17;32;0;3623;23;0.4;0.0
60;2021-01-18;854;2;4477;25;0.5;0.0
60;2021-01-19;1165;9;5642;34;0.7;0.0
60;2021-01-20;1681;5;7323;39;0.9;0.0
60;2021-01-21;2180;4;9503;43;1.2;0.0
60;2021-01-22;1521;13;11024;56;1.3;0.0
60;2021-01-23;498;2;11522;58;1.4;0.0
60;2021-01-24;61;1;11583;59;1.4;0.0
60;2021-01-25;893;10;12476;69;1.5;0.0
60;2021-01-26;944;13;13420;82;1.6;0.0
60;2021-01-27;641;9;14061;91;1.7;0.0
60;2021-01-28;391;169;14452;260;1.8;0.0
60;2021-01-29;72;103;14524;363;1.8;0.0
60;2021-01-30;0;1;14524;364;1.8;0.0
60;2021-01-31;22;61;14546;425;1.8;0.1
60;2021-02-01;38;110;14584;535;1.8;0.1
60;2021-02-02;26;161;14610;696;1.8;0.1
60;2021-02-03;161;237;14771;933;1.8;0.1
60;2021-02-04;169;341;14940;1274;1.8;0.2
60;2021-02-05;313;476;15253;1750;1.8;0.2
60;2021-02-06;62;79;15315;1829;1.9;0.2
60;2021-02-07;31;32;15346;1861;1.9;0.2
60;2021-02-08;326;519;15672;2380;1.9;0.3
60;2021-02-09;315;468;15987;2848;1.9;0.3
60;2021-02-10;549;991;16536;3839;2.0;0.5
60;2021-02-11;934;1133;17470;4972;2.1;0.6
60;2021-02-12;909;860;18379;5832;2.2;0.7
60;2021-02-13;89;308;18468;6140;2.2;0.7
60;2021-02-14;24;92;18492;6232;2.2;0.8
60;2021-02-15;614;818;19106;7050;2.3;0.9
60;2021-02-16;581;951;19687;8001;2.4;1.0
60;2021-02-17;631;931;20318;8932;2.5;1.1
60;2021-02-18;682;828;21000;9760;2.5;1.2
60;2021-02-19;639;760;21639;10520;2.6;1.3
60;2021-02-20;102;189;21741;10709;2.6;1.3
60;2021-02-21;22;121;21763;10830;2.6;1.3
60;2021-02-22;463;875;22226;11705;2.7;1.4
60;2021-02-23;534;786;22760;12491;2.8;1.5
60;2021-02-24;792;542;23552;13033;2.9;1.6
60;2021-02-25;1094;298;24646;13331;3.0;1.6
60;2021-02-26;1293;182;25939;13513;3.1;1.6
60;2021-02-27;666;33;26605;13546;3.2;1.6
60;2021-02-28;7;10;26612;13556;3.2;1.6
60;2021-03-01;894;43;27506;13599;3.3;1.6
60;2021-03-02;1011;153;28517;13752;3.5;1.7
60;2021-03-03;1317;439;29834;14191;3.6;1.7
60;2021-03-04;1719;511;31553;14702;3.8;1.8
60;2021-03-05;1819;282;33372;14984;4.0;1.8
60;2021-03-06;1919;125;35291;15109;4.3;1.8
60;2021-03-07;885;27;36176;15136;4.4;1.8
60;2021-03-08;977;311;37153;15447;4.5;1.9
60;2021-03-09;1636;348;38789;15795;4.7;1.9
60;2021-03-10;1935;410;40724;16205;4.9;2.0
60;2021-03-11;2319;378;43043;16583;5.2;2.0
60;2021-03-12;2589;528;45632;17111;5.5;2.1
60;2021-03-13;3829;185;49461;17296;6.0;2.1
60;2021-03-14;1778;45;51239;17341;6.2;2.1
60;2021-03-15;2091;491;53330;17832;6.5;2.2
60;2021-03-16;1583;619;54913;18451;6.7;2.2
60;2021-03-17;1653;605;56566;19056;6.9;2.3
60;2021-03-18;1757;722;58323;19778;7.1;2.4
60;2021-03-19;2584;510;60907;20288;7.4;2.5
60;2021-03-20;3229;174;64136;20462;7.8;2.5
60;2021-03-21;2121;83;66257;20545;8.0;2.5
60;2021-03-22;2130;702;68387;21247;8.3;2.6
60;2021-03-23;3303;700;71690;21947;8.7;2.7
60;2021-03-24;3066;856;74756;22803;9.1;2.8
60;2021-03-25;3847;826;78603;23629;9.5;2.9
60;2021-03-26;4213;860;82816;24489;10.0;3.0
60;2021-03-27;4141;286;86957;24775;10.5;3.0
60;2021-03-28;2446;63;89403;24838;10.8;3.0
60;2021-03-29;2607;1075;92010;25913;11.2;3.1
60;2021-03-30;3281;1056;95291;26969;11.5;3.3
60;2021-03-31;2666;1127;97957;28096;11.9;3.4
60;2021-04-01;2560;1082;100517;29178;12.2;3.5
60;2021-04-02;3309;1087;103826;30265;12.6;3.7
60;2021-04-03;3167;993;106993;31258;13.0;3.8
60;2021-04-04;874;480;107867;31738;13.1;3.8
60;2021-04-05;457;81;108324;31819;13.1;3.9
60;2021-04-06;1961;1612;110285;33431;13.4;4.1
60;2021-04-07;1977;1741;112262;35172;13.6;4.3
60;2021-04-08;2610;1482;114872;36654;13.9;4.4
60;2021-04-09;2995;1504;117867;38158;14.3;4.6
60;2021-04-10;2920;1578;120787;39736;14.6;4.8
60;2021-04-11;1050;984;121837;40720;14.8;4.9
60;2021-04-12;2047;1714;123884;42434;15.0;5.1
60;2021-04-13;2744;1774;126628;44208;15.3;5.4
60;2021-04-14;3109;1791;129737;45999;15.7;5.6
60;2021-04-15;3539;1862;133276;47861;16.2;5.8
60;2021-04-16;3287;1926;136563;49787;16.6;6.0
60;2021-04-17;2841;2155;139404;51942;16.9;6.3
60;2021-04-18;571;1835;139975;53777;17.0;6.5
60;2021-04-19;1738;2203;141713;55980;17.2;6.8
60;2021-04-20;2128;2666;143841;58646;17.4;7.1
60;2021-04-21;2651;2193;146492;60839;17.8;7.4
60;2021-04-22;2628;2492;149120;63331;18.1;7.7
60;2021-04-23;2642;2454;151762;65785;18.4;8.0
60;2021-04-24;2468;3447;154230;69232;18.7;8.4
60;2021-04-25;1160;1966;155390;71198;18.8;8.6
60;2021-04-26;1889;2524;157279;73722;19.1;8.9
60;2021-04-27;2310;2846;159589;76568;19.3;9.3
60;2021-04-28;3065;2393;162654;78961;19.7;9.6
60;2021-04-29;3151;2619;165805;81580;20.1;9.9
60;2021-04-30;3457;2960;169262;84540;20.5;10.2
60;2021-05-01;2348;1121;171610;85661;20.8;10.4
60;2021-05-02;2144;828;173754;86489;21.1;10.5
60;2021-05-03;2956;1845;176710;88334;21.4;10.7
60;2021-05-04;3018;2352;179728;90686;21.8;11.0
60;2021-05-05;3252;2795;182980;93481;22.2;11.3
60;2021-05-06;3646;2471;186626;95952;22.6;11.6
60;2021-05-07;3983;2513;190609;98465;23.1;11.9
60;2021-05-08;3580;962;194189;99427;23.5;12.1
60;2021-05-09;3457;942;197646;100369;24.0;12.2
60;2021-05-10;2388;2291;200034;102660;24.2;12.4
60;2021-05-11;3660;2466;203694;105126;24.7;12.7
60;2021-05-12;4716;2545;208410;107671;25.3;13.0
60;2021-05-13;5293;1117;213703;108788;25.9;13.2
60;2021-05-14;5601;1801;219304;110589;26.6;13.4
60;2021-05-15;6171;1697;225475;112286;27.3;13.6
60;2021-05-16;4857;683;230332;112969;27.9;13.7
60;2021-05-17;3715;1663;234047;114632;28.4;13.9
60;2021-05-18;4047;2073;238094;116705;28.9;14.1
60;2021-05-19;5091;1850;243185;118555;29.5;14.4
60;2021-05-20;5456;1790;248641;120345;30.1;14.6
60;2021-05-21;5966;1966;254607;122311;30.9;14.8
60;2021-05-22;5351;1974;259958;124285;31.5;15.1
60;2021-05-23;4261;650;264219;124935;32.0;15.1
60;2021-05-24;2948;528;267167;125463;32.4;15.2
60;2021-05-25;4137;1975;271304;127438;32.9;15.4
60;2021-05-26;4460;1818;275764;129256;33.4;15.7
60;2021-05-27;4611;1991;280375;131247;34.0;15.9
60;2021-05-28;4618;2511;284993;133758;34.5;16.2
60;2021-05-29;4612;2273;289605;136031;35.1;16.5
60;2021-05-30;1086;350;290691;136381;35.2;16.5
60;2021-05-31;3827;2078;294518;138459;35.7;16.8
60;2021-06-01;4442;2849;298960;141308;36.2;17.1
60;2021-06-02;3907;2439;302867;143747;36.7;17.4
60;2021-06-03;3903;2378;306770;146125;37.2;17.7
60;2021-06-04;4648;2906;311418;149031;37.7;18.1
60;2021-06-05;4303;3416;315721;152447;38.3;18.5
60;2021-06-06;2152;785;317873;153232;38.5;18.6
60;2021-06-07;2770;2749;320643;155981;38.9;18.9
60;2021-06-08;3790;3002;324433;158983;39.3;19.3
60;2021-06-09;3238;3390;327671;162373;39.7;19.7
60;2021-06-10;3430;3358;331101;165731;40.1;20.1
60;2021-06-11;3871;4193;334972;169924;40.6;20.6
60;2021-06-12;3764;4274;338736;174198;41.1;21.1
60;2021-06-13;1151;2223;339887;176421;41.2;21.4
60;2021-06-14;1904;3298;341791;179719;41.4;21.8
60;2021-06-15;3004;4161;344795;183880;41.8;22.3
60;2021-06-16;3237;4495;348032;188375;42.2;22.8
60;2021-06-17;2969;4771;351001;193146;42.5;23.4
60;2021-06-18;2978;4602;353979;197748;42.9;24.0
60;2021-06-19;3130;4726;357109;202474;43.3;24.5
60;2021-06-20;1431;1935;358540;204409;43.5;24.8
60;2021-06-21;1401;4052;359941;208461;43.6;25.3
60;2021-06-22;1743;5311;361684;213772;43.8;25.9
60;2021-06-23;1853;5254;363537;219026;44.1;26.5
60;2021-06-24;1792;5603;365329;224629;44.3;27.2
60;2021-06-25;1877;5742;367206;230371;44.5;27.9
60;2021-06-26;1849;6993;369055;237364;44.7;28.8
60;2021-06-27;707;2599;369762;239963;44.8;29.1
60;2021-06-28;1765;4146;371527;244109;45.0;29.6
60;2021-06-29;1995;5469;373522;249578;45.3;30.2
60;2021-06-30;2272;5363;375794;254941;45.5;30.9
60;2021-07-01;1856;4927;377650;259868;45.8;31.5
60;2021-07-02;2341;5880;379991;265748;46.1;32.2
60;2021-07-03;2385;6167;382376;271915;46.3;33.0
60;2021-07-04;790;2731;383166;274646;46.4;33.3
60;2021-07-05;1650;4403;384816;279049;46.6;33.8
60;2021-07-06;2130;4497;386946;283546;46.9;34.4
60;2021-07-07;2160;5123;389106;288669;47.2;35.0
60;2021-07-08;2660;4691;391766;293360;47.5;35.6
60;2021-07-09;2632;5539;394398;298899;47.8;36.2
60;2021-07-10;2571;5867;396969;304766;48.1;36.9
60;2021-07-11;1210;1939;398179;306705;48.3;37.2
60;2021-07-12;1418;4753;399597;311458;48.4;37.7
60;2021-07-13;2893;5009;402490;316467;48.8;38.4
60;2021-07-14;2570;1390;405060;317857;49.1;38.5
60;2021-07-15;3416;4834;408476;322691;49.5;39.1
60;2021-07-16;3644;5208;412120;327899;49.9;39.7
60;2021-07-17;4007;5087;416127;332986;50.4;40.4
60;2021-07-18;2173;2096;418300;335082;50.7;40.6
61;2020-12-27;0;0;0;0;0.0;0.0
61;2020-12-28;0;0;0;0;0.0;0.0
61;2020-12-29;0;0;0;0;0.0;0.0
61;2020-12-30;0;0;0;0;0.0;0.0
61;2020-12-31;0;0;0;0;0.0;0.0
61;2021-01-01;1;0;1;0;0.0;0.0
61;2021-01-02;0;0;1;0;0.0;0.0
61;2021-01-03;0;0;1;0;0.0;0.0
61;2021-01-04;0;0;1;0;0.0;0.0
61;2021-01-05;3;0;4;0;0.0;0.0
61;2021-01-06;76;0;80;0;0.0;0.0
61;2021-01-07;175;2;255;2;0.1;0.0
61;2021-01-08;406;1;661;3;0.2;0.0
61;2021-01-09;165;1;826;4;0.3;0.0
61;2021-01-10;49;0;875;4;0.3;0.0
61;2021-01-11;396;1;1271;5;0.5;0.0
61;2021-01-12;680;2;1951;7;0.7;0.0
61;2021-01-13;739;1;2690;8;1.0;0.0
61;2021-01-14;526;8;3216;16;1.2;0.0
61;2021-01-15;539;3;3755;19;1.4;0.0
61;2021-01-16;289;1;4044;20;1.5;0.0
61;2021-01-17;831;6;4875;26;1.8;0.0
61;2021-01-18;1900;3;6775;29;2.4;0.0
61;2021-01-19;1319;2;8094;31;2.9;0.0
61;2021-01-20;682;0;8776;31;3.2;0.0
61;2021-01-21;843;1;9619;32;3.5;0.0
61;2021-01-22;764;1;10383;33;3.7;0.0
61;2021-01-23;256;2;10639;35;3.8;0.0
61;2021-01-24;228;0;10867;35;3.9;0.0
61;2021-01-25;577;2;11444;37;4.1;0.0
61;2021-01-26;553;0;11997;37;4.3;0.0
61;2021-01-27;569;14;12566;51;4.5;0.0
61;2021-01-28;460;52;13026;103;4.7;0.0
61;2021-01-29;475;204;13501;307;4.9;0.1
61;2021-01-30;212;3;13713;310;5.0;0.1
61;2021-01-31;106;0;13819;310;5.0;0.1
61;2021-02-01;430;190;14249;500;5.1;0.2
61;2021-02-02;387;425;14636;925;5.3;0.3
61;2021-02-03;412;490;15048;1415;5.4;0.5
61;2021-02-04;387;337;15435;1752;5.6;0.6
61;2021-02-05;538;362;15973;2114;5.8;0.8
61;2021-02-06;195;91;16168;2205;5.8;0.8
61;2021-02-07;45;200;16213;2405;5.9;0.9
61;2021-02-08;540;1409;16753;3814;6.1;1.4
61;2021-02-09;404;808;17157;4622;6.2;1.7
61;2021-02-10;277;561;17434;5183;6.3;1.9
61;2021-02-11;432;561;17866;5744;6.5;2.1
61;2021-02-12;403;736;18269;6480;6.6;2.3
61;2021-02-13;132;431;18401;6911;6.6;2.5
61;2021-02-14;2;315;18403;7226;6.6;2.6
61;2021-02-15;171;848;18574;8074;6.7;2.9
61;2021-02-16;203;682;18777;8756;6.8;3.2
61;2021-02-17;44;641;18821;9397;6.8;3.4
61;2021-02-18;160;528;18981;9925;6.9;3.6
61;2021-02-19;101;390;19082;10315;6.9;3.7
61;2021-02-20;39;242;19121;10557;6.9;3.8
61;2021-02-21;1;155;19122;10712;6.9;3.9
61;2021-02-22;89;568;19211;11280;6.9;4.1
61;2021-02-23;114;494;19325;11774;7.0;4.3
61;2021-02-24;173;571;19498;12345;7.0;4.5
61;2021-02-25;264;447;19762;12792;7.1;4.6
61;2021-02-26;265;465;20027;13257;7.2;4.8
61;2021-02-27;107;226;20134;13483;7.3;4.9
61;2021-02-28;4;119;20138;13602;7.3;4.9
61;2021-03-01;214;613;20352;14215;7.3;5.1
61;2021-03-02;147;698;20499;14913;7.4;5.4
61;2021-03-03;141;449;20640;15362;7.5;5.5
61;2021-03-04;430;441;21070;15803;7.6;5.7
61;2021-03-05;700;290;21770;16093;7.9;5.8
61;2021-03-06;430;230;22200;16323;8.0;5.9
61;2021-03-07;154;1;22354;16324;8.1;5.9
61;2021-03-08;296;313;22650;16637;8.2;6.0
61;2021-03-09;619;184;23269;16821;8.4;6.1
61;2021-03-10;672;173;23941;16994;8.6;6.1
61;2021-03-11;1118;124;25059;17118;9.0;6.2
61;2021-03-12;1465;91;26524;17209;9.6;6.2
61;2021-03-13;767;42;27291;17251;9.9;6.2
61;2021-03-14;226;3;27517;17254;9.9;6.2
61;2021-03-15;814;29;28331;17283;10.2;6.2
61;2021-03-16;721;22;29052;17305;10.5;6.2
61;2021-03-17;759;10;29811;17315;10.8;6.3
61;2021-03-18;854;17;30665;17332;11.1;6.3
61;2021-03-19;1024;43;31689;17375;11.4;6.3
61;2021-03-20;470;11;32159;17386;11.6;6.3
61;2021-03-21;71;0;32230;17386;11.6;6.3
61;2021-03-22;796;82;33026;17468;11.9;6.3
61;2021-03-23;921;39;33947;17507;12.3;6.3
61;2021-03-24;1371;60;35318;17567;12.8;6.3
61;2021-03-25;1874;51;37192;17618;13.4;6.4
61;2021-03-26;1791;37;38983;17655;14.1;6.4
61;2021-03-27;1083;17;40066;17672;14.5;6.4
61;2021-03-28;359;9;40425;17681;14.6;6.4
61;2021-03-29;1269;174;41694;17855;15.1;6.4
61;2021-03-30;1470;85;43164;17940;15.6;6.5
61;2021-03-31;1681;43;44845;17983;16.2;6.5
61;2021-04-01;2046;211;46891;18194;16.9;6.6
61;2021-04-02;1514;420;48405;18614;17.5;6.7
61;2021-04-03;638;285;49043;18899;17.7;6.8
61;2021-04-04;193;1;49236;18900;17.8;6.8
61;2021-04-05;530;7;49766;18907;18.0;6.8
61;2021-04-06;1349;618;51115;19525;18.5;7.1
61;2021-04-07;1691;659;52806;20184;19.1;7.3
61;2021-04-08;2270;808;55076;20992;19.9;7.6
61;2021-04-09;2132;830;57208;21822;20.7;7.9
61;2021-04-10;1535;479;58743;22301;21.2;8.1
61;2021-04-11;238;196;58981;22497;21.3;8.1
61;2021-04-12;1289;734;60270;23231;21.8;8.4
61;2021-04-13;1743;698;62013;23929;22.4;8.6
61;2021-04-14;1726;778;63739;24707;23.0;8.9
61;2021-04-15;2265;764;66004;25471;23.8;9.2
61;2021-04-16;2224;675;68228;26146;24.6;9.4
61;2021-04-17;1485;316;69713;26462;25.2;9.6
61;2021-04-18;538;99;70251;26561;25.4;9.6
61;2021-04-19;937;745;71188;27306;25.7;9.9
61;2021-04-20;1526;781;72714;28087;26.3;10.1
61;2021-04-21;1350;1036;74064;29123;26.7;10.5
61;2021-04-22;1295;1207;75359;30330;27.2;11.0
61;2021-04-23;1217;1143;76576;31473;27.7;11.4
61;2021-04-24;1431;812;78007;32285;28.2;11.7
61;2021-04-25;361;329;78368;32614;28.3;11.8
61;2021-04-26;667;1141;79035;33755;28.5;12.2
61;2021-04-27;1461;1137;80496;34892;29.1;12.6
61;2021-04-28;1388;1382;81884;36274;29.6;13.1
61;2021-04-29;1252;1853;83136;38127;30.0;13.8
61;2021-04-30;1716;1164;84852;39291;30.6;14.2
61;2021-05-01;786;318;85638;39609;30.9;14.3
61;2021-05-02;438;222;86076;39831;31.1;14.4
61;2021-05-03;846;1246;86922;41077;31.4;14.8
61;2021-05-04;1323;1748;88245;42825;31.9;15.5
61;2021-05-05;1011;2025;89256;44850;32.2;16.2
61;2021-05-06;1771;2202;91027;47052;32.9;17.0
61;2021-05-07;1377;1961;92404;49013;33.4;17.7
61;2021-05-08;924;473;93328;49486;33.7;17.9
61;2021-05-09;393;291;93721;49777;33.8;18.0
61;2021-05-10;987;1752;94708;51529;34.2;18.6
61;2021-05-11;1372;1511;96080;53040;34.7;19.2
61;2021-05-12;1868;1587;97948;54627;35.4;19.7
61;2021-05-13;885;490;98833;55117;35.7;19.9
61;2021-05-14;1850;1187;100683;56304;36.4;20.3
61;2021-05-15;2090;1112;102773;57416;37.1;20.7
61;2021-05-16;983;300;103756;57716;37.5;20.8
61;2021-05-17;1311;911;105067;58627;37.9;21.2
61;2021-05-18;2424;888;107491;59515;38.8;21.5
61;2021-05-19;2402;795;109893;60310;39.7;21.8
61;2021-05-20;2212;809;112105;61119;40.5;22.1
61;2021-05-21;2147;855;114252;61974;41.3;22.4
61;2021-05-22;1780;717;116032;62691;41.9;22.6
61;2021-05-23;714;52;116746;62743;42.2;22.7
61;2021-05-24;913;107;117659;62850;42.5;22.7
61;2021-05-25;1992;919;119651;63769;43.2;23.0
61;2021-05-26;2031;927;121682;64696;43.9;23.4
61;2021-05-27;2037;1089;123719;65785;44.7;23.8
61;2021-05-28;2050;1376;125769;67161;45.4;24.3
61;2021-05-29;1461;551;127230;67712;45.9;24.5
61;2021-05-30;450;45;127680;67757;46.1;24.5
61;2021-05-31;1558;935;129238;68692;46.7;24.8
61;2021-06-01;1874;1381;131112;70073;47.3;25.3
61;2021-06-02;1672;1130;132784;71203;48.0;25.7
61;2021-06-03;2246;1105;135030;72308;48.8;26.1
61;2021-06-04;1895;1338;136925;73646;49.4;26.6
61;2021-06-05;1666;1236;138591;74882;50.1;27.0
61;2021-06-06;318;229;138909;75111;50.2;27.1
61;2021-06-07;2186;865;141095;75976;51.0;27.4
61;2021-06-08;1836;1568;142931;77544;51.6;28.0
61;2021-06-09;1971;1179;144902;78723;52.3;28.4
61;2021-06-10;1952;1178;146854;79901;53.0;28.9
61;2021-06-11;1813;1572;148667;81473;53.7;29.4
61;2021-06-12;1419;994;150086;82467;54.2;29.8
61;2021-06-13;340;376;150426;82843;54.3;29.9
61;2021-06-14;1092;1190;151518;84033;54.7;30.3
61;2021-06-15;1205;1693;152723;85726;55.2;31.0
61;2021-06-16;1110;1351;153833;87077;55.6;31.4
61;2021-06-17;1015;1727;154848;88804;55.9;32.1
61;2021-06-18;1480;1657;156328;90461;56.5;32.7
61;2021-06-19;1237;1304;157565;91765;56.9;33.1
61;2021-06-20;281;346;157846;92111;57.0;33.3
61;2021-06-21;803;1631;158649;93742;57.3;33.9
61;2021-06-22;1010;1688;159659;95430;57.7;34.5
61;2021-06-23;962;2438;160621;97868;58.0;35.3
61;2021-06-24;643;1359;161264;99227;58.2;35.8
61;2021-06-25;821;2167;162085;101394;58.5;36.6
61;2021-06-26;616;1951;162701;103345;58.8;37.3
61;2021-06-27;136;804;162837;104149;58.8;37.6
61;2021-06-28;478;2251;163315;106400;59.0;38.4
61;2021-06-29;689;2866;164004;109266;59.2;39.5
61;2021-06-30;765;2460;164769;111726;59.5;40.3
61;2021-07-01;630;1693;165399;113419;59.7;41.0
61;2021-07-02;803;2495;166202;115914;60.0;41.9
61;2021-07-03;414;1912;166616;117826;60.2;42.6
61;2021-07-04;73;639;166689;118465;60.2;42.8
61;2021-07-05;678;1775;167367;120240;60.4;43.4
61;2021-07-06;899;2793;168266;123033;60.8;44.4
61;2021-07-07;723;2357;168989;125390;61.0;45.3
61;2021-07-08;835;1952;169824;127342;61.3;46.0
61;2021-07-09;706;2377;170530;129719;61.6;46.8
61;2021-07-10;463;1772;170993;131491;61.8;47.5
61;2021-07-11;237;489;171230;131980;61.8;47.7
61;2021-07-12;430;2294;171660;134274;62.0;48.5
61;2021-07-13;636;2491;172296;136765;62.2;49.4
61;2021-07-14;142;333;172438;137098;62.3;49.5
61;2021-07-15;803;2813;173241;139911;62.6;50.5
61;2021-07-16;950;2566;174191;142477;62.9;51.5
61;2021-07-17;618;2216;174809;144693;63.1;52.3
61;2021-07-18;335;367;175144;145060;63.3;52.4
62;2020-12-27;1;0;1;0;0.0;0.0
62;2020-12-28;2;0;3;0;0.0;0.0
62;2020-12-29;0;0;3;0;0.0;0.0
62;2020-12-30;0;0;3;0;0.0;0.0
62;2020-12-31;0;0;3;0;0.0;0.0
62;2021-01-01;0;0;3;0;0.0;0.0
62;2021-01-02;0;0;3;0;0.0;0.0
62;2021-01-03;0;0;3;0;0.0;0.0
62;2021-01-04;2;0;5;0;0.0;0.0
62;2021-01-05;47;0;52;0;0.0;0.0
62;2021-01-06;123;0;175;0;0.0;0.0
62;2021-01-07;350;0;525;0;0.0;0.0
62;2021-01-08;711;3;1236;3;0.1;0.0
62;2021-01-09;163;1;1399;4;0.1;0.0
62;2021-01-10;84;0;1483;4;0.1;0.0
62;2021-01-11;552;1;2035;5;0.1;0.0
62;2021-01-12;1244;0;3279;5;0.2;0.0
62;2021-01-13;1137;4;4416;9;0.3;0.0
62;2021-01-14;1383;9;5799;18;0.4;0.0
62;2021-01-15;1294;7;7093;25;0.5;0.0
62;2021-01-16;307;3;7400;28;0.5;0.0
62;2021-01-17;107;1;7507;29;0.5;0.0
62;2021-01-18;1656;7;9163;36;0.6;0.0
62;2021-01-19;2097;4;11260;40;0.8;0.0
62;2021-01-20;2053;7;13313;47;0.9;0.0
62;2021-01-21;2227;4;15540;51;1.1;0.0
62;2021-01-22;1830;6;17370;57;1.2;0.0
62;2021-01-23;512;0;17882;57;1.2;0.0
62;2021-01-24;0;0;17882;57;1.2;0.0
62;2021-01-25;1279;6;19161;63;1.3;0.0
62;2021-01-26;1535;15;20696;78;1.4;0.0
62;2021-01-27;1484;172;22180;250;1.5;0.0
62;2021-01-28;4127;344;26307;594;1.8;0.0
62;2021-01-29;2020;332;28327;926;1.9;0.1
62;2021-01-30;160;154;28487;1080;2.0;0.1
62;2021-01-31;22;3;28509;1083;2.0;0.1
62;2021-02-01;45;359;28554;1442;2.0;0.1
62;2021-02-02;55;791;28609;2233;2.0;0.2
62;2021-02-03;43;629;28652;2862;2.0;0.2
62;2021-02-04;79;823;28731;3685;2.0;0.3
62;2021-02-05;79;754;28810;4439;2.0;0.3
62;2021-02-06;24;195;28834;4634;2.0;0.3
62;2021-02-07;235;24;29069;4658;2.0;0.3
62;2021-02-08;130;848;29199;5506;2.0;0.4
62;2021-02-09;225;1102;29424;6608;2.0;0.5
62;2021-02-10;382;1173;29806;7781;2.1;0.5
62;2021-02-11;719;998;30525;8779;2.1;0.6
62;2021-02-12;966;779;31491;9558;2.2;0.7
62;2021-02-13;159;271;31650;9829;2.2;0.7
62;2021-02-14;0;0;31650;9829;2.2;0.7
62;2021-02-15;664;1275;32314;11104;2.2;0.8
62;2021-02-16;919;1788;33233;12892;2.3;0.9
62;2021-02-17;1072;2124;34305;15016;2.4;1.0
62;2021-02-18;2202;3792;36507;18808;2.5;1.3
62;2021-02-19;2299;2536;38806;21344;2.7;1.5
62;2021-02-20;612;479;39418;21823;2.7;1.5
62;2021-02-21;86;46;39504;21869;2.7;1.5
62;2021-02-22;847;971;40351;22840;2.8;1.6
62;2021-02-23;1417;1221;41768;24061;2.9;1.7
62;2021-02-24;1541;637;43309;24698;3.0;1.7
62;2021-02-25;3161;386;46470;25084;3.2;1.7
62;2021-02-26;2905;321;49375;25405;3.4;1.7
62;2021-02-27;1826;80;51201;25485;3.5;1.8
62;2021-02-28;52;42;51253;25527;3.5;1.8
62;2021-03-01;1309;113;52562;25640;3.6;1.8
62;2021-03-02;3146;162;55708;25802;3.8;1.8
62;2021-03-03;3255;103;58963;25905;4.1;1.8
62;2021-03-04;3794;173;62757;26078;4.3;1.8
62;2021-03-05;4640;180;67397;26258;4.6;1.8
62;2021-03-06;9604;168;77001;26426;5.3;1.8
62;2021-03-07;8065;144;85066;26570;5.9;1.8
62;2021-03-08;2181;235;87247;26805;6.0;1.8
62;2021-03-09;3797;350;91044;27155;6.3;1.9
62;2021-03-10;4220;569;95264;27724;6.6;1.9
62;2021-03-11;5966;1478;101230;29202;7.0;2.0
62;2021-03-12;6622;1334;107852;30536;7.4;2.1
62;2021-03-13;14704;679;122556;31215;8.4;2.1
62;2021-03-14;9569;305;132125;31520;9.1;2.2
62;2021-03-15;3756;992;135881;32512;9.4;2.2
62;2021-03-16;2733;833;138614;33345;9.5;2.3
62;2021-03-17;2799;700;141413;34045;9.7;2.3
62;2021-03-18;2716;930;144129;34975;9.9;2.4
62;2021-03-19;4778;894;148907;35869;10.2;2.5
62;2021-03-20;11060;526;159967;36395;11.0;2.5
62;2021-03-21;9437;278;169404;36673;11.7;2.5
62;2021-03-22;2936;1082;172340;37755;11.9;2.6
62;2021-03-23;4986;1485;177326;39240;12.2;2.7
62;2021-03-24;4686;1398;182012;40638;12.5;2.8
62;2021-03-25;6547;1462;188559;42100;13.0;2.9
62;2021-03-26;7043;1451;195602;43551;13.5;3.0
62;2021-03-27;12581;657;208183;44208;14.3;3.0
62;2021-03-28;6931;235;215114;44443;14.8;3.1
62;2021-03-29;3470;1187;218584;45630;15.0;3.1
62;2021-03-30;4548;2195;223132;47825;15.4;3.3
62;2021-03-31;4215;2452;227347;50277;15.6;3.5
62;2021-04-01;4965;2738;232312;53015;16.0;3.6
62;2021-04-02;5063;3198;237375;56213;16.3;3.9
62;2021-04-03;8191;3284;245566;59497;16.9;4.1
62;2021-04-04;4576;1894;250142;61391;17.2;4.2
62;2021-04-05;943;456;251085;61847;17.3;4.3
62;2021-04-06;4115;2971;255200;64818;17.6;4.5
62;2021-04-07;5027;3471;260227;68289;17.9;4.7
62;2021-04-08;6475;3925;266702;72214;18.4;5.0
62;2021-04-09;7614;3425;274316;75639;18.9;5.2
62;2021-04-10;6636;8039;280952;83678;19.3;5.8
62;2021-04-11;2812;6891;283764;90569;19.5;6.2
62;2021-04-12;3417;2350;287181;92919;19.8;6.4
62;2021-04-13;6165;3137;293346;96056;20.2;6.6
62;2021-04-14;5295;3037;298641;99093;20.6;6.8
62;2021-04-15;5737;2963;304378;102056;21.0;7.0
62;2021-04-16;5416;3162;309794;105218;21.3;7.2
62;2021-04-17;4355;7353;314149;112571;21.6;7.7
62;2021-04-18;1960;6845;316109;119416;21.8;8.2
62;2021-04-19;2776;1908;318885;121324;22.0;8.4
62;2021-04-20;4130;3868;323015;125192;22.2;8.6
62;2021-04-21;3752;3956;326767;129148;22.5;8.9
62;2021-04-22;3945;5152;330712;134300;22.8;9.2
62;2021-04-23;4048;5261;334760;139561;23.0;9.6
62;2021-04-24;4397;6705;339157;146266;23.3;10.1
62;2021-04-25;1907;3497;341064;149763;23.5;10.3
62;2021-04-26;2220;2425;343284;152188;23.6;10.5
62;2021-04-27;4407;3680;347691;155868;23.9;10.7
62;2021-04-28;4588;4323;352279;160191;24.2;11.0
62;2021-04-29;4783;5844;357062;166035;24.6;11.4
62;2021-04-30;5206;5678;362268;171713;24.9;11.8
62;2021-05-01;5733;3441;368001;175154;25.3;12.1
62;2021-05-02;7814;3107;375815;178261;25.9;12.3
62;2021-05-03;4496;2287;380311;180548;26.2;12.4
62;2021-05-04;5384;4956;385695;185504;26.5;12.8
62;2021-05-05;4726;4829;390421;190333;26.9;13.1
62;2021-05-06;5610;4893;396031;195226;27.3;13.4
62;2021-05-07;7674;4642;403705;199868;27.8;13.8
62;2021-05-08;10630;2237;414335;202105;28.5;13.9
62;2021-05-09;8625;1612;422960;203717;29.1;14.0
62;2021-05-10;4867;3998;427827;207715;29.4;14.3
62;2021-05-11;6407;5014;434234;212729;29.9;14.6
62;2021-05-12;8611;4581;442845;217310;30.5;15.0
62;2021-05-13;9993;1458;452838;218768;31.2;15.1
62;2021-05-14;11866;3362;464704;222130;32.0;15.3
62;2021-05-15;19776;3208;484480;225338;33.3;15.5
62;2021-05-16;16390;1372;500870;226710;34.5;15.6
62;2021-05-17;8177;2643;509047;229353;35.0;15.8
62;2021-05-18;9316;3098;518363;232451;35.7;16.0
62;2021-05-19;8611;2885;526974;235336;36.3;16.2
62;2021-05-20;8332;3817;535306;239153;36.8;16.5
62;2021-05-21;9382;4181;544688;243334;37.5;16.7
62;2021-05-22;17859;3486;562547;246820;38.7;17.0
62;2021-05-23;12372;1111;574919;247931;39.6;17.1
62;2021-05-24;3907;576;578826;248507;39.8;17.1
62;2021-05-25;7215;4082;586041;252589;40.3;17.4
62;2021-05-26;6764;4892;592805;257481;40.8;17.7
62;2021-05-27;6380;5672;599185;263153;41.2;18.1
62;2021-05-28;6512;6748;605697;269901;41.7;18.6
62;2021-05-29;10845;5520;616542;275421;42.4;19.0
62;2021-05-30;4037;977;620579;276398;42.7;19.0
62;2021-05-31;4788;3965;625367;280363;43.0;19.3
62;2021-06-01;6490;6517;631857;286880;43.5;19.7
62;2021-06-02;7406;5790;639263;292670;44.0;20.1
62;2021-06-03;7843;5877;647106;298547;44.5;20.6
62;2021-06-04;7886;6236;654992;304783;45.1;21.0
62;2021-06-05;8272;6227;663264;311010;45.7;21.4
62;2021-06-06;3120;1285;666384;312295;45.9;21.5
62;2021-06-07;4594;3750;670978;316045;46.2;21.8
62;2021-06-08;6146;5884;677124;321929;46.6;22.2
62;2021-06-09;5468;4754;682592;326683;47.0;22.5
62;2021-06-10;5167;5869;687759;332552;47.3;22.9
62;2021-06-11;6203;8876;693962;341428;47.8;23.5
62;2021-06-12;5919;8653;699881;350081;48.2;24.1
62;2021-06-13;3200;3780;703081;353861;48.4;24.4
62;2021-06-14;2579;6779;705660;360640;48.6;24.8
62;2021-06-15;4645;8537;710305;369177;48.9;25.4
62;2021-06-16;5052;7413;715357;376590;49.2;25.9
62;2021-06-17;5206;8047;720563;384637;49.6;26.5
62;2021-06-18;4793;10495;725356;395132;49.9;27.2
62;2021-06-19;5785;13445;731141;408577;50.3;28.1
62;2021-06-20;2092;4380;733233;412957;50.5;28.4
62;2021-06-21;2946;8961;736179;421918;50.7;29.0
62;2021-06-22;3404;10202;739583;432120;50.9;29.7
62;2021-06-23;3371;10346;742954;442466;51.1;30.5
62;2021-06-24;3306;11803;746260;454269;51.4;31.3
62;2021-06-25;3680;15805;749940;470074;51.6;32.4
62;2021-06-26;3508;18429;753448;488503;51.9;33.6
62;2021-06-27;1115;9842;754563;498345;51.9;34.3
62;2021-06-28;1899;8886;756462;507231;52.1;34.9
62;2021-06-29;2937;11465;759399;518696;52.3;35.7
62;2021-06-30;4027;10803;763426;529499;52.5;36.4
62;2021-07-01;4359;10468;767785;539967;52.8;37.2
62;2021-07-02;4093;11961;771878;551928;53.1;38.0
62;2021-07-03;2986;18077;774864;570005;53.3;39.2
62;2021-07-04;1432;9188;776296;579193;53.4;39.9
62;2021-07-05;2389;6925;778685;586118;53.6;40.3
62;2021-07-06;3770;10005;782455;596123;53.9;41.0
62;2021-07-07;3876;8902;786331;605025;54.1;41.6
62;2021-07-08;5205;9094;791536;614119;54.5;42.3
62;2021-07-09;4374;10850;795910;624969;54.8;43.0
62;2021-07-10;4896;11826;800806;636795;55.1;43.8
62;2021-07-11;1328;2086;802134;638881;55.2;44.0
62;2021-07-12;2291;7114;804425;645995;55.4;44.5
62;2021-07-13;5026;12124;809451;658119;55.7;45.3
62;2021-07-14;3588;3136;813039;661255;56.0;45.5
62;2021-07-15;7480;11486;820519;672741;56.5;46.3
62;2021-07-16;7468;10975;827987;683716;57.0;47.1
62;2021-07-17;9539;10108;837526;693824;57.6;47.8
62;2021-07-18;2691;3448;840217;697272;57.8;48.0
63;2020-12-27;0;0;0;0;0.0;0.0
63;2020-12-28;0;0;0;0;0.0;0.0
63;2020-12-29;0;0;0;0;0.0;0.0
63;2020-12-30;0;0;0;0;0.0;0.0
63;2020-12-31;0;0;0;0;0.0;0.0
63;2021-01-01;0;0;0;0;0.0;0.0
63;2021-01-02;0;0;0;0;0.0;0.0
63;2021-01-03;0;0;0;0;0.0;0.0
63;2021-01-04;0;0;0;0;0.0;0.0
63;2021-01-05;1;0;1;0;0.0;0.0
63;2021-01-06;4;1;5;1;0.0;0.0
63;2021-01-07;296;0;301;1;0.0;0.0
63;2021-01-08;207;0;508;1;0.1;0.0
63;2021-01-09;90;0;598;1;0.1;0.0
63;2021-01-10;81;0;679;1;0.1;0.0
63;2021-01-11;422;0;1101;1;0.2;0.0
63;2021-01-12;639;1;1740;2;0.3;0.0
63;2021-01-13;846;1;2586;3;0.4;0.0
63;2021-01-14;514;7;3100;10;0.5;0.0
63;2021-01-15;425;1;3525;11;0.5;0.0
63;2021-01-16;157;0;3682;11;0.6;0.0
63;2021-01-17;131;0;3813;11;0.6;0.0
63;2021-01-18;603;1;4416;12;0.7;0.0
63;2021-01-19;832;1;5248;13;0.8;0.0
63;2021-01-20;1039;1;6287;14;1.0;0.0
63;2021-01-21;975;2;7262;16;1.1;0.0
63;2021-01-22;964;2;8226;18;1.2;0.0
63;2021-01-23;189;0;8415;18;1.3;0.0
63;2021-01-24;162;0;8577;18;1.3;0.0
63;2021-01-25;785;1;9362;19;1.4;0.0
63;2021-01-26;955;2;10317;21;1.6;0.0
63;2021-01-27;1000;5;11317;26;1.7;0.0
63;2021-01-28;1311;67;12628;93;1.9;0.0
63;2021-01-29;1063;66;13691;159;2.1;0.0
63;2021-01-30;69;0;13760;159;2.1;0.0
63;2021-01-31;6;0;13766;159;2.1;0.0
63;2021-02-01;562;182;14328;341;2.2;0.1
63;2021-02-02;877;235;15205;576;2.3;0.1
63;2021-02-03;1468;281;16673;857;2.5;0.1
63;2021-02-04;2114;512;18787;1369;2.8;0.2
63;2021-02-05;1144;269;19931;1638;3.0;0.2
63;2021-02-06;115;0;20046;1638;3.0;0.2
63;2021-02-07;9;1;20055;1639;3.0;0.2
63;2021-02-08;532;406;20587;2045;3.1;0.3
63;2021-02-09;668;435;21255;2480;3.2;0.4
63;2021-02-10;605;602;21860;3082;3.3;0.5
63;2021-02-11;750;466;22610;3548;3.4;0.5
63;2021-02-12;821;808;23431;4356;3.5;0.7
63;2021-02-13;82;1;23513;4357;3.6;0.7
63;2021-02-14;0;65;23513;4422;3.6;0.7
63;2021-02-15;204;795;23717;5217;3.6;0.8
63;2021-02-16;405;1138;24122;6355;3.7;1.0
63;2021-02-17;347;876;24469;7231;3.7;1.1
63;2021-02-18;593;824;25062;8055;3.8;1.2
63;2021-02-19;447;977;25509;9032;3.9;1.4
63;2021-02-20;37;32;25546;9064;3.9;1.4
63;2021-02-21;2;17;25548;9081;3.9;1.4
63;2021-02-22;291;931;25839;10012;3.9;1.5
63;2021-02-23;574;1145;26413;11157;4.0;1.7
63;2021-02-24;696;1421;27109;12578;4.1;1.9
63;2021-02-25;1581;1671;28690;14249;4.3;2.2
63;2021-02-26;1623;1364;30313;15613;4.6;2.4
63;2021-02-27;642;63;30955;15676;4.7;2.4
63;2021-02-28;4;178;30959;15854;4.7;2.4
63;2021-03-01;582;519;31541;16373;4.8;2.5
63;2021-03-02;898;792;32439;17165;4.9;2.6
63;2021-03-03;1033;724;33472;17889;5.1;2.7
63;2021-03-04;1747;495;35219;18384;5.3;2.8
63;2021-03-05;2612;676;37831;19060;5.7;2.9
63;2021-03-06;1550;34;39381;19094;6.0;2.9
63;2021-03-07;510;15;39891;19109;6.0;2.9
63;2021-03-08;965;644;40856;19753;6.2;3.0
63;2021-03-09;1537;1060;42393;20813;6.4;3.2
63;2021-03-10;1637;605;44030;21418;6.7;3.2
63;2021-03-11;3050;878;47080;22296;7.1;3.4
63;2021-03-12;3509;362;50589;22658;7.7;3.4
63;2021-03-13;2049;76;52638;22734;8.0;3.4
63;2021-03-14;57;21;52695;22755;8.0;3.4
63;2021-03-15;1736;364;54431;23119;8.2;3.5
63;2021-03-16;1741;411;56172;23530;8.5;3.6
63;2021-03-17;1634;672;57806;24202;8.8;3.7
63;2021-03-18;1933;738;59739;24940;9.0;3.8
63;2021-03-19;2732;485;62471;25425;9.5;3.9
63;2021-03-20;1121;66;63592;25491;9.6;3.9
63;2021-03-21;49;45;63641;25536;9.6;3.9
63;2021-03-22;1981;249;65622;25785;9.9;3.9
63;2021-03-23;2878;352;68500;26137;10.4;4.0
63;2021-03-24;3213;329;71713;26466;10.9;4.0
63;2021-03-25;4581;369;76294;26835;11.6;4.1
63;2021-03-26;4688;546;80982;27381;12.3;4.1
63;2021-03-27;2454;219;83436;27600;12.6;4.2
63;2021-03-28;1042;80;84478;27680;12.8;4.2
63;2021-03-29;2478;505;86956;28185;13.2;4.3
63;2021-03-30;3275;624;90231;28809;13.7;4.4
63;2021-03-31;2960;739;93191;29548;14.1;4.5
63;2021-04-01;3819;525;97010;30073;14.7;4.6
63;2021-04-02;3478;700;100488;30773;15.2;4.7
63;2021-04-03;1171;180;101659;30953;15.4;4.7
63;2021-04-04;877;27;102536;30980;15.5;4.7
63;2021-04-05;802;86;103338;31066;15.7;4.7
63;2021-04-06;2462;928;105800;31994;16.0;4.8
63;2021-04-07;3206;859;109006;32853;16.5;5.0
63;2021-04-08;4715;1205;113721;34058;17.2;5.2
63;2021-04-09;5308;964;119029;35022;18.0;5.3
63;2021-04-10;2220;470;121249;35492;18.4;5.4
63;2021-04-11;833;37;122082;35529;18.5;5.4
63;2021-04-12;1622;1310;123704;36839;18.7;5.6
63;2021-04-13;1983;1961;125687;38800;19.0;5.9
63;2021-04-14;2627;1427;128314;40227;19.4;6.1
63;2021-04-15;3780;1508;132094;41735;20.0;6.3
63;2021-04-16;2832;2147;134926;43882;20.4;6.6
63;2021-04-17;1230;668;136156;44550;20.6;6.7
63;2021-04-18;802;59;136958;44609;20.7;6.8
63;2021-04-19;1653;2111;138611;46720;21.0;7.1
63;2021-04-20;1697;2293;140308;49013;21.3;7.4
63;2021-04-21;1510;2401;141818;51414;21.5;7.8
63;2021-04-22;1913;2260;143731;53674;21.8;8.1
63;2021-04-23;2015;3104;145746;56778;22.1;8.6
63;2021-04-24;1188;1127;146934;57905;22.3;8.8
63;2021-04-25;553;413;147487;58318;22.3;8.8
63;2021-04-26;1434;2243;148921;60561;22.6;9.2
63;2021-04-27;2309;2598;151230;63159;22.9;9.6
63;2021-04-28;2324;3146;153554;66305;23.3;10.0
63;2021-04-29;2866;2832;156420;69137;23.7;10.5
63;2021-04-30;2857;2810;159277;71947;24.1;10.9
63;2021-05-01;1126;1048;160403;72995;24.3;11.1
63;2021-05-02;896;638;161299;73633;24.4;11.2
63;2021-05-03;2686;2243;163985;75876;24.8;11.5
63;2021-05-04;2875;2674;166860;78550;25.3;11.9
63;2021-05-05;2931;3114;169791;81664;25.7;12.4
63;2021-05-06;3662;3041;173453;84705;26.3;12.8
63;2021-05-07;4024;3535;177477;88240;26.9;13.4
63;2021-05-08;1993;649;179470;88889;27.2;13.5
63;2021-05-09;1803;607;181273;89496;27.5;13.6
63;2021-05-10;4197;2757;185470;92253;28.1;14.0
63;2021-05-11;5331;2751;190801;95004;28.9;14.4
63;2021-05-12;5247;2892;196048;97896;29.7;14.8
63;2021-05-13;4121;693;200169;98589;30.3;14.9
63;2021-05-14;4766;1498;204935;100087;31.0;15.2
63;2021-05-15;3712;981;208647;101068;31.6;15.3
63;2021-05-16;3514;443;212161;101511;32.1;15.4
63;2021-05-17;3891;1979;216052;103490;32.7;15.7
63;2021-05-18;5108;1614;221160;105104;33.5;15.9
63;2021-05-19;5211;1614;226371;106718;34.3;16.2
63;2021-05-20;6783;2070;233154;108788;35.3;16.5
63;2021-05-21;6241;2311;239395;111099;36.3;16.8
63;2021-05-22;3343;843;242738;111942;36.8;17.0
63;2021-05-23;2378;242;245116;112184;37.1;17.0
63;2021-05-24;2634;576;247750;112760;37.5;17.1
63;2021-05-25;4265;2631;252015;115391;38.2;17.5
63;2021-05-26;5439;2399;257454;117790;39.0;17.8
63;2021-05-27;6486;2793;263940;120583;40.0;18.3
63;2021-05-28;5407;3878;269347;124461;40.8;18.9
63;2021-05-29;3355;1502;272702;125963;41.3;19.1
63;2021-05-30;1579;215;274281;126178;41.5;19.1
63;2021-05-31;4139;2276;278420;128454;42.2;19.5
63;2021-06-01;3786;2950;282206;131404;42.7;19.9
63;2021-06-02;3873;2512;286079;133916;43.3;20.3
63;2021-06-03;4891;3140;290970;137056;44.1;20.8
63;2021-06-04;5090;3617;296060;140673;44.8;21.3
63;2021-06-05;2798;1739;298858;142412;45.3;21.6
63;2021-06-06;1302;695;300160;143107;45.5;21.7
63;2021-06-07;3158;2517;303318;145624;45.9;22.1
63;2021-06-08;2863;2756;306181;148380;46.4;22.5
63;2021-06-09;3012;2269;309193;150649;46.8;22.8
63;2021-06-10;3178;2685;312371;153334;47.3;23.2
63;2021-06-11;3086;4048;315457;157382;47.8;23.8
63;2021-06-12;1616;1965;317073;159347;48.0;24.1
63;2021-06-13;475;1092;317548;160439;48.1;24.3
63;2021-06-14;1814;3472;319362;163911;48.4;24.8
63;2021-06-15;2188;3477;321550;167388;48.7;25.4
63;2021-06-16;2547;3307;324097;170695;49.1;25.9
63;2021-06-17;2354;4301;326451;174996;49.4;26.5
63;2021-06-18;2438;5829;328889;180825;49.8;27.4
63;2021-06-19;1591;2823;330480;183648;50.1;27.8
63;2021-06-20;649;2438;331129;186086;50.2;28.2
63;2021-06-21;1266;5390;332395;191476;50.3;29.0
63;2021-06-22;1224;5538;333619;197014;50.5;29.8
63;2021-06-23;1516;4759;335135;201773;50.8;30.6
63;2021-06-24;1899;5380;337034;207153;51.0;31.4
63;2021-06-25;1714;5908;338748;213061;51.3;32.3
63;2021-06-26;1065;3353;339813;216414;51.5;32.8
63;2021-06-27;694;3484;340507;219898;51.6;33.3
63;2021-06-28;1132;5662;341639;225560;51.7;34.2
63;2021-06-29;1216;5169;342855;230729;51.9;34.9
63;2021-06-30;1554;5278;344409;236007;52.2;35.7
63;2021-07-01;1872;8072;346281;244079;52.4;37.0
63;2021-07-02;2016;6540;348297;250619;52.8;38.0
63;2021-07-03;941;2922;349238;253541;52.9;38.4
63;2021-07-04;981;1880;350219;255421;53.0;38.7
63;2021-07-05;1470;6281;351689;261702;53.3;39.6
63;2021-07-06;1575;4795;353264;266497;53.5;40.4
63;2021-07-07;1945;4075;355209;270572;53.8;41.0
63;2021-07-08;2171;4573;357380;275145;54.1;41.7
63;2021-07-09;1894;5722;359274;280867;54.4;42.5
63;2021-07-10;1514;3405;360788;284272;54.6;43.1
63;2021-07-11;890;1526;361678;285798;54.8;43.3
63;2021-07-12;1563;8700;363241;294498;55.0;44.6
63;2021-07-13;3563;6122;366804;300620;55.6;45.5
63;2021-07-14;3584;1771;370388;302391;56.1;45.8
63;2021-07-15;4339;5015;374727;307406;56.8;46.6
63;2021-07-16;4338;5715;379065;313121;57.4;47.4
63;2021-07-17;2625;2403;381690;315524;57.8;47.8
63;2021-07-18;2333;1021;384023;316545;58.2;47.9
64;2020-12-27;0;0;0;0;0.0;0.0
64;2020-12-28;0;0;0;0;0.0;0.0
64;2020-12-29;0;0;0;0;0.0;0.0
64;2020-12-30;0;0;0;0;0.0;0.0
64;2020-12-31;0;0;0;0;0.0;0.0
64;2021-01-01;0;0;0;0;0.0;0.0
64;2021-01-02;0;0;0;0;0.0;0.0
64;2021-01-03;0;0;0;0;0.0;0.0
64;2021-01-04;29;0;29;0;0.0;0.0
64;2021-01-05;22;0;51;0;0.0;0.0
64;2021-01-06;185;1;236;1;0.0;0.0
64;2021-01-07;839;0;1075;1;0.2;0.0
64;2021-01-08;879;3;1954;4;0.3;0.0
64;2021-01-09;53;0;2007;4;0.3;0.0
64;2021-01-10;0;0;2007;4;0.3;0.0
64;2021-01-11;538;1;2545;5;0.4;0.0
64;2021-01-12;757;2;3302;7;0.5;0.0
64;2021-01-13;865;2;4167;9;0.6;0.0
64;2021-01-14;1042;3;5209;12;0.8;0.0
64;2021-01-15;928;5;6137;17;0.9;0.0
64;2021-01-16;67;0;6204;17;0.9;0.0
64;2021-01-17;2;0;6206;17;0.9;0.0
64;2021-01-18;937;8;7143;25;1.0;0.0
64;2021-01-19;1441;4;8584;29;1.3;0.0
64;2021-01-20;1612;1;10196;30;1.5;0.0
64;2021-01-21;2597;1;12793;31;1.9;0.0
64;2021-01-22;1644;3;14437;34;2.1;0.0
64;2021-01-23;521;1;14958;35;2.2;0.0
64;2021-01-24;88;0;15046;35;2.2;0.0
64;2021-01-25;968;7;16014;42;2.3;0.0
64;2021-01-26;1353;21;17367;63;2.5;0.0
64;2021-01-27;1239;120;18606;183;2.7;0.0
64;2021-01-28;1645;633;20251;816;3.0;0.1
64;2021-01-29;970;656;21221;1472;3.1;0.2
64;2021-01-30;466;60;21687;1532;3.2;0.2
64;2021-01-31;90;0;21777;1532;3.2;0.2
64;2021-02-01;673;313;22450;1845;3.3;0.3
64;2021-02-02;1129;554;23579;2399;3.5;0.4
64;2021-02-03;1036;631;24615;3030;3.6;0.4
64;2021-02-04;1025;535;25640;3565;3.8;0.5
64;2021-02-05;866;457;26506;4022;3.9;0.6
64;2021-02-06;497;34;27003;4056;4.0;0.6
64;2021-02-07;130;3;27133;4059;4.0;0.6
64;2021-02-08;767;310;27900;4369;4.1;0.6
64;2021-02-09;940;722;28840;5091;4.2;0.7
64;2021-02-10;908;804;29748;5895;4.4;0.9
64;2021-02-11;1198;1482;30946;7377;4.5;1.1
64;2021-02-12;1073;1068;32019;8445;4.7;1.2
64;2021-02-13;223;322;32242;8767;4.7;1.3
64;2021-02-14;36;49;32278;8816;4.7;1.3
64;2021-02-15;221;1130;32499;9946;4.8;1.5
64;2021-02-16;257;1407;32756;11353;4.8;1.7
64;2021-02-17;290;1257;33046;12610;4.8;1.8
64;2021-02-18;506;1716;33552;14326;4.9;2.1
64;2021-02-19;413;1293;33965;15619;5.0;2.3
64;2021-02-20;119;442;34084;16061;5.0;2.4
64;2021-02-21;20;83;34104;16144;5.0;2.4
64;2021-02-22;475;990;34579;17134;5.1;2.5
64;2021-02-23;709;1144;35288;18278;5.2;2.7
64;2021-02-24;724;1019;36012;19297;5.3;2.8
64;2021-02-25;1091;956;37103;20253;5.4;3.0
64;2021-02-26;1208;915;38311;21168;5.6;3.1
64;2021-02-27;863;406;39174;21574;5.7;3.2
64;2021-02-28;41;86;39215;21660;5.7;3.2
64;2021-03-01;761;795;39976;22455;5.9;3.3
64;2021-03-02;1076;913;41052;23368;6.0;3.4
64;2021-03-03;1240;1009;42292;24377;6.2;3.6
64;2021-03-04;1867;1179;44159;25556;6.5;3.7
64;2021-03-05;2188;1064;46347;26620;6.8;3.9
64;2021-03-06;1538;517;47885;27137;7.0;4.0
64;2021-03-07;591;109;48476;27246;7.1;4.0
64;2021-03-08;1528;764;50004;28010;7.3;4.1
64;2021-03-09;2059;839;52063;28849;7.6;4.2
64;2021-03-10;2076;750;54139;29599;7.9;4.3
64;2021-03-11;2965;1059;57104;30658;8.4;4.5
64;2021-03-12;3475;580;60579;31238;8.9;4.6
64;2021-03-13;2255;164;62834;31402;9.2;4.6
64;2021-03-14;227;15;63061;31417;9.2;4.6
64;2021-03-15;2329;226;65390;31643;9.6;4.6
64;2021-03-16;1974;258;67364;31901;9.9;4.7
64;2021-03-17;2059;230;69423;32131;10.2;4.7
64;2021-03-18;2455;201;71878;32332;10.5;4.7
64;2021-03-19;3002;276;74880;32608;11.0;4.8
64;2021-03-20;2452;84;77332;32692;11.3;4.8
64;2021-03-21;1271;24;78603;32716;11.5;4.8
64;2021-03-22;2576;543;81179;33259;11.9;4.9
64;2021-03-23;3190;654;84369;33913;12.3;5.0
64;2021-03-24;3560;695;87929;34608;12.9;5.1
64;2021-03-25;4340;800;92269;35408;13.5;5.2
64;2021-03-26;4409;692;96678;36100;14.2;5.3
64;2021-03-27;2965;416;99643;36516;14.6;5.3
64;2021-03-28;517;51;100160;36567;14.7;5.4
64;2021-03-29;3015;878;103175;37445;15.1;5.5
64;2021-03-30;4124;861;107299;38306;15.7;5.6
64;2021-03-31;3576;768;110875;39074;16.2;5.7
64;2021-04-01;4752;917;115627;39991;16.9;5.9
64;2021-04-02;4434;737;120061;40728;17.6;6.0
64;2021-04-03;2056;583;122117;41311;17.9;6.0
64;2021-04-04;301;49;122418;41360;17.9;6.1
64;2021-04-05;1681;137;124099;41497;18.2;6.1
64;2021-04-06;3640;1378;127739;42875;18.7;6.3
64;2021-04-07;3938;1499;131677;44374;19.3;6.5
64;2021-04-08;5184;1581;136861;45955;20.0;6.7
64;2021-04-09;5874;1606;142735;47561;20.9;7.0
64;2021-04-10;3217;1036;145952;48597;21.4;7.1
64;2021-04-11;435;252;146387;48849;21.4;7.2
64;2021-04-12;4036;1842;150423;50691;22.0;7.4
64;2021-04-13;4451;2142;154874;52833;22.7;7.7
64;2021-04-14;4077;2116;158951;54949;23.3;8.0
64;2021-04-15;4388;2273;163339;57222;23.9;8.4
64;2021-04-16;4276;2252;167615;59474;24.5;8.7
64;2021-04-17;2477;1492;170092;60966;24.9;8.9
64;2021-04-18;1096;1179;171188;62145;25.1;9.1
64;2021-04-19;2722;2441;173910;64586;25.5;9.5
64;2021-04-20;3200;2417;177110;67003;25.9;9.8
64;2021-04-21;3204;2548;180314;69551;26.4;10.2
64;2021-04-22;3379;2771;183693;72322;26.9;10.6
64;2021-04-23;3421;2580;187114;74902;27.4;11.0
64;2021-04-24;2064;1580;189178;76482;27.7;11.2
64;2021-04-25;288;238;189466;76720;27.7;11.2
64;2021-04-26;2651;2648;192117;79368;28.1;11.6
64;2021-04-27;3056;3123;195173;82491;28.6;12.1
64;2021-04-28;3596;3056;198769;85547;29.1;12.5
64;2021-04-29;4641;3439;203410;88986;29.8;13.0
64;2021-04-30;4068;3601;207478;92587;30.4;13.6
64;2021-05-01;1479;1023;208957;93610;30.6;13.7
64;2021-05-02;443;325;209400;93935;30.7;13.7
64;2021-05-03;2903;3479;212303;97414;31.1;14.3
64;2021-05-04;3639;3974;215942;101388;31.6;14.8
64;2021-05-05;3352;4001;219294;105389;32.1;15.4
64;2021-05-06;4107;3972;223401;109361;32.7;16.0
64;2021-05-07;3911;4177;227312;113538;33.3;16.6
64;2021-05-08;2615;1225;229927;114763;33.7;16.8
64;2021-05-09;716;308;230643;115071;33.8;16.8
64;2021-05-10;2857;4235;233500;119306;34.2;17.5
64;2021-05-11;4175;4138;237675;123444;34.8;18.1
64;2021-05-12;4480;3936;242155;127380;35.4;18.6
64;2021-05-13;3195;878;245350;128258;35.9;18.8
64;2021-05-14;5137;3136;250487;131394;36.7;19.2
64;2021-05-15;3521;1866;254008;133260;37.2;19.5
64;2021-05-16;495;224;254503;133484;37.3;19.5
64;2021-05-17;4188;2374;258691;135858;37.9;19.9
64;2021-05-18;5155;2294;263846;138152;38.6;20.2
64;2021-05-19;4972;2152;268818;140304;39.3;20.5
64;2021-05-20;5554;2148;274372;142452;40.2;20.9
64;2021-05-21;5259;2241;279631;144693;40.9;21.2
64;2021-05-22;3570;1502;283201;146195;41.5;21.4
64;2021-05-23;427;207;283628;146402;41.5;21.4
64;2021-05-24;2992;1222;286620;147624;42.0;21.6
64;2021-05-25;4328;2832;290948;150456;42.6;22.0
64;2021-05-26;4344;2706;295292;153162;43.2;22.4
64;2021-05-27;5281;3139;300573;156301;44.0;22.9
64;2021-05-28;4596;3426;305169;159727;44.7;23.4
64;2021-05-29;2804;2110;307973;161837;45.1;23.7
64;2021-05-30;436;204;308409;162041;45.1;23.7
64;2021-05-31;3887;3659;312296;165700;45.7;24.3
64;2021-06-01;5314;3559;317610;169259;46.5;24.8
64;2021-06-02;4924;3161;322534;172420;47.2;25.2
64;2021-06-03;6353;3249;328887;175669;48.1;25.7
64;2021-06-04;5135;4535;334022;180204;48.9;26.4
64;2021-06-05;3479;2519;337501;182723;49.4;26.7
64;2021-06-06;2001;327;339502;183050;49.7;26.8
64;2021-06-07;4110;4314;343612;187364;50.3;27.4
64;2021-06-08;5126;4115;348738;191479;51.0;28.0
64;2021-06-09;5124;3638;353862;195117;51.8;28.6
64;2021-06-10;6136;3124;359998;198241;52.7;29.0
64;2021-06-11;5555;4859;365553;203100;53.5;29.7
64;2021-06-12;3929;2309;369482;205409;54.1;30.1
64;2021-06-13;1547;389;371029;205798;54.3;30.1
64;2021-06-14;3650;4783;374679;210581;54.8;30.8
64;2021-06-15;4532;4691;379211;215272;55.5;31.5
64;2021-06-16;4445;4653;383656;219925;56.2;32.2
64;2021-06-17;3615;4287;387271;224212;56.7;32.8
64;2021-06-18;4394;5164;391665;229376;57.3;33.6
64;2021-06-19;2954;3272;394619;232648;57.8;34.1
64;2021-06-20;872;536;395491;233184;57.9;34.1
64;2021-06-21;2285;5135;397776;238319;58.2;34.9
64;2021-06-22;2529;5727;400305;244046;58.6;35.7
64;2021-06-23;3078;5477;403383;249523;59.0;36.5
64;2021-06-24;2680;3804;406063;253327;59.4;37.1
64;2021-06-25;2857;6428;408920;259755;59.9;38.0
64;2021-06-26;1782;3830;410702;263585;60.1;38.6
64;2021-06-27;483;710;411185;264295;60.2;38.7
64;2021-06-28;1896;6060;413081;270355;60.5;39.6
64;2021-06-29;1905;6260;414986;276615;60.7;40.5
64;2021-06-30;2202;6004;417188;282619;61.1;41.4
64;2021-07-01;2330;5334;419518;287953;61.4;42.1
64;2021-07-02;2268;6391;421786;294344;61.7;43.1
64;2021-07-03;1246;3779;423032;298123;61.9;43.6
64;2021-07-04;402;842;423434;298965;62.0;43.8
64;2021-07-05;1352;5414;424786;304379;62.2;44.6
64;2021-07-06;1950;6145;426736;310524;62.5;45.5
64;2021-07-07;2028;5738;428764;316262;62.8;46.3
64;2021-07-08;1762;4383;430526;320645;63.0;46.9
64;2021-07-09;1799;6528;432325;327173;63.3;47.9
64;2021-07-10;1163;3872;433488;331045;63.5;48.5
64;2021-07-11;250;858;433738;331903;63.5;48.6
64;2021-07-12;1483;6090;435221;337993;63.7;49.5
64;2021-07-13;2316;7236;437537;345229;64.0;50.5
64;2021-07-14;2345;3380;439882;348609;64.4;51.0
64;2021-07-15;2060;5467;441942;354076;64.7;51.8
64;2021-07-16;2799;6753;444741;360829;65.1;52.8
64;2021-07-17;2305;4572;447046;365401;65.4;53.5
64;2021-07-18;695;2046;447741;367447;65.5;53.8
65;2020-12-27;0;0;0;0;0.0;0.0
65;2020-12-28;0;0;0;0;0.0;0.0
65;2020-12-29;0;0;0;0;0.0;0.0
65;2020-12-30;0;0;0;0;0.0;0.0
65;2020-12-31;0;0;0;0;0.0;0.0
65;2021-01-01;0;0;0;0;0.0;0.0
65;2021-01-02;0;0;0;0;0.0;0.0
65;2021-01-03;0;0;0;0;0.0;0.0
65;2021-01-04;0;0;0;0;0.0;0.0
65;2021-01-05;0;0;0;0;0.0;0.0
65;2021-01-06;3;0;3;0;0.0;0.0
65;2021-01-07;167;0;170;0;0.1;0.0
65;2021-01-08;253;1;423;1;0.2;0.0
65;2021-01-09;175;1;598;2;0.3;0.0
65;2021-01-10;1;0;599;2;0.3;0.0
65;2021-01-11;273;3;872;5;0.4;0.0
65;2021-01-12;270;1;1142;6;0.5;0.0
65;2021-01-13;584;1;1726;7;0.8;0.0
65;2021-01-14;577;4;2303;11;1.0;0.0
65;2021-01-15;527;2;2830;13;1.2;0.0
65;2021-01-16;221;2;3051;15;1.3;0.0
65;2021-01-17;1;0;3052;15;1.3;0.0
65;2021-01-18;549;5;3601;20;1.6;0.0
65;2021-01-19;570;1;4171;21;1.8;0.0
65;2021-01-20;582;1;4753;22;2.1;0.0
65;2021-01-21;582;0;5335;22;2.4;0.0
65;2021-01-22;595;0;5930;22;2.6;0.0
65;2021-01-23;174;1;6104;23;2.7;0.0
65;2021-01-24;3;1;6107;24;2.7;0.0
65;2021-01-25;550;3;6657;27;2.9;0.0
65;2021-01-26;877;1;7534;28;3.3;0.0
65;2021-01-27;587;12;8121;40;3.6;0.0
65;2021-01-28;501;71;8622;111;3.8;0.0
65;2021-01-29;425;138;9047;249;4.0;0.1
65;2021-01-30;183;72;9230;321;4.1;0.1
65;2021-01-31;15;0;9245;321;4.1;0.1
65;2021-02-01;317;90;9562;411;4.2;0.2
65;2021-02-02;415;195;9977;606;4.4;0.3
65;2021-02-03;461;245;10438;851;4.6;0.4
65;2021-02-04;307;333;10745;1184;4.7;0.5
65;2021-02-05;282;362;11027;1546;4.9;0.7
65;2021-02-06;100;103;11127;1649;4.9;0.7
65;2021-02-07;10;0;11137;1649;4.9;0.7
65;2021-02-08;425;223;11562;1872;5.1;0.8
65;2021-02-09;270;379;11832;2251;5.2;1.0
65;2021-02-10;294;272;12126;2523;5.3;1.1
65;2021-02-11;319;274;12445;2797;5.5;1.2
65;2021-02-12;273;232;12718;3029;5.6;1.3
65;2021-02-13;123;97;12841;3126;5.7;1.4
65;2021-02-14;2;16;12843;3142;5.7;1.4
65;2021-02-15;201;414;13044;3556;5.8;1.6
65;2021-02-16;487;581;13531;4137;6.0;1.8
65;2021-02-17;229;499;13760;4636;6.1;2.0
65;2021-02-18;284;586;14044;5222;6.2;2.3
65;2021-02-19;153;479;14197;5701;6.3;2.5
65;2021-02-20;53;158;14250;5859;6.3;2.6
65;2021-02-21;2;48;14252;5907;6.3;2.6
65;2021-02-22;166;539;14418;6446;6.4;2.8
65;2021-02-23;247;528;14665;6974;6.5;3.1
65;2021-02-24;233;637;14898;7611;6.6;3.4
65;2021-02-25;211;178;15109;7789;6.7;3.4
65;2021-02-26;350;776;15459;8565;6.8;3.8
65;2021-02-27;107;201;15566;8766;6.9;3.9
65;2021-02-28;1;0;15567;8766;6.9;3.9
65;2021-03-01;374;374;15941;9140;7.0;4.0
65;2021-03-02;452;361;16393;9501;7.2;4.2
65;2021-03-03;379;389;16772;9890;7.4;4.4
65;2021-03-04;694;329;17466;10219;7.7;4.5
65;2021-03-05;674;277;18140;10496;8.0;4.6
65;2021-03-06;1183;82;19323;10578;8.5;4.7
65;2021-03-07;257;9;19580;10587;8.6;4.7
65;2021-03-08;410;344;19990;10931;8.8;4.8
65;2021-03-09;665;319;20655;11250;9.1;5.0
65;2021-03-10;622;370;21277;11620;9.4;5.1
65;2021-03-11;778;350;22055;11970;9.7;5.3
65;2021-03-12;1057;185;23112;12155;10.2;5.4
65;2021-03-13;353;91;23465;12246;10.3;5.4
65;2021-03-14;3;31;23468;12277;10.3;5.4
65;2021-03-15;813;182;24281;12459;10.7;5.5
65;2021-03-16;691;213;24972;12672;11.0;5.6
65;2021-03-17;709;205;25681;12877;11.3;5.7
65;2021-03-18;530;228;26211;13105;11.6;5.8
65;2021-03-19;876;156;27087;13261;11.9;5.8
65;2021-03-20;244;43;27331;13304;12.0;5.9
65;2021-03-21;7;2;27338;13306;12.1;5.9
65;2021-03-22;730;152;28068;13458;12.4;5.9
65;2021-03-23;833;365;28901;13823;12.7;6.1
65;2021-03-24;868;253;29769;14076;13.1;6.2
65;2021-03-25;1248;191;31017;14267;13.7;6.3
65;2021-03-26;1219;137;32236;14404;14.2;6.3
65;2021-03-27;1357;69;33593;14473;14.8;6.4
65;2021-03-28;1;2;33594;14475;14.8;6.4
65;2021-03-29;1486;354;35080;14829;15.5;6.5
65;2021-03-30;1353;400;36433;15229;16.1;6.7
65;2021-03-31;1202;368;37635;15597;16.6;6.9
65;2021-04-01;1507;389;39142;15986;17.3;7.0
65;2021-04-02;1682;286;40824;16272;18.0;7.2
65;2021-04-03;247;42;41071;16314;18.1;7.2
65;2021-04-04;4;1;41075;16315;18.1;7.2
65;2021-04-05;157;45;41232;16360;18.2;7.2
65;2021-04-06;1279;482;42511;16842;18.7;7.4
65;2021-04-07;1948;438;44459;17280;19.6;7.6
65;2021-04-08;1630;410;46089;17690;20.3;7.8
65;2021-04-09;1641;464;47730;18154;21.0;8.0
65;2021-04-10;1586;137;49316;18291;21.7;8.1
65;2021-04-11;2;0;49318;18291;21.7;8.1
65;2021-04-12;1343;733;50661;19024;22.3;8.4
65;2021-04-13;1572;588;52233;19612;23.0;8.6
65;2021-04-14;1900;732;54133;20344;23.9;9.0
65;2021-04-15;1698;654;55831;20998;24.6;9.3
65;2021-04-16;1826;523;57657;21521;25.4;9.5
65;2021-04-17;2150;117;59807;21638;26.4;9.5
65;2021-04-18;6;27;59813;21665;26.4;9.6
65;2021-04-19;1337;777;61150;22442;27.0;9.9
65;2021-04-20;1523;701;62673;23143;27.6;10.2
65;2021-04-21;1043;1047;63716;24190;28.1;10.7
65;2021-04-22;1644;722;65360;24912;28.8;11.0
65;2021-04-23;1155;1140;66515;26052;29.3;11.5
65;2021-04-24;1256;599;67771;26651;29.9;11.7
65;2021-04-25;30;15;67801;26666;29.9;11.8
65;2021-04-26;1600;1292;69401;27958;30.6;12.3
65;2021-04-27;1417;1333;70818;29291;31.2;12.9
65;2021-04-28;1728;1022;72546;30313;32.0;13.4
65;2021-04-29;1957;1021;74503;31334;32.8;13.8
65;2021-04-30;1778;925;76281;32259;33.6;14.2
65;2021-05-01;1568;205;77849;32464;34.3;14.3
65;2021-05-02;669;19;78518;32483;34.6;14.3
65;2021-05-03;1286;1620;79804;34103;35.2;15.0
65;2021-05-04;1539;1239;81343;35342;35.9;15.6
65;2021-05-05;1369;1640;82712;36982;36.5;16.3
65;2021-05-06;1552;1178;84264;38160;37.1;16.8
65;2021-05-07;1270;1564;85534;39724;37.7;17.5
65;2021-05-08;1644;433;87178;40157;38.4;17.7
65;2021-05-09;0;90;87178;40247;38.4;17.7
65;2021-05-10;954;1882;88132;42129;38.9;18.6
65;2021-05-11;1054;1809;89186;43938;39.3;19.4
65;2021-05-12;1232;1633;90418;45571;39.9;20.1
65;2021-05-13;1335;159;91753;45730;40.4;20.2
65;2021-05-14;1576;1092;93329;46822;41.1;20.6
65;2021-05-15;1399;494;94728;47316;41.8;20.9
65;2021-05-16;1445;69;96173;47385;42.4;20.9
65;2021-05-17;1037;1610;97210;48995;42.9;21.6
65;2021-05-18;1608;1200;98818;50195;43.6;22.1
65;2021-05-19;1682;1003;100500;51198;44.3;22.6
65;2021-05-20;1843;1043;102343;52241;45.1;23.0
65;2021-05-21;1793;1230;104136;53471;45.9;23.6
65;2021-05-22;1286;637;105422;54108;46.5;23.9
65;2021-05-23;689;32;106111;54140;46.8;23.9
65;2021-05-24;701;78;106812;54218;47.1;23.9
65;2021-05-25;1351;1541;108163;55759;47.7;24.6
65;2021-05-26;1467;1351;109630;57110;48.3;25.2
65;2021-05-27;1618;1453;111248;58563;49.0;25.8
65;2021-05-28;1595;1667;112843;60230;49.7;26.6
65;2021-05-29;1185;1508;114028;61738;50.3;27.2
65;2021-05-30;6;10;114034;61748;50.3;27.2
65;2021-05-31;1318;1295;115352;63043;50.9;27.8
65;2021-06-01;1826;927;117178;63970;51.7;28.2
65;2021-06-02;1567;945;118745;64915;52.3;28.6
65;2021-06-03;1337;1100;120082;66015;52.9;29.1
65;2021-06-04;1787;1560;121869;67575;53.7;29.8
65;2021-06-05;433;1239;122302;68814;53.9;30.3
65;2021-06-06;3;13;122305;68827;53.9;30.3
65;2021-06-07;668;1985;122973;70812;54.2;31.2
65;2021-06-08;925;1536;123898;72348;54.6;31.9
65;2021-06-09;821;1550;124719;73898;55.0;32.6
65;2021-06-10;735;1158;125454;75056;55.3;33.1
65;2021-06-11;903;1810;126357;76866;55.7;33.9
65;2021-06-12;150;639;126507;77505;55.8;34.2
65;2021-06-13;5;7;126512;77512;55.8;34.2
65;2021-06-14;502;2424;127014;79936;56.0;35.2
65;2021-06-15;918;1806;127932;81742;56.4;36.0
65;2021-06-16;1038;1368;128970;83110;56.9;36.6
65;2021-06-17;805;1047;129775;84157;57.2;37.1
65;2021-06-18;976;1628;130751;85785;57.6;37.8
65;2021-06-19;685;1689;131436;87474;57.9;38.6
65;2021-06-20;1;2;131437;87476;57.9;38.6
65;2021-06-21;733;1939;132170;89415;58.3;39.4
65;2021-06-22;1024;1480;133194;90895;58.7;40.1
65;2021-06-23;1052;1233;134246;92128;59.2;40.6
65;2021-06-24;939;1138;135185;93266;59.6;41.1
65;2021-06-25;809;1963;135994;95229;60.0;42.0
65;2021-06-26;169;1660;136163;96889;60.0;42.7
65;2021-06-27;15;1103;136178;97992;60.0;43.2
65;2021-06-28;435;2304;136613;100296;60.2;44.2
65;2021-06-29;665;1912;137278;102208;60.5;45.1
65;2021-06-30;898;1679;138176;103887;60.9;45.8
65;2021-07-01;577;741;138753;104628;61.2;46.1
65;2021-07-02;1127;1728;139880;106356;61.7;46.9
65;2021-07-03;182;1914;140062;108270;61.7;47.7
65;2021-07-04;406;180;140468;108450;61.9;47.8
65;2021-07-05;621;1988;141089;110438;62.2;48.7
65;2021-07-06;881;2121;141970;112559;62.6;49.6
65;2021-07-07;933;1507;142903;114066;63.0;50.3
65;2021-07-08;314;660;143217;114726;63.1;50.6
65;2021-07-09;543;1593;143760;116319;63.4;51.3
65;2021-07-10;287;957;144047;117276;63.5;51.7
65;2021-07-11;0;0;144047;117276;63.5;51.7
65;2021-07-12;461;2222;144508;119498;63.7;52.7
65;2021-07-13;679;2146;145187;121644;64.0;53.6
65;2021-07-14;205;44;145392;121688;64.1;53.6
65;2021-07-15;1013;1656;146405;123344;64.5;54.4
65;2021-07-16;1152;1871;147557;125215;65.0;55.2
65;2021-07-17;330;528;147887;125743;65.2;55.4
65;2021-07-18;22;12;147909;125755;65.2;55.4
66;2020-12-27;0;0;0;0;0.0;0.0
66;2020-12-28;2;0;2;0;0.0;0.0
66;2020-12-29;0;0;2;0;0.0;0.0
66;2020-12-30;0;0;2;0;0.0;0.0
66;2020-12-31;1;0;3;0;0.0;0.0
66;2021-01-01;0;0;3;0;0.0;0.0
66;2021-01-02;0;0;3;0;0.0;0.0
66;2021-01-03;0;0;3;0;0.0;0.0
66;2021-01-04;30;0;33;0;0.0;0.0
66;2021-01-05;135;0;168;0;0.0;0.0
66;2021-01-06;195;0;363;0;0.1;0.0
66;2021-01-07;180;0;543;0;0.1;0.0
66;2021-01-08;212;0;755;0;0.2;0.0
66;2021-01-09;231;0;986;0;0.2;0.0
66;2021-01-10;11;0;997;0;0.2;0.0
66;2021-01-11;403;2;1400;2;0.3;0.0
66;2021-01-12;585;2;1985;4;0.4;0.0
66;2021-01-13;879;2;2864;6;0.6;0.0
66;2021-01-14;891;11;3755;17;0.8;0.0
66;2021-01-15;584;1;4339;18;0.9;0.0
66;2021-01-16;106;2;4445;20;0.9;0.0
66;2021-01-17;46;1;4491;21;0.9;0.0
66;2021-01-18;654;2;5145;23;1.1;0.0
66;2021-01-19;712;2;5857;25;1.2;0.0
66;2021-01-20;1167;2;7024;27;1.5;0.0
66;2021-01-21;2400;3;9424;30;2.0;0.0
66;2021-01-22;1436;8;10860;38;2.3;0.0
66;2021-01-23;399;3;11259;41;2.4;0.0
66;2021-01-24;226;9;11485;50;2.4;0.0
66;2021-01-25;734;43;12219;93;2.6;0.0
66;2021-01-26;784;68;13003;161;2.7;0.0
66;2021-01-27;864;104;13867;265;2.9;0.1
66;2021-01-28;867;128;14734;393;3.1;0.1
66;2021-01-29;816;126;15550;519;3.2;0.1
66;2021-01-30;480;72;16030;591;3.3;0.1
66;2021-01-31;202;27;16232;618;3.4;0.1
66;2021-02-01;562;192;16794;810;3.5;0.2
66;2021-02-02;618;293;17412;1103;3.6;0.2
66;2021-02-03;735;631;18147;1734;3.8;0.4
66;2021-02-04;688;622;18835;2356;3.9;0.5
66;2021-02-05;775;417;19610;2773;4.1;0.6
66;2021-02-06;410;148;20020;2921;4.2;0.6
66;2021-02-07;169;139;20189;3060;4.2;0.6
66;2021-02-08;499;395;20688;3455;4.3;0.7
66;2021-02-09;529;402;21217;3857;4.4;0.8
66;2021-02-10;611;774;21828;4631;4.6;1.0
66;2021-02-11;1102;1576;22930;6207;4.8;1.3
66;2021-02-12;1119;1203;24049;7410;5.0;1.5
66;2021-02-13;365;307;24414;7717;5.1;1.6
66;2021-02-14;111;199;24525;7916;5.1;1.7
66;2021-02-15;424;701;24949;8617;5.2;1.8
66;2021-02-16;303;792;25252;9409;5.3;2.0
66;2021-02-17;375;703;25627;10112;5.4;2.1
66;2021-02-18;365;781;25992;10893;5.4;2.3
66;2021-02-19;400;705;26392;11598;5.5;2.4
66;2021-02-20;182;415;26574;12013;5.5;2.5
66;2021-02-21;40;174;26614;12187;5.6;2.5
66;2021-02-22;416;646;27030;12833;5.6;2.7
66;2021-02-23;508;662;27538;13495;5.7;2.8
66;2021-02-24;340;753;27878;14248;5.8;3.0
66;2021-02-25;716;715;28594;14963;6.0;3.1
66;2021-02-26;951;747;29545;15710;6.2;3.3
66;2021-02-27;363;433;29908;16143;6.2;3.4
66;2021-02-28;59;173;29967;16316;6.3;3.4
66;2021-03-01;378;655;30345;16971;6.3;3.5
66;2021-03-02;329;655;30674;17626;6.4;3.7
66;2021-03-03;521;641;31195;18267;6.5;3.8
66;2021-03-04;985;1055;32180;19322;6.7;4.0
66;2021-03-05;1525;791;33705;20113;7.0;4.2
66;2021-03-06;1141;342;34846;20455;7.3;4.3
66;2021-03-07;1090;95;35936;20550;7.5;4.3
66;2021-03-08;689;545;36625;21095;7.6;4.4
66;2021-03-09;1220;593;37845;21688;7.9;4.5
66;2021-03-10;1300;497;39145;22185;8.2;4.6
66;2021-03-11;1471;595;40616;22780;8.5;4.8
66;2021-03-12;2392;580;43008;23360;9.0;4.9
66;2021-03-13;1080;304;44088;23664;9.2;4.9
66;2021-03-14;190;85;44278;23749;9.2;5.0
66;2021-03-15;1107;393;45385;24142;9.5;5.0
66;2021-03-16;950;259;46335;24401;9.7;5.1
66;2021-03-17;866;393;47201;24794;9.9;5.2
66;2021-03-18;967;343;48168;25137;10.1;5.2
66;2021-03-19;1290;315;49458;25452;10.3;5.3
66;2021-03-20;835;122;50293;25574;10.5;5.3
66;2021-03-21;185;44;50478;25618;10.5;5.3
66;2021-03-22;1103;395;51581;26013;10.8;5.4
66;2021-03-23;1753;388;53334;26401;11.1;5.5
66;2021-03-24;1786;510;55120;26911;11.5;5.6
66;2021-03-25;2527;463;57647;27374;12.0;5.7
66;2021-03-26;2575;356;60222;27730;12.6;5.8
66;2021-03-27;1206;291;61428;28021;12.8;5.8
66;2021-03-28;320;3;61748;28024;12.9;5.9
66;2021-03-29;1824;255;63572;28279;13.3;5.9
66;2021-03-30;2233;168;65805;28447;13.7;5.9
66;2021-03-31;1984;249;67789;28696;14.2;6.0
66;2021-04-01;2667;303;70456;28999;14.7;6.1
66;2021-04-02;2415;249;72871;29248;15.2;6.1
66;2021-04-03;1148;333;74019;29581;15.5;6.2
66;2021-04-04;105;127;74124;29708;15.5;6.2
66;2021-04-05;192;142;74316;29850;15.5;6.2
66;2021-04-06;1327;652;75643;30502;15.8;6.4
66;2021-04-07;1394;592;77037;31094;16.1;6.5
66;2021-04-08;2066;544;79103;31638;16.5;6.6
66;2021-04-09;3470;650;82573;32288;17.2;6.7
66;2021-04-10;2305;515;84878;32803;17.7;6.8
66;2021-04-11;1197;167;86075;32970;18.0;6.9
66;2021-04-12;2697;1020;88772;33990;18.5;7.1
66;2021-04-13;3606;1055;92378;35045;19.3;7.3
66;2021-04-14;3284;916;95662;35961;20.0;7.5
66;2021-04-15;3545;1044;99207;37005;20.7;7.7
66;2021-04-16;3589;1027;102796;38032;21.5;7.9
66;2021-04-17;2259;586;105055;38618;21.9;8.1
66;2021-04-18;1445;130;106500;38748;22.2;8.1
66;2021-04-19;2256;1119;108756;39867;22.7;8.3
66;2021-04-20;2367;1079;111123;40946;23.2;8.5
66;2021-04-21;2865;1181;113988;42127;23.8;8.8
66;2021-04-22;2649;1227;116637;43354;24.4;9.1
66;2021-04-23;2374;1228;119011;44582;24.8;9.3
66;2021-04-24;2741;871;121752;45453;25.4;9.5
66;2021-04-25;1206;267;122958;45720;25.7;9.5
66;2021-04-26;1995;1251;124953;46971;26.1;9.8
66;2021-04-27;2746;1296;127699;48267;26.7;10.1
66;2021-04-28;2415;1661;130114;49928;27.2;10.4
66;2021-04-29;2692;2121;132806;52049;27.7;10.9
66;2021-04-30;3056;1557;135862;53606;28.4;11.2
66;2021-05-01;1998;467;137860;54073;28.8;11.3
66;2021-05-02;1528;261;139388;54334;29.1;11.3
66;2021-05-03;2936;1105;142324;55439;29.7;11.6
66;2021-05-04;3169;1342;145493;56781;30.4;11.9
66;2021-05-05;3052;1531;148545;58312;31.0;12.2
66;2021-05-06;3758;2072;152303;60384;31.8;12.6
66;2021-05-07;2961;3081;155264;63465;32.4;13.2
66;2021-05-08;1728;1168;156992;64633;32.8;13.5
66;2021-05-09;885;1374;157877;66007;33.0;13.8
66;2021-05-10;1802;2976;159679;68983;33.3;14.4
66;2021-05-11;2739;3122;162418;72105;33.9;15.1
66;2021-05-12;2426;2565;164844;74670;34.4;15.6
66;2021-05-13;2255;1378;167099;76048;34.9;15.9
66;2021-05-14;2771;2116;169870;78164;35.5;16.3
66;2021-05-15;2324;1578;172194;79742;35.9;16.6
66;2021-05-16;2282;1251;174476;80993;36.4;16.9
66;2021-05-17;2045;1819;176521;82812;36.9;17.3
66;2021-05-18;3235;1804;179756;84616;37.5;17.7
66;2021-05-19;2873;1335;182629;85951;38.1;17.9
66;2021-05-20;4376;1437;187005;87388;39.0;18.2
66;2021-05-21;3269;1455;190274;88843;39.7;18.5
66;2021-05-22;3065;764;193339;89607;40.4;18.7
66;2021-05-23;1507;236;194846;89843;40.7;18.8
66;2021-05-24;1951;418;196797;90261;41.1;18.8
66;2021-05-25;2789;1684;199586;91945;41.7;19.2
66;2021-05-26;2780;1489;202366;93434;42.2;19.5
66;2021-05-27;3380;2249;205746;95683;43.0;20.0
66;2021-05-28;2677;3048;208423;98731;43.5;20.6
66;2021-05-29;2144;1518;210567;100249;44.0;20.9
66;2021-05-30;782;988;211349;101237;44.1;21.1
66;2021-05-31;2115;1790;213464;103027;44.6;21.5
66;2021-06-01;2619;1995;216083;105022;45.1;21.9
66;2021-06-02;2801;2327;218884;107349;45.7;22.4
66;2021-06-03;2469;2969;221353;110318;46.2;23.0
66;2021-06-04;1849;3348;223202;113666;46.6;23.7
66;2021-06-05;1404;2599;224606;116265;46.9;24.3
66;2021-06-06;290;1224;224896;117489;47.0;24.5
66;2021-06-07;1330;2956;226226;120445;47.2;25.1
66;2021-06-08;1730;3016;227956;123461;47.6;25.8
66;2021-06-09;2058;2783;230014;126244;48.0;26.4
66;2021-06-10;2061;2949;232075;129193;48.4;27.0
66;2021-06-11;2090;3863;234165;133056;48.9;27.8
66;2021-06-12;864;2409;235029;135465;49.1;28.3
66;2021-06-13;511;1332;235540;136797;49.2;28.6
66;2021-06-14;1356;3492;236896;140289;49.5;29.3
66;2021-06-15;2121;3564;239017;143853;49.9;30.0
66;2021-06-16;1778;3568;240795;147421;50.3;30.8
66;2021-06-17;2422;3597;243217;151018;50.8;31.5
66;2021-06-18;2216;3817;245433;154835;51.2;32.3
66;2021-06-19;1534;2314;246967;157149;51.6;32.8
66;2021-06-20;986;1255;247953;158404;51.8;33.1
66;2021-06-21;1150;2876;249103;161280;52.0;33.7
66;2021-06-22;1496;3764;250599;165044;52.3;34.5
66;2021-06-23;1315;3028;251914;168072;52.6;35.1
66;2021-06-24;1496;3229;253410;171301;52.9;35.8
66;2021-06-25;1386;3534;254796;174835;53.2;36.5
66;2021-06-26;961;2680;255757;177515;53.4;37.1
66;2021-06-27;673;1558;256430;179073;53.5;37.4
66;2021-06-28;976;2977;257406;182050;53.7;38.0
66;2021-06-29;1129;3791;258535;185841;54.0;38.8
66;2021-06-30;1252;3292;259787;189133;54.2;39.5
66;2021-07-01;1331;4037;261118;193170;54.5;40.3
66;2021-07-02;1286;3603;262404;196773;54.8;41.1
66;2021-07-03;1143;3899;263547;200672;55.0;41.9
66;2021-07-04;707;1784;264254;202456;55.2;42.3
66;2021-07-05;1075;2992;265329;205448;55.4;42.9
66;2021-07-06;1363;3783;266692;209231;55.7;43.7
66;2021-07-07;1372;3247;268064;212478;56.0;44.4
66;2021-07-08;1254;3374;269318;215852;56.2;45.1
66;2021-07-09;1401;3455;270719;219307;56.5;45.8
66;2021-07-10;998;2397;271717;221704;56.7;46.3
66;2021-07-11;536;1536;272253;223240;56.8;46.6
66;2021-07-12;979;3633;273232;226873;57.0;47.4
66;2021-07-13;2103;4252;275335;231125;57.5;48.3
66;2021-07-14;1935;1214;277270;232339;57.9;48.5
66;2021-07-15;2737;3071;280007;235410;58.5;49.1
66;2021-07-16;3241;3112;283248;238522;59.1;49.8
66;2021-07-17;2086;2002;285334;240524;59.6;50.2
66;2021-07-18;1096;1035;286430;241559;59.8;50.4
67;2020-12-27;0;0;0;0;0.0;0.0
67;2020-12-28;0;0;0;0;0.0;0.0
67;2020-12-29;0;0;0;0;0.0;0.0
67;2020-12-30;0;0;0;0;0.0;0.0
67;2020-12-31;0;0;0;0;0.0;0.0
67;2021-01-01;0;0;0;0;0.0;0.0
67;2021-01-02;1;0;1;0;0.0;0.0
67;2021-01-03;0;0;1;0;0.0;0.0
67;2021-01-04;41;0;42;0;0.0;0.0
67;2021-01-05;165;0;207;0;0.0;0.0
67;2021-01-06;122;0;329;0;0.0;0.0
67;2021-01-07;235;0;564;0;0.0;0.0
67;2021-01-08;231;1;795;1;0.1;0.0
67;2021-01-09;113;1;908;2;0.1;0.0
67;2021-01-10;65;0;973;2;0.1;0.0
67;2021-01-11;182;1;1155;3;0.1;0.0
67;2021-01-12;511;1;1666;4;0.1;0.0
67;2021-01-13;649;1;2315;5;0.2;0.0
67;2021-01-14;1072;7;3387;12;0.3;0.0
67;2021-01-15;933;8;4320;20;0.4;0.0
67;2021-01-16;196;3;4516;23;0.4;0.0
67;2021-01-17;98;0;4614;23;0.4;0.0
67;2021-01-18;890;2;5504;25;0.5;0.0
67;2021-01-19;1419;2;6923;27;0.6;0.0
67;2021-01-20;1844;11;8767;38;0.8;0.0
67;2021-01-21;2195;8;10962;46;1.0;0.0
67;2021-01-22;1987;5;12949;51;1.1;0.0
67;2021-01-23;810;2;13759;53;1.2;0.0
67;2021-01-24;379;1;14138;54;1.2;0.0
67;2021-01-25;525;31;14663;85;1.3;0.0
67;2021-01-26;157;108;14820;193;1.3;0.0
67;2021-01-27;1390;91;16210;284;1.4;0.0
67;2021-01-28;3042;218;19252;502;1.7;0.0
67;2021-01-29;2022;150;21274;652;1.9;0.1
67;2021-01-30;1093;84;22367;736;2.0;0.1
67;2021-01-31;1159;29;23526;765;2.1;0.1
67;2021-02-01;3389;243;26915;1008;2.4;0.1
67;2021-02-02;2684;426;29599;1434;2.6;0.1
67;2021-02-03;1567;405;31166;1839;2.8;0.2
67;2021-02-04;1191;766;32357;2605;2.9;0.2
67;2021-02-05;1192;645;33549;3250;3.0;0.3
67;2021-02-06;784;147;34333;3397;3.0;0.3
67;2021-02-07;289;44;34622;3441;3.1;0.3
67;2021-02-08;834;450;35456;3891;3.1;0.3
67;2021-02-09;955;742;36411;4633;3.2;0.4
67;2021-02-10;926;793;37337;5426;3.3;0.5
67;2021-02-11;1148;1130;38485;6556;3.4;0.6
67;2021-02-12;1242;778;39727;7334;3.5;0.6
67;2021-02-13;765;280;40492;7614;3.6;0.7
67;2021-02-14;243;95;40735;7709;3.6;0.7
67;2021-02-15;778;840;41513;8549;3.7;0.8
67;2021-02-16;924;1150;42437;9699;3.7;0.9
67;2021-02-17;780;1204;43217;10903;3.8;1.0
67;2021-02-18;1396;2577;44613;13480;3.9;1.2
67;2021-02-19;1368;2146;45981;15626;4.1;1.4
67;2021-02-20;621;916;46602;16542;4.1;1.5
67;2021-02-21;208;1198;46810;17740;4.1;1.6
67;2021-02-22;1401;2204;48211;19944;4.3;1.8
67;2021-02-23;1453;1594;49664;21538;4.4;1.9
67;2021-02-24;1429;1079;51093;22617;4.5;2.0
67;2021-02-25;1612;1502;52705;24119;4.7;2.1
67;2021-02-26;2216;1419;54921;25538;4.8;2.3
67;2021-02-27;1252;784;56173;26322;5.0;2.3
67;2021-02-28;145;363;56318;26685;5.0;2.4
67;2021-03-01;635;1015;56953;27700;5.0;2.4
67;2021-03-02;887;1207;57840;28907;5.1;2.6
67;2021-03-03;1408;1288;59248;30195;5.2;2.7
67;2021-03-04;1954;1055;61202;31250;5.4;2.8
67;2021-03-05;3246;1115;64448;32365;5.7;2.9
67;2021-03-06;2329;769;66777;33134;5.9;2.9
67;2021-03-07;465;281;67242;33415;5.9;3.0
67;2021-03-08;1180;801;68422;34216;6.0;3.0
67;2021-03-09;2208;899;70630;35115;6.2;3.1
67;2021-03-10;2435;1186;73065;36301;6.5;3.2
67;2021-03-11;3199;1334;76264;37635;6.7;3.3
67;2021-03-12;5236;1343;81500;38978;7.2;3.4
67;2021-03-13;3994;877;85494;39855;7.5;3.5
67;2021-03-14;483;387;85977;40242;7.6;3.6
67;2021-03-15;2187;1149;88164;41391;7.8;3.7
67;2021-03-16;1539;1234;89703;42625;7.9;3.8
67;2021-03-17;2054;925;91757;43550;8.1;3.8
67;2021-03-18;2380;724;94137;44274;8.3;3.9
67;2021-03-19;3662;745;97799;45019;8.6;4.0
67;2021-03-20;3066;499;100865;45518;8.9;4.0
67;2021-03-21;327;13;101192;45531;8.9;4.0
67;2021-03-22;2325;765;103517;46296;9.1;4.1
67;2021-03-23;3387;756;106904;47052;9.4;4.2
67;2021-03-24;3894;798;110798;47850;9.8;4.2
67;2021-03-25;5306;516;116104;48366;10.3;4.3
67;2021-03-26;6860;450;122964;48816;10.9;4.3
67;2021-03-27;3915;319;126879;49135;11.2;4.3
67;2021-03-28;576;95;127455;49230;11.3;4.3
67;2021-03-29;3806;422;131261;49652;11.6;4.4
67;2021-03-30;4823;659;136084;50311;12.0;4.4
67;2021-03-31;4835;676;140919;50987;12.4;4.5
67;2021-04-01;5122;896;146041;51883;12.9;4.6
67;2021-04-02;997;165;147038;52048;13.0;4.6
67;2021-04-03;1688;284;148726;52332;13.1;4.6
67;2021-04-04;326;5;149052;52337;13.2;4.6
67;2021-04-05;362;2;149414;52339;13.2;4.6
67;2021-04-06;3468;1162;152882;53501;13.5;4.7
67;2021-04-07;4524;1254;157406;54755;13.9;4.8
67;2021-04-08;5642;1380;163048;56135;14.4;5.0
67;2021-04-09;7095;1282;170143;57417;15.0;5.1
67;2021-04-10;4321;867;174464;58284;15.4;5.1
67;2021-04-11;853;423;175317;58707;15.5;5.2
67;2021-04-12;3874;1392;179191;60099;15.8;5.3
67;2021-04-13;4887;1558;184078;61657;16.3;5.4
67;2021-04-14;5227;1875;189305;63532;16.7;5.6
67;2021-04-15;6061;2078;195366;65610;17.2;5.8
67;2021-04-16;7820;2377;203186;67987;17.9;6.0
67;2021-04-17;3999;1564;207185;69551;18.3;6.1
67;2021-04-18;1112;638;208297;70189;18.4;6.2
67;2021-04-19;3619;2130;211916;72319;18.7;6.4
67;2021-04-20;4253;1907;216169;74226;19.1;6.6
67;2021-04-21;4060;2484;220229;76710;19.4;6.8
67;2021-04-22;4472;2895;224701;79605;19.8;7.0
67;2021-04-23;5228;2938;229929;82543;20.3;7.3
67;2021-04-24;3096;2000;233025;84543;20.6;7.5
67;2021-04-25;1025;445;234050;84988;20.7;7.5
67;2021-04-26;3182;2607;237232;87595;20.9;7.7
67;2021-04-27;4017;2917;241249;90512;21.3;8.0
67;2021-04-28;4241;3350;245490;93862;21.7;8.3
67;2021-04-29;5107;3496;250597;97358;22.1;8.6
67;2021-04-30;7167;2443;257764;99801;22.8;8.8
67;2021-05-01;2678;780;260442;100581;23.0;8.9
67;2021-05-02;2181;666;262623;101247;23.2;8.9
67;2021-05-03;5551;2610;268174;103857;23.7;9.2
67;2021-05-04;5844;3597;274018;107454;24.2;9.5
67;2021-05-05;5201;4184;279219;111638;24.7;9.9
67;2021-05-06;6701;4894;285920;116532;25.2;10.3
67;2021-05-07;6418;6899;292338;123431;25.8;10.9
67;2021-05-08;3550;1014;295888;124445;26.1;11.0
67;2021-05-09;3363;592;299251;125037;26.4;11.0
67;2021-05-10;4686;4524;303937;129561;26.8;11.4
67;2021-05-11;5644;4919;309581;134480;27.3;11.9
67;2021-05-12;6583;4810;316164;139290;27.9;12.3
67;2021-05-13;7299;1691;323463;140981;28.6;12.4
67;2021-05-14;8875;5356;332338;146337;29.3;12.9
67;2021-05-15;8184;3642;340522;149979;30.1;13.2
67;2021-05-16;6170;970;346692;150949;30.6;13.3
67;2021-05-17;5685;3905;352377;154854;31.1;13.7
67;2021-05-18;6893;3970;359270;158824;31.7;14.0
67;2021-05-19;7371;4143;366641;162967;32.4;14.4
67;2021-05-20;8681;4207;375322;167174;33.1;14.8
67;2021-05-21;8151;5841;383473;173015;33.9;15.3
67;2021-05-22;5931;3412;389404;176427;34.4;15.6
67;2021-05-23;2648;592;392052;177019;34.6;15.6
67;2021-05-24;4416;858;396468;177877;35.0;15.7
67;2021-05-25;5406;4756;401874;182633;35.5;16.1
67;2021-05-26;6050;4867;407924;187500;36.0;16.6
67;2021-05-27;7304;4889;415228;192389;36.7;17.0
67;2021-05-28;7956;6480;423184;198869;37.4;17.6
67;2021-05-29;6639;3857;429823;202726;37.9;17.9
67;2021-05-30;1145;808;430968;203534;38.1;18.0
67;2021-05-31;6398;4050;437366;207584;38.6;18.3
67;2021-06-01;7314;4383;444680;211967;39.3;18.7
67;2021-06-02;8018;4152;452698;216119;40.0;19.1
67;2021-06-03;8810;4853;461508;220972;40.7;19.5
67;2021-06-04;8575;6108;470083;227080;41.5;20.0
67;2021-06-05;6547;3982;476630;231062;42.1;20.4
67;2021-06-06;3471;872;480101;231934;42.4;20.5
67;2021-06-07;7402;4250;487503;236184;43.0;20.9
67;2021-06-08;8582;4905;496085;241089;43.8;21.3
67;2021-06-09;9227;4775;505312;245864;44.6;21.7
67;2021-06-10;9728;4997;515040;250861;45.5;22.1
67;2021-06-11;8034;8324;523074;259185;46.2;22.9
67;2021-06-12;6741;5180;529815;264365;46.8;23.3
67;2021-06-13;3077;1039;532892;265404;47.1;23.4
67;2021-06-14;5467;6461;538359;271865;47.5;24.0
67;2021-06-15;6666;6743;545025;278608;48.1;24.6
67;2021-06-16;6904;6694;551929;285302;48.7;25.2
67;2021-06-17;7220;9041;559149;294343;49.4;26.0
67;2021-06-18;7551;8495;566700;302838;50.0;26.7
67;2021-06-19;6348;5955;573048;308793;50.6;27.3
67;2021-06-20;1438;1409;574486;310202;50.7;27.4
67;2021-06-21;4232;6772;578718;316974;51.1;28.0
67;2021-06-22;4201;9091;582919;326065;51.5;28.8
67;2021-06-23;5227;8176;588146;334241;51.9;29.5
67;2021-06-24;4494;9086;592640;343327;52.3;30.3
67;2021-06-25;5286;9945;597926;353272;52.8;31.2
67;2021-06-26;3423;9108;601349;362380;53.1;32.0
67;2021-06-27;1004;3520;602353;365900;53.2;32.3
67;2021-06-28;2832;8743;605185;374643;53.4;33.1
67;2021-06-29;2858;8595;608043;383238;53.7;33.8
67;2021-06-30;3329;8735;611372;391973;54.0;34.6
67;2021-07-01;3540;8412;614912;400385;54.3;35.4
67;2021-07-02;3709;10929;618621;411314;54.6;36.3
67;2021-07-03;2931;7743;621552;419057;54.9;37.0
67;2021-07-04;752;1866;622304;420923;54.9;37.2
67;2021-07-05;2588;8250;624892;429173;55.2;37.9
67;2021-07-06;3010;8431;627902;437604;55.4;38.6
67;2021-07-07;3835;8721;631737;446325;55.8;39.4
67;2021-07-08;4147;7772;635884;454097;56.1;40.1
67;2021-07-09;3732;11349;639616;465446;56.5;41.1
67;2021-07-10;2826;8201;642442;473647;56.7;41.8
67;2021-07-11;920;1987;643362;475634;56.8;42.0
67;2021-07-12;2414;9707;645776;485341;57.0;42.9
67;2021-07-13;4044;9849;649820;495190;57.4;43.7
67;2021-07-14;3470;4374;653290;499564;57.7;44.1
67;2021-07-15;5071;12196;658361;511760;58.1;45.2
67;2021-07-16;4779;12247;663140;524007;58.5;46.3
67;2021-07-17;3694;8806;666834;532813;58.9;47.0
67;2021-07-18;1431;2525;668265;535338;59.0;47.3
68;2020-12-27;0;0;0;0;0.0;0.0
68;2020-12-28;0;0;0;0;0.0;0.0
68;2020-12-29;0;0;0;0;0.0;0.0
68;2020-12-30;0;0;0;0;0.0;0.0
68;2020-12-31;0;0;0;0;0.0;0.0
68;2021-01-01;0;0;0;0;0.0;0.0
68;2021-01-02;0;0;0;0;0.0;0.0
68;2021-01-03;0;0;0;0;0.0;0.0
68;2021-01-04;1;0;1;0;0.0;0.0
68;2021-01-05;11;0;12;0;0.0;0.0
68;2021-01-06;244;2;256;2;0.0;0.0
68;2021-01-07;75;0;331;2;0.0;0.0
68;2021-01-08;118;1;449;3;0.1;0.0
68;2021-01-09;20;0;469;3;0.1;0.0
68;2021-01-10;0;0;469;3;0.1;0.0
68;2021-01-11;82;0;551;3;0.1;0.0
68;2021-01-12;386;1;937;4;0.1;0.0
68;2021-01-13;703;1;1640;5;0.2;0.0
68;2021-01-14;372;3;2012;8;0.3;0.0
68;2021-01-15;204;1;2216;9;0.3;0.0
68;2021-01-16;0;0;2216;9;0.3;0.0
68;2021-01-17;0;0;2216;9;0.3;0.0
68;2021-01-18;379;5;2595;14;0.3;0.0
68;2021-01-19;559;4;3154;18;0.4;0.0
68;2021-01-20;705;9;3859;27;0.5;0.0
68;2021-01-21;1379;12;5238;39;0.7;0.0
68;2021-01-22;1498;12;6736;51;0.9;0.0
68;2021-01-23;215;4;6951;55;0.9;0.0
68;2021-01-24;697;0;7648;55;1.0;0.0
68;2021-01-25;1386;46;9034;101;1.2;0.0
68;2021-01-26;1551;80;10585;181;1.4;0.0
68;2021-01-27;2730;139;13315;320;1.7;0.0
68;2021-01-28;2344;56;15659;376;2.1;0.0
68;2021-01-29;1502;115;17161;491;2.2;0.1
68;2021-01-30;164;2;17325;493;2.3;0.1
68;2021-01-31;0;0;17325;493;2.3;0.1
68;2021-02-01;736;103;18061;596;2.4;0.1
68;2021-02-02;867;304;18928;900;2.5;0.1
68;2021-02-03;997;619;19925;1519;2.6;0.2
68;2021-02-04;1000;325;20925;1844;2.7;0.2
68;2021-02-05;945;237;21870;2081;2.9;0.3
68;2021-02-06;137;1;22007;2082;2.9;0.3
68;2021-02-07;1;16;22008;2098;2.9;0.3
68;2021-02-08;894;20;22902;2118;3.0;0.3
68;2021-02-09;1357;44;24259;2162;3.2;0.3
68;2021-02-10;1451;59;25710;2221;3.4;0.3
68;2021-02-11;1488;466;27198;2687;3.6;0.4
68;2021-02-12;1546;448;28744;3135;3.8;0.4
68;2021-02-13;132;0;28876;3135;3.8;0.4
68;2021-02-14;57;231;28933;3366;3.8;0.4
68;2021-02-15;662;1086;29595;4452;3.9;0.6
68;2021-02-16;861;1370;30456;5822;4.0;0.8
68;2021-02-17;1281;2132;31737;7954;4.2;1.0
68;2021-02-18;1631;2040;33368;9994;4.4;1.3
68;2021-02-19;984;1363;34352;11357;4.5;1.5
68;2021-02-20;93;125;34445;11482;4.5;1.5
68;2021-02-21;1;40;34446;11522;4.5;1.5
68;2021-02-22;446;798;34892;12320;4.6;1.6
68;2021-02-23;639;1060;35531;13380;4.7;1.8
68;2021-02-24;851;1156;36382;14536;4.8;1.9
68;2021-02-25;1210;1242;37592;15778;4.9;2.1
68;2021-02-26;1200;986;38792;16764;5.1;2.2
68;2021-02-27;545;173;39337;16937;5.2;2.2
68;2021-02-28;10;1;39347;16938;5.2;2.2
68;2021-03-01;937;763;40284;17701;5.3;2.3
68;2021-03-02;1213;918;41497;18619;5.4;2.4
68;2021-03-03;1589;965;43086;19584;5.6;2.6
68;2021-03-04;1988;1033;45074;20617;5.9;2.7
68;2021-03-05;2353;1039;47427;21656;6.2;2.8
68;2021-03-06;2282;233;49709;21889;6.5;2.9
68;2021-03-07;838;102;50547;21991;6.6;2.9
68;2021-03-08;1472;964;52019;22955;6.8;3.0
68;2021-03-09;1692;1333;53711;24288;7.0;3.2
68;2021-03-10;1958;1808;55669;26096;7.3;3.4
68;2021-03-11;2633;1917;58302;28013;7.6;3.7
68;2021-03-12;2624;1411;60926;29424;8.0;3.9
68;2021-03-13;3330;227;64256;29651;8.4;3.9
68;2021-03-14;1541;57;65797;29708;8.6;3.9
68;2021-03-15;1790;614;67587;30322;8.9;4.0
68;2021-03-16;1998;596;69585;30918;9.1;4.1
68;2021-03-17;1952;716;71537;31634;9.4;4.1
68;2021-03-18;2219;943;73756;32577;9.7;4.3
68;2021-03-19;3083;733;76839;33310;10.1;4.4
68;2021-03-20;973;121;77812;33431;10.2;4.4
68;2021-03-21;67;1;77879;33432;10.2;4.4
68;2021-03-22;1964;584;79843;34016;10.5;4.5
68;2021-03-23;2851;608;82694;34624;10.8;4.5
68;2021-03-24;3171;805;85865;35429;11.3;4.6
68;2021-03-25;3499;780;89364;36209;11.7;4.7
68;2021-03-26;3891;703;93255;36912;12.2;4.8
68;2021-03-27;1093;159;94348;37071;12.4;4.9
68;2021-03-28;55;3;94403;37074;12.4;4.9
68;2021-03-29;2263;1377;96666;38451;12.7;5.0
68;2021-03-30;2931;1297;99597;39748;13.0;5.2
68;2021-03-31;2638;1362;102235;41110;13.4;5.4
68;2021-04-01;2744;1542;104979;42652;13.8;5.6
68;2021-04-02;245;87;105224;42739;13.8;5.6
68;2021-04-03;239;123;105463;42862;13.8;5.6
68;2021-04-04;4;0;105467;42862;13.8;5.6
68;2021-04-05;47;2;105514;42864;13.8;5.6
68;2021-04-06;1794;1322;107308;44186;14.1;5.8
68;2021-04-07;2583;1529;109891;45715;14.4;6.0
68;2021-04-08;3228;1506;113119;47221;14.8;6.2
68;2021-04-09;4196;1519;117315;48740;15.4;6.4
68;2021-04-10;1199;1973;118514;50713;15.5;6.6
68;2021-04-11;125;1316;118639;52029;15.5;6.8
68;2021-04-12;2664;1637;121303;53666;15.9;7.0
68;2021-04-13;2758;2109;124061;55775;16.3;7.3
68;2021-04-14;3599;2260;127660;58035;16.7;7.6
68;2021-04-15;4036;2140;131696;60175;17.3;7.9
68;2021-04-16;3932;2068;135628;62243;17.8;8.2
68;2021-04-17;1065;435;136693;62678;17.9;8.2
68;2021-04-18;85;9;136778;62687;17.9;8.2
68;2021-04-19;2357;1834;139135;64521;18.2;8.5
68;2021-04-20;2437;2322;141572;66843;18.5;8.8
68;2021-04-21;2823;2480;144395;69323;18.9;9.1
68;2021-04-22;3284;1974;147679;71297;19.3;9.3
68;2021-04-23;3408;2074;151087;73371;19.8;9.6
68;2021-04-24;839;484;151926;73855;19.9;9.7
68;2021-04-25;213;20;152139;73875;19.9;9.7
68;2021-04-26;2328;2106;154467;75981;20.2;10.0
68;2021-04-27;2600;2209;157067;78190;20.6;10.2
68;2021-04-28;3571;1769;160638;79959;21.0;10.5
68;2021-04-29;4164;1742;164802;81701;21.6;10.7
68;2021-04-30;4832;1359;169634;83060;22.2;10.9
68;2021-05-01;936;118;170570;83178;22.3;10.9
68;2021-05-02;730;70;171300;83248;22.4;10.9
68;2021-05-03;3615;1812;174915;85060;22.9;11.1
68;2021-05-04;3932;2365;178847;87425;23.4;11.5
68;2021-05-05;3628;3235;182475;90660;23.9;11.9
68;2021-05-06;4802;2867;187277;93527;24.5;12.3
68;2021-05-07;4518;2909;191795;96436;25.1;12.6
68;2021-05-08;1660;209;193455;96645;25.3;12.7
68;2021-05-09;1074;105;194529;96750;25.5;12.7
68;2021-05-10;3158;3716;197687;100466;25.9;13.2
68;2021-05-11;4713;3609;202400;104075;26.5;13.6
68;2021-05-12;5775;3287;208175;107362;27.3;14.1
68;2021-05-13;4762;841;212937;108203;27.9;14.2
68;2021-05-14;5955;2127;218892;110330;28.7;14.5
68;2021-05-15;3553;908;222445;111238;29.1;14.6
68;2021-05-16;668;119;223113;111357;29.2;14.6
68;2021-05-17;4449;2495;227562;113852;29.8;14.9
68;2021-05-18;6137;2305;233699;116157;30.6;15.2
68;2021-05-19;5865;2884;239564;119041;31.4;15.6
68;2021-05-20;5927;2416;245491;121457;32.2;15.9
68;2021-05-21;5774;2867;251265;124324;32.9;16.3
68;2021-05-22;2575;923;253840;125247;33.3;16.4
68;2021-05-23;13;16;253853;125263;33.3;16.4
68;2021-05-24;2307;969;256160;126232;33.6;16.5
68;2021-05-25;4342;3424;260502;129656;34.1;17.0
68;2021-05-26;4876;3376;265378;133032;34.8;17.4
68;2021-05-27;5402;3394;270780;136426;35.5;17.9
68;2021-05-28;5618;3696;276398;140122;36.2;18.4
68;2021-05-29;1536;1175;277934;141297;36.4;18.5
68;2021-05-30;41;46;277975;141343;36.4;18.5
68;2021-05-31;5159;2362;283134;143705;37.1;18.8
68;2021-06-01;5966;2789;289100;146494;37.9;19.2
68;2021-06-02;4886;3000;293986;149494;38.5;19.6
68;2021-06-03;5937;3095;299923;152589;39.3;20.0
68;2021-06-04;4884;3299;304807;155888;39.9;20.4
68;2021-06-05;777;1171;305584;157059;40.0;20.6
68;2021-06-06;66;115;305650;157174;40.0;20.6
68;2021-06-07;4751;3032;310401;160206;40.7;21.0
68;2021-06-08;4924;3549;315325;163755;41.3;21.5
68;2021-06-09;4975;3436;320300;167191;42.0;21.9
68;2021-06-10;5186;3119;325486;170310;42.6;22.3
68;2021-06-11;5034;4139;330520;174449;43.3;22.9
68;2021-06-12;3025;1763;333545;176212;43.7;23.1
68;2021-06-13;514;681;334059;176893;43.8;23.2
68;2021-06-14;2507;4389;336566;181282;44.1;23.8
68;2021-06-15;3100;4733;339666;186015;44.5;24.4
68;2021-06-16;3379;4427;343045;190442;44.9;25.0
68;2021-06-17;2346;4454;345391;194896;45.3;25.5
68;2021-06-18;3341;5183;348732;200079;45.7;26.2
68;2021-06-19;2245;2180;350977;202259;46.0;26.5
68;2021-06-20;255;893;351232;203152;46.0;26.6
68;2021-06-21;2048;5159;353280;208311;46.3;27.3
68;2021-06-22;1891;5177;355171;213488;46.5;28.0
68;2021-06-23;2308;5753;357479;219241;46.8;28.7
68;2021-06-24;2131;4893;359610;224134;47.1;29.4
68;2021-06-25;2272;6660;361882;230794;47.4;30.2
68;2021-06-26;1292;2604;363174;233398;47.6;30.6
68;2021-06-27;150;880;363324;234278;47.6;30.7
68;2021-06-28;1595;6452;364919;240730;47.8;31.5
68;2021-06-29;1521;6639;366440;247369;48.0;32.4
68;2021-06-30;1776;6550;368216;253919;48.2;33.3
68;2021-07-01;2062;5346;370278;259265;48.5;34.0
68;2021-07-02;2082;6485;372360;265750;48.8;34.8
68;2021-07-03;970;1929;373330;267679;48.9;35.1
68;2021-07-04;239;198;373569;267877;48.9;35.1
68;2021-07-05;1450;5520;375019;273397;49.1;35.8
68;2021-07-06;1988;5884;377007;279281;49.4;36.6
68;2021-07-07;2441;4972;379448;284253;49.7;37.2
68;2021-07-08;2427;4739;381875;288992;50.0;37.9
68;2021-07-09;2085;7353;383960;296345;50.3;38.8
68;2021-07-10;1020;2002;384980;298347;50.4;39.1
68;2021-07-11;143;156;385123;298503;50.5;39.1
68;2021-07-12;1635;6777;386758;305280;50.7;40.0
68;2021-07-13;2896;6537;389654;311817;51.1;40.9
68;2021-07-14;1837;971;391491;312788;51.3;41.0
68;2021-07-15;3171;6641;394662;319429;51.7;41.9
68;2021-07-16;3732;6736;398394;326165;52.2;42.7
68;2021-07-17;3246;2257;401640;328422;52.6;43.0
68;2021-07-18;1050;220;402690;328642;52.8;43.1
69;2020-12-27;0;0;0;0;0.0;0.0
69;2020-12-28;6;0;6;0;0.0;0.0
69;2020-12-29;5;0;11;0;0.0;0.0
69;2020-12-30;6;0;17;0;0.0;0.0
69;2020-12-31;10;0;27;0;0.0;0.0
69;2021-01-01;1;0;28;0;0.0;0.0
69;2021-01-02;1;0;29;0;0.0;0.0
69;2021-01-03;0;0;29;0;0.0;0.0
69;2021-01-04;10;0;39;0;0.0;0.0
69;2021-01-05;215;0;254;0;0.0;0.0
69;2021-01-06;505;0;759;0;0.0;0.0
69;2021-01-07;803;1;1562;1;0.1;0.0
69;2021-01-08;821;0;2383;1;0.1;0.0
69;2021-01-09;36;0;2419;1;0.1;0.0
69;2021-01-10;1;0;2420;1;0.1;0.0
69;2021-01-11;1133;2;3553;3;0.2;0.0
69;2021-01-12;1388;6;4941;9;0.3;0.0
69;2021-01-13;1386;3;6327;12;0.3;0.0
69;2021-01-14;2255;22;8582;34;0.5;0.0
69;2021-01-15;1824;9;10406;43;0.6;0.0
69;2021-01-16;924;3;11330;46;0.6;0.0
69;2021-01-17;258;2;11588;48;0.6;0.0
69;2021-01-18;1686;16;13274;64;0.7;0.0
69;2021-01-19;3497;65;16771;129;0.9;0.0
69;2021-01-20;4394;26;21165;155;1.1;0.0
69;2021-01-21;3978;19;25143;174;1.3;0.0
69;2021-01-22;3134;18;28277;192;1.5;0.0
69;2021-01-23;1277;0;29554;192;1.6;0.0
69;2021-01-24;99;1;29653;193;1.6;0.0
69;2021-01-25;2227;36;31880;229;1.7;0.0
69;2021-01-26;2558;83;34438;312;1.8;0.0
69;2021-01-27;2348;179;36786;491;2.0;0.0
69;2021-01-28;2228;373;39014;864;2.1;0.0
69;2021-01-29;2107;283;41121;1147;2.2;0.1
69;2021-01-30;888;2;42009;1149;2.2;0.1
69;2021-01-31;63;0;42072;1149;2.2;0.1
69;2021-02-01;1113;401;43185;1550;2.3;0.1
69;2021-02-02;1548;411;44733;1961;2.4;0.1
69;2021-02-03;1436;533;46169;2494;2.5;0.1
69;2021-02-04;1779;944;47948;3438;2.6;0.2
69;2021-02-05;816;807;48764;4245;2.6;0.2
69;2021-02-06;363;53;49127;4298;2.6;0.2
69;2021-02-07;0;0;49127;4298;2.6;0.2
69;2021-02-08;1131;1075;50258;5373;2.7;0.3
69;2021-02-09;2046;2101;52304;7474;2.8;0.4
69;2021-02-10;1842;2645;54146;10119;2.9;0.5
69;2021-02-11;1858;3290;56004;13409;3.0;0.7
69;2021-02-12;1894;2109;57898;15518;3.1;0.8
69;2021-02-13;460;807;58358;16325;3.1;0.9
69;2021-02-14;88;39;58446;16364;3.1;0.9
69;2021-02-15;1014;1773;59460;18137;3.2;1.0
69;2021-02-16;985;2447;60445;20584;3.2;1.1
69;2021-02-17;1028;2391;61473;22975;3.3;1.2
69;2021-02-18;965;2337;62438;25312;3.3;1.3
69;2021-02-19;894;1893;63332;27205;3.4;1.5
69;2021-02-20;327;912;63659;28117;3.4;1.5
69;2021-02-21;50;68;63709;28185;3.4;1.5
69;2021-02-22;605;2096;64314;30281;3.4;1.6
69;2021-02-23;737;2226;65051;32507;3.5;1.7
69;2021-02-24;970;2250;66021;34757;3.5;1.9
69;2021-02-25;2208;2665;68229;37422;3.6;2.0
69;2021-02-26;2774;1904;71003;39326;3.8;2.1
69;2021-02-27;924;567;71927;39893;3.8;2.1
69;2021-02-28;147;100;72074;39993;3.8;2.1
69;2021-03-01;2152;900;74226;40893;4.0;2.2
69;2021-03-02;3286;1369;77512;42262;4.1;2.3
69;2021-03-03;3654;1191;81166;43453;4.3;2.3
69;2021-03-04;4862;1234;86028;44687;4.6;2.4
69;2021-03-05;5845;1195;91873;45882;4.9;2.4
69;2021-03-06;3403;397;95276;46279;5.1;2.5
69;2021-03-07;636;38;95912;46317;5.1;2.5
69;2021-03-08;2947;1096;98859;47413;5.3;2.5
69;2021-03-09;4604;1204;103463;48617;5.5;2.6
69;2021-03-10;5050;994;108513;49611;5.8;2.6
69;2021-03-11;6584;949;115097;50560;6.1;2.7
69;2021-03-12;8760;1110;123857;51670;6.6;2.8
69;2021-03-13;4917;208;128774;51878;6.9;2.8
69;2021-03-14;2732;107;131506;51985;7.0;2.8
69;2021-03-15;4804;667;136310;52652;7.3;2.8
69;2021-03-16;3808;615;140118;53267;7.5;2.8
69;2021-03-17;3939;840;144057;54107;7.7;2.9
69;2021-03-18;4961;1577;149018;55684;7.9;3.0
69;2021-03-19;6674;1004;155692;56688;8.3;3.0
69;2021-03-20;3580;244;159272;56932;8.5;3.0
69;2021-03-21;1968;82;161240;57014;8.6;3.0
69;2021-03-22;4537;779;165777;57793;8.8;3.1
69;2021-03-23;7348;778;173125;58571;9.2;3.1
69;2021-03-24;6440;935;179565;59506;9.6;3.2
69;2021-03-25;8570;1060;188135;60566;10.0;3.2
69;2021-03-26;8810;1190;196945;61756;10.5;3.3
69;2021-03-27;3148;767;200093;62523;10.7;3.3
69;2021-03-28;2209;163;202302;62686;10.8;3.3
69;2021-03-29;4091;2179;206393;64865;11.0;3.5
69;2021-03-30;7631;2486;214024;67351;11.4;3.6
69;2021-03-31;6341;3142;220365;70493;11.7;3.8
69;2021-04-01;8412;2698;228777;73191;12.2;3.9
69;2021-04-02;8298;3070;237075;76261;12.6;4.1
69;2021-04-03;5419;2143;242494;78404;12.9;4.2
69;2021-04-04;6602;546;249096;78950;13.3;4.2
69;2021-04-05;6182;799;255278;79749;13.6;4.3
69;2021-04-06;5091;3466;260369;83215;13.9;4.4
69;2021-04-07;5152;3876;265521;87091;14.2;4.6
69;2021-04-08;6423;4046;271944;91137;14.5;4.9
69;2021-04-09;9160;3759;281104;94896;15.0;5.1
69;2021-04-10;3049;2491;284153;97387;15.1;5.2
69;2021-04-11;2032;1889;286185;99276;15.3;5.3
69;2021-04-12;5455;3604;291640;102880;15.5;5.5
69;2021-04-13;7061;4098;298701;106978;15.9;5.7
69;2021-04-14;6703;4100;305404;111078;16.3;5.9
69;2021-04-15;7910;4553;313314;115631;16.7;6.2
69;2021-04-16;7850;4475;321164;120106;17.1;6.4
69;2021-04-17;5032;2328;326196;122434;17.4;6.5
69;2021-04-18;1713;1792;327909;124226;17.5;6.6
69;2021-04-19;7005;3758;334914;127984;17.9;6.8
69;2021-04-20;6474;4735;341388;132719;18.2;7.1
69;2021-04-21;5681;4407;347069;137126;18.5;7.3
69;2021-04-22;6415;5409;353484;142535;18.8;7.6
69;2021-04-23;6691;4830;360175;147365;19.2;7.9
69;2021-04-24;3150;2021;363325;149386;19.4;8.0
69;2021-04-25;2112;1542;365437;150928;19.5;8.0
69;2021-04-26;4490;3880;369927;154808;19.7;8.3
69;2021-04-27;6505;5322;376432;160130;20.1;8.5
69;2021-04-28;6267;4841;382699;164971;20.4;8.8
69;2021-04-29;6692;5342;389391;170313;20.8;9.1
69;2021-04-30;6922;6154;396313;176467;21.1;9.4
69;2021-05-01;3294;646;399607;177113;21.3;9.4
69;2021-05-02;1622;5892;401229;183005;21.4;9.8
69;2021-05-03;5839;8241;407068;191246;21.7;10.2
69;2021-05-04;7590;8161;414658;199407;22.1;10.6
69;2021-05-05;11198;5624;425856;205031;22.7;10.9
69;2021-05-06;12472;6248;438328;211279;23.4;11.3
69;2021-05-07;11679;7135;450007;218414;24.0;11.6
69;2021-05-08;4290;1649;454297;220063;24.2;11.7
69;2021-05-09;6633;2681;460930;222744;24.6;11.9
69;2021-05-10;6922;6048;467852;228792;24.9;12.2
69;2021-05-11;9809;7035;477661;235827;25.5;12.6
69;2021-05-12;12451;6805;490112;242632;26.1;12.9
69;2021-05-13;10822;2560;500934;245192;26.7;13.1
69;2021-05-14;12577;5211;513511;250403;27.4;13.3
69;2021-05-15;9137;2599;522648;253002;27.9;13.5
69;2021-05-16;8395;1867;531043;254869;28.3;13.6
69;2021-05-17;11290;5631;542333;260500;28.9;13.9
69;2021-05-18;13203;6368;555536;266868;29.6;14.2
69;2021-05-19;13695;5855;569231;272723;30.3;14.5
69;2021-05-20;11362;6059;580593;278782;30.9;14.9
69;2021-05-21;11010;6563;591603;285345;31.5;15.2
69;2021-05-22;5574;2571;597177;287916;31.8;15.3
69;2021-05-23;4561;1536;601738;289452;32.1;15.4
69;2021-05-24;8427;1860;610165;291312;32.5;15.5
69;2021-05-25;9728;6167;619893;297479;33.0;15.9
69;2021-05-26;10262;6088;630155;303567;33.6;16.2
69;2021-05-27;10421;6755;640576;310322;34.1;16.5
69;2021-05-28;11594;8733;652170;319055;34.8;17.0
69;2021-05-29;7382;6034;659552;325089;35.2;17.3
69;2021-05-30;7383;3167;666935;328256;35.5;17.5
69;2021-05-31;10945;6362;677880;334618;36.1;17.8
69;2021-06-01;12193;7512;690073;342130;36.8;18.2
69;2021-06-02;14714;6687;704787;348817;37.6;18.6
69;2021-06-03;16492;7412;721279;356229;38.4;19.0
69;2021-06-04;14201;8534;735480;364763;39.2;19.4
69;2021-06-05;10002;3414;745482;368177;39.7;19.6
69;2021-06-06;7477;1703;752959;369880;40.1;19.7
69;2021-06-07;12688;7038;765647;376918;40.8;20.1
69;2021-06-08;15882;8239;781529;385157;41.7;20.5
69;2021-06-09;14853;7354;796382;392511;42.4;20.9
69;2021-06-10;15913;7286;812295;399797;43.3;21.3
69;2021-06-11;16324;9681;828619;409478;44.2;21.8
69;2021-06-12;8393;4189;837012;413667;44.6;22.0
69;2021-06-13;5588;2133;842600;415800;44.9;22.2
69;2021-06-14;7956;9088;850556;424888;45.3;22.6
69;2021-06-15;10288;10988;860844;435876;45.9;23.2
69;2021-06-16;10797;12270;871641;448146;46.5;23.9
69;2021-06-17;10878;13211;882519;461357;47.0;24.6
69;2021-06-18;10736;14760;893255;476117;47.6;25.4
69;2021-06-19;6375;8340;899630;484457;48.0;25.8
69;2021-06-20;5132;4762;904762;489219;48.2;26.1
69;2021-06-21;5354;12135;910116;501354;48.5;26.7
69;2021-06-22;5968;13841;916084;515195;48.8;27.5
69;2021-06-23;7208;13047;923292;528242;49.2;28.2
69;2021-06-24;7599;13709;930891;541951;49.6;28.9
69;2021-06-25;6590;16296;937481;558247;50.0;29.8
69;2021-06-26;3471;9082;940952;567329;50.2;30.2
69;2021-06-27;3242;7421;944194;574750;50.3;30.6
69;2021-06-28;3625;14896;947819;589646;50.5;31.4
69;2021-06-29;4583;15652;952402;605298;50.8;32.3
69;2021-06-30;5572;14449;957974;619747;51.1;33.0
69;2021-07-01;6243;11916;964217;631663;51.4;33.7
69;2021-07-02;5471;14102;969688;645765;51.7;34.4
69;2021-07-03;5637;7780;975325;653545;52.0;34.8
69;2021-07-04;3889;5555;979214;659100;52.2;35.1
69;2021-07-05;5355;13012;984569;672112;52.5;35.8
69;2021-07-06;5130;14273;989699;686385;52.8;36.6
69;2021-07-07;6921;13523;996620;699908;53.1;37.3
69;2021-07-08;7330;13405;1003950;713313;53.5;38.0
69;2021-07-09;7065;16431;1011015;729744;53.9;38.9
69;2021-07-10;2726;10316;1013741;740060;54.0;39.4
69;2021-07-11;4245;5830;1017986;745890;54.3;39.8
69;2021-07-12;3539;16965;1021525;762855;54.5;40.7
69;2021-07-13;5847;20703;1027372;783558;54.8;41.8
69;2021-07-14;4685;8471;1032057;792029;55.0;42.2
69;2021-07-15;7242;22554;1039299;814583;55.4;43.4
69;2021-07-16;9349;20069;1048648;834652;55.9;44.5
69;2021-07-17;4815;12187;1053463;846839;56.2;45.1
69;2021-07-18;3377;8885;1056840;855724;56.3;45.6
70;2020-12-27;0;0;0;0;0.0;0.0
70;2020-12-28;0;0;0;0;0.0;0.0
70;2020-12-29;0;0;0;0;0.0;0.0
70;2020-12-30;0;0;0;0;0.0;0.0
70;2020-12-31;0;0;0;0;0.0;0.0
70;2021-01-01;0;0;0;0;0.0;0.0
70;2021-01-02;0;0;0;0;0.0;0.0
70;2021-01-03;0;0;0;0;0.0;0.0
70;2021-01-04;0;0;0;0;0.0;0.0
70;2021-01-05;0;0;0;0;0.0;0.0
70;2021-01-06;24;0;24;0;0.0;0.0
70;2021-01-07;121;0;145;0;0.1;0.0
70;2021-01-08;21;0;166;0;0.1;0.0
70;2021-01-09;0;0;166;0;0.1;0.0
70;2021-01-10;0;0;166;0;0.1;0.0
70;2021-01-11;147;0;313;0;0.1;0.0
70;2021-01-12;194;1;507;1;0.2;0.0
70;2021-01-13;171;1;678;2;0.3;0.0
70;2021-01-14;149;5;827;7;0.4;0.0
70;2021-01-15;153;0;980;7;0.4;0.0
70;2021-01-16;65;0;1045;7;0.4;0.0
70;2021-01-17;0;0;1045;7;0.4;0.0
70;2021-01-18;384;0;1429;7;0.6;0.0
70;2021-01-19;500;2;1929;9;0.8;0.0
70;2021-01-20;494;2;2423;11;1.0;0.0
70;2021-01-21;673;1;3096;12;1.3;0.0
70;2021-01-22;458;3;3554;15;1.5;0.0
70;2021-01-23;261;0;3815;15;1.6;0.0
70;2021-01-24;3;0;3818;15;1.6;0.0
70;2021-01-25;371;1;4189;16;1.8;0.0
70;2021-01-26;335;1;4524;17;1.9;0.0
70;2021-01-27;328;10;4852;27;2.1;0.0
70;2021-01-28;364;36;5216;63;2.2;0.0
70;2021-01-29;329;53;5545;116;2.4;0.0
70;2021-01-30;228;0;5773;116;2.5;0.0
70;2021-01-31;0;0;5773;116;2.5;0.0
70;2021-02-01;260;51;6033;167;2.6;0.1
70;2021-02-02;272;98;6305;265;2.7;0.1
70;2021-02-03;252;61;6557;326;2.8;0.1
70;2021-02-04;264;122;6821;448;2.9;0.2
70;2021-02-05;254;75;7075;523;3.0;0.2
70;2021-02-06;209;37;7284;560;3.1;0.2
70;2021-02-07;0;0;7284;560;3.1;0.2
70;2021-02-08;178;234;7462;794;3.2;0.3
70;2021-02-09;206;231;7668;1025;3.3;0.4
70;2021-02-10;196;302;7864;1327;3.4;0.6
70;2021-02-11;346;326;8210;1653;3.5;0.7
70;2021-02-12;239;492;8449;2145;3.6;0.9
70;2021-02-13;75;211;8524;2356;3.7;1.0
70;2021-02-14;0;29;8524;2385;3.7;1.0
70;2021-02-15;70;340;8594;2725;3.7;1.2
70;2021-02-16;113;363;8707;3088;3.7;1.3
70;2021-02-17;167;304;8874;3392;3.8;1.5
70;2021-02-18;202;255;9076;3647;3.9;1.6
70;2021-02-19;197;202;9273;3849;4.0;1.7
70;2021-02-20;192;70;9465;3919;4.1;1.7
70;2021-02-21;1;0;9466;3919;4.1;1.7
70;2021-02-22;107;236;9573;4155;4.1;1.8
70;2021-02-23;124;259;9697;4414;4.2;1.9
70;2021-02-24;129;232;9826;4646;4.2;2.0
70;2021-02-25;315;256;10141;4902;4.3;2.1
70;2021-02-26;394;146;10535;5048;4.5;2.2
70;2021-02-27;147;202;10682;5250;4.6;2.3
70;2021-02-28;0;0;10682;5250;4.6;2.3
70;2021-03-01;249;239;10931;5489;4.7;2.4
70;2021-03-02;476;276;11407;5765;4.9;2.5
70;2021-03-03;467;252;11874;6017;5.1;2.6
70;2021-03-04;644;271;12518;6288;5.4;2.7
70;2021-03-05;766;255;13284;6543;5.7;2.8
70;2021-03-06;540;115;13824;6658;5.9;2.9
70;2021-03-07;216;23;14040;6681;6.0;2.9
70;2021-03-08;552;218;14592;6899;6.3;3.0
70;2021-03-09;864;184;15456;7083;6.6;3.0
70;2021-03-10;660;177;16116;7260;6.9;3.1
70;2021-03-11;698;243;16814;7503;7.2;3.2
70;2021-03-12;985;162;17799;7665;7.6;3.3
70;2021-03-13;565;112;18364;7777;7.9;3.3
70;2021-03-14;19;0;18383;7777;7.9;3.3
70;2021-03-15;771;104;19154;7881;8.2;3.4
70;2021-03-16;654;89;19808;7970;8.5;3.4
70;2021-03-17;596;174;20404;8144;8.7;3.5
70;2021-03-18;633;139;21037;8283;9.0;3.6
70;2021-03-19;1017;135;22054;8418;9.5;3.6
70;2021-03-20;640;182;22694;8600;9.7;3.7
70;2021-03-21;2;0;22696;8600;9.7;3.7
70;2021-03-22;752;96;23448;8696;10.1;3.7
70;2021-03-23;1305;149;24753;8845;10.6;3.8
70;2021-03-24;1248;95;26001;8940;11.1;3.8
70;2021-03-25;1243;184;27244;9124;11.7;3.9
70;2021-03-26;1487;291;28731;9415;12.3;4.0
70;2021-03-27;956;121;29687;9536;12.7;4.1
70;2021-03-28;0;10;29687;9546;12.7;4.1
70;2021-03-29;718;408;30405;9954;13.0;4.3
70;2021-03-30;1073;307;31478;10261;13.5;4.4
70;2021-03-31;861;310;32339;10571;13.9;4.5
70;2021-04-01;1153;420;33492;10991;14.4;4.7
70;2021-04-02;1310;335;34802;11326;14.9;4.9
70;2021-04-03;639;320;35441;11646;15.2;5.0
70;2021-04-04;9;0;35450;11646;15.2;5.0
70;2021-04-05;3;2;35453;11648;15.2;5.0
70;2021-04-06;831;554;36284;12202;15.6;5.2
70;2021-04-07;857;582;37141;12784;15.9;5.5
70;2021-04-08;1314;554;38455;13338;16.5;5.7
70;2021-04-09;1402;521;39857;13859;17.1;5.9
70;2021-04-10;858;339;40715;14198;17.5;6.1
70;2021-04-11;16;1;40731;14199;17.5;6.1
70;2021-04-12;692;656;41423;14855;17.8;6.4
70;2021-04-13;920;764;42343;15619;18.2;6.7
70;2021-04-14;814;576;43157;16195;18.5;6.9
70;2021-04-15;1077;595;44234;16790;19.0;7.2
70;2021-04-16;1242;538;45476;17328;19.5;7.4
70;2021-04-17;690;465;46166;17793;19.8;7.6
70;2021-04-18;56;4;46222;17797;19.8;7.6
70;2021-04-19;537;803;46759;18600;20.1;8.0
70;2021-04-20;664;849;47423;19449;20.3;8.3
70;2021-04-21;484;933;47907;20382;20.5;8.7
70;2021-04-22;776;791;48683;21173;20.9;9.1
70;2021-04-23;873;739;49556;21912;21.3;9.4
70;2021-04-24;431;637;49987;22549;21.4;9.7
70;2021-04-25;11;0;49998;22549;21.4;9.7
70;2021-04-26;924;597;50922;23146;21.8;9.9
70;2021-04-27;1207;744;52129;23890;22.4;10.2
70;2021-04-28;889;803;53018;24693;22.7;10.6
70;2021-04-29;1342;915;54360;25608;23.3;11.0
70;2021-04-30;1531;868;55891;26476;24.0;11.4
70;2021-05-01;1693;117;57584;26593;24.7;11.4
70;2021-05-02;2;0;57586;26593;24.7;11.4
70;2021-05-03;1188;560;58774;27153;25.2;11.6
70;2021-05-04;1336;735;60110;27888;25.8;12.0
70;2021-05-05;1188;867;61298;28755;26.3;12.3
70;2021-05-06;1849;1264;63147;30019;27.1;12.9
70;2021-05-07;2124;1222;65271;31241;28.0;13.4
70;2021-05-08;1339;183;66610;31424;28.6;13.5
70;2021-05-09;6;58;66616;31482;28.6;13.5
70;2021-05-10;957;946;67573;32428;29.0;13.9
70;2021-05-11;1238;1065;68811;33493;29.5;14.4
70;2021-05-12;1175;866;69986;34359;30.0;14.7
70;2021-05-13;1544;144;71530;34503;30.7;14.8
70;2021-05-14;2062;749;73592;35252;31.6;15.1
70;2021-05-15;2657;523;76249;35775;32.7;15.3
70;2021-05-16;998;72;77247;35847;33.1;15.4
70;2021-05-17;1235;383;78482;36230;33.7;15.5
70;2021-05-18;1294;590;79776;36820;34.2;15.8
70;2021-05-19;1475;478;81251;37298;34.8;16.0
70;2021-05-20;1776;623;83027;37921;35.6;16.3
70;2021-05-21;1690;817;84717;38738;36.3;16.6
70;2021-05-22;1221;662;85938;39400;36.9;16.9
70;2021-05-23;7;14;85945;39414;36.9;16.9
70;2021-05-24;210;23;86155;39437;36.9;16.9
70;2021-05-25;834;923;86989;40360;37.3;17.3
70;2021-05-26;1047;941;88036;41301;37.8;17.7
70;2021-05-27;1263;992;89299;42293;38.3;18.1
70;2021-05-28;1545;1162;90844;43455;39.0;18.6
70;2021-05-29;1371;585;92215;44040;39.5;18.9
70;2021-05-30;1;8;92216;44048;39.5;18.9
70;2021-05-31;969;677;93185;44725;40.0;19.2
70;2021-06-01;1213;850;94398;45575;40.5;19.5
70;2021-06-02;1263;671;95661;46246;41.0;19.8
70;2021-06-03;1427;845;97088;47091;41.6;20.2
70;2021-06-04;1337;1107;98425;48198;42.2;20.7
70;2021-06-05;1024;662;99449;48860;42.6;21.0
70;2021-06-06;599;78;100048;48938;42.9;21.0
70;2021-06-07;939;850;100987;49788;43.3;21.4
70;2021-06-08;1216;1175;102203;50963;43.8;21.9
70;2021-06-09;1154;986;103357;51949;44.3;22.3
70;2021-06-10;1554;819;104911;52768;45.0;22.6
70;2021-06-11;1584;1951;106495;54719;45.7;23.5
70;2021-06-12;823;1973;107318;56692;46.0;24.3
70;2021-06-13;132;12;107450;56704;46.1;24.3
70;2021-06-14;553;1241;108003;57945;46.3;24.8
70;2021-06-15;448;1505;108451;59450;46.5;25.5
70;2021-06-16;796;1393;109247;60843;46.8;26.1
70;2021-06-17;1142;2094;110389;62937;47.3;27.0
70;2021-06-18;993;2253;111382;65190;47.8;28.0
70;2021-06-19;1090;1638;112472;66828;48.2;28.7
70;2021-06-20;1;3;112473;66831;48.2;28.7
70;2021-06-21;685;1455;113158;68286;48.5;29.3
70;2021-06-22;651;1510;113809;69796;48.8;29.9
70;2021-06-23;650;1574;114459;71370;49.1;30.6
70;2021-06-24;872;2052;115331;73422;49.5;31.5
70;2021-06-25;677;2643;116008;76065;49.7;32.6
70;2021-06-26;941;2136;116949;78201;50.2;33.5
70;2021-06-27;138;760;117087;78961;50.2;33.9
70;2021-06-28;336;1347;117423;80308;50.4;34.4
70;2021-06-29;405;1611;117828;81919;50.5;35.1
70;2021-06-30;384;1632;118212;83551;50.7;35.8
70;2021-07-01;640;1751;118852;85302;51.0;36.6
70;2021-07-02;810;1575;119662;86877;51.3;37.3
70;2021-07-03;835;1080;120497;87957;51.7;37.7
70;2021-07-04;28;70;120525;88027;51.7;37.7
70;2021-07-05;609;1036;121134;89063;51.9;38.2
70;2021-07-06;677;1273;121811;90336;52.2;38.7
70;2021-07-07;502;1422;122313;91758;52.5;39.3
70;2021-07-08;812;1573;123125;93331;52.8;40.0
70;2021-07-09;866;1662;123991;94993;53.2;40.7
70;2021-07-10;821;1030;124812;96023;53.5;41.2
70;2021-07-11;6;20;124818;96043;53.5;41.2
70;2021-07-12;429;1398;125247;97441;53.7;41.8
70;2021-07-13;901;1860;126148;99301;54.1;42.6
70;2021-07-14;33;6;126181;99307;54.1;42.6
70;2021-07-15;1370;1691;127551;100998;54.7;43.3
70;2021-07-16;1613;2057;129164;103055;55.4;44.2
70;2021-07-17;1494;1438;130658;104493;56.0;44.8
70;2021-07-18;1138;627;131796;105120;56.5;45.1
71;2020-12-27;0;0;0;0;0.0;0.0
71;2020-12-28;0;0;0;0;0.0;0.0
71;2020-12-29;0;0;0;0;0.0;0.0
71;2020-12-30;0;0;0;0;0.0;0.0
71;2020-12-31;0;0;0;0;0.0;0.0
71;2021-01-01;0;0;0;0;0.0;0.0
71;2021-01-02;0;0;0;0;0.0;0.0
71;2021-01-03;0;0;0;0;0.0;0.0
71;2021-01-04;1;0;1;0;0.0;0.0
71;2021-01-05;10;0;11;0;0.0;0.0
71;2021-01-06;71;0;82;0;0.0;0.0
71;2021-01-07;66;1;148;1;0.0;0.0
71;2021-01-08;146;0;294;1;0.1;0.0
71;2021-01-09;117;0;411;1;0.1;0.0
71;2021-01-10;1;0;412;1;0.1;0.0
71;2021-01-11;245;0;657;1;0.1;0.0
71;2021-01-12;843;1;1500;2;0.3;0.0
71;2021-01-13;561;1;2061;3;0.4;0.0
71;2021-01-14;576;9;2637;12;0.5;0.0
71;2021-01-15;666;1;3303;13;0.6;0.0
71;2021-01-16;9;0;3312;13;0.6;0.0
71;2021-01-17;0;0;3312;13;0.6;0.0
71;2021-01-18;1071;5;4383;18;0.8;0.0
71;2021-01-19;1672;6;6055;24;1.1;0.0
71;2021-01-20;1506;3;7561;27;1.4;0.0
71;2021-01-21;2054;12;9615;39;1.8;0.0
71;2021-01-22;1411;5;11026;44;2.0;0.0
71;2021-01-23;813;5;11839;49;2.2;0.0
71;2021-01-24;0;0;11839;49;2.2;0.0
71;2021-01-25;1061;6;12900;55;2.4;0.0
71;2021-01-26;1504;18;14404;73;2.6;0.0
71;2021-01-27;1245;31;15649;104;2.9;0.0
71;2021-01-28;1080;93;16729;197;3.1;0.0
71;2021-01-29;1012;144;17741;341;3.2;0.1
71;2021-01-30;604;2;18345;343;3.3;0.1
71;2021-01-31;0;15;18345;358;3.3;0.1
71;2021-02-01;748;239;19093;597;3.5;0.1
71;2021-02-02;751;357;19844;954;3.6;0.2
71;2021-02-03;816;426;20660;1380;3.8;0.3
71;2021-02-04;780;572;21440;1952;3.9;0.4
71;2021-02-05;705;525;22145;2477;4.0;0.5
71;2021-02-06;535;9;22680;2486;4.1;0.5
71;2021-02-07;3;50;22683;2536;4.1;0.5
71;2021-02-08;602;699;23285;3235;4.3;0.6
71;2021-02-09;373;1012;23658;4247;4.3;0.8
71;2021-02-10;408;997;24066;5244;4.4;1.0
71;2021-02-11;473;1175;24539;6419;4.5;1.2
71;2021-02-12;534;1033;25073;7452;4.6;1.4
71;2021-02-13;127;515;25200;7967;4.6;1.5
71;2021-02-14;1;7;25201;7974;4.6;1.5
71;2021-02-15;323;914;25524;8888;4.7;1.6
71;2021-02-16;441;1367;25965;10255;4.7;1.9
71;2021-02-17;425;1114;26390;11369;4.8;2.1
71;2021-02-18;548;936;26938;12305;4.9;2.2
71;2021-02-19;573;852;27511;13157;5.0;2.4
71;2021-02-20;223;381;27734;13538;5.1;2.5
71;2021-02-21;3;13;27737;13551;5.1;2.5
71;2021-02-22;235;878;27972;14429;5.1;2.6
71;2021-02-23;451;903;28423;15332;5.2;2.8
71;2021-02-24;438;719;28861;16051;5.3;2.9
71;2021-02-25;527;725;29388;16776;5.4;3.1
71;2021-02-26;831;528;30219;17304;5.5;3.2
71;2021-02-27;453;339;30672;17643;5.6;3.2
71;2021-02-28;54;14;30726;17657;5.6;3.2
71;2021-03-01;1186;677;31912;18334;5.8;3.3
71;2021-03-02;1573;631;33485;18965;6.1;3.5
71;2021-03-03;1816;756;35301;19721;6.4;3.6
71;2021-03-04;1986;800;37287;20521;6.8;3.7
71;2021-03-05;2284;680;39571;21201;7.2;3.9
71;2021-03-06;755;56;40326;21257;7.4;3.9
71;2021-03-07;39;21;40365;21278;7.4;3.9
71;2021-03-08;1450;767;41815;22045;7.6;4.0
71;2021-03-09;2156;502;43971;22547;8.0;4.1
71;2021-03-10;2165;453;46136;23000;8.4;4.2
71;2021-03-11;2633;620;48769;23620;8.9;4.3
71;2021-03-12;2604;589;51373;24209;9.4;4.4
71;2021-03-13;990;94;52363;24303;9.6;4.4
71;2021-03-14;34;0;52397;24303;9.6;4.4
71;2021-03-15;1798;486;54195;24789;9.9;4.5
71;2021-03-16;1819;185;56014;24974;10.2;4.6
71;2021-03-17;2130;241;58144;25215;10.6;4.6
71;2021-03-18;1950;424;60094;25639;11.0;4.7
71;2021-03-19;2361;312;62455;25951;11.4;4.7
71;2021-03-20;1082;32;63537;25983;11.6;4.7
71;2021-03-21;15;5;63552;25988;11.6;4.7
71;2021-03-22;2573;347;66125;26335;12.1;4.8
71;2021-03-23;3343;476;69468;26811;12.7;4.9
71;2021-03-24;3343;444;72811;27255;13.3;5.0
71;2021-03-25;4019;564;76830;27819;14.0;5.1
71;2021-03-26;4042;321;80872;28140;14.8;5.1
71;2021-03-27;995;104;81867;28244;14.9;5.2
71;2021-03-28;54;8;81921;28252;15.0;5.2
71;2021-03-29;2397;1168;84318;29420;15.4;5.4
71;2021-03-30;2951;1328;87269;30748;15.9;5.6
71;2021-03-31;2551;1504;89820;32252;16.4;5.9
71;2021-04-01;2717;1284;92537;33536;16.9;6.1
71;2021-04-02;2501;1410;95038;34946;17.3;6.4
71;2021-04-03;265;33;95303;34979;17.4;6.4
71;2021-04-04;2;0;95305;34979;17.4;6.4
71;2021-04-05;58;0;95363;34979;17.4;6.4
71;2021-04-06;2258;1862;97621;36841;17.8;6.7
71;2021-04-07;2389;1789;100010;38630;18.3;7.1
71;2021-04-08;3279;1794;103289;40424;18.9;7.4
71;2021-04-09;4032;1648;107321;42072;19.6;7.7
71;2021-04-10;769;42;108090;42114;19.7;7.7
71;2021-04-11;98;3;108188;42117;19.7;7.7
71;2021-04-12;2344;1688;110532;43805;20.2;8.0
71;2021-04-13;2576;1881;113108;45686;20.6;8.3
71;2021-04-14;2355;1904;115463;47590;21.1;8.7
71;2021-04-15;2775;1675;118238;49265;21.6;9.0
71;2021-04-16;2622;1638;120860;50903;22.1;9.3
71;2021-04-17;951;342;121811;51245;22.2;9.4
71;2021-04-18;106;4;121917;51249;22.3;9.4
71;2021-04-19;1757;2571;123674;53820;22.6;9.8
71;2021-04-20;2218;2587;125892;56407;23.0;10.3
71;2021-04-21;2124;2593;128016;59000;23.4;10.8
71;2021-04-22;2513;2429;130529;61429;23.8;11.2
71;2021-04-23;2914;2255;133443;63684;24.4;11.6
71;2021-04-24;517;47;133960;63731;24.5;11.6
71;2021-04-25;24;0;133984;63731;24.5;11.6
71;2021-04-26;2558;2118;136542;65849;24.9;12.0
71;2021-04-27;2982;2241;139524;68090;25.5;12.4
71;2021-04-28;3070;2097;142594;70187;26.0;12.8
71;2021-04-29;3779;2215;146373;72402;26.7;13.2
71;2021-04-30;3924;1719;150297;74121;27.4;13.5
71;2021-05-01;37;52;150334;74173;27.4;13.5
71;2021-05-02;23;18;150357;74191;27.4;13.5
71;2021-05-03;4280;1366;154637;75557;28.2;13.8
71;2021-05-04;2961;2336;157598;77893;28.8;14.2
71;2021-05-05;3426;2071;161024;79964;29.4;14.6
71;2021-05-06;3456;2350;164480;82314;30.0;15.0
71;2021-05-07;3669;2797;168149;85111;30.7;15.5
71;2021-05-08;176;184;168325;85295;30.7;15.6
71;2021-05-09;43;47;168368;85342;30.7;15.6
71;2021-05-10;3698;2272;172066;87614;31.4;16.0
71;2021-05-11;4643;2316;176709;89930;32.3;16.4
71;2021-05-12;3977;2573;180686;92503;33.0;16.9
71;2021-05-13;1573;149;182259;92652;33.3;16.9
71;2021-05-14;3761;2185;186020;94837;34.0;17.3
71;2021-05-15;240;324;186260;95161;34.0;17.4
71;2021-05-16;1;0;186261;95161;34.0;17.4
71;2021-05-17;3864;1881;190125;97042;34.7;17.7
71;2021-05-18;3496;2419;193621;99461;35.3;18.2
71;2021-05-19;3717;2273;197338;101734;36.0;18.6
71;2021-05-20;4175;2294;201513;104028;36.8;19.0
71;2021-05-21;3718;2571;205231;106599;37.5;19.5
71;2021-05-22;166;306;205397;106905;37.5;19.5
71;2021-05-23;11;55;205408;106960;37.5;19.5
71;2021-05-24;18;96;205426;107056;37.5;19.5
71;2021-05-25;2689;3001;208115;110057;38.0;20.1
71;2021-05-26;2961;2424;211076;112481;38.5;20.5
71;2021-05-27;3388;2583;214464;115064;39.1;21.0
71;2021-05-28;2916;3157;217380;118221;39.7;21.6
71;2021-05-29;480;657;217860;118878;39.8;21.7
71;2021-05-30;75;57;217935;118935;39.8;21.7
71;2021-05-31;2766;3452;220701;122387;40.3;22.3
71;2021-06-01;3655;3536;224356;125923;41.0;23.0
71;2021-06-02;3991;2621;228347;128544;41.7;23.5
71;2021-06-03;4430;2524;232777;131068;42.5;23.9
71;2021-06-04;3709;3711;236486;134779;43.2;24.6
71;2021-06-05;672;641;237158;135420;43.3;24.7
71;2021-06-06;57;91;237215;135511;43.3;24.7
71;2021-06-07;3274;4139;240489;139650;43.9;25.5
71;2021-06-08;3879;4006;244368;143656;44.6;26.2
71;2021-06-09;4681;2743;249049;146399;45.5;26.7
71;2021-06-10;5248;2727;254297;149126;46.4;27.2
71;2021-06-11;4429;3717;258726;152843;47.2;27.9
71;2021-06-12;700;590;259426;153433;47.4;28.0
71;2021-06-13;100;186;259526;153619;47.4;28.0
71;2021-06-14;3504;3776;263030;157395;48.0;28.7
71;2021-06-15;4197;3564;267227;160959;48.8;29.4
71;2021-06-16;4584;2714;271811;163673;49.6;29.9
71;2021-06-17;4259;2997;276070;166670;50.4;30.4
71;2021-06-18;4312;3764;280382;170434;51.2;31.1
71;2021-06-19;1257;646;281639;171080;51.4;31.2
71;2021-06-20;34;27;281673;171107;51.4;31.2
71;2021-06-21;2263;4285;283936;175392;51.8;32.0
71;2021-06-22;2673;4351;286609;179743;52.3;32.8
71;2021-06-23;3054;3418;289663;183161;52.9;33.4
71;2021-06-24;3316;3025;292979;186186;53.5;34.0
71;2021-06-25;2639;4475;295618;190661;54.0;34.8
71;2021-06-26;365;550;295983;191211;54.0;34.9
71;2021-06-27;29;68;296012;191279;54.0;34.9
71;2021-06-28;1511;4626;297523;195905;54.3;35.8
71;2021-06-29;1966;4817;299489;200722;54.7;36.6
71;2021-06-30;2428;3922;301917;204644;55.1;37.4
71;2021-07-01;2591;3901;304508;208545;55.6;38.1
71;2021-07-02;2870;3976;307378;212521;56.1;38.8
71;2021-07-03;315;710;307693;213231;56.2;38.9
71;2021-07-04;27;133;307720;213364;56.2;38.9
71;2021-07-05;2459;4318;310179;217682;56.6;39.7
71;2021-07-06;2448;4567;312627;222249;57.1;40.6
71;2021-07-07;2940;3728;315567;225977;57.6;41.2
71;2021-07-08;2747;4114;318314;230091;58.1;42.0
71;2021-07-09;2286;5029;320600;235120;58.5;42.9
71;2021-07-10;197;654;320797;235774;58.6;43.0
71;2021-07-11;14;65;320811;235839;58.6;43.1
71;2021-07-12;1899;5311;322710;241150;58.9;44.0
71;2021-07-13;2511;5858;325221;247008;59.4;45.1
71;2021-07-14;946;394;326167;247402;59.5;45.2
71;2021-07-15;2995;5711;329162;253113;60.1;46.2
71;2021-07-16;3262;5995;332424;259108;60.7;47.3
71;2021-07-17;487;768;332911;259876;60.8;47.4
71;2021-07-18;82;89;332993;259965;60.8;47.5
72;2020-12-27;0;0;0;0;0.0;0.0
72;2020-12-28;0;0;0;0;0.0;0.0
72;2020-12-29;0;0;0;0;0.0;0.0
72;2020-12-30;0;0;0;0;0.0;0.0
72;2020-12-31;0;0;0;0;0.0;0.0
72;2021-01-01;2;0;2;0;0.0;0.0
72;2021-01-02;0;0;2;0;0.0;0.0
72;2021-01-03;0;0;2;0;0.0;0.0
72;2021-01-04;0;0;2;0;0.0;0.0
72;2021-01-05;14;0;16;0;0.0;0.0
72;2021-01-06;27;0;43;0;0.0;0.0
72;2021-01-07;110;0;153;0;0.0;0.0
72;2021-01-08;232;0;385;0;0.1;0.0
72;2021-01-09;36;0;421;0;0.1;0.0
72;2021-01-10;0;0;421;0;0.1;0.0
72;2021-01-11;484;1;905;1;0.2;0.0
72;2021-01-12;612;0;1517;1;0.3;0.0
72;2021-01-13;500;0;2017;1;0.4;0.0
72;2021-01-14;643;3;2660;4;0.5;0.0
72;2021-01-15;477;0;3137;4;0.6;0.0
72;2021-01-16;92;0;3229;4;0.6;0.0
72;2021-01-17;0;0;3229;4;0.6;0.0
72;2021-01-18;293;0;3522;4;0.6;0.0
72;2021-01-19;773;2;4295;6;0.8;0.0
72;2021-01-20;1514;3;5809;9;1.0;0.0
72;2021-01-21;1733;4;7542;13;1.3;0.0
72;2021-01-22;1149;4;8691;17;1.6;0.0
72;2021-01-23;32;0;8723;17;1.6;0.0
72;2021-01-24;0;0;8723;17;1.6;0.0
72;2021-01-25;502;7;9225;24;1.6;0.0
72;2021-01-26;1165;22;10390;46;1.9;0.0
72;2021-01-27;881;19;11271;65;2.0;0.0
72;2021-01-28;776;66;12047;131;2.2;0.0
72;2021-01-29;712;69;12759;200;2.3;0.0
72;2021-01-30;58;0;12817;200;2.3;0.0
72;2021-01-31;1;0;12818;200;2.3;0.0
72;2021-02-01;498;229;13316;429;2.4;0.1
72;2021-02-02;506;296;13822;725;2.5;0.1
72;2021-02-03;483;229;14305;954;2.6;0.2
72;2021-02-04;475;341;14780;1295;2.6;0.2
72;2021-02-05;506;408;15286;1703;2.7;0.3
72;2021-02-06;83;14;15369;1717;2.7;0.3
72;2021-02-07;19;3;15388;1720;2.7;0.3
72;2021-02-08;309;408;15697;2128;2.8;0.4
72;2021-02-09;489;536;16186;2664;2.9;0.5
72;2021-02-10;549;927;16735;3591;3.0;0.6
72;2021-02-11;848;1349;17583;4940;3.1;0.9
72;2021-02-12;848;594;18431;5534;3.3;1.0
72;2021-02-13;108;37;18539;5571;3.3;1.0
72;2021-02-14;1;22;18540;5593;3.3;1.0
72;2021-02-15;220;508;18760;6101;3.3;1.1
72;2021-02-16;498;1029;19258;7130;3.4;1.3
72;2021-02-17;462;718;19720;7848;3.5;1.4
72;2021-02-18;594;637;20314;8485;3.6;1.5
72;2021-02-19;519;600;20833;9085;3.7;1.6
72;2021-02-20;78;57;20911;9142;3.7;1.6
72;2021-02-21;0;0;20911;9142;3.7;1.6
72;2021-02-22;325;584;21236;9726;3.8;1.7
72;2021-02-23;566;532;21802;10258;3.9;1.8
72;2021-02-24;431;468;22233;10726;4.0;1.9
72;2021-02-25;921;563;23154;11289;4.1;2.0
72;2021-02-26;600;514;23754;11803;4.2;2.1
72;2021-02-27;322;67;24076;11870;4.3;2.1
72;2021-02-28;15;17;24091;11887;4.3;2.1
72;2021-03-01;376;483;24467;12370;4.4;2.2
72;2021-03-02;502;604;24969;12974;4.5;2.3
72;2021-03-03;729;647;25698;13621;4.6;2.4
72;2021-03-04;735;782;26433;14403;4.7;2.6
72;2021-03-05;932;768;27365;15171;4.9;2.7
72;2021-03-06;756;130;28121;15301;5.0;2.7
72;2021-03-07;447;23;28568;15324;5.1;2.7
72;2021-03-08;559;464;29127;15788;5.2;2.8
72;2021-03-09;1035;649;30162;16437;5.4;2.9
72;2021-03-10;1129;662;31291;17099;5.6;3.1
72;2021-03-11;1605;486;32896;17585;5.9;3.1
72;2021-03-12;1361;511;34257;18096;6.1;3.2
72;2021-03-13;979;112;35236;18208;6.3;3.3
72;2021-03-14;14;10;35250;18218;6.3;3.3
72;2021-03-15;1154;220;36404;18438;6.5;3.3
72;2021-03-16;1049;188;37453;18626;6.7;3.3
72;2021-03-17;1028;253;38481;18879;6.9;3.4
72;2021-03-18;1087;370;39568;19249;7.1;3.4
72;2021-03-19;1268;286;40836;19535;7.3;3.5
72;2021-03-20;486;89;41322;19624;7.4;3.5
72;2021-03-21;19;0;41341;19624;7.4;3.5
72;2021-03-22;1347;337;42688;19961;7.6;3.6
72;2021-03-23;1721;467;44409;20428;7.9;3.6
72;2021-03-24;1835;298;46244;20726;8.3;3.7
72;2021-03-25;2419;451;48663;21177;8.7;3.8
72;2021-03-26;2333;370;50996;21547;9.1;3.8
72;2021-03-27;610;28;51606;21575;9.2;3.9
72;2021-03-28;22;0;51628;21575;9.2;3.9
72;2021-03-29;1611;370;53239;21945;9.5;3.9
72;2021-03-30;2488;377;55727;22322;9.9;4.0
72;2021-03-31;2132;357;57859;22679;10.3;4.0
72;2021-04-01;2829;324;60688;23003;10.8;4.1
72;2021-04-02;2243;389;62931;23392;11.2;4.2
72;2021-04-03;289;36;63220;23428;11.3;4.2
72;2021-04-04;14;3;63234;23431;11.3;4.2
72;2021-04-05;51;49;63285;23480;11.3;4.2
72;2021-04-06;1759;461;65044;23941;11.6;4.3
72;2021-04-07;2551;580;67595;24521;12.1;4.4
72;2021-04-08;2711;762;70306;25283;12.5;4.5
72;2021-04-09;3860;560;74166;25843;13.2;4.6
72;2021-04-10;1110;45;75276;25888;13.4;4.6
72;2021-04-11;7;1;75283;25889;13.4;4.6
72;2021-04-12;1846;890;77129;26779;13.8;4.8
72;2021-04-13;2355;1065;79484;27844;14.2;5.0
72;2021-04-14;2248;1090;81732;28934;14.6;5.2
72;2021-04-15;2417;1099;84149;30033;15.0;5.4
72;2021-04-16;2562;954;86711;30987;15.5;5.5
72;2021-04-17;707;140;87418;31127;15.6;5.6
72;2021-04-18;57;1;87475;31128;15.6;5.6
72;2021-04-19;1393;1089;88868;32217;15.9;5.8
72;2021-04-20;2998;1290;91866;33507;16.4;6.0
72;2021-04-21;2513;1554;94379;35061;16.8;6.3
72;2021-04-22;2814;1784;97193;36845;17.3;6.6
72;2021-04-23;3204;1432;100397;38277;17.9;6.8
72;2021-04-24;1399;263;101796;38540;18.2;6.9
72;2021-04-25;881;18;102677;38558;18.3;6.9
72;2021-04-26;3507;1462;106184;40020;19.0;7.1
72;2021-04-27;4083;1852;110267;41872;19.7;7.5
72;2021-04-28;3830;1854;114097;43726;20.4;7.8
72;2021-04-29;4160;1794;118257;45520;21.1;8.1
72;2021-04-30;3607;1703;121864;47223;21.8;8.4
72;2021-05-01;1642;217;123506;47440;22.0;8.5
72;2021-05-02;1533;155;125039;47595;22.3;8.5
72;2021-05-03;3458;1150;128497;48745;22.9;8.7
72;2021-05-04;4012;1793;132509;50538;23.7;9.0
72;2021-05-05;3869;2174;136378;52712;24.3;9.4
72;2021-05-06;3594;1931;139972;54643;25.0;9.8
72;2021-05-07;3545;2141;143517;56784;25.6;10.1
72;2021-05-08;1901;149;145418;56933;26.0;10.2
72;2021-05-09;2081;197;147499;57130;26.3;10.2
72;2021-05-10;3769;1512;151268;58642;27.0;10.5
72;2021-05-11;4599;1980;155867;60622;27.8;10.8
72;2021-05-12;4078;1804;159945;62426;28.6;11.1
72;2021-05-13;3029;268;162974;62694;29.1;11.2
72;2021-05-14;3661;1378;166635;64072;29.7;11.4
72;2021-05-15;3118;351;169753;64423;30.3;11.5
72;2021-05-16;2501;152;172254;64575;30.7;11.5
72;2021-05-17;3725;1280;175979;65855;31.4;11.8
72;2021-05-18;4328;1675;180307;67530;32.2;12.1
72;2021-05-19;3973;1504;184280;69034;32.9;12.3
72;2021-05-20;4257;1447;188537;70481;33.7;12.6
72;2021-05-21;3790;1377;192327;71858;34.3;12.8
72;2021-05-22;2560;504;194887;72362;34.8;12.9
72;2021-05-23;1390;160;196277;72522;35.0;12.9
72;2021-05-24;2351;291;198628;72813;35.5;13.0
72;2021-05-25;4073;1404;202701;74217;36.2;13.2
72;2021-05-26;4096;1400;206797;75617;36.9;13.5
72;2021-05-27;4343;2043;211140;77660;37.7;13.9
72;2021-05-28;4105;2010;215245;79670;38.4;14.2
72;2021-05-29;2665;806;217910;80476;38.9;14.4
72;2021-05-30;1142;871;219052;81347;39.1;14.5
72;2021-05-31;3119;2327;222171;83674;39.7;14.9
72;2021-06-01;3563;2666;225734;86340;40.3;15.4
72;2021-06-02;3606;2778;229340;89118;40.9;15.9
72;2021-06-03;4239;2995;233579;92113;41.7;16.4
72;2021-06-04;3891;2749;237470;94862;42.4;16.9
72;2021-06-05;1438;2568;238908;97430;42.6;17.4
72;2021-06-06;907;1538;239815;98968;42.8;17.7
72;2021-06-07;1743;3421;241558;102389;43.1;18.3
72;2021-06-08;2915;3830;244473;106219;43.6;19.0
72;2021-06-09;2643;3364;247116;109583;44.1;19.6
72;2021-06-10;2821;3305;249937;112888;44.6;20.2
72;2021-06-11;2834;3768;252771;116656;45.1;20.8
72;2021-06-12;1241;2597;254012;119253;45.3;21.3
72;2021-06-13;387;1858;254399;121111;45.4;21.6
72;2021-06-14;1320;4127;255719;125238;45.6;22.4
72;2021-06-15;2750;3512;258469;128750;46.1;23.0
72;2021-06-16;2425;3568;260894;132318;46.6;23.6
72;2021-06-17;2316;3878;263210;136196;47.0;24.3
72;2021-06-18;2301;4310;265511;140506;47.4;25.1
72;2021-06-19;1119;2765;266630;143271;47.6;25.6
72;2021-06-20;339;2057;266969;145328;47.7;25.9
72;2021-06-21;1557;4038;268526;149366;47.9;26.7
72;2021-06-22;1704;5012;270230;154378;48.2;27.6
72;2021-06-23;1989;4239;272219;158617;48.6;28.3
72;2021-06-24;2218;4019;274437;162636;49.0;29.0
72;2021-06-25;1762;4859;276199;167495;49.3;29.9
72;2021-06-26;1185;2878;277384;170373;49.5;30.4
72;2021-06-27;391;2117;277775;172490;49.6;30.8
72;2021-06-28;1435;4301;279210;176791;49.8;31.6
72;2021-06-29;1756;4757;280966;181548;50.2;32.4
72;2021-06-30;1965;4174;282931;185722;50.5;33.2
72;2021-07-01;1931;4423;284862;190145;50.8;33.9
72;2021-07-02;1843;4723;286705;194868;51.2;34.8
72;2021-07-03;1287;3120;287992;197988;51.4;35.3
72;2021-07-04;582;1944;288574;199932;51.5;35.7
72;2021-07-05;1183;4176;289757;204108;51.7;36.4
72;2021-07-06;1455;5168;291212;209276;52.0;37.4
72;2021-07-07;1576;4612;292788;213888;52.3;38.2
72;2021-07-08;1642;4330;294430;218218;52.6;39.0
72;2021-07-09;2090;4622;296520;222840;52.9;39.8
72;2021-07-10;1581;2693;298101;225533;53.2;40.3
72;2021-07-11;948;1589;299049;227122;53.4;40.5
72;2021-07-12;1590;3753;300639;230875;53.7;41.2
72;2021-07-13;2076;4771;302715;235646;54.0;42.1
72;2021-07-14;1315;2364;304030;238010;54.3;42.5
72;2021-07-15;3471;3421;307501;241431;54.9;43.1
72;2021-07-16;3156;4114;310657;245545;55.5;43.8
72;2021-07-17;2623;1753;313280;247298;55.9;44.1
72;2021-07-18;1706;811;314986;248109;56.2;44.3
73;2020-12-27;0;0;0;0;0.0;0.0
73;2020-12-28;0;0;0;0;0.0;0.0
73;2020-12-29;0;0;0;0;0.0;0.0
73;2020-12-30;0;0;0;0;0.0;0.0
73;2020-12-31;0;0;0;0;0.0;0.0
73;2021-01-01;0;0;0;0;0.0;0.0
73;2021-01-02;0;0;0;0;0.0;0.0
73;2021-01-03;0;0;0;0;0.0;0.0
73;2021-01-04;1;0;1;0;0.0;0.0
73;2021-01-05;0;0;1;0;0.0;0.0
73;2021-01-06;1;0;2;0;0.0;0.0
73;2021-01-07;30;0;32;0;0.0;0.0
73;2021-01-08;81;0;113;0;0.0;0.0
73;2021-01-09;0;0;113;0;0.0;0.0
73;2021-01-10;0;0;113;0;0.0;0.0
73;2021-01-11;85;0;198;0;0.0;0.0
73;2021-01-12;303;1;501;1;0.1;0.0
73;2021-01-13;356;1;857;2;0.2;0.0
73;2021-01-14;509;2;1366;4;0.3;0.0
73;2021-01-15;616;1;1982;5;0.5;0.0
73;2021-01-16;127;0;2109;5;0.5;0.0
73;2021-01-17;0;0;2109;5;0.5;0.0
73;2021-01-18;624;0;2733;5;0.6;0.0
73;2021-01-19;1236;2;3969;7;0.9;0.0
73;2021-01-20;949;1;4918;8;1.1;0.0
73;2021-01-21;980;5;5898;13;1.4;0.0
73;2021-01-22;940;0;6838;13;1.6;0.0
73;2021-01-23;387;0;7225;13;1.7;0.0
73;2021-01-24;0;0;7225;13;1.7;0.0
73;2021-01-25;654;4;7879;17;1.8;0.0
73;2021-01-26;760;2;8639;19;2.0;0.0
73;2021-01-27;1104;4;9743;23;2.3;0.0
73;2021-01-28;960;5;10703;28;2.5;0.0
73;2021-01-29;683;4;11386;32;2.6;0.0
73;2021-01-30;345;3;11731;35;2.7;0.0
73;2021-01-31;0;0;11731;35;2.7;0.0
73;2021-02-01;620;39;12351;74;2.9;0.0
73;2021-02-02;749;320;13100;394;3.0;0.1
73;2021-02-03;653;348;13753;742;3.2;0.2
73;2021-02-04;622;234;14375;976;3.3;0.2
73;2021-02-05;678;409;15053;1385;3.5;0.3
73;2021-02-06;260;37;15313;1422;3.5;0.3
73;2021-02-07;0;0;15313;1422;3.5;0.3
73;2021-02-08;519;253;15832;1675;3.7;0.4
73;2021-02-09;792;444;16624;2119;3.8;0.5
73;2021-02-10;889;393;17513;2512;4.0;0.6
73;2021-02-11;957;707;18470;3219;4.3;0.7
73;2021-02-12;809;494;19279;3713;4.5;0.9
73;2021-02-13;264;58;19543;3771;4.5;0.9
73;2021-02-14;1;0;19544;3771;4.5;0.9
73;2021-02-15;344;529;19888;4300;4.6;1.0
73;2021-02-16;453;742;20341;5042;4.7;1.2
73;2021-02-17;449;957;20790;5999;4.8;1.4
73;2021-02-18;468;553;21258;6552;4.9;1.5
73;2021-02-19;445;635;21703;7187;5.0;1.7
73;2021-02-20;70;249;21773;7436;5.0;1.7
73;2021-02-21;0;0;21773;7436;5.0;1.7
73;2021-02-22;239;437;22012;7873;5.1;1.8
73;2021-02-23;323;514;22335;8387;5.2;1.9
73;2021-02-24;485;745;22820;9132;5.3;2.1
73;2021-02-25;499;500;23319;9632;5.4;2.2
73;2021-02-26;730;564;24049;10196;5.6;2.4
73;2021-02-27;331;235;24380;10431;5.6;2.4
73;2021-02-28;1;1;24381;10432;5.6;2.4
73;2021-03-01;556;514;24937;10946;5.8;2.5
73;2021-03-02;665;889;25602;11835;5.9;2.7
73;2021-03-03;640;1192;26242;13027;6.1;3.0
73;2021-03-04;1028;890;27270;13917;6.3;3.2
73;2021-03-05;1234;604;28504;14521;6.6;3.4
73;2021-03-06;1091;326;29595;14847;6.8;3.4
73;2021-03-07;452;88;30047;14935;6.9;3.5
73;2021-03-08;606;423;30653;15358;7.1;3.6
73;2021-03-09;983;534;31636;15892;7.3;3.7
73;2021-03-10;1036;862;32672;16754;7.6;3.9
73;2021-03-11;1552;649;34224;17403;7.9;4.0
73;2021-03-12;2016;523;36240;17926;8.4;4.1
73;2021-03-13;1174;198;37414;18124;8.6;4.2
73;2021-03-14;65;3;37479;18127;8.7;4.2
73;2021-03-15;1180;385;38659;18512;8.9;4.3
73;2021-03-16;791;397;39450;18909;9.1;4.4
73;2021-03-17;875;468;40325;19377;9.3;4.5
73;2021-03-18;1347;253;41672;19630;9.6;4.5
73;2021-03-19;1762;381;43434;20011;10.0;4.6
73;2021-03-20;886;125;44320;20136;10.2;4.7
73;2021-03-21;123;2;44443;20138;10.3;4.7
73;2021-03-22;1180;389;45623;20527;10.5;4.7
73;2021-03-23;1442;222;47065;20749;10.9;4.8
73;2021-03-24;1589;341;48654;21090;11.2;4.9
73;2021-03-25;2051;375;50705;21465;11.7;5.0
73;2021-03-26;2468;349;53173;21814;12.3;5.0
73;2021-03-27;886;141;54059;21955;12.5;5.1
73;2021-03-28;309;10;54368;21965;12.6;5.1
73;2021-03-29;1506;230;55874;22195;12.9;5.1
73;2021-03-30;2082;469;57956;22664;13.4;5.2
73;2021-03-31;2088;379;60044;23043;13.9;5.3
73;2021-04-01;2075;318;62119;23361;14.4;5.4
73;2021-04-02;2327;199;64446;23560;14.9;5.4
73;2021-04-03;848;140;65294;23700;15.1;5.5
73;2021-04-04;187;15;65481;23715;15.1;5.5
73;2021-04-05;208;22;65689;23737;15.2;5.5
73;2021-04-06;1499;488;67188;24225;15.5;5.6
73;2021-04-07;1939;630;69127;24855;16.0;5.7
73;2021-04-08;2486;800;71613;25655;16.6;5.9
73;2021-04-09;3057;480;74670;26135;17.3;6.0
73;2021-04-10;1132;304;75802;26439;17.5;6.1
73;2021-04-11;163;8;75965;26447;17.6;6.1
73;2021-04-12;1698;969;77663;27416;18.0;6.3
73;2021-04-13;1889;1120;79552;28536;18.4;6.6
73;2021-04-14;2017;1078;81569;29614;18.9;6.8
73;2021-04-15;2413;1157;83982;30771;19.4;7.1
73;2021-04-16;1890;914;85872;31685;19.9;7.3
73;2021-04-17;1173;547;87045;32232;20.1;7.5
73;2021-04-18;155;74;87200;32306;20.2;7.5
73;2021-04-19;1378;1047;88578;33353;20.5;7.7
73;2021-04-20;1789;1298;90367;34651;20.9;8.0
73;2021-04-21;1573;1293;91940;35944;21.3;8.3
73;2021-04-22;1809;1216;93749;37160;21.7;8.6
73;2021-04-23;1886;1238;95635;38398;22.1;8.9
73;2021-04-24;980;667;96615;39065;22.3;9.0
73;2021-04-25;79;97;96694;39162;22.4;9.1
73;2021-04-26;1165;1315;97859;40477;22.6;9.4
73;2021-04-27;1441;1461;99300;41938;23.0;9.7
73;2021-04-28;1734;1457;101034;43395;23.4;10.0
73;2021-04-29;2408;1557;103442;44952;23.9;10.4
73;2021-04-30;2391;1430;105833;46382;24.5;10.7
73;2021-05-01;1066;303;106899;46685;24.7;10.8
73;2021-05-02;34;164;106933;46849;24.7;10.8
73;2021-05-03;1396;1593;108329;48442;25.0;11.2
73;2021-05-04;1706;1826;110035;50268;25.4;11.6
73;2021-05-05;1968;1682;112003;51950;25.9;12.0
73;2021-05-06;2427;1701;114430;53651;26.5;12.4
73;2021-05-07;2259;1847;116689;55498;27.0;12.8
73;2021-05-08;1835;372;118524;55870;27.4;12.9
73;2021-05-09;127;121;118651;55991;27.4;12.9
73;2021-05-10;1605;1879;120256;57870;27.8;13.4
73;2021-05-11;2379;2361;122635;60231;28.4;13.9
73;2021-05-12;3547;2081;126182;62312;29.2;14.4
73;2021-05-13;1554;272;127736;62584;29.5;14.5
73;2021-05-14;1583;1491;129319;64075;29.9;14.8
73;2021-05-15;1441;942;130760;65017;30.2;15.0
73;2021-05-16;131;62;130891;65079;30.3;15.0
73;2021-05-17;1705;1948;132596;67027;30.7;15.5
73;2021-05-18;2495;1732;135091;68759;31.2;15.9
73;2021-05-19;2538;1625;137629;70384;31.8;16.3
73;2021-05-20;3160;1496;140789;71880;32.5;16.6
73;2021-05-21;2471;1847;143260;73727;33.1;17.0
73;2021-05-22;1990;923;145250;74650;33.6;17.3
73;2021-05-23;210;14;145460;74664;33.6;17.3
73;2021-05-24;2563;326;148023;74990;34.2;17.3
73;2021-05-25;2137;1738;150160;76728;34.7;17.7
73;2021-05-26;2343;2001;152503;78729;35.3;18.2
73;2021-05-27;3079;1713;155582;80442;36.0;18.6
73;2021-05-28;2917;2371;158499;82813;36.6;19.1
73;2021-05-29;2317;1323;160816;84136;37.2;19.5
73;2021-05-30;185;14;161001;84150;37.2;19.5
73;2021-05-31;2407;1624;163408;85774;37.8;19.8
73;2021-06-01;3175;1787;166583;87561;38.5;20.2
73;2021-06-02;3088;1456;169671;89017;39.2;20.6
73;2021-06-03;4402;1740;174073;90757;40.2;21.0
73;2021-06-04;4254;2177;178327;92934;41.2;21.5
73;2021-06-05;3135;1276;181462;94210;42.0;21.8
73;2021-06-06;1880;297;183342;94507;42.4;21.8
73;2021-06-07;2743;2147;186085;96654;43.0;22.3
73;2021-06-08;2672;1876;188757;98530;43.6;22.8
73;2021-06-09;2344;1782;191101;100312;44.2;23.2
73;2021-06-10;1932;1648;193033;101960;44.6;23.6
73;2021-06-11;2150;2441;195183;104401;45.1;24.1
73;2021-06-12;2231;1329;197414;105730;45.6;24.4
73;2021-06-13;44;82;197458;105812;45.6;24.5
73;2021-06-14;1342;2934;198800;108746;46.0;25.1
73;2021-06-15;1582;2754;200382;111500;46.3;25.8
73;2021-06-16;1455;2569;201837;114069;46.7;26.4
73;2021-06-17;926;1730;202763;115799;46.9;26.8
73;2021-06-18;1845;2935;204608;118734;47.3;27.4
73;2021-06-19;1405;1989;206013;120723;47.6;27.9
73;2021-06-20;442;306;206455;121029;47.7;28.0
73;2021-06-21;1106;2943;207561;123972;48.0;28.7
73;2021-06-22;1077;2877;208638;126849;48.2;29.3
73;2021-06-23;1074;3137;209712;129986;48.5;30.1
73;2021-06-24;871;1799;210583;131785;48.7;30.5
73;2021-06-25;1250;2799;211833;134584;49.0;31.1
73;2021-06-26;932;2399;212765;136983;49.2;31.7
73;2021-06-27;318;549;213083;137532;49.3;31.8
73;2021-06-28;953;3563;214036;141095;49.5;32.6
73;2021-06-29;1047;3338;215083;144433;49.7;33.4
73;2021-06-30;1158;3129;216241;147562;50.0;34.1
73;2021-07-01;1126;2360;217367;149922;50.3;34.7
73;2021-07-02;1196;3621;218563;153543;50.5;35.5
73;2021-07-03;949;2793;219512;156336;50.7;36.1
73;2021-07-04;300;617;219812;156953;50.8;36.3
73;2021-07-05;1140;3682;220952;160635;51.1;37.1
73;2021-07-06;1230;2945;222182;163580;51.4;37.8
73;2021-07-07;1419;2949;223601;166529;51.7;38.5
73;2021-07-08;1359;2295;224960;168824;52.0;39.0
73;2021-07-09;1409;4017;226369;172841;52.3;40.0
73;2021-07-10;877;3010;227246;175851;52.5;40.7
73;2021-07-11;559;1467;227805;177318;52.7;41.0
73;2021-07-12;1052;4205;228857;181523;52.9;42.0
73;2021-07-13;1715;4226;230572;185749;53.3;42.9
73;2021-07-14;1833;1904;232405;187653;53.7;43.4
73;2021-07-15;2717;3787;235122;191440;54.4;44.3
73;2021-07-16;2382;3987;237504;195427;54.9;45.2
73;2021-07-17;1471;2584;238975;198011;55.2;45.8
73;2021-07-18;1175;1205;240150;199216;55.5;46.1
74;2020-12-27;1;0;1;0;0.0;0.0
74;2020-12-28;1;0;2;0;0.0;0.0
74;2020-12-29;0;0;2;0;0.0;0.0
74;2020-12-30;0;0;2;0;0.0;0.0
74;2020-12-31;0;0;2;0;0.0;0.0
74;2021-01-01;0;0;2;0;0.0;0.0
74;2021-01-02;1;1;3;1;0.0;0.0
74;2021-01-03;0;0;3;1;0.0;0.0
74;2021-01-04;0;0;3;1;0.0;0.0
74;2021-01-05;0;0;3;1;0.0;0.0
74;2021-01-06;43;0;46;1;0.0;0.0
74;2021-01-07;217;1;263;2;0.0;0.0
74;2021-01-08;291;0;554;2;0.1;0.0
74;2021-01-09;78;0;632;2;0.1;0.0
74;2021-01-10;73;0;705;2;0.1;0.0
74;2021-01-11;372;0;1077;2;0.1;0.0
74;2021-01-12;402;3;1479;5;0.2;0.0
74;2021-01-13;396;0;1875;5;0.2;0.0
74;2021-01-14;456;1;2331;6;0.3;0.0
74;2021-01-15;637;4;2968;10;0.4;0.0
74;2021-01-16;248;1;3216;11;0.4;0.0
74;2021-01-17;129;0;3345;11;0.4;0.0
74;2021-01-18;521;0;3866;11;0.5;0.0
74;2021-01-19;807;2;4673;13;0.6;0.0
74;2021-01-20;1274;4;5947;17;0.7;0.0
74;2021-01-21;1536;1;7483;18;0.9;0.0
74;2021-01-22;1207;6;8690;24;1.0;0.0
74;2021-01-23;342;0;9032;24;1.1;0.0
74;2021-01-24;89;0;9121;24;1.1;0.0
74;2021-01-25;793;2;9914;26;1.2;0.0
74;2021-01-26;1332;8;11246;34;1.4;0.0
74;2021-01-27;1070;10;12316;44;1.5;0.0
74;2021-01-28;982;29;13298;73;1.6;0.0
74;2021-01-29;873;42;14171;115;1.7;0.0
74;2021-01-30;303;1;14474;116;1.7;0.0
74;2021-01-31;84;0;14558;116;1.8;0.0
74;2021-02-01;620;44;15178;160;1.8;0.0
74;2021-02-02;639;155;15817;315;1.9;0.0
74;2021-02-03;596;123;16413;438;2.0;0.1
74;2021-02-04;610;135;17023;573;2.1;0.1
74;2021-02-05;542;227;17565;800;2.1;0.1
74;2021-02-06;266;140;17831;940;2.2;0.1
74;2021-02-07;93;127;17924;1067;2.2;0.1
74;2021-02-08;611;351;18535;1418;2.2;0.2
74;2021-02-09;534;534;19069;1952;2.3;0.2
74;2021-02-10;682;523;19751;2475;2.4;0.3
74;2021-02-11;1052;1016;20803;3491;2.5;0.4
74;2021-02-12;901;615;21704;4106;2.6;0.5
74;2021-02-13;399;238;22103;4344;2.7;0.5
74;2021-02-14;313;109;22416;4453;2.7;0.5
74;2021-02-15;275;854;22691;5307;2.7;0.6
74;2021-02-16;485;1070;23176;6377;2.8;0.8
74;2021-02-17;528;1112;23704;7489;2.9;0.9
74;2021-02-18;470;992;24174;8481;2.9;1.0
74;2021-02-19;616;653;24790;9134;3.0;1.1
74;2021-02-20;114;192;24904;9326;3.0;1.1
74;2021-02-21;46;62;24950;9388;3.0;1.1
74;2021-02-22;315;784;25265;10172;3.0;1.2
74;2021-02-23;299;825;25564;10997;3.1;1.3
74;2021-02-24;239;678;25803;11675;3.1;1.4
74;2021-02-25;517;748;26320;12423;3.2;1.5
74;2021-02-26;965;690;27285;13113;3.3;1.6
74;2021-02-27;253;185;27538;13298;3.3;1.6
74;2021-02-28;123;67;27661;13365;3.3;1.6
74;2021-03-01;717;623;28378;13988;3.4;1.7
74;2021-03-02;1083;664;29461;14652;3.6;1.8
74;2021-03-03;1009;629;30470;15281;3.7;1.8
74;2021-03-04;1599;999;32069;16280;3.9;2.0
74;2021-03-05;2079;881;34148;17161;4.1;2.1
74;2021-03-06;1744;303;35892;17464;4.3;2.1
74;2021-03-07;1382;97;37274;17561;4.5;2.1
74;2021-03-08;1191;953;38465;18514;4.6;2.2
74;2021-03-09;1921;646;40386;19160;4.9;2.3
74;2021-03-10;1736;882;42122;20042;5.1;2.4
74;2021-03-11;2433;680;44555;20722;5.4;2.5
74;2021-03-12;3231;978;47786;21700;5.8;2.6
74;2021-03-13;1986;253;49772;21953;6.0;2.7
74;2021-03-14;601;96;50373;22049;6.1;2.7
74;2021-03-15;2112;530;52485;22579;6.3;2.7
74;2021-03-16;1946;385;54431;22964;6.6;2.8
74;2021-03-17;1965;289;56396;23253;6.8;2.8
74;2021-03-18;2123;298;58519;23551;7.1;2.8
74;2021-03-19;2614;280;61133;23831;7.4;2.9
74;2021-03-20;1372;83;62505;23914;7.5;2.9
74;2021-03-21;285;29;62790;23943;7.6;2.9
74;2021-03-22;2036;321;64826;24264;7.8;2.9
74;2021-03-23;2709;303;67535;24567;8.2;3.0
74;2021-03-24;2928;277;70463;24844;8.5;3.0
74;2021-03-25;3860;269;74323;25113;9.0;3.0
74;2021-03-26;4085;375;78408;25488;9.5;3.1
74;2021-03-27;1935;232;80343;25720;9.7;3.1
74;2021-03-28;434;73;80777;25793;9.8;3.1
74;2021-03-29;3023;692;83800;26485;10.1;3.2
74;2021-03-30;3533;723;87333;27208;10.5;3.3
74;2021-03-31;3128;700;90461;27908;10.9;3.4
74;2021-04-01;4201;831;94662;28739;11.4;3.5
74;2021-04-02;3677;752;98339;29491;11.9;3.6
74;2021-04-03;1688;521;100027;30012;12.1;3.6
74;2021-04-04;235;119;100262;30131;12.1;3.6
74;2021-04-05;431;13;100693;30144;12.2;3.6
74;2021-04-06;2613;1171;103306;31315;12.5;3.8
74;2021-04-07;3157;1191;106463;32506;12.9;3.9
74;2021-04-08;3843;1147;110306;33653;13.3;4.1
74;2021-04-09;4079;1136;114385;34789;13.8;4.2
74;2021-04-10;1939;1018;116324;35807;14.0;4.3
74;2021-04-11;251;184;116575;35991;14.1;4.3
74;2021-04-12;2700;1747;119275;37738;14.4;4.6
74;2021-04-13;3093;2058;122368;39796;14.8;4.8
74;2021-04-14;2878;1919;125246;41715;15.1;5.0
74;2021-04-15;3410;1843;128656;43558;15.5;5.3
74;2021-04-16;3364;1704;132020;45262;15.9;5.5
74;2021-04-17;1921;1020;133941;46282;16.2;5.6
74;2021-04-18;215;203;134156;46485;16.2;5.6
74;2021-04-19;2093;2066;136249;48551;16.4;5.9
74;2021-04-20;3054;2384;139303;50935;16.8;6.1
74;2021-04-21;2453;2358;141756;53293;17.1;6.4
74;2021-04-22;2614;2279;144370;55572;17.4;6.7
74;2021-04-23;2545;2220;146915;57792;17.7;7.0
74;2021-04-24;1481;1526;148396;59318;17.9;7.2
74;2021-04-25;222;147;148618;59465;17.9;7.2
74;2021-04-26;2382;2434;151000;61899;18.2;7.5
74;2021-04-27;3251;2864;154251;64763;18.6;7.8
74;2021-04-28;3447;2586;157698;67349;19.0;8.1
74;2021-04-29;3903;2626;161601;69975;19.5;8.4
74;2021-04-30;4072;2168;165673;72143;20.0;8.7
74;2021-05-01;2113;343;167786;72486;20.3;8.8
74;2021-05-02;203;234;167989;72720;20.3;8.8
74;2021-05-03;2595;2968;170584;75688;20.6;9.1
74;2021-05-04;3217;3053;173801;78741;21.0;9.5
74;2021-05-05;3393;2987;177194;81728;21.4;9.9
74;2021-05-06;3846;2586;181040;84314;21.9;10.2
74;2021-05-07;3594;3510;184634;87824;22.3;10.6
74;2021-05-08;1150;813;185784;88637;22.4;10.7
74;2021-05-09;191;248;185975;88885;22.4;10.7
74;2021-05-10;3471;3126;189446;92011;22.9;11.1
74;2021-05-11;4313;3410;193759;95421;23.4;11.5
74;2021-05-12;5285;2942;199044;98363;24.0;11.9
74;2021-05-13;2352;939;201396;99302;24.3;12.0
74;2021-05-14;5940;2370;207336;101672;25.0;12.3
74;2021-05-15;4510;1841;211846;103513;25.6;12.5
74;2021-05-16;2999;328;214845;103841;25.9;12.5
74;2021-05-17;5393;2850;220238;106691;26.6;12.9
74;2021-05-18;6764;2774;227002;109465;27.4;13.2
74;2021-05-19;6216;2280;233218;111745;28.2;13.5
74;2021-05-20;6622;2517;239840;114262;29.0;13.8
74;2021-05-21;6514;2970;246354;117232;29.7;14.2
74;2021-05-22;5287;1561;251641;118793;30.4;14.3
74;2021-05-23;2047;280;253688;119073;30.6;14.4
74;2021-05-24;2357;655;256045;119728;30.9;14.5
74;2021-05-25;5062;3320;261107;123048;31.5;14.9
74;2021-05-26;5234;2552;266341;125600;32.2;15.2
74;2021-05-27;5989;2973;272330;128573;32.9;15.5
74;2021-05-28;5658;3572;277988;132145;33.6;16.0
74;2021-05-29;3789;2139;281777;134284;34.0;16.2
74;2021-05-30;483;306;282260;134590;34.1;16.2
74;2021-05-31;5061;3550;287321;138140;34.7;16.7
74;2021-06-01;4911;3714;292232;141854;35.3;17.1
74;2021-06-02;5247;3190;297479;145044;35.9;17.5
74;2021-06-03;6877;3235;304356;148279;36.7;17.9
74;2021-06-04;6889;4414;311245;152693;37.6;18.4
74;2021-06-05;4604;2707;315849;155400;38.1;18.8
74;2021-06-06;122;113;315971;155513;38.1;18.8
74;2021-06-07;4999;4137;320970;159650;38.7;19.3
74;2021-06-08;4975;3941;325945;163591;39.3;19.7
74;2021-06-09;5034;3479;330979;167070;40.0;20.2
74;2021-06-10;5054;2850;336033;169920;40.6;20.5
74;2021-06-11;5178;3786;341211;173706;41.2;21.0
74;2021-06-12;3549;2374;344760;176080;41.6;21.3
74;2021-06-13;116;87;344876;176167;41.6;21.3
74;2021-06-14;3549;4485;348425;180652;42.1;21.8
74;2021-06-15;3631;3892;352056;184544;42.5;22.3
74;2021-06-16;4754;3105;356810;187649;43.1;22.7
74;2021-06-17;3773;2940;360583;190589;43.5;23.0
74;2021-06-18;4067;4661;364650;195250;44.0;23.6
74;2021-06-19;2969;3102;367619;198352;44.4;23.9
74;2021-06-20;114;97;367733;198449;44.4;24.0
74;2021-06-21;2364;5433;370097;203882;44.7;24.6
74;2021-06-22;2445;5320;372542;209202;45.0;25.3
74;2021-06-23;2900;4616;375442;213818;45.3;25.8
74;2021-06-24;2813;4629;378255;218447;45.7;26.4
74;2021-06-25;2887;6765;381142;225212;46.0;27.2
74;2021-06-26;1673;5394;382815;230606;46.2;27.8
74;2021-06-27;60;1665;382875;232271;46.2;28.0
74;2021-06-28;1883;7225;384758;239496;46.4;28.9
74;2021-06-29;2260;7417;387018;246913;46.7;29.8
74;2021-06-30;2684;6539;389702;253452;47.0;30.6
74;2021-07-01;2955;5384;392657;258836;47.4;31.2
74;2021-07-02;2968;6625;395625;265461;47.8;32.0
74;2021-07-03;1682;5079;397307;270540;48.0;32.7
74;2021-07-04;77;1021;397384;271561;48.0;32.8
74;2021-07-05;2019;6835;399403;278396;48.2;33.6
74;2021-07-06;2535;6480;401938;284876;48.5;34.4
74;2021-07-07;2908;5432;404846;290308;48.9;35.0
74;2021-07-08;3734;4885;408580;295193;49.3;35.6
74;2021-07-09;2575;6953;411155;302146;49.6;36.5
74;2021-07-10;1590;5120;412745;307266;49.8;37.1
74;2021-07-11;69;141;412814;307407;49.8;37.1
74;2021-07-12;2037;7888;414851;315295;50.1;38.1
74;2021-07-13;3909;7544;418760;322839;50.6;39.0
74;2021-07-14;1951;2221;420711;325060;50.8;39.2
74;2021-07-15;3527;6821;424238;331881;51.2;40.1
74;2021-07-16;4116;7703;428354;339584;51.7;41.0
74;2021-07-17;2811;5274;431165;344858;52.0;41.6
74;2021-07-18;148;157;431313;345015;52.1;41.6
75;2020-12-27;0;0;0;0;0.0;0.0
75;2020-12-28;5;0;5;0;0.0;0.0
75;2020-12-29;5;0;10;0;0.0;0.0
75;2020-12-30;29;0;39;0;0.0;0.0
75;2020-12-31;22;0;61;0;0.0;0.0
75;2021-01-01;13;0;74;0;0.0;0.0
75;2021-01-02;51;1;125;1;0.0;0.0
75;2021-01-03;77;0;202;1;0.0;0.0
75;2021-01-04;274;1;476;2;0.0;0.0
75;2021-01-05;844;13;1320;15;0.1;0.0
75;2021-01-06;1325;15;2645;30;0.1;0.0
75;2021-01-07;2048;16;4693;46;0.2;0.0
75;2021-01-08;2842;29;7535;75;0.4;0.0
75;2021-01-09;1081;3;8616;78;0.4;0.0
75;2021-01-10;1089;4;9705;82;0.5;0.0
75;2021-01-11;3047;45;12752;127;0.6;0.0
75;2021-01-12;3443;52;16195;179;0.8;0.0
75;2021-01-13;3516;43;19711;222;0.9;0.0
75;2021-01-14;3555;57;23266;279;1.1;0.0
75;2021-01-15;3259;44;26525;323;1.2;0.0
75;2021-01-16;1110;16;27635;339;1.3;0.0
75;2021-01-17;525;14;28160;353;1.3;0.0
75;2021-01-18;3205;76;31365;429;1.5;0.0
75;2021-01-19;3818;49;35183;478;1.6;0.0
75;2021-01-20;4342;66;39525;544;1.8;0.0
75;2021-01-21;4841;79;44366;623;2.1;0.0
75;2021-01-22;4517;79;48883;702;2.3;0.0
75;2021-01-23;1721;16;50604;718;2.4;0.0
75;2021-01-24;714;6;51318;724;2.4;0.0
75;2021-01-25;1658;24;52976;748;2.5;0.0
75;2021-01-26;2511;86;55487;834;2.6;0.0
75;2021-01-27;3053;158;58540;992;2.7;0.0
75;2021-01-28;4716;246;63256;1238;2.9;0.1
75;2021-01-29;3988;265;67244;1503;3.1;0.1
75;2021-01-30;1337;33;68581;1536;3.2;0.1
75;2021-01-31;186;3;68767;1539;3.2;0.1
75;2021-02-01;1586;382;70353;1921;3.3;0.1
75;2021-02-02;2101;651;72454;2572;3.4;0.1
75;2021-02-03;1845;685;74299;3257;3.5;0.2
75;2021-02-04;2094;1132;76393;4389;3.6;0.2
75;2021-02-05;2162;872;78555;5261;3.7;0.2
75;2021-02-06;1051;90;79606;5351;3.7;0.2
75;2021-02-07;157;6;79763;5357;3.7;0.2
75;2021-02-08;1217;1472;80980;6829;3.8;0.3
75;2021-02-09;1721;2382;82701;9211;3.8;0.4
75;2021-02-10;2360;2391;85061;11602;4.0;0.5
75;2021-02-11;2886;6483;87947;18085;4.1;0.8
75;2021-02-12;3068;2418;91015;20503;4.2;1.0
75;2021-02-13;825;1064;91840;21567;4.3;1.0
75;2021-02-14;179;42;92019;21609;4.3;1.0
75;2021-02-15;967;2479;92986;24088;4.3;1.1
75;2021-02-16;1410;6573;94396;30661;4.4;1.4
75;2021-02-17;1281;3241;95677;33902;4.5;1.6
75;2021-02-18;1721;5871;97398;39773;4.5;1.9
75;2021-02-19;2174;4145;99572;43918;4.6;2.0
75;2021-02-20;457;1692;100029;45610;4.7;2.1
75;2021-02-21;170;158;100199;45768;4.7;2.1
75;2021-02-22;1178;1932;101377;47700;4.7;2.2
75;2021-02-23;1404;2724;102781;50424;4.8;2.3
75;2021-02-24;1604;2340;104385;52764;4.9;2.5
75;2021-02-25;2703;5352;107088;58116;5.0;2.7
75;2021-02-26;3302;2724;110390;60840;5.1;2.8
75;2021-02-27;1366;934;111756;61774;5.2;2.9
75;2021-02-28;297;142;112053;61916;5.2;2.9
75;2021-03-01;2519;1671;114572;63587;5.3;3.0
75;2021-03-02;4093;2170;118665;65757;5.5;3.1
75;2021-03-03;5331;2297;123996;68054;5.8;3.2
75;2021-03-04;7910;2531;131906;70585;6.1;3.3
75;2021-03-05;10429;2677;142335;73262;6.6;3.4
75;2021-03-06;10986;999;153321;74261;7.1;3.5
75;2021-03-07;9428;1470;162749;75731;7.6;3.5
75;2021-03-08;5808;1530;168557;77261;7.8;3.6
75;2021-03-09;7422;2069;175979;79330;8.2;3.7
75;2021-03-10;7374;2056;183353;81386;8.5;3.8
75;2021-03-11;10217;2448;193570;83834;9.0;3.9
75;2021-03-12;11951;2445;205521;86279;9.6;4.0
75;2021-03-13;8486;709;214007;86988;10.0;4.0
75;2021-03-14;4122;209;218129;87197;10.2;4.1
75;2021-03-15;7360;925;225489;88122;10.5;4.1
75;2021-03-16;5058;659;230547;88781;10.7;4.1
75;2021-03-17;5335;806;235882;89587;11.0;4.2
75;2021-03-18;6497;834;242379;90421;11.3;4.2
75;2021-03-19;9606;927;251985;91348;11.7;4.3
75;2021-03-20;5837;568;257822;91916;12.0;4.3
75;2021-03-21;1523;427;259345;92343;12.1;4.3
75;2021-03-22;8486;979;267831;93322;12.5;4.3
75;2021-03-23;10817;1190;278648;94512;13.0;4.4
75;2021-03-24;10819;1270;289467;95782;13.5;4.5
75;2021-03-25;14065;1428;303532;97210;14.1;4.5
75;2021-03-26;13831;1627;317363;98837;14.8;4.6
75;2021-03-27;7203;756;324566;99593;15.1;4.6
75;2021-03-28;1716;138;326282;99731;15.2;4.6
75;2021-03-29;7842;2204;334124;101935;15.6;4.7
75;2021-03-30;10783;3191;344907;105126;16.1;4.9
75;2021-03-31;9605;3575;354512;108701;16.5;5.1
75;2021-04-01;10543;5161;365055;113862;17.0;5.3
75;2021-04-02;8931;5541;373986;119403;17.4;5.6
75;2021-04-03;4059;4875;378045;124278;17.6;5.8
75;2021-04-04;1374;1492;379419;125770;17.7;5.9
75;2021-04-05;2159;1431;381578;127201;17.8;5.9
75;2021-04-06;6779;4278;388357;131479;18.1;6.1
75;2021-04-07;7962;4395;396319;135874;18.4;6.3
75;2021-04-08;10946;4130;407265;140004;19.0;6.5
75;2021-04-09;12072;4554;419337;144558;19.5;6.7
75;2021-04-10;5766;4264;425103;148822;19.8;6.9
75;2021-04-11;1881;1789;426984;150611;19.9;7.0
75;2021-04-12;7387;3763;434371;154374;20.2;7.2
75;2021-04-13;8452;6863;442823;161237;20.6;7.5
75;2021-04-14;8189;5199;451012;166436;21.0;7.7
75;2021-04-15;8784;6120;459796;172556;21.4;8.0
75;2021-04-16;9250;6091;469046;178647;21.8;8.3
75;2021-04-17;4767;3639;473813;182286;22.1;8.5
75;2021-04-18;1624;870;475437;183156;22.1;8.5
75;2021-04-19;5488;4922;480925;188078;22.4;8.8
75;2021-04-20;6380;5932;487305;194010;22.7;9.0
75;2021-04-21;6764;5564;494069;199574;23.0;9.3
75;2021-04-22;7435;5891;501504;205465;23.3;9.6
75;2021-04-23;8199;6027;509703;211492;23.7;9.8
75;2021-04-24;6112;3329;515815;214821;24.0;10.0
75;2021-04-25;2923;749;518738;215570;24.1;10.0
75;2021-04-26;6946;4701;525684;220271;24.5;10.3
75;2021-04-27;10519;6386;536203;226657;25.0;10.6
75;2021-04-28;12113;5995;548316;232652;25.5;10.8
75;2021-04-29;13675;6278;561991;238930;26.2;11.1
75;2021-04-30;13574;6147;575565;245077;26.8;11.4
75;2021-05-01;5039;1315;580604;246392;27.0;11.5
75;2021-05-02;2347;781;582951;247173;27.1;11.5
75;2021-05-03;10205;13569;593156;260742;27.6;12.1
75;2021-05-04;11089;8068;604245;268810;28.1;12.5
75;2021-05-05;13444;6678;617689;275488;28.8;12.8
75;2021-05-06;13918;8160;631607;283648;29.4;13.2
75;2021-05-07;13893;8557;645500;292205;30.0;13.6
75;2021-05-08;10006;5517;655506;297722;30.5;13.9
75;2021-05-09;3771;3194;659277;300916;30.7;14.0
75;2021-05-10;14239;6712;673516;307628;31.4;14.3
75;2021-05-11;16771;8410;690287;316038;32.1;14.7
75;2021-05-12;17856;8124;708143;324162;33.0;15.1
75;2021-05-13;13546;2482;721689;326644;33.6;15.2
75;2021-05-14;18300;5112;739989;331756;34.4;15.4
75;2021-05-15;12235;2624;752224;334380;35.0;15.6
75;2021-05-16;3813;759;756037;335139;35.2;15.6
75;2021-05-17;15899;4627;771936;339766;35.9;15.8
75;2021-05-18;19046;5304;790982;345070;36.8;16.1
75;2021-05-19;20628;10709;811610;355779;37.8;16.6
75;2021-05-20;21468;8641;833078;364420;38.8;17.0
75;2021-05-21;20940;6520;854018;370940;39.8;17.3
75;2021-05-22;15887;3301;869905;374241;40.5;17.4
75;2021-05-23;5577;1336;875482;375577;40.8;17.5
75;2021-05-24;15591;2557;891073;378134;41.5;17.6
75;2021-05-25;17941;9611;909014;387745;42.3;18.0
75;2021-05-26;18759;8178;927773;395923;43.2;18.4
75;2021-05-27;20062;9804;947835;405727;44.1;18.9
75;2021-05-28;19266;10850;967101;416577;45.0;19.4
75;2021-05-29;16063;5818;983164;422395;45.8;19.7
75;2021-05-30;7001;2132;990165;424527;46.1;19.8
75;2021-05-31;18029;9441;1008194;433968;46.9;20.2
75;2021-06-01;18445;12957;1026639;446925;47.8;20.8
75;2021-06-02;17967;10259;1044606;457184;48.6;21.3
75;2021-06-03;20026;11939;1064632;469123;49.6;21.8
75;2021-06-04;17877;12848;1082509;481971;50.4;22.4
75;2021-06-05;11902;9618;1094411;491589;50.9;22.9
75;2021-06-06;6657;3153;1101068;494742;51.3;23.0
75;2021-06-07;13777;11812;1114845;506554;51.9;23.6
75;2021-06-08;14638;13941;1129483;520495;52.6;24.2
75;2021-06-09;16316;15221;1145799;535716;53.3;24.9
75;2021-06-10;18033;26303;1163832;562019;54.2;26.2
75;2021-06-11;15012;16426;1178844;578445;54.9;26.9
75;2021-06-12;13177;9977;1192021;588422;55.5;27.4
75;2021-06-13;6216;3777;1198237;592199;55.8;27.6
75;2021-06-14;11574;15403;1209811;607602;56.3;28.3
75;2021-06-15;12315;19490;1222126;627092;56.9;29.2
75;2021-06-16;11920;17177;1234046;644269;57.4;30.0
75;2021-06-17;12436;17620;1246482;661889;58.0;30.8
75;2021-06-18;9878;22587;1256360;684476;58.5;31.9
75;2021-06-19;7403;11828;1263763;696304;58.8;32.4
75;2021-06-20;2763;5487;1266526;701791;59.0;32.7
75;2021-06-21;8259;16324;1274785;718115;59.3;33.4
75;2021-06-22;8566;21789;1283351;739904;59.7;34.4
75;2021-06-23;10005;21420;1293356;761324;60.2;35.4
75;2021-06-24;11089;20598;1304445;781922;60.7;36.4
75;2021-06-25;9179;24679;1313624;806601;61.1;37.5
75;2021-06-26;7829;15403;1321453;822004;61.5;38.3
75;2021-06-27;2649;6327;1324102;828331;61.6;38.6
75;2021-06-28;8188;20090;1332290;848421;62.0;39.5
75;2021-06-29;9051;23811;1341341;872232;62.4;40.6
75;2021-06-30;9703;23561;1351044;895793;62.9;41.7
75;2021-07-01;10707;23350;1361751;919143;63.4;42.8
75;2021-07-02;10057;24686;1371808;943829;63.9;43.9
75;2021-07-03;7635;19784;1379443;963613;64.2;44.9
75;2021-07-04;3805;9547;1383248;973160;64.4;45.3
75;2021-07-05;8670;21500;1391918;994660;64.8;46.3
75;2021-07-06;9691;23954;1401609;1018614;65.2;47.4
75;2021-07-07;9665;25026;1411274;1043640;65.7;48.6
75;2021-07-08;10271;24951;1421545;1068591;66.2;49.7
75;2021-07-09;10157;23942;1431702;1092533;66.6;50.9
75;2021-07-10;7741;18483;1439443;1111016;67.0;51.7
75;2021-07-11;4297;8520;1443740;1119536;67.2;52.1
75;2021-07-12;9078;22978;1452818;1142514;67.6;53.2
75;2021-07-13;13779;24649;1466597;1167163;68.3;54.3
75;2021-07-14;8043;9636;1474640;1176799;68.6;54.8
75;2021-07-15;14481;25456;1489121;1202255;69.3;56.0
75;2021-07-16;14783;21856;1503904;1224111;70.0;57.0
75;2021-07-17;11160;16724;1515064;1240835;70.5;57.8
75;2021-07-18;6178;6739;1521242;1247574;70.8;58.1
76;2020-12-27;0;0;0;0;0.0;0.0
76;2020-12-28;0;0;0;0;0.0;0.0
76;2020-12-29;0;0;0;0;0.0;0.0
76;2020-12-30;0;0;0;0;0.0;0.0
76;2020-12-31;0;0;0;0;0.0;0.0
76;2021-01-01;0;0;0;0;0.0;0.0
76;2021-01-02;0;0;0;0;0.0;0.0
76;2021-01-03;0;0;0;0;0.0;0.0
76;2021-01-04;17;0;17;0;0.0;0.0
76;2021-01-05;138;0;155;0;0.0;0.0
76;2021-01-06;682;2;837;2;0.1;0.0
76;2021-01-07;1355;6;2192;8;0.2;0.0
76;2021-01-08;1535;0;3727;8;0.3;0.0
76;2021-01-09;736;1;4463;9;0.4;0.0
76;2021-01-10;492;1;4955;10;0.4;0.0
76;2021-01-11;1358;2;6313;12;0.5;0.0
76;2021-01-12;1357;0;7670;12;0.6;0.0
76;2021-01-13;1187;4;8857;16;0.7;0.0
76;2021-01-14;2166;20;11023;36;0.9;0.0
76;2021-01-15;1909;4;12932;40;1.0;0.0
76;2021-01-16;985;3;13917;43;1.1;0.0
76;2021-01-17;2893;19;16810;62;1.4;0.0
76;2021-01-18;4384;13;21194;75;1.7;0.0
76;2021-01-19;3012;7;24206;82;1.9;0.0
76;2021-01-20;2066;8;26272;90;2.1;0.0
76;2021-01-21;1773;4;28045;94;2.3;0.0
76;2021-01-22;1703;4;29748;98;2.4;0.0
76;2021-01-23;449;1;30197;99;2.4;0.0
76;2021-01-24;99;0;30296;99;2.4;0.0
76;2021-01-25;1473;140;31769;239;2.6;0.0
76;2021-01-26;1388;335;33157;574;2.7;0.0
76;2021-01-27;1340;431;34497;1005;2.8;0.1
76;2021-01-28;1283;384;35780;1389;2.9;0.1
76;2021-01-29;1151;463;36931;1852;3.0;0.1
76;2021-01-30;283;304;37214;2156;3.0;0.2
76;2021-01-31;4;99;37218;2255;3.0;0.2
76;2021-02-01;837;817;38055;3072;3.1;0.2
76;2021-02-02;1055;1018;39110;4090;3.1;0.3
76;2021-02-03;915;1002;40025;5092;3.2;0.4
76;2021-02-04;975;1457;41000;6549;3.3;0.5
76;2021-02-05;973;1105;41973;7654;3.4;0.6
76;2021-02-06;258;878;42231;8532;3.4;0.7
76;2021-02-07;467;1660;42698;10192;3.4;0.8
76;2021-02-08;1924;3729;44622;13921;3.6;1.1
76;2021-02-09;1754;2990;46376;16911;3.7;1.4
76;2021-02-10;1488;1816;47864;18727;3.8;1.5
76;2021-02-11;1675;1525;49539;20252;4.0;1.6
76;2021-02-12;1709;1572;51248;21824;4.1;1.8
76;2021-02-13;230;336;51478;22160;4.1;1.8
76;2021-02-14;9;82;51487;22242;4.1;1.8
76;2021-02-15;553;1724;52040;23966;4.2;1.9
76;2021-02-16;741;1637;52781;25603;4.2;2.1
76;2021-02-17;624;1457;53405;27060;4.3;2.2
76;2021-02-18;778;1381;54183;28441;4.4;2.3
76;2021-02-19;868;1343;55051;29784;4.4;2.4
76;2021-02-20;269;292;55320;30076;4.4;2.4
76;2021-02-21;0;0;55320;30076;4.4;2.4
76;2021-02-22;371;1314;55691;31390;4.5;2.5
76;2021-02-23;574;1240;56265;32630;4.5;2.6
76;2021-02-24;597;1204;56862;33834;4.6;2.7
76;2021-02-25;1665;1251;58527;35085;4.7;2.8
76;2021-02-26;2170;1038;60697;36123;4.9;2.9
76;2021-02-27;1108;266;61805;36389;5.0;2.9
76;2021-02-28;27;194;61832;36583;5.0;2.9
76;2021-03-01;823;2107;62655;38690;5.0;3.1
76;2021-03-02;1374;1712;64029;40402;5.1;3.2
76;2021-03-03;1935;1383;65964;41785;5.3;3.4
76;2021-03-04;2803;1087;68767;42872;5.5;3.4
76;2021-03-05;4169;775;72936;43647;5.9;3.5
76;2021-03-06;3360;138;76296;43785;6.1;3.5
76;2021-03-07;1257;26;77553;43811;6.2;3.5
76;2021-03-08;2096;1241;79649;45052;6.4;3.6
76;2021-03-09;3569;1149;83218;46201;6.7;3.7
76;2021-03-10;3590;1038;86808;47239;7.0;3.8
76;2021-03-11;5626;900;92434;48139;7.4;3.9
76;2021-03-12;6816;552;99250;48691;8.0;3.9
76;2021-03-13;4636;107;103886;48798;8.4;3.9
76;2021-03-14;1069;15;104955;48813;8.4;3.9
76;2021-03-15;2913;218;107868;49031;8.7;3.9
76;2021-03-16;2550;390;110418;49421;8.9;4.0
76;2021-03-17;2694;299;113112;49720;9.1;4.0
76;2021-03-18;2995;295;116107;50015;9.3;4.0
76;2021-03-19;4391;402;120498;50417;9.7;4.1
76;2021-03-20;3972;254;124470;50671;10.0;4.1
76;2021-03-21;836;10;125306;50681;10.1;4.1
76;2021-03-22;3984;331;129290;51012;10.4;4.1
76;2021-03-23;5702;313;134992;51325;10.9;4.1
76;2021-03-24;5666;361;140658;51686;11.3;4.2
76;2021-03-25;7506;518;148164;52204;11.9;4.2
76;2021-03-26;8711;535;156875;52739;12.6;4.2
76;2021-03-27;4808;342;161683;53081;13.0;4.3
76;2021-03-28;1020;21;162703;53102;13.1;4.3
76;2021-03-29;5390;792;168093;53894;13.5;4.3
76;2021-03-30;6580;1009;174673;54903;14.0;4.4
76;2021-03-31;6447;1222;181120;56125;14.6;4.5
76;2021-04-01;6774;2006;187894;58131;15.1;4.7
76;2021-04-02;6482;2623;194376;60754;15.6;4.9
76;2021-04-03;2439;1065;196815;61819;15.8;5.0
76;2021-04-04;262;11;197077;61830;15.8;5.0
76;2021-04-05;865;375;197942;62205;15.9;5.0
76;2021-04-06;3554;2769;201496;64974;16.2;5.2
76;2021-04-07;4417;2378;205913;67352;16.6;5.4
76;2021-04-08;5840;2776;211753;70128;17.0;5.6
76;2021-04-09;8794;3040;220547;73168;17.7;5.9
76;2021-04-10;4867;1381;225414;74549;18.1;6.0
76;2021-04-11;812;521;226226;75070;18.2;6.0
76;2021-04-12;4724;2843;230950;77913;18.6;6.3
76;2021-04-13;5915;2858;236865;80771;19.0;6.5
76;2021-04-14;4804;3129;241669;83900;19.4;6.7
76;2021-04-15;5557;3363;247226;87263;19.9;7.0
76;2021-04-16;7350;3423;254576;90686;20.5;7.3
76;2021-04-17;4383;1420;258959;92106;20.8;7.4
76;2021-04-18;339;140;259298;92246;20.8;7.4
76;2021-04-19;3471;3759;262769;96005;21.1;7.7
76;2021-04-20;4339;4278;267108;100283;21.5;8.1
76;2021-04-21;4178;4658;271286;104941;21.8;8.4
76;2021-04-22;4549;5417;275835;110358;22.2;8.9
76;2021-04-23;5430;5903;281265;116261;22.6;9.3
76;2021-04-24;4161;2166;285426;118427;22.9;9.5
76;2021-04-25;887;261;286313;118688;23.0;9.5
76;2021-04-26;4472;4461;290785;123149;23.4;9.9
76;2021-04-27;4993;4989;295778;128138;23.8;10.3
76;2021-04-28;5342;4149;301120;132287;24.2;10.6
76;2021-04-29;6924;4153;308044;136440;24.8;11.0
76;2021-04-30;8214;4620;316258;141060;25.4;11.3
76;2021-05-01;4827;997;321085;142057;25.8;11.4
76;2021-05-02;1842;244;322927;142301;26.0;11.4
76;2021-05-03;4701;3316;327628;145617;26.3;11.7
76;2021-05-04;4817;4549;332445;150166;26.7;12.1
76;2021-05-05;4786;5139;337231;155305;27.1;12.5
76;2021-05-06;5915;5566;343146;160871;27.6;12.9
76;2021-05-07;6137;6753;349283;167624;28.1;13.5
76;2021-05-08;5050;886;354333;168510;28.5;13.5
76;2021-05-09;2534;232;356867;168742;28.7;13.6
76;2021-05-10;4943;5038;361810;173780;29.1;14.0
76;2021-05-11;6514;5665;368324;179445;29.6;14.4
76;2021-05-12;6261;5057;374585;184502;30.1;14.8
76;2021-05-13;8840;1266;383425;185768;30.8;14.9
76;2021-05-14;10403;4663;393828;190431;31.7;15.3
76;2021-05-15;9118;2440;402946;192871;32.4;15.5
76;2021-05-16;6233;473;409179;193344;32.9;15.5
76;2021-05-17;7189;3260;416368;196604;33.5;15.8
76;2021-05-18;8246;2790;424614;199394;34.1;16.0
76;2021-05-19;8306;3164;432920;202558;34.8;16.3
76;2021-05-20;9360;3366;442280;205924;35.6;16.6
76;2021-05-21;7954;4061;450234;209985;36.2;16.9
76;2021-05-22;7142;2343;457376;212328;36.8;17.1
76;2021-05-23;6377;392;463753;212720;37.3;17.1
76;2021-05-24;6664;1522;470417;214242;37.8;17.2
76;2021-05-25;7628;4064;478045;218306;38.4;17.6
76;2021-05-26;7196;3579;485241;221885;39.0;17.8
76;2021-05-27;8185;4682;493426;226567;39.7;18.2
76;2021-05-28;8209;6561;501635;233128;40.3;18.7
76;2021-05-29;6221;3515;507856;236643;40.8;19.0
76;2021-05-30;3146;426;511002;237069;41.1;19.1
76;2021-05-31;8160;3972;519162;241041;41.7;19.4
76;2021-06-01;9091;5010;528253;246051;42.5;19.8
76;2021-06-02;7682;4429;535935;250480;43.1;20.1
76;2021-06-03;9282;5381;545217;255861;43.8;20.6
76;2021-06-04;8967;6650;554184;262511;44.6;21.1
76;2021-06-05;6252;3806;560436;266317;45.1;21.4
76;2021-06-06;2542;647;562978;266964;45.3;21.5
76;2021-06-07;6796;5442;569774;272406;45.8;21.9
76;2021-06-08;8509;6267;578283;278673;46.5;22.4
76;2021-06-09;7035;6077;585318;284750;47.1;22.9
76;2021-06-10;7744;6553;593062;291303;47.7;23.4
76;2021-06-11;7354;8211;600416;299514;48.3;24.1
76;2021-06-12;7146;5859;607562;305373;48.8;24.6
76;2021-06-13;2953;1289;610515;306662;49.1;24.7
76;2021-06-14;6026;6692;616541;313354;49.6;25.2
76;2021-06-15;6067;7450;622608;320804;50.1;25.8
76;2021-06-16;6588;7464;629196;328268;50.6;26.4
76;2021-06-17;6944;7743;636140;336011;51.1;27.0
76;2021-06-18;7407;9178;643547;345189;51.7;27.8
76;2021-06-19;5970;6253;649517;351442;52.2;28.3
76;2021-06-20;2798;1808;652315;353250;52.4;28.4
76;2021-06-21;4904;8135;657219;361385;52.8;29.1
76;2021-06-22;4749;9878;661968;371263;53.2;29.8
76;2021-06-23;4553;9422;666521;380685;53.6;30.6
76;2021-06-24;4645;9907;671166;390592;54.0;31.4
76;2021-06-25;4901;11554;676067;402146;54.4;32.3
76;2021-06-26;3438;7876;679505;410022;54.6;33.0
76;2021-06-27;1358;5167;680863;415189;54.7;33.4
76;2021-06-28;3519;9933;684382;425122;55.0;34.2
76;2021-06-29;3809;10225;688191;435347;55.3;35.0
76;2021-06-30;4191;9841;692382;445188;55.7;35.8
76;2021-07-01;4524;9880;696906;455068;56.0;36.6
76;2021-07-02;4320;12009;701226;467077;56.4;37.6
76;2021-07-03;3579;8438;704805;475515;56.7;38.2
76;2021-07-04;1476;5304;706281;480819;56.8;38.7
76;2021-07-05;3910;9318;710191;490137;57.1;39.4
76;2021-07-06;4020;10073;714211;500210;57.4;40.2
76;2021-07-07;3959;9308;718170;509518;57.7;41.0
76;2021-07-08;4439;9430;722609;518948;58.1;41.7
76;2021-07-09;4318;12380;726927;531328;58.4;42.7
76;2021-07-10;3124;8536;730051;539864;58.7;43.4
76;2021-07-11;1770;2813;731821;542677;58.8;43.6
76;2021-07-12;3121;11134;734942;553811;59.1;44.5
76;2021-07-13;4887;12231;739829;566042;59.5;45.5
76;2021-07-14;4783;5517;744612;571559;59.9;46.0
76;2021-07-15;5830;11740;750442;583299;60.3;46.9
76;2021-07-16;6675;11978;757117;595277;60.9;47.9
76;2021-07-17;5251;8656;762368;603933;61.3;48.6
76;2021-07-18;2136;3318;764504;607251;61.5;48.8
77;2020-12-27;1;0;1;0;0.0;0.0
77;2020-12-28;0;0;1;0;0.0;0.0
77;2020-12-29;0;0;1;0;0.0;0.0
77;2020-12-30;0;0;1;0;0.0;0.0
77;2020-12-31;0;0;1;0;0.0;0.0
77;2021-01-01;2;0;3;0;0.0;0.0
77;2021-01-02;0;0;3;0;0.0;0.0
77;2021-01-03;0;0;3;0;0.0;0.0
77;2021-01-04;5;0;8;0;0.0;0.0
77;2021-01-05;199;0;207;0;0.0;0.0
77;2021-01-06;219;2;426;2;0.0;0.0
77;2021-01-07;517;2;943;4;0.1;0.0
77;2021-01-08;611;1;1554;5;0.1;0.0
77;2021-01-09;273;0;1827;5;0.1;0.0
77;2021-01-10;235;2;2062;7;0.1;0.0
77;2021-01-11;783;3;2845;10;0.2;0.0
77;2021-01-12;882;1;3727;11;0.3;0.0
77;2021-01-13;936;1;4663;12;0.3;0.0
77;2021-01-14;845;9;5508;21;0.4;0.0
77;2021-01-15;842;12;6350;33;0.4;0.0
77;2021-01-16;168;1;6518;34;0.5;0.0
77;2021-01-17;131;2;6649;36;0.5;0.0
77;2021-01-18;1190;4;7839;40;0.6;0.0
77;2021-01-19;1715;8;9554;48;0.7;0.0
77;2021-01-20;2534;5;12088;53;0.8;0.0
77;2021-01-21;2049;20;14137;73;1.0;0.0
77;2021-01-22;1148;7;15285;80;1.1;0.0
77;2021-01-23;348;0;15633;80;1.1;0.0
77;2021-01-24;43;0;15676;80;1.1;0.0
77;2021-01-25;938;65;16614;145;1.2;0.0
77;2021-01-26;1700;30;18314;175;1.3;0.0
77;2021-01-27;1361;42;19675;217;1.4;0.0
77;2021-01-28;1695;88;21370;305;1.5;0.0
77;2021-01-29;1267;147;22637;452;1.6;0.0
77;2021-01-30;210;2;22847;454;1.6;0.0
77;2021-01-31;0;0;22847;454;1.6;0.0
77;2021-02-01;568;212;23415;666;1.6;0.0
77;2021-02-02;866;270;24281;936;1.7;0.1
77;2021-02-03;793;539;25074;1475;1.8;0.1
77;2021-02-04;789;808;25863;2283;1.8;0.2
77;2021-02-05;856;854;26719;3137;1.9;0.2
77;2021-02-06;164;103;26883;3240;1.9;0.2
77;2021-02-07;16;92;26899;3332;1.9;0.2
77;2021-02-08;490;943;27389;4275;1.9;0.3
77;2021-02-09;586;1476;27975;5751;2.0;0.4
77;2021-02-10;1030;1851;29005;7602;2.0;0.5
77;2021-02-11;1056;1653;30061;9255;2.1;0.7
77;2021-02-12;1096;1184;31157;10439;2.2;0.7
77;2021-02-13;187;175;31344;10614;2.2;0.7
77;2021-02-14;11;57;31355;10671;2.2;0.7
77;2021-02-15;554;1031;31909;11702;2.2;0.8
77;2021-02-16;599;1540;32508;13242;2.3;0.9
77;2021-02-17;514;1188;33022;14430;2.3;1.0
77;2021-02-18;838;1616;33860;16046;2.4;1.1
77;2021-02-19;772;1171;34632;17217;2.4;1.2
77;2021-02-20;52;175;34684;17392;2.4;1.2
77;2021-02-21;7;31;34691;17423;2.4;1.2
77;2021-02-22;302;775;34993;18198;2.5;1.3
77;2021-02-23;358;1133;35351;19331;2.5;1.4
77;2021-02-24;508;894;35859;20225;2.5;1.4
77;2021-02-25;789;970;36648;21195;2.6;1.5
77;2021-02-26;839;843;37487;22038;2.6;1.5
77;2021-02-27;460;168;37947;22206;2.7;1.6
77;2021-02-28;31;5;37978;22211;2.7;1.6
77;2021-03-01;669;710;38647;22921;2.7;1.6
77;2021-03-02;1092;1025;39739;23946;2.8;1.7
77;2021-03-03;1950;1164;41689;25110;2.9;1.8
77;2021-03-04;2786;1126;44475;26236;3.1;1.8
77;2021-03-05;3367;1008;47842;27244;3.4;1.9
77;2021-03-06;4822;224;52664;27468;3.7;1.9
77;2021-03-07;3189;88;55853;27556;3.9;1.9
77;2021-03-08;1227;498;57080;28054;4.0;2.0
77;2021-03-09;2500;619;59580;28673;4.2;2.0
77;2021-03-10;2397;559;61977;29232;4.4;2.1
77;2021-03-11;3492;753;65469;29985;4.6;2.1
77;2021-03-12;3887;662;69356;30647;4.9;2.2
77;2021-03-13;4480;170;73836;30817;5.2;2.2
77;2021-03-14;2146;97;75982;30914;5.3;2.2
77;2021-03-15;2508;263;78490;31177;5.5;2.2
77;2021-03-16;2439;363;80929;31540;5.7;2.2
77;2021-03-17;2548;412;83477;31952;5.9;2.2
77;2021-03-18;2999;398;86476;32350;6.1;2.3
77;2021-03-19;3354;422;89830;32772;6.3;2.3
77;2021-03-20;1959;66;91789;32838;6.4;2.3
77;2021-03-21;240;12;92029;32850;6.5;2.3
77;2021-03-22;3015;389;95044;33239;6.7;2.3
77;2021-03-23;4510;502;99554;33741;7.0;2.4
77;2021-03-24;4148;614;103702;34355;7.3;2.4
77;2021-03-25;5898;401;109600;34756;7.7;2.4
77;2021-03-26;6257;411;115857;35167;8.1;2.5
77;2021-03-27;3316;96;119173;35263;8.4;2.5
77;2021-03-28;1730;37;120903;35300;8.5;2.5
77;2021-03-29;2650;674;123553;35974;8.7;2.5
77;2021-03-30;3987;1199;127540;37173;9.0;2.6
77;2021-03-31;3749;1209;131289;38382;9.2;2.7
77;2021-04-01;4137;1789;135426;40171;9.5;2.8
77;2021-04-02;3989;2007;139415;42178;9.8;3.0
77;2021-04-03;1744;2268;141159;44446;9.9;3.1
77;2021-04-04;425;1423;141584;45869;9.9;3.2
77;2021-04-05;157;163;141741;46032;10.0;3.2
77;2021-04-06;2708;1913;144449;47945;10.1;3.4
77;2021-04-07;3311;2077;147760;50022;10.4;3.5
77;2021-04-08;4523;2333;152283;52355;10.7;3.7
77;2021-04-09;4843;2069;157126;54424;11.0;3.8
77;2021-04-10;3070;2740;160196;57164;11.3;4.0
77;2021-04-11;585;716;160781;57880;11.3;4.1
77;2021-04-12;2229;1819;163010;59699;11.5;4.2
77;2021-04-13;3353;2634;166363;62333;11.7;4.4
77;2021-04-14;2517;2641;168880;64974;11.9;4.6
77;2021-04-15;3317;3100;172197;68074;12.1;4.8
77;2021-04-16;3572;2708;175769;70782;12.3;5.0
77;2021-04-17;1387;469;177156;71251;12.4;5.0
77;2021-04-18;149;10;177305;71261;12.5;5.0
77;2021-04-19;2076;2507;179381;73768;12.6;5.2
77;2021-04-20;2565;3374;181946;77142;12.8;5.4
77;2021-04-21;2192;3469;184138;80611;12.9;5.7
77;2021-04-22;2999;3830;187137;84441;13.1;5.9
77;2021-04-23;3523;3615;190660;88056;13.4;6.2
77;2021-04-24;4894;2498;195554;90554;13.7;6.4
77;2021-04-25;4083;1231;199637;91785;14.0;6.4
77;2021-04-26;3226;2030;202863;93815;14.2;6.6
77;2021-04-27;3992;2497;206855;96312;14.5;6.8
77;2021-04-28;4071;2594;210926;98906;14.8;6.9
77;2021-04-29;4473;3063;215399;101969;15.1;7.2
77;2021-04-30;4871;3323;220270;105292;15.5;7.4
77;2021-05-01;2458;587;222728;105879;15.6;7.4
77;2021-05-02;3142;268;225870;106147;15.9;7.5
77;2021-05-03;5982;2054;231852;108201;16.3;7.6
77;2021-05-04;6435;2975;238287;111176;16.7;7.8
77;2021-05-05;6008;3014;244295;114190;17.2;8.0
77;2021-05-06;6880;3577;251175;117767;17.6;8.3
77;2021-05-07;8200;3240;259375;121007;18.2;8.5
77;2021-05-08;5696;794;265071;121801;18.6;8.6
77;2021-05-09;4904;463;269975;122264;19.0;8.6
77;2021-05-10;8081;2314;278056;124578;19.5;8.8
77;2021-05-11;9570;2885;287626;127463;20.2;9.0
77;2021-05-12;8967;2275;296593;129738;20.8;9.1
77;2021-05-13;9300;855;305893;130593;21.5;9.2
77;2021-05-14;10419;1633;316312;132226;22.2;9.3
77;2021-05-15;8983;1240;325295;133466;22.9;9.4
77;2021-05-16;5150;459;330445;133925;23.2;9.4
77;2021-05-17;10363;1462;340808;135387;23.9;9.5
77;2021-05-18;11763;1779;352571;137166;24.8;9.6
77;2021-05-19;10899;1557;363470;138723;25.5;9.7
77;2021-05-20;12198;2150;375668;140873;26.4;9.9
77;2021-05-21;11646;2666;387314;143539;27.2;10.1
77;2021-05-22;9815;1721;397129;145260;27.9;10.2
77;2021-05-23;6983;798;404112;146058;28.4;10.3
77;2021-05-24;6759;766;410871;146824;28.9;10.3
77;2021-05-25;8302;2798;419173;149622;29.4;10.5
77;2021-05-26;7551;2951;426724;152573;30.0;10.7
77;2021-05-27;7547;3947;434271;156520;30.5;11.0
77;2021-05-28;7630;4004;441901;160524;31.0;11.3
77;2021-05-29;7355;2334;449256;162858;31.6;11.4
77;2021-05-30;4352;883;453608;163741;31.9;11.5
77;2021-05-31;8382;3819;461990;167560;32.5;11.8
77;2021-06-01;9625;4336;471615;171896;33.1;12.1
77;2021-06-02;8883;3854;480498;175750;33.8;12.3
77;2021-06-03;8991;5233;489489;180983;34.4;12.7
77;2021-06-04;9098;5472;498587;186455;35.0;13.1
77;2021-06-05;6619;4989;505206;191444;35.5;13.4
77;2021-06-06;4892;3205;510098;194649;35.8;13.7
77;2021-06-07;6390;4524;516488;199173;36.3;14.0
77;2021-06-08;5690;5202;522178;204375;36.7;14.4
77;2021-06-09;5022;4944;527200;209319;37.0;14.7
77;2021-06-10;4924;5443;532124;214762;37.4;15.1
77;2021-06-11;5692;6023;537816;220785;37.8;15.5
77;2021-06-12;6521;4734;544337;225519;38.2;15.8
77;2021-06-13;3493;3044;547830;228563;38.5;16.1
77;2021-06-14;3184;7918;551014;236481;38.7;16.6
77;2021-06-15;4078;8484;555092;244965;39.0;17.2
77;2021-06-16;4749;8369;559841;253334;39.3;17.8
77;2021-06-17;4440;9023;564281;262357;39.6;18.4
77;2021-06-18;4310;9775;568591;272132;39.9;19.1
77;2021-06-19;5259;6911;573850;279043;40.3;19.6
77;2021-06-20;2072;3794;575922;282837;40.5;19.9
77;2021-06-21;3191;9589;579113;292426;40.7;20.5
77;2021-06-22;3628;11378;582741;303804;40.9;21.3
77;2021-06-23;3413;10048;586154;313852;41.2;22.0
77;2021-06-24;3343;10927;589497;324779;41.4;22.8
77;2021-06-25;3603;10815;593100;335594;41.7;23.6
77;2021-06-26;4063;10058;597163;345652;41.9;24.3
77;2021-06-27;2106;6430;599269;352082;42.1;24.7
77;2021-06-28;2739;10825;602008;362907;42.3;25.5
77;2021-06-29;3302;12502;605310;375409;42.5;26.4
77;2021-06-30;3197;11434;608507;386843;42.7;27.2
77;2021-07-01;3242;11658;611749;398501;43.0;28.0
77;2021-07-02;3403;12227;615152;410728;43.2;28.9
77;2021-07-03;3129;10792;618281;421520;43.4;29.6
77;2021-07-04;1983;6489;620264;428009;43.6;30.1
77;2021-07-05;3554;9530;623818;437539;43.8;30.7
77;2021-07-06;3693;9515;627511;447054;44.1;31.4
77;2021-07-07;3969;8944;631480;455998;44.4;32.0
77;2021-07-08;3882;8733;635362;464731;44.6;32.6
77;2021-07-09;4669;10320;640031;475051;45.0;33.4
77;2021-07-10;3987;9802;644018;484853;45.2;34.1
77;2021-07-11;3056;5071;647074;489924;45.5;34.4
77;2021-07-12;3258;10846;650332;500770;45.7;35.2
77;2021-07-13;6032;11970;656364;512740;46.1;36.0
77;2021-07-14;3523;6417;659887;519157;46.4;36.5
77;2021-07-15;7064;11892;666951;531049;46.8;37.3
77;2021-07-16;7731;9810;674682;540859;47.4;38.0
77;2021-07-17;5747;9396;680429;550255;47.8;38.7
77;2021-07-18;4121;5274;684550;555529;48.1;39.0
78;2020-12-27;0;0;0;0;0.0;0.0
78;2020-12-28;0;0;0;0;0.0;0.0
78;2020-12-29;0;0;0;0;0.0;0.0
78;2020-12-30;0;0;0;0;0.0;0.0
78;2020-12-31;15;0;15;0;0.0;0.0
78;2021-01-01;0;0;15;0;0.0;0.0
78;2021-01-02;1;0;16;0;0.0;0.0
78;2021-01-03;0;0;16;0;0.0;0.0
78;2021-01-04;141;3;157;3;0.0;0.0
78;2021-01-05;175;1;332;4;0.0;0.0
78;2021-01-06;208;2;540;6;0.0;0.0
78;2021-01-07;468;2;1008;8;0.1;0.0
78;2021-01-08;651;4;1659;12;0.1;0.0
78;2021-01-09;22;0;1681;12;0.1;0.0
78;2021-01-10;1;0;1682;12;0.1;0.0
78;2021-01-11;791;3;2473;15;0.2;0.0
78;2021-01-12;946;6;3419;21;0.2;0.0
78;2021-01-13;733;6;4152;27;0.3;0.0
78;2021-01-14;809;8;4961;35;0.3;0.0
78;2021-01-15;844;4;5805;39;0.4;0.0
78;2021-01-16;32;1;5837;40;0.4;0.0
78;2021-01-17;0;0;5837;40;0.4;0.0
78;2021-01-18;1376;15;7213;55;0.5;0.0
78;2021-01-19;1840;20;9053;75;0.6;0.0
78;2021-01-20;1643;12;10696;87;0.7;0.0
78;2021-01-21;3242;13;13938;100;1.0;0.0
78;2021-01-22;2209;16;16147;116;1.1;0.0
78;2021-01-23;279;0;16426;116;1.1;0.0
78;2021-01-24;4;0;16430;116;1.1;0.0
78;2021-01-25;958;29;17388;145;1.2;0.0
78;2021-01-26;1548;13;18936;158;1.3;0.0
78;2021-01-27;2045;46;20981;204;1.4;0.0
78;2021-01-28;2433;100;23414;304;1.6;0.0
78;2021-01-29;1485;63;24899;367;1.7;0.0
78;2021-01-30;210;3;25109;370;1.7;0.0
78;2021-01-31;3;0;25112;370;1.7;0.0
78;2021-02-01;787;223;25899;593;1.8;0.0
78;2021-02-02;967;346;26866;939;1.9;0.1
78;2021-02-03;975;243;27841;1182;1.9;0.1
78;2021-02-04;1115;447;28956;1629;2.0;0.1
78;2021-02-05;1188;515;30144;2144;2.1;0.1
78;2021-02-06;196;44;30340;2188;2.1;0.2
78;2021-02-07;139;10;30479;2198;2.1;0.2
78;2021-02-08;760;612;31239;2810;2.2;0.2
78;2021-02-09;1120;933;32359;3743;2.2;0.3
78;2021-02-10;1244;1177;33603;4920;2.3;0.3
78;2021-02-11;1815;1896;35418;6816;2.4;0.5
78;2021-02-12;1817;1408;37235;8224;2.6;0.6
78;2021-02-13;172;79;37407;8303;2.6;0.6
78;2021-02-14;26;23;37433;8326;2.6;0.6
78;2021-02-15;444;1446;37877;9772;2.6;0.7
78;2021-02-16;627;1556;38504;11328;2.7;0.8
78;2021-02-17;581;2220;39085;13548;2.7;0.9
78;2021-02-18;988;2277;40073;15825;2.8;1.1
78;2021-02-19;818;1739;40891;17564;2.8;1.2
78;2021-02-20;143;123;41034;17687;2.8;1.2
78;2021-02-21;0;12;41034;17699;2.8;1.2
78;2021-02-22;497;1055;41531;18754;2.9;1.3
78;2021-02-23;537;1118;42068;19872;2.9;1.4
78;2021-02-24;619;1231;42687;21103;2.9;1.5
78;2021-02-25;859;1159;43546;22262;3.0;1.5
78;2021-02-26;1131;1242;44677;23504;3.1;1.6
78;2021-02-27;739;147;45416;23651;3.1;1.6
78;2021-02-28;65;18;45481;23669;3.1;1.6
78;2021-03-01;962;902;46443;24571;3.2;1.7
78;2021-03-02;1716;1041;48159;25612;3.3;1.8
78;2021-03-03;1960;1204;50119;26816;3.5;1.9
78;2021-03-04;2939;1559;53058;28375;3.7;2.0
78;2021-03-05;3247;1633;56305;30008;3.9;2.1
78;2021-03-06;6236;249;62541;30257;4.3;2.1
78;2021-03-07;3442;77;65983;30334;4.6;2.1
78;2021-03-08;1449;753;67432;31087;4.7;2.1
78;2021-03-09;2930;883;70362;31970;4.9;2.2
78;2021-03-10;3063;1073;73425;33043;5.1;2.3
78;2021-03-11;4174;1286;77599;34329;5.4;2.4
78;2021-03-12;5365;1304;82964;35633;5.7;2.5
78;2021-03-13;4649;162;87613;35795;6.0;2.5
78;2021-03-14;1032;34;88645;35829;6.1;2.5
78;2021-03-15;3618;252;92263;36081;6.4;2.5
78;2021-03-16;2560;545;94823;36626;6.5;2.5
78;2021-03-17;2962;404;97785;37030;6.8;2.6
78;2021-03-18;3777;411;101562;37441;7.0;2.6
78;2021-03-19;5308;465;106870;37906;7.4;2.6
78;2021-03-20;2255;114;109125;38020;7.5;2.6
78;2021-03-21;161;6;109286;38026;7.5;2.6
78;2021-03-22;3510;364;112796;38390;7.8;2.7
78;2021-03-23;5218;514;118014;38904;8.1;2.7
78;2021-03-24;4885;524;122899;39428;8.5;2.7
78;2021-03-25;6925;531;129824;39959;9.0;2.8
78;2021-03-26;6923;671;136747;40630;9.4;2.8
78;2021-03-27;3740;163;140487;40793;9.7;2.8
78;2021-03-28;1914;37;142401;40830;9.8;2.8
78;2021-03-29;3859;750;146260;41580;10.1;2.9
78;2021-03-30;5519;1046;151779;42626;10.5;2.9
78;2021-03-31;5324;1265;157103;43891;10.8;3.0
78;2021-04-01;5581;2299;162684;46190;11.2;3.2
78;2021-04-02;5187;2610;167871;48800;11.6;3.4
78;2021-04-03;2197;2552;170068;51352;11.7;3.5
78;2021-04-04;170;14;170238;51366;11.8;3.5
78;2021-04-05;193;18;170431;51384;11.8;3.5
78;2021-04-06;3613;2292;174044;53676;12.0;3.7
78;2021-04-07;4344;2579;178388;56255;12.3;3.9
78;2021-04-08;5495;2635;183883;58890;12.7;4.1
78;2021-04-09;6899;2412;190782;61302;13.2;4.2
78;2021-04-10;3994;1888;194776;63190;13.4;4.4
78;2021-04-11;369;605;195145;63795;13.5;4.4
78;2021-04-12;3527;2364;198672;66159;13.7;4.6
78;2021-04-13;5459;2476;204131;68635;14.1;4.7
78;2021-04-14;4946;3354;209077;71989;14.4;5.0
78;2021-04-15;4600;3827;213677;75816;14.8;5.2
78;2021-04-16;5632;4008;219309;79824;15.1;5.5
78;2021-04-17;3608;703;222917;80527;15.4;5.6
78;2021-04-18;272;42;223189;80569;15.4;5.6
78;2021-04-19;3240;2801;226429;83370;15.6;5.8
78;2021-04-20;4699;3673;231128;87043;16.0;6.0
78;2021-04-21;4525;3492;235653;90535;16.3;6.2
78;2021-04-22;4566;4667;240219;95202;16.6;6.6
78;2021-04-23;5032;4402;245251;99604;16.9;6.9
78;2021-04-24;4864;2620;250115;102224;17.3;7.1
78;2021-04-25;3039;1726;253154;103950;17.5;7.2
78;2021-04-26;4765;3307;257919;107257;17.8;7.4
78;2021-04-27;5457;4302;263376;111559;18.2;7.7
78;2021-04-28;5645;4776;269021;116335;18.6;8.0
78;2021-04-29;6247;4044;275268;120379;19.0;8.3
78;2021-04-30;7202;4431;282470;124810;19.5;8.6
78;2021-05-01;612;251;283082;125061;19.5;8.6
78;2021-05-02;2006;163;285088;125224;19.7;8.6
78;2021-05-03;7454;1269;292542;126493;20.2;8.7
78;2021-05-04;6072;3977;298614;130470;20.6;9.0
78;2021-05-05;7283;4540;305897;135010;21.1;9.3
78;2021-05-06;6473;5160;312370;140170;21.6;9.7
78;2021-05-07;8309;5132;320679;145302;22.1;10.0
78;2021-05-08;2910;1446;323589;146748;22.3;10.1
78;2021-05-09;2815;343;326404;147091;22.5;10.2
78;2021-05-10;7343;4446;333747;151537;23.0;10.5
78;2021-05-11;8132;5398;341879;156935;23.6;10.8
78;2021-05-12;8723;3899;350602;160834;24.2;11.1
78;2021-05-13;6628;593;357230;161427;24.7;11.1
78;2021-05-14;10213;2209;367443;163636;25.4;11.3
78;2021-05-15;4932;2365;372375;166001;25.7;11.5
78;2021-05-16;3693;792;376068;166793;26.0;11.5
78;2021-05-17;8734;1335;384802;168128;26.6;11.6
78;2021-05-18;9875;1853;394677;169981;27.2;11.7
78;2021-05-19;11643;1698;406320;171679;28.0;11.9
78;2021-05-20;11580;2247;417900;173926;28.8;12.0
78;2021-05-21;12125;2613;430025;176539;29.7;12.2
78;2021-05-22;6542;1372;436567;177911;30.1;12.3
78;2021-05-23;3122;378;439689;178289;30.4;12.3
78;2021-05-24;3517;413;443206;178702;30.6;12.3
78;2021-05-25;9977;2499;453183;181201;31.3;12.5
78;2021-05-26;10157;3774;463340;184975;32.0;12.8
78;2021-05-27;10949;4635;474289;189610;32.7;13.1
78;2021-05-28;11412;6000;485701;195610;33.5;13.5
78;2021-05-29;4225;3381;489926;198991;33.8;13.7
78;2021-05-30;132;347;490058;199338;33.8;13.8
78;2021-05-31;7967;5356;498025;204694;34.4;14.1
78;2021-06-01;9824;6516;507849;211210;35.1;14.6
78;2021-06-02;8535;6200;516384;217410;35.6;15.0
78;2021-06-03;9861;6464;526245;223874;36.3;15.5
78;2021-06-04;9768;8150;536013;232024;37.0;16.0
78;2021-06-05;5505;6139;541518;238163;37.4;16.4
78;2021-06-06;2144;2009;543662;240172;37.5;16.6
78;2021-06-07;8098;6504;551760;246676;38.1;17.0
78;2021-06-08;8005;7290;559765;253966;38.6;17.5
78;2021-06-09;7271;6707;567036;260673;39.1;18.0
78;2021-06-10;7030;7083;574066;267756;39.6;18.5
78;2021-06-11;7550;8175;581616;275931;40.1;19.0
78;2021-06-12;6357;2910;587973;278841;40.6;19.2
78;2021-06-13;942;2455;588915;281296;40.7;19.4
78;2021-06-14;3380;9810;592295;291106;40.9;20.1
78;2021-06-15;5623;8280;597918;299386;41.3;20.7
78;2021-06-16;5390;8633;603308;308019;41.6;21.3
78;2021-06-17;5450;8517;608758;316536;42.0;21.9
78;2021-06-18;6068;9766;614826;326302;42.4;22.5
78;2021-06-19;5201;4805;620027;331107;42.8;22.9
78;2021-06-20;616;2835;620643;333942;42.8;23.1
78;2021-06-21;4054;9465;624697;343407;43.1;23.7
78;2021-06-22;3309;10318;628006;353725;43.4;24.4
78;2021-06-23;3804;10389;631810;364114;43.6;25.1
78;2021-06-24;3770;9968;635580;374082;43.9;25.8
78;2021-06-25;3975;13166;639555;387248;44.1;26.7
78;2021-06-26;4197;7949;643752;395197;44.4;27.3
78;2021-06-27;1031;2540;644783;397737;44.5;27.5
78;2021-06-28;3246;10896;648029;408633;44.7;28.2
78;2021-06-29;3510;11236;651539;419869;45.0;29.0
78;2021-06-30;4102;13223;655641;433092;45.3;29.9
78;2021-07-01;3901;12688;659542;445780;45.5;30.8
78;2021-07-02;4162;13915;663704;459695;45.8;31.7
78;2021-07-03;3135;8621;666839;468316;46.0;32.3
78;2021-07-04;752;1738;667591;470054;46.1;32.4
78;2021-07-05;3259;9674;670850;479728;46.3;33.1
78;2021-07-06;3485;12030;674335;491758;46.6;33.9
78;2021-07-07;3731;11593;678066;503351;46.8;34.7
78;2021-07-08;3844;11664;681910;515015;47.1;35.6
78;2021-07-09;4371;12714;686281;527729;47.4;36.4
78;2021-07-10;2600;6579;688881;534308;47.6;36.9
78;2021-07-11;745;2050;689626;536358;47.6;37.0
78;2021-07-12;2978;11728;692604;548086;47.8;37.8
78;2021-07-13;5249;11920;697853;560006;48.2;38.7
78;2021-07-14;2523;4957;700376;564963;48.3;39.0
78;2021-07-15;5617;11890;705993;576853;48.7;39.8
78;2021-07-16;7230;10710;713223;587563;49.2;40.6
78;2021-07-17;4696;4842;717919;592405;49.6;40.9
78;2021-07-18;1116;432;719035;592837;49.6;40.9
79;2020-12-27;0;0;0;0;0.0;0.0
79;2020-12-28;0;0;0;0;0.0;0.0
79;2020-12-29;0;0;0;0;0.0;0.0
79;2020-12-30;0;0;0;0;0.0;0.0
79;2020-12-31;0;0;0;0;0.0;0.0
79;2021-01-01;0;0;0;0;0.0;0.0
79;2021-01-02;0;0;0;0;0.0;0.0
79;2021-01-03;0;0;0;0;0.0;0.0
79;2021-01-04;1;0;1;0;0.0;0.0
79;2021-01-05;0;0;1;0;0.0;0.0
79;2021-01-06;0;0;1;0;0.0;0.0
79;2021-01-07;158;0;159;0;0.0;0.0
79;2021-01-08;165;0;324;0;0.1;0.0
79;2021-01-09;98;0;422;0;0.1;0.0
79;2021-01-10;3;0;425;0;0.1;0.0
79;2021-01-11;184;1;609;1;0.2;0.0
79;2021-01-12;246;0;855;1;0.2;0.0
79;2021-01-13;258;0;1113;1;0.3;0.0
79;2021-01-14;499;6;1612;7;0.4;0.0
79;2021-01-15;615;4;2227;11;0.6;0.0
79;2021-01-16;66;0;2293;11;0.6;0.0
79;2021-01-17;0;0;2293;11;0.6;0.0
79;2021-01-18;477;1;2770;12;0.7;0.0
79;2021-01-19;1343;0;4113;12;1.1;0.0
79;2021-01-20;1643;0;5756;12;1.5;0.0
79;2021-01-21;1995;3;7751;15;2.1;0.0
79;2021-01-22;873;3;8624;18;2.3;0.0
79;2021-01-23;65;0;8689;18;2.3;0.0
79;2021-01-24;0;0;8689;18;2.3;0.0
79;2021-01-25;643;7;9332;25;2.5;0.0
79;2021-01-26;570;12;9902;37;2.7;0.0
79;2021-01-27;740;80;10642;117;2.9;0.0
79;2021-01-28;729;150;11371;267;3.1;0.1
79;2021-01-29;490;88;11861;355;3.2;0.1
79;2021-01-30;0;0;11861;355;3.2;0.1
79;2021-01-31;0;0;11861;355;3.2;0.1
79;2021-02-01;206;111;12067;466;3.2;0.1
79;2021-02-02;323;73;12390;539;3.3;0.1
79;2021-02-03;389;60;12779;599;3.4;0.2
79;2021-02-04;323;109;13102;708;3.5;0.2
79;2021-02-05;356;275;13458;983;3.6;0.3
79;2021-02-06;3;0;13461;983;3.6;0.3
79;2021-02-07;22;0;13483;983;3.6;0.3
79;2021-02-08;282;169;13765;1152;3.7;0.3
79;2021-02-09;456;786;14221;1938;3.8;0.5
79;2021-02-10;615;1196;14836;3134;4.0;0.8
79;2021-02-11;776;1234;15612;4368;4.2;1.2
79;2021-02-12;468;770;16080;5138;4.3;1.4
79;2021-02-13;53;74;16133;5212;4.3;1.4
79;2021-02-14;0;0;16133;5212;4.3;1.4
79;2021-02-15;186;507;16319;5719;4.4;1.5
79;2021-02-16;331;733;16650;6452;4.5;1.7
79;2021-02-17;246;880;16896;7332;4.5;2.0
79;2021-02-18;353;945;17249;8277;4.6;2.2
79;2021-02-19;267;566;17516;8843;4.7;2.4
79;2021-02-20;4;22;17520;8865;4.7;2.4
79;2021-02-21;0;0;17520;8865;4.7;2.4
79;2021-02-22;137;464;17657;9329;4.7;2.5
79;2021-02-23;247;570;17904;9899;4.8;2.7
79;2021-02-24;245;546;18149;10445;4.9;2.8
79;2021-02-25;516;469;18665;10914;5.0;2.9
79;2021-02-26;598;400;19263;11314;5.2;3.0
79;2021-02-27;406;4;19669;11318;5.3;3.0
79;2021-02-28;34;0;19703;11318;5.3;3.0
79;2021-03-01;89;359;19792;11677;5.3;3.1
79;2021-03-02;303;506;20095;12183;5.4;3.3
79;2021-03-03;658;542;20753;12725;5.6;3.4
79;2021-03-04;903;569;21656;13294;5.8;3.6
79;2021-03-05;1216;438;22872;13732;6.1;3.7
79;2021-03-06;609;3;23481;13735;6.3;3.7
79;2021-03-07;77;0;23558;13735;6.3;3.7
79;2021-03-08;344;308;23902;14043;6.4;3.8
79;2021-03-09;839;338;24741;14381;6.6;3.9
79;2021-03-10;1139;402;25880;14783;6.9;4.0
79;2021-03-11;1634;313;27514;15096;7.4;4.1
79;2021-03-12;1716;113;29230;15209;7.8;4.1
79;2021-03-13;1130;7;30360;15216;8.1;4.1
79;2021-03-14;49;0;30409;15216;8.2;4.1
79;2021-03-15;494;159;30903;15375;8.3;4.1
79;2021-03-16;734;140;31637;15515;8.5;4.2
79;2021-03-17;575;106;32212;15621;8.6;4.2
79;2021-03-18;551;201;32763;15822;8.8;4.2
79;2021-03-19;663;254;33426;16076;9.0;4.3
79;2021-03-20;1003;11;34429;16087;9.2;4.3
79;2021-03-21;3;0;34432;16087;9.2;4.3
79;2021-03-22;953;201;35385;16288;9.5;4.4
79;2021-03-23;1577;170;36962;16458;9.9;4.4
79;2021-03-24;1826;147;38788;16605;10.4;4.5
79;2021-03-25;2498;177;41286;16782;11.1;4.5
79;2021-03-26;2402;128;43688;16910;11.7;4.5
79;2021-03-27;769;14;44457;16924;11.9;4.5
79;2021-03-28;1;0;44458;16924;11.9;4.5
79;2021-03-29;2146;109;46604;17033;12.5;4.6
79;2021-03-30;2816;48;49420;17081;13.3;4.6
79;2021-03-31;2778;374;52198;17455;14.0;4.7
79;2021-04-01;2691;366;54889;17821;14.7;4.8
79;2021-04-02;2824;384;57713;18205;15.5;4.9
79;2021-04-03;633;53;58346;18258;15.7;4.9
79;2021-04-04;3;0;58349;18258;15.7;4.9
79;2021-04-05;380;3;58729;18261;15.8;4.9
79;2021-04-06;1792;575;60521;18836;16.2;5.1
79;2021-04-07;3115;711;63636;19547;17.1;5.2
79;2021-04-08;2627;679;66263;20226;17.8;5.4
79;2021-04-09;3734;523;69997;20749;18.8;5.6
79;2021-04-10;1460;376;71457;21125;19.2;5.7
79;2021-04-11;4;0;71461;21125;19.2;5.7
79;2021-04-12;1751;349;73212;21474;19.6;5.8
79;2021-04-13;2171;737;75383;22211;20.2;6.0
79;2021-04-14;2478;663;77861;22874;20.9;6.1
79;2021-04-15;2210;655;80071;23529;21.5;6.3
79;2021-04-16;1413;436;81484;23965;21.9;6.4
79;2021-04-17;581;350;82065;24315;22.0;6.5
79;2021-04-18;1;14;82066;24329;22.0;6.5
79;2021-04-19;1088;842;83154;25171;22.3;6.8
79;2021-04-20;1502;1225;84656;26396;22.7;7.1
79;2021-04-21;1417;1430;86073;27826;23.1;7.5
79;2021-04-22;1567;1076;87640;28902;23.5;7.8
79;2021-04-23;1313;1180;88953;30082;23.9;8.1
79;2021-04-24;651;459;89604;30541;24.0;8.2
79;2021-04-25;0;0;89604;30541;24.0;8.2
79;2021-04-26;1342;1812;90946;32353;24.4;8.7
79;2021-04-27;1893;2338;92839;34691;24.9;9.3
79;2021-04-28;1456;2862;94295;37553;25.3;10.1
79;2021-04-29;2102;2246;96397;39799;25.9;10.7
79;2021-04-30;2106;2447;98503;42246;26.4;11.3
79;2021-05-01;516;375;99019;42621;26.6;11.4
79;2021-05-02;1;11;99020;42632;26.6;11.4
79;2021-05-03;1182;1290;100202;43922;26.9;11.8
79;2021-05-04;1730;2321;101932;46243;27.4;12.4
79;2021-05-05;1696;2480;103628;48723;27.8;13.1
79;2021-05-06;2313;2208;105941;50931;28.4;13.7
79;2021-05-07;2083;2801;108024;53732;29.0;14.4
79;2021-05-08;200;506;108224;54238;29.0;14.6
79;2021-05-09;0;0;108224;54238;29.0;14.6
79;2021-05-10;1582;1781;109806;56019;29.5;15.0
79;2021-05-11;2308;1646;112114;57665;30.1;15.5
79;2021-05-12;1996;2676;114110;60341;30.6;16.2
79;2021-05-13;639;289;114749;60630;30.8;16.3
79;2021-05-14;2098;669;116847;61299;31.4;16.5
79;2021-05-15;1398;498;118245;61797;31.7;16.6
79;2021-05-16;1;22;118246;61819;31.7;16.6
79;2021-05-17;1873;1077;120119;62896;32.2;16.9
79;2021-05-18;2969;1262;123088;64158;33.0;17.2
79;2021-05-19;2890;962;125978;65120;33.8;17.5
79;2021-05-20;3102;1241;129080;66361;34.6;17.8
79;2021-05-21;2763;1058;131843;67419;35.4;18.1
79;2021-05-22;1085;254;132928;67673;35.7;18.2
79;2021-05-23;1;0;132929;67673;35.7;18.2
79;2021-05-24;161;20;133090;67693;35.7;18.2
79;2021-05-25;3199;980;136289;68673;36.6;18.4
79;2021-05-26;3310;844;139599;69517;37.5;18.7
79;2021-05-27;3585;1713;143184;71230;38.4;19.1
79;2021-05-28;3328;1818;146512;73048;39.3;19.6
79;2021-05-29;1072;448;147584;73496;39.6;19.7
79;2021-05-30;3;1;147587;73497;39.6;19.7
79;2021-05-31;2374;731;149961;74228;40.2;19.9
79;2021-06-01;3014;1562;152975;75790;41.1;20.3
79;2021-06-02;4057;1166;157032;76956;42.1;20.7
79;2021-06-03;4079;1745;161111;78701;43.2;21.1
79;2021-06-04;4144;2023;165255;80724;44.3;21.7
79;2021-06-05;2799;751;168054;81475;45.1;21.9
79;2021-06-06;695;37;168749;81512;45.3;21.9
79;2021-06-07;2803;1411;171552;82923;46.0;22.3
79;2021-06-08;2977;2061;174529;84984;46.8;22.8
79;2021-06-09;3621;1930;178150;86914;47.8;23.3
79;2021-06-10;3008;1971;181158;88885;48.6;23.9
79;2021-06-11;3758;2313;184916;91198;49.6;24.5
79;2021-06-12;1703;606;186619;91804;50.1;24.6
79;2021-06-13;209;22;186828;91826;50.1;24.6
79;2021-06-14;1241;1691;188069;93517;50.5;25.1
79;2021-06-15;1874;2355;189943;95872;51.0;25.7
79;2021-06-16;2191;2244;192134;98116;51.6;26.3
79;2021-06-17;2228;2610;194362;100726;52.2;27.0
79;2021-06-18;2399;2317;196761;103043;52.8;27.7
79;2021-06-19;1242;580;198003;103623;53.1;27.8
79;2021-06-20;2;2;198005;103625;53.1;27.8
79;2021-06-21;1218;2283;199223;105908;53.5;28.4
79;2021-06-22;1540;2875;200763;108783;53.9;29.2
79;2021-06-23;1749;2551;202512;111334;54.3;29.9
79;2021-06-24;2082;2006;204594;113340;54.9;30.4
79;2021-06-25;1475;2842;206069;116182;55.3;31.2
79;2021-06-26;863;806;206932;116988;55.5;31.4
79;2021-06-27;13;6;206945;116994;55.5;31.4
79;2021-06-28;1042;2622;207987;119616;55.8;32.1
79;2021-06-29;1434;3548;209421;123164;56.2;33.1
79;2021-06-30;1327;3451;210748;126615;56.6;34.0
79;2021-07-01;1146;3790;211894;130405;56.9;35.0
79;2021-07-02;1449;3341;213343;133746;57.3;35.9
79;2021-07-03;395;1503;213738;135249;57.4;36.3
79;2021-07-04;1;9;213739;135258;57.4;36.3
79;2021-07-05;740;2124;214479;137382;57.6;36.9
79;2021-07-06;934;3667;215413;141049;57.8;37.9
79;2021-07-07;1317;4309;216730;145358;58.2;39.0
79;2021-07-08;1069;4048;217799;149406;58.4;40.1
79;2021-07-09;822;3719;218621;153125;58.7;41.1
79;2021-07-10;508;1316;219129;154441;58.8;41.4
79;2021-07-11;0;12;219129;154453;58.8;41.4
79;2021-07-12;539;3696;219668;158149;59.0;42.4
79;2021-07-13;995;5192;220663;163341;59.2;43.8
79;2021-07-14;131;875;220794;164216;59.3;44.1
79;2021-07-15;1214;4678;222008;168894;59.6;45.3
79;2021-07-16;1308;4353;223316;173247;59.9;46.5
79;2021-07-17;564;2414;223880;175661;60.1;47.1
79;2021-07-18;42;498;223922;176159;60.1;47.3
80;2020-12-27;0;0;0;0;0.0;0.0
80;2020-12-28;0;0;0;0;0.0;0.0
80;2020-12-29;11;0;11;0;0.0;0.0
80;2020-12-30;0;0;11;0;0.0;0.0
80;2020-12-31;0;0;11;0;0.0;0.0
80;2021-01-01;0;0;11;0;0.0;0.0
80;2021-01-02;0;0;11;0;0.0;0.0
80;2021-01-03;1;0;12;0;0.0;0.0
80;2021-01-04;0;0;12;0;0.0;0.0
80;2021-01-05;0;0;12;0;0.0;0.0
80;2021-01-06;30;0;42;0;0.0;0.0
80;2021-01-07;276;2;318;2;0.1;0.0
80;2021-01-08;330;0;648;2;0.1;0.0
80;2021-01-09;108;0;756;2;0.1;0.0
80;2021-01-10;21;0;777;2;0.1;0.0
80;2021-01-11;276;0;1053;2;0.2;0.0
80;2021-01-12;427;2;1480;4;0.3;0.0
80;2021-01-13;514;3;1994;7;0.3;0.0
80;2021-01-14;453;4;2447;11;0.4;0.0
80;2021-01-15;330;1;2777;12;0.5;0.0
80;2021-01-16;103;1;2880;13;0.5;0.0
80;2021-01-17;102;1;2982;14;0.5;0.0
80;2021-01-18;412;2;3394;16;0.6;0.0
80;2021-01-19;962;16;4356;32;0.8;0.0
80;2021-01-20;1086;4;5442;36;1.0;0.0
80;2021-01-21;1012;8;6454;44;1.1;0.0
80;2021-01-22;1113;2;7567;46;1.3;0.0
80;2021-01-23;908;0;8475;46;1.5;0.0
80;2021-01-24;823;4;9298;50;1.6;0.0
80;2021-01-25;1538;6;10836;56;1.9;0.0
80;2021-01-26;1480;10;12316;66;2.2;0.0
80;2021-01-27;821;27;13137;93;2.3;0.0
80;2021-01-28;623;176;13760;269;2.4;0.0
80;2021-01-29;637;218;14397;487;2.5;0.1
80;2021-01-30;84;60;14481;547;2.5;0.1
80;2021-01-31;0;0;14481;547;2.5;0.1
80;2021-02-01;26;260;14507;807;2.5;0.1
80;2021-02-02;21;446;14528;1253;2.5;0.2
80;2021-02-03;28;544;14556;1797;2.6;0.3
80;2021-02-04;275;349;14831;2146;2.6;0.4
80;2021-02-05;346;213;15177;2359;2.7;0.4
80;2021-02-06;166;70;15343;2429;2.7;0.4
80;2021-02-07;1;0;15344;2429;2.7;0.4
80;2021-02-08;425;241;15769;2670;2.8;0.5
80;2021-02-09;684;246;16453;2916;2.9;0.5
80;2021-02-10;606;493;17059;3409;3.0;0.6
80;2021-02-11;859;350;17918;3759;3.1;0.7
80;2021-02-12;943;313;18861;4072;3.3;0.7
80;2021-02-13;195;428;19056;4500;3.3;0.8
80;2021-02-14;78;571;19134;5071;3.4;0.9
80;2021-02-15;604;1014;19738;6085;3.5;1.1
80;2021-02-16;686;1141;20424;7226;3.6;1.3
80;2021-02-17;483;1176;20907;8402;3.7;1.5
80;2021-02-18;569;1134;21476;9536;3.8;1.7
80;2021-02-19;503;849;21979;10385;3.9;1.8
80;2021-02-20;22;516;22001;10901;3.9;1.9
80;2021-02-21;47;49;22048;10950;3.9;1.9
80;2021-02-22;149;576;22197;11526;3.9;2.0
80;2021-02-23;472;695;22669;12221;4.0;2.1
80;2021-02-24;431;717;23100;12938;4.1;2.3
80;2021-02-25;814;567;23914;13505;4.2;2.4
80;2021-02-26;1060;519;24974;14024;4.4;2.5
80;2021-02-27;473;73;25447;14097;4.5;2.5
80;2021-02-28;48;22;25495;14119;4.5;2.5
80;2021-03-01;727;64;26222;14183;4.6;2.5
80;2021-03-02;1013;84;27235;14267;4.8;2.5
80;2021-03-03;978;51;28213;14318;5.0;2.5
80;2021-03-04;1389;228;29602;14546;5.2;2.6
80;2021-03-05;1865;320;31467;14866;5.5;2.6
80;2021-03-06;2917;302;34384;15168;6.0;2.7
80;2021-03-07;1839;63;36223;15231;6.4;2.7
80;2021-03-08;714;602;36937;15833;6.5;2.8
80;2021-03-09;1309;903;38246;16736;6.7;2.9
80;2021-03-10;1723;729;39969;17465;7.0;3.1
80;2021-03-11;1906;802;41875;18267;7.3;3.2
80;2021-03-12;3132;713;45007;18980;7.9;3.3
80;2021-03-13;4000;173;49007;19153;8.6;3.4
80;2021-03-14;350;12;49357;19165;8.7;3.4
80;2021-03-15;1013;244;50370;19409;8.8;3.4
80;2021-03-16;882;333;51252;19742;9.0;3.5
80;2021-03-17;661;272;51913;20014;9.1;3.5
80;2021-03-18;999;290;52912;20304;9.3;3.6
80;2021-03-19;1737;390;54649;20694;9.6;3.6
80;2021-03-20;3820;91;58469;20785;10.3;3.6
80;2021-03-21;487;30;58956;20815;10.3;3.7
80;2021-03-22;902;283;59858;21098;10.5;3.7
80;2021-03-23;1711;407;61569;21505;10.8;3.8
80;2021-03-24;1751;457;63320;21962;11.1;3.9
80;2021-03-25;2712;438;66032;22400;11.6;3.9
80;2021-03-26;3100;413;69132;22813;12.1;4.0
80;2021-03-27;2229;214;71361;23027;12.5;4.0
80;2021-03-28;673;87;72034;23114;12.6;4.1
80;2021-03-29;1976;734;74010;23848;13.0;4.2
80;2021-03-30;1967;871;75977;24719;13.3;4.3
80;2021-03-31;1493;975;77470;25694;13.6;4.5
80;2021-04-01;1949;1478;79419;27172;13.9;4.8
80;2021-04-02;2809;1564;82228;28736;14.4;5.0
80;2021-04-03;3038;847;85266;29583;15.0;5.2
80;2021-04-04;133;2;85399;29585;15.0;5.2
80;2021-04-05;683;198;86082;29783;15.1;5.2
80;2021-04-06;1279;963;87361;30746;15.3;5.4
80;2021-04-07;1621;1188;88982;31934;15.6;5.6
80;2021-04-08;2155;838;91137;32772;16.0;5.8
80;2021-04-09;3528;1337;94665;34109;16.6;6.0
80;2021-04-10;2735;1921;97400;36030;17.1;6.3
80;2021-04-11;189;174;97589;36204;17.1;6.4
80;2021-04-12;1805;481;99394;36685;17.4;6.4
80;2021-04-13;2381;1032;101775;37717;17.9;6.6
80;2021-04-14;2764;1117;104539;38834;18.3;6.8
80;2021-04-15;3726;843;108265;39677;19.0;7.0
80;2021-04-16;3334;846;111599;40523;19.6;7.1
80;2021-04-17;1650;2291;113249;42814;19.9;7.5
80;2021-04-18;370;383;113619;43197;19.9;7.6
80;2021-04-19;949;777;114568;43974;20.1;7.7
80;2021-04-20;1612;800;116180;44774;20.4;7.9
80;2021-04-21;1612;990;117792;45764;20.7;8.0
80;2021-04-22;2158;1241;119950;47005;21.1;8.2
80;2021-04-23;2628;1233;122578;48238;21.5;8.5
80;2021-04-24;1358;1186;123936;49424;21.8;8.7
80;2021-04-25;208;528;124144;49952;21.8;8.8
80;2021-04-26;1295;1440;125439;51392;22.0;9.0
80;2021-04-27;2019;1395;127458;52787;22.4;9.3
80;2021-04-28;2199;1394;129657;54181;22.8;9.5
80;2021-04-29;3215;1867;132872;56048;23.3;9.8
80;2021-04-30;3073;2843;135945;58891;23.9;10.3
80;2021-05-01;986;651;136931;59542;24.0;10.5
80;2021-05-02;369;52;137300;59594;24.1;10.5
80;2021-05-03;2716;1172;140016;60766;24.6;10.7
80;2021-05-04;2499;1706;142515;62472;25.0;11.0
80;2021-05-05;3361;1835;145876;64307;25.6;11.3
80;2021-05-06;3177;2493;149053;66800;26.2;11.7
80;2021-05-07;3453;2684;152506;69484;26.8;12.2
80;2021-05-08;2782;915;155288;70399;27.3;12.4
80;2021-05-09;1407;255;156695;70654;27.5;12.4
80;2021-05-10;1881;1825;158576;72479;27.8;12.7
80;2021-05-11;3270;1777;161846;74256;28.4;13.0
80;2021-05-12;4695;1549;166541;75805;29.2;13.3
80;2021-05-13;3827;352;170368;76157;29.9;13.4
80;2021-05-14;5184;1389;175552;77546;30.8;13.6
80;2021-05-15;5917;1040;181469;78586;31.8;13.8
80;2021-05-16;2677;300;184146;78886;32.3;13.8
80;2021-05-17;2368;816;186514;79702;32.7;14.0
80;2021-05-18;3944;842;190458;80544;33.4;14.1
80;2021-05-19;4012;937;194470;81481;34.1;14.3
80;2021-05-20;4565;1204;199035;82685;34.9;14.5
80;2021-05-21;4890;1660;203925;84345;35.8;14.8
80;2021-05-22;5031;1146;208956;85491;36.7;15.0
80;2021-05-23;1782;234;210738;85725;37.0;15.0
80;2021-05-24;1466;157;212204;85882;37.2;15.1
80;2021-05-25;2622;1134;214826;87016;37.7;15.3
80;2021-05-26;4244;1689;219070;88705;38.4;15.6
80;2021-05-27;3976;2463;223046;91168;39.1;16.0
80;2021-05-28;3863;2973;226909;94141;39.8;16.5
80;2021-05-29;3694;1618;230603;95759;40.5;16.8
80;2021-05-30;1179;197;231782;95956;40.7;16.8
80;2021-05-31;2600;1375;234382;97331;41.1;17.1
80;2021-06-01;4026;2423;238408;99754;41.8;17.5
80;2021-06-02;3328;1996;241736;101750;42.4;17.9
80;2021-06-03;4264;2921;246000;104671;43.2;18.4
80;2021-06-04;4788;3069;250788;107740;44.0;18.9
80;2021-06-05;3556;2075;254344;109815;44.6;19.3
80;2021-06-06;797;205;255141;110020;44.8;19.3
80;2021-06-07;1743;1940;256884;111960;45.1;19.7
80;2021-06-08;2736;2550;259620;114510;45.6;20.1
80;2021-06-09;2985;2717;262605;117227;46.1;20.6
80;2021-06-10;3153;3158;265758;120385;46.6;21.1
80;2021-06-11;3211;3880;268969;124265;47.2;21.8
80;2021-06-12;3032;2325;272001;126590;47.7;22.2
80;2021-06-13;470;404;272471;126994;47.8;22.3
80;2021-06-14;1256;2851;273727;129845;48.0;22.8
80;2021-06-15;2298;3432;276025;133277;48.4;23.4
80;2021-06-16;1560;4217;277585;137494;48.7;24.1
80;2021-06-17;2353;3624;279938;141118;49.1;24.8
80;2021-06-18;2540;3887;282478;145005;49.6;25.4
80;2021-06-19;2966;4345;285444;149350;50.1;26.2
80;2021-06-20;200;1080;285644;150430;50.1;26.4
80;2021-06-21;994;2628;286638;153058;50.3;26.9
80;2021-06-22;1138;3946;287776;157004;50.5;27.6
80;2021-06-23;1830;5302;289606;162306;50.8;28.5
80;2021-06-24;1683;4699;291289;167005;51.1;29.3
80;2021-06-25;1369;6136;292658;173141;51.4;30.4
80;2021-06-26;1921;6185;294579;179326;51.7;31.5
80;2021-06-27;324;2031;294903;181357;51.8;31.8
80;2021-06-28;897;3179;295800;184536;51.9;32.4
80;2021-06-29;1900;4626;297700;189162;52.2;33.2
80;2021-06-30;1217;4781;298917;193943;52.5;34.0
80;2021-07-01;1530;5000;300447;198943;52.7;34.9
80;2021-07-02;1844;5988;302291;204931;53.1;36.0
80;2021-07-03;1285;5280;303576;210211;53.3;36.9
80;2021-07-04;686;1469;304262;211680;53.4;37.2
80;2021-07-05;865;2953;305127;214633;53.6;37.7
80;2021-07-06;1837;3982;306964;218615;53.9;38.4
80;2021-07-07;1535;4501;308499;223116;54.1;39.2
80;2021-07-08;2061;4997;310560;228113;54.5;40.0
80;2021-07-09;2577;5444;313137;233557;55.0;41.0
80;2021-07-10;1592;3979;314729;237536;55.2;41.7
80;2021-07-11;397;794;315126;238330;55.3;41.8
80;2021-07-12;860;3379;315986;241709;55.5;42.4
80;2021-07-13;2042;5080;318028;246789;55.8;43.3
80;2021-07-14;2772;1718;320800;248507;56.3;43.6
80;2021-07-15;2753;5285;323553;253792;56.8;44.5
80;2021-07-16;3837;5847;327390;259639;57.5;45.6
80;2021-07-17;3348;4425;330738;264064;58.0;46.3
80;2021-07-18;867;877;331605;264941;58.2;46.5
81;2020-12-27;0;0;0;0;0.0;0.0
81;2020-12-28;0;0;0;0;0.0;0.0
81;2020-12-29;0;0;0;0;0.0;0.0
81;2020-12-30;0;0;0;0;0.0;0.0
81;2020-12-31;0;0;0;0;0.0;0.0
81;2021-01-01;0;0;0;0;0.0;0.0
81;2021-01-02;0;0;0;0;0.0;0.0
81;2021-01-03;0;0;0;0;0.0;0.0
81;2021-01-04;1;0;1;0;0.0;0.0
81;2021-01-05;0;0;1;0;0.0;0.0
81;2021-01-06;4;0;5;0;0.0;0.0
81;2021-01-07;266;0;271;0;0.1;0.0
81;2021-01-08;312;1;583;1;0.2;0.0
81;2021-01-09;74;1;657;2;0.2;0.0
81;2021-01-10;1;0;658;2;0.2;0.0
81;2021-01-11;133;0;791;2;0.2;0.0
81;2021-01-12;166;0;957;2;0.2;0.0
81;2021-01-13;233;1;1190;3;0.3;0.0
81;2021-01-14;958;7;2148;10;0.6;0.0
81;2021-01-15;521;1;2669;11;0.7;0.0
81;2021-01-16;73;0;2742;11;0.7;0.0
81;2021-01-17;0;0;2742;11;0.7;0.0
81;2021-01-18;577;2;3319;13;0.9;0.0
81;2021-01-19;662;4;3981;17;1.0;0.0
81;2021-01-20;751;1;4732;18;1.2;0.0
81;2021-01-21;1174;2;5906;20;1.5;0.0
81;2021-01-22;851;2;6757;22;1.7;0.0
81;2021-01-23;221;1;6978;23;1.8;0.0
81;2021-01-24;102;0;7080;23;1.8;0.0
81;2021-01-25;565;3;7645;26;2.0;0.0
81;2021-01-26;634;5;8279;31;2.1;0.0
81;2021-01-27;551;4;8830;35;2.3;0.0
81;2021-01-28;678;215;9508;250;2.5;0.1
81;2021-01-29;299;184;9807;434;2.5;0.1
81;2021-01-30;200;38;10007;472;2.6;0.1
81;2021-01-31;104;1;10111;473;2.6;0.1
81;2021-02-01;320;130;10431;603;2.7;0.2
81;2021-02-02;446;142;10877;745;2.8;0.2
81;2021-02-03;476;223;11353;968;2.9;0.2
81;2021-02-04;1390;690;12743;1658;3.3;0.4
81;2021-02-05;868;315;13611;1973;3.5;0.5
81;2021-02-06;274;20;13885;1993;3.6;0.5
81;2021-02-07;103;0;13988;1993;3.6;0.5
81;2021-02-08;276;221;14264;2214;3.7;0.6
81;2021-02-09;418;220;14682;2434;3.8;0.6
81;2021-02-10;370;284;15052;2718;3.9;0.7
81;2021-02-11;649;388;15701;3106;4.0;0.8
81;2021-02-12;576;547;16277;3653;4.2;0.9
81;2021-02-13;187;159;16464;3812;4.2;1.0
81;2021-02-14;100;1;16564;3813;4.3;1.0
81;2021-02-15;233;485;16797;4298;4.3;1.1
81;2021-02-16;282;616;17079;4914;4.4;1.3
81;2021-02-17;241;522;17320;5436;4.5;1.4
81;2021-02-18;483;675;17803;6111;4.6;1.6
81;2021-02-19;564;408;18367;6519;4.7;1.7
81;2021-02-20;322;280;18689;6799;4.8;1.8
81;2021-02-21;22;80;18711;6879;4.8;1.8
81;2021-02-22;233;537;18944;7416;4.9;1.9
81;2021-02-23;174;597;19118;8013;4.9;2.1
81;2021-02-24;291;631;19409;8644;5.0;2.2
81;2021-02-25;702;1054;20111;9698;5.2;2.5
81;2021-02-26;908;952;21019;10650;5.4;2.7
81;2021-02-27;274;240;21293;10890;5.5;2.8
81;2021-02-28;21;89;21314;10979;5.5;2.8
81;2021-03-01;207;410;21521;11389;5.5;2.9
81;2021-03-02;362;542;21883;11931;5.6;3.1
81;2021-03-03;464;422;22347;12353;5.8;3.2
81;2021-03-04;1061;457;23408;12810;6.0;3.3
81;2021-03-05;1406;385;24814;13195;6.4;3.4
81;2021-03-06;979;163;25793;13358;6.6;3.4
81;2021-03-07;154;101;25947;13459;6.7;3.5
81;2021-03-08;464;356;26411;13815;6.8;3.6
81;2021-03-09;808;386;27219;14201;7.0;3.7
81;2021-03-10;897;387;28116;14588;7.2;3.8
81;2021-03-11;1346;352;29462;14940;7.6;3.9
81;2021-03-12;1688;289;31150;15229;8.0;3.9
81;2021-03-13;1030;183;32180;15412;8.3;4.0
81;2021-03-14;64;82;32244;15494;8.3;4.0
81;2021-03-15;1094;208;33338;15702;8.6;4.0
81;2021-03-16;724;226;34062;15928;8.8;4.1
81;2021-03-17;888;267;34950;16195;9.0;4.2
81;2021-03-18;965;576;35915;16771;9.3;4.3
81;2021-03-19;1268;450;37183;17221;9.6;4.4
81;2021-03-20;676;275;37859;17496;9.8;4.5
81;2021-03-21;139;22;37998;17518;9.8;4.5
81;2021-03-22;931;282;38929;17800;10.0;4.6
81;2021-03-23;1418;218;40347;18018;10.4;4.6
81;2021-03-24;1598;269;41945;18287;10.8;4.7
81;2021-03-25;2028;319;43973;18606;11.3;4.8
81;2021-03-26;2098;268;46071;18874;11.9;4.9
81;2021-03-27;1092;33;47163;18907;12.2;4.9
81;2021-03-28;733;39;47896;18946;12.3;4.9
81;2021-03-29;2862;173;50758;19119;13.1;4.9
81;2021-03-30;3053;197;53811;19316;13.9;5.0
81;2021-03-31;2690;284;56501;19600;14.6;5.1
81;2021-04-01;3308;537;59809;20137;15.4;5.2
81;2021-04-02;2611;355;62420;20492;16.1;5.3
81;2021-04-03;1146;297;63566;20789;16.4;5.4
81;2021-04-04;1401;17;64967;20806;16.7;5.4
81;2021-04-05;717;17;65684;20823;16.9;5.4
81;2021-04-06;1589;500;67273;21323;17.3;5.5
81;2021-04-07;1814;573;69087;21896;17.8;5.6
81;2021-04-08;2612;820;71699;22716;18.5;5.9
81;2021-04-09;3047;451;74746;23167;19.3;6.0
81;2021-04-10;1476;497;76222;23664;19.7;6.1
81;2021-04-11;1297;55;77519;23719;20.0;6.1
81;2021-04-12;1217;683;78736;24402;20.3;6.3
81;2021-04-13;2531;766;81267;25168;21.0;6.5
81;2021-04-14;2501;815;83768;25983;21.6;6.7
81;2021-04-15;3094;1180;86862;27163;22.4;7.0
81;2021-04-16;2817;1068;89679;28231;23.1;7.3
81;2021-04-17;1145;288;90824;28519;23.4;7.4
81;2021-04-18;518;143;91342;28662;23.5;7.4
81;2021-04-19;912;815;92254;29477;23.8;7.6
81;2021-04-20;2270;1163;94524;30640;24.4;7.9
81;2021-04-21;2224;996;96748;31636;24.9;8.2
81;2021-04-22;2814;1054;99562;32690;25.7;8.4
81;2021-04-23;2876;958;102438;33648;26.4;8.7
81;2021-04-24;1325;741;103763;34389;26.8;8.9
81;2021-04-25;454;717;104217;35106;26.9;9.1
81;2021-04-26;1060;2424;105277;37530;27.1;9.7
81;2021-04-27;1595;2348;106872;39878;27.6;10.3
81;2021-04-28;1416;2387;108288;42265;27.9;10.9
81;2021-04-29;1815;2747;110103;45012;28.4;11.6
81;2021-04-30;2012;2347;112115;47359;28.9;12.2
81;2021-05-01;361;684;112476;48043;29.0;12.4
81;2021-05-02;291;1381;112767;49424;29.1;12.7
81;2021-05-03;1113;1168;113880;50592;29.4;13.0
81;2021-05-04;2620;1903;116500;52495;30.0;13.5
81;2021-05-05;2014;1927;118514;54422;30.6;14.0
81;2021-05-06;2737;3405;121251;57827;31.3;14.9
81;2021-05-07;2110;2852;123361;60679;31.8;15.6
81;2021-05-08;962;875;124323;61554;32.1;15.9
81;2021-05-09;534;1352;124857;62906;32.2;16.2
81;2021-05-10;823;1602;125680;64508;32.4;16.6
81;2021-05-11;1660;2575;127340;67083;32.8;17.3
81;2021-05-12;1634;2454;128974;69537;33.2;17.9
81;2021-05-13;1216;565;130190;70102;33.6;18.1
81;2021-05-14;1889;1721;132079;71823;34.0;18.5
81;2021-05-15;1510;618;133589;72441;34.4;18.7
81;2021-05-16;1368;415;134957;72856;34.8;18.8
81;2021-05-17;1166;860;136123;73716;35.1;19.0
81;2021-05-18;1697;1432;137820;75148;35.5;19.4
81;2021-05-19;2641;1243;140461;76391;36.2;19.7
81;2021-05-20;2965;1344;143426;77735;37.0;20.0
81;2021-05-21;2737;1114;146163;78849;37.7;20.3
81;2021-05-22;2816;514;148979;79363;38.4;20.5
81;2021-05-23;1179;74;150158;79437;38.7;20.5
81;2021-05-24;835;77;150993;79514;38.9;20.5
81;2021-05-25;2491;1103;153484;80617;39.6;20.8
81;2021-05-26;1890;793;155374;81410;40.1;21.0
81;2021-05-27;2555;1531;157929;82941;40.7;21.4
81;2021-05-28;2562;1663;160491;84604;41.4;21.8
81;2021-05-29;1401;539;161892;85143;41.7;21.9
81;2021-05-30;932;220;162824;85363;42.0;22.0
81;2021-05-31;1182;1337;164006;86700;42.3;22.4
81;2021-06-01;1779;2699;165785;89399;42.7;23.0
81;2021-06-02;1988;2441;167773;91840;43.3;23.7
81;2021-06-03;2000;2532;169773;94372;43.8;24.3
81;2021-06-04;1845;2949;171618;97321;44.2;25.1
81;2021-06-05;1754;1305;173372;98626;44.7;25.4
81;2021-06-06;369;366;173741;98992;44.8;25.5
81;2021-06-07;1206;1536;174947;100528;45.1;25.9
81;2021-06-08;2346;2386;177293;102914;45.7;26.5
81;2021-06-09;2434;1861;179727;104775;46.3;27.0
81;2021-06-10;1273;1562;181000;106337;46.7;27.4
81;2021-06-11;2644;2194;183644;108531;47.3;28.0
81;2021-06-12;1657;1034;185301;109565;47.8;28.2
81;2021-06-13;442;475;185743;110040;47.9;28.4
81;2021-06-14;770;1420;186513;111460;48.1;28.7
81;2021-06-15;1672;3502;188185;114962;48.5;29.6
81;2021-06-16;1263;3008;189448;117970;48.8;30.4
81;2021-06-17;1334;2522;190782;120492;49.2;31.1
81;2021-06-18;1828;2761;192610;123253;49.7;31.8
81;2021-06-19;823;948;193433;124201;49.9;32.0
81;2021-06-20;405;536;193838;124737;50.0;32.2
81;2021-06-21;422;1037;194260;125774;50.1;32.4
81;2021-06-22;1056;2569;195316;128343;50.4;33.1
81;2021-06-23;1122;2151;196438;130494;50.6;33.6
81;2021-06-24;1104;1941;197542;132435;50.9;34.1
81;2021-06-25;1211;2867;198753;135302;51.2;34.9
81;2021-06-26;720;1706;199473;137008;51.4;35.3
81;2021-06-27;524;1651;199997;138659;51.6;35.7
81;2021-06-28;468;1544;200465;140203;51.7;36.1
81;2021-06-29;1061;2633;201526;142836;52.0;36.8
81;2021-06-30;1031;3155;202557;145991;52.2;37.6
81;2021-07-01;870;2625;203427;148616;52.4;38.3
81;2021-07-02;987;2857;204414;151473;52.7;39.0
81;2021-07-03;724;2820;205138;154293;52.9;39.8
81;2021-07-04;267;1011;205405;155304;53.0;40.0
81;2021-07-05;681;1614;206086;156918;53.1;40.5
81;2021-07-06;967;3174;207053;160092;53.4;41.3
81;2021-07-07;1054;2438;208107;162530;53.6;41.9
81;2021-07-08;1025;2231;209132;164761;53.9;42.5
81;2021-07-09;1143;2697;210275;167458;54.2;43.2
81;2021-07-10;802;1519;211077;168977;54.4;43.6
81;2021-07-11;434;1012;211511;169989;54.5;43.8
81;2021-07-12;722;1726;212233;171715;54.7;44.3
81;2021-07-13;2049;3131;214282;174846;55.2;45.1
81;2021-07-14;1437;1556;215719;176402;55.6;45.5
81;2021-07-15;2527;2749;218246;179151;56.3;46.2
81;2021-07-16;2015;3012;220261;182163;56.8;47.0
81;2021-07-17;1214;2448;221475;184611;57.1;47.6
81;2021-07-18;665;1119;222140;185730;57.3;47.9
82;2020-12-27;0;0;0;0;0.0;0.0
82;2020-12-28;1;0;1;0;0.0;0.0
82;2020-12-29;0;0;1;0;0.0;0.0
82;2020-12-30;0;0;1;0;0.0;0.0
82;2020-12-31;0;0;1;0;0.0;0.0
82;2021-01-01;0;0;1;0;0.0;0.0
82;2021-01-02;0;0;1;0;0.0;0.0
82;2021-01-03;0;0;1;0;0.0;0.0
82;2021-01-04;0;0;1;0;0.0;0.0
82;2021-01-05;86;0;87;0;0.0;0.0
82;2021-01-06;1;0;88;0;0.0;0.0
82;2021-01-07;75;0;163;0;0.1;0.0
82;2021-01-08;46;0;209;0;0.1;0.0
82;2021-01-09;77;0;286;0;0.1;0.0
82;2021-01-10;0;0;286;0;0.1;0.0
82;2021-01-11;94;0;380;0;0.1;0.0
82;2021-01-12;284;0;664;0;0.3;0.0
82;2021-01-13;336;1;1000;1;0.4;0.0
82;2021-01-14;441;4;1441;5;0.5;0.0
82;2021-01-15;613;2;2054;7;0.8;0.0
82;2021-01-16;228;3;2282;10;0.9;0.0
82;2021-01-17;89;0;2371;10;0.9;0.0
82;2021-01-18;433;2;2804;12;1.1;0.0
82;2021-01-19;479;1;3283;13;1.3;0.0
82;2021-01-20;663;1;3946;14;1.5;0.0
82;2021-01-21;446;1;4392;15;1.7;0.0
82;2021-01-22;482;2;4874;17;1.9;0.0
82;2021-01-23;151;0;5025;17;1.9;0.0
82;2021-01-24;0;0;5025;17;1.9;0.0
82;2021-01-25;376;0;5401;17;2.1;0.0
82;2021-01-26;468;0;5869;17;2.2;0.0
82;2021-01-27;519;1;6388;18;2.4;0.0
82;2021-01-28;585;34;6973;52;2.7;0.0
82;2021-01-29;405;108;7378;160;2.8;0.1
82;2021-01-30;44;22;7422;182;2.8;0.1
82;2021-01-31;0;0;7422;182;2.8;0.1
82;2021-02-01;292;55;7714;237;2.9;0.1
82;2021-02-02;344;100;8058;337;3.1;0.1
82;2021-02-03;462;66;8520;403;3.2;0.2
82;2021-02-04;763;219;9283;622;3.5;0.2
82;2021-02-05;478;147;9761;769;3.7;0.3
82;2021-02-06;93;39;9854;808;3.8;0.3
82;2021-02-07;29;79;9883;887;3.8;0.3
82;2021-02-08;148;227;10031;1114;3.8;0.4
82;2021-02-09;238;393;10269;1507;3.9;0.6
82;2021-02-10;271;602;10540;2109;4.0;0.8
82;2021-02-11;224;402;10764;2511;4.1;1.0
82;2021-02-12;190;611;10954;3122;4.2;1.2
82;2021-02-13;59;118;11013;3240;4.2;1.2
82;2021-02-14;4;81;11017;3321;4.2;1.3
82;2021-02-15;217;306;11234;3627;4.3;1.4
82;2021-02-16;280;392;11514;4019;4.4;1.5
82;2021-02-17;356;519;11870;4538;4.5;1.7
82;2021-02-18;507;511;12377;5049;4.7;1.9
82;2021-02-19;489;542;12866;5591;4.9;2.1
82;2021-02-20;78;139;12944;5730;4.9;2.2
82;2021-02-21;0;0;12944;5730;4.9;2.2
82;2021-02-22;198;407;13142;6137;5.0;2.3
82;2021-02-23;274;469;13416;6606;5.1;2.5
82;2021-02-24;280;458;13696;7064;5.2;2.7
82;2021-02-25;637;508;14333;7572;5.5;2.9
82;2021-02-26;648;375;14981;7947;5.7;3.0
82;2021-02-27;214;72;15195;8019;5.8;3.1
82;2021-02-28;30;7;15225;8026;5.8;3.1
82;2021-03-01;290;227;15515;8253;5.9;3.1
82;2021-03-02;495;402;16010;8655;6.1;3.3
82;2021-03-03;440;386;16450;9041;6.3;3.4
82;2021-03-04;600;299;17050;9340;6.5;3.6
82;2021-03-05;680;378;17730;9718;6.8;3.7
82;2021-03-06;685;39;18415;9757;7.0;3.7
82;2021-03-07;300;3;18715;9760;7.1;3.7
82;2021-03-08;603;155;19318;9915;7.4;3.8
82;2021-03-09;582;257;19900;10172;7.6;3.9
82;2021-03-10;777;244;20677;10416;7.9;4.0
82;2021-03-11;970;280;21647;10696;8.2;4.1
82;2021-03-12;992;103;22639;10799;8.6;4.1
82;2021-03-13;564;52;23203;10851;8.8;4.1
82;2021-03-14;61;5;23264;10856;8.9;4.1
82;2021-03-15;485;323;23749;11179;9.0;4.3
82;2021-03-16;195;334;23944;11513;9.1;4.4
82;2021-03-17;190;296;24134;11809;9.2;4.5
82;2021-03-18;279;350;24413;12159;9.3;4.6
82;2021-03-19;533;312;24946;12471;9.5;4.7
82;2021-03-20;252;57;25198;12528;9.6;4.8
82;2021-03-21;23;0;25221;12528;9.6;4.8
82;2021-03-22;405;316;25626;12844;9.8;4.9
82;2021-03-23;602;311;26228;13155;10.0;5.0
82;2021-03-24;619;334;26847;13489;10.2;5.1
82;2021-03-25;926;244;27773;13733;10.6;5.2
82;2021-03-26;1211;266;28984;13999;11.0;5.3
82;2021-03-27;478;78;29462;14077;11.2;5.4
82;2021-03-28;136;1;29598;14078;11.3;5.4
82;2021-03-29;923;377;30521;14455;11.6;5.5
82;2021-03-30;1185;274;31706;14729;12.1;5.6
82;2021-03-31;1016;256;32722;14985;12.5;5.7
82;2021-04-01;1072;193;33794;15178;12.9;5.8
82;2021-04-02;1210;281;35004;15459;13.3;5.9
82;2021-04-03;715;128;35719;15587;13.6;5.9
82;2021-04-04;275;12;35994;15599;13.7;5.9
82;2021-04-05;388;19;36382;15618;13.9;5.9
82;2021-04-06;950;511;37332;16129;14.2;6.1
82;2021-04-07;1017;494;38349;16623;14.6;6.3
82;2021-04-08;1454;408;39803;17031;15.2;6.5
82;2021-04-09;1654;470;41457;17501;15.8;6.7
82;2021-04-10;1710;97;43167;17598;16.4;6.7
82;2021-04-11;559;17;43726;17615;16.7;6.7
82;2021-04-12;1347;287;45073;17902;17.2;6.8
82;2021-04-13;1623;265;46696;18167;17.8;6.9
82;2021-04-14;1403;294;48099;18461;18.3;7.0
82;2021-04-15;1776;319;49875;18780;19.0;7.2
82;2021-04-16;1538;329;51413;19109;19.6;7.3
82;2021-04-17;1243;69;52656;19178;20.1;7.3
82;2021-04-18;560;13;53216;19191;20.3;7.3
82;2021-04-19;959;359;54175;19550;20.6;7.4
82;2021-04-20;1266;398;55441;19948;21.1;7.6
82;2021-04-21;1217;375;56658;20323;21.6;7.7
82;2021-04-22;1447;293;58105;20616;22.1;7.9
82;2021-04-23;1077;681;59182;21297;22.5;8.1
82;2021-04-24;1183;262;60365;21559;23.0;8.2
82;2021-04-25;736;47;61101;21606;23.3;8.2
82;2021-04-26;747;808;61848;22414;23.6;8.5
82;2021-04-27;905;924;62753;23338;23.9;8.9
82;2021-04-28;921;866;63674;24204;24.2;9.2
82;2021-04-29;1105;904;64779;25108;24.7;9.6
82;2021-04-30;1039;888;65818;25996;25.1;9.9
82;2021-05-01;1139;257;66957;26253;25.5;10.0
82;2021-05-02;696;143;67653;26396;25.8;10.1
82;2021-05-03;410;1215;68063;27611;25.9;10.5
82;2021-05-04;862;1166;68925;28777;26.2;11.0
82;2021-05-05;568;1172;69493;29949;26.5;11.4
82;2021-05-06;853;1417;70346;31366;26.8;11.9
82;2021-05-07;732;1452;71078;32818;27.1;12.5
82;2021-05-08;933;519;72011;33337;27.4;12.7
82;2021-05-09;754;580;72765;33917;27.7;12.9
82;2021-05-10;850;1365;73615;35282;28.0;13.4
82;2021-05-11;1158;1349;74773;36631;28.5;13.9
82;2021-05-12;1013;1345;75786;37976;28.9;14.5
82;2021-05-13;1454;429;77240;38405;29.4;14.6
82;2021-05-14;1690;1235;78930;39640;30.1;15.1
82;2021-05-15;1934;690;80864;40330;30.8;15.4
82;2021-05-16;557;115;81421;40445;31.0;15.4
82;2021-05-17;1090;1172;82511;41617;31.4;15.8
82;2021-05-18;1462;1185;83973;42802;32.0;16.3
82;2021-05-19;1268;979;85241;43781;32.5;16.7
82;2021-05-20;1407;1156;86648;44937;33.0;17.1
82;2021-05-21;1411;1212;88059;46149;33.5;17.6
82;2021-05-22;2070;629;90129;46778;34.3;17.8
82;2021-05-23;703;117;90832;46895;34.6;17.9
82;2021-05-24;1441;262;92273;47157;35.1;18.0
82;2021-05-25;1443;963;93716;48120;35.7;18.3
82;2021-05-26;1411;919;95127;49039;36.2;18.7
82;2021-05-27;1461;1027;96588;50066;36.8;19.1
82;2021-05-28;1538;1146;98126;51212;37.4;19.5
82;2021-05-29;1496;545;99622;51757;37.9;19.7
82;2021-05-30;402;101;100024;51858;38.1;19.7
82;2021-05-31;1489;990;101513;52848;38.7;20.1
82;2021-06-01;1749;1049;103262;53897;39.3;20.5
82;2021-06-02;1473;1004;104735;54901;39.9;20.9
82;2021-06-03;1489;1180;106224;56081;40.4;21.4
82;2021-06-04;2248;1305;108472;57386;41.3;21.9
82;2021-06-05;2270;984;110742;58370;42.2;22.2
82;2021-06-06;327;134;111069;58504;42.3;22.3
82;2021-06-07;957;1275;112026;59779;42.7;22.8
82;2021-06-08;1446;1135;113472;60914;43.2;23.2
82;2021-06-09;1705;1139;115177;62053;43.9;23.6
82;2021-06-10;1436;1207;116613;63260;44.4;24.1
82;2021-06-11;1919;1119;118532;64379;45.1;24.5
82;2021-06-12;2393;1399;120925;65778;46.0;25.0
82;2021-06-13;376;112;121301;65890;46.2;25.1
82;2021-06-14;1206;1079;122507;66969;46.6;25.5
82;2021-06-15;1457;1242;123964;68211;47.2;26.0
82;2021-06-16;1749;1165;125713;69376;47.9;26.4
82;2021-06-17;1216;1473;126929;70849;48.3;27.0
82;2021-06-18;1469;1440;128398;72289;48.9;27.5
82;2021-06-19;2269;973;130667;73262;49.8;27.9
82;2021-06-20;268;174;130935;73436;49.9;28.0
82;2021-06-21;483;1362;131418;74798;50.0;28.5
82;2021-06-22;888;1708;132306;76506;50.4;29.1
82;2021-06-23;1232;1588;133538;78094;50.8;29.7
82;2021-06-24;749;1902;134287;79996;51.1;30.5
82;2021-06-25;738;1940;135025;81936;51.4;31.2
82;2021-06-26;1238;2151;136263;84087;51.9;32.0
82;2021-06-27;195;438;136458;84525;52.0;32.2
82;2021-06-28;330;1412;136788;85937;52.1;32.7
82;2021-06-29;514;1844;137302;87781;52.3;33.4
82;2021-06-30;941;1905;138243;89686;52.6;34.2
82;2021-07-01;648;1633;138891;91319;52.9;34.8
82;2021-07-02;928;2315;139819;93634;53.2;35.7
82;2021-07-03;858;2333;140677;95967;53.6;36.5
82;2021-07-04;117;436;140794;96403;53.6;36.7
82;2021-07-05;436;1564;141230;97967;53.8;37.3
82;2021-07-06;509;1867;141739;99834;54.0;38.0
82;2021-07-07;783;1768;142522;101602;54.3;38.7
82;2021-07-08;504;1501;143026;103103;54.5;39.3
82;2021-07-09;779;2152;143805;105255;54.8;40.1
82;2021-07-10;703;2218;144508;107473;55.0;40.9
82;2021-07-11;38;382;144546;107855;55.0;41.1
82;2021-07-12;576;1877;145122;109732;55.3;41.8
82;2021-07-13;706;2002;145828;111734;55.5;42.5
82;2021-07-14;615;736;146443;112470;55.8;42.8
82;2021-07-15;843;1747;147286;114217;56.1;43.5
82;2021-07-16;1424;2620;148710;116837;56.6;44.5
82;2021-07-17;546;2180;149256;119017;56.8;45.3
82;2021-07-18;12;40;149268;119057;56.8;45.3
83;2020-12-27;1;0;1;0;0.0;0.0
83;2020-12-28;0;0;1;0;0.0;0.0
83;2020-12-29;0;0;1;0;0.0;0.0
83;2020-12-30;0;0;1;0;0.0;0.0
83;2020-12-31;0;0;1;0;0.0;0.0
83;2021-01-01;1;0;2;0;0.0;0.0
83;2021-01-02;0;0;2;0;0.0;0.0
83;2021-01-03;0;0;2;0;0.0;0.0
83;2021-01-04;0;0;2;0;0.0;0.0
83;2021-01-05;2;0;4;0;0.0;0.0
83;2021-01-06;69;0;73;0;0.0;0.0
83;2021-01-07;324;1;397;1;0.0;0.0
83;2021-01-08;410;1;807;2;0.1;0.0
83;2021-01-09;48;0;855;2;0.1;0.0
83;2021-01-10;1;0;856;2;0.1;0.0
83;2021-01-11;474;0;1330;2;0.1;0.0
83;2021-01-12;975;2;2305;4;0.2;0.0
83;2021-01-13;961;8;3266;12;0.3;0.0
83;2021-01-14;832;6;4098;18;0.4;0.0
83;2021-01-15;702;0;4800;18;0.4;0.0
83;2021-01-16;40;0;4840;18;0.5;0.0
83;2021-01-17;1;0;4841;18;0.5;0.0
83;2021-01-18;1216;4;6057;22;0.6;0.0
83;2021-01-19;2012;6;8069;28;0.8;0.0
83;2021-01-20;1655;9;9724;37;0.9;0.0
83;2021-01-21;2094;7;11818;44;1.1;0.0
83;2021-01-22;1646;3;13464;47;1.3;0.0
83;2021-01-23;242;0;13706;47;1.3;0.0
83;2021-01-24;21;1;13727;48;1.3;0.0
83;2021-01-25;1548;5;15275;53;1.4;0.0
83;2021-01-26;1744;14;17019;67;1.6;0.0
83;2021-01-27;2150;77;19169;144;1.8;0.0
83;2021-01-28;5070;353;24239;497;2.3;0.0
83;2021-01-29;2945;349;27184;846;2.5;0.1
83;2021-01-30;233;45;27417;891;2.6;0.1
83;2021-01-31;46;0;27463;891;2.6;0.1
83;2021-02-01;1276;423;28739;1314;2.7;0.1
83;2021-02-02;1423;728;30162;2042;2.8;0.2
83;2021-02-03;1518;638;31680;2680;3.0;0.2
83;2021-02-04;1482;749;33162;3429;3.1;0.3
83;2021-02-05;1217;684;34379;4113;3.2;0.4
83;2021-02-06;20;14;34399;4127;3.2;0.4
83;2021-02-07;1;0;34400;4127;3.2;0.4
83;2021-02-08;1083;630;35483;4757;3.3;0.4
83;2021-02-09;1323;910;36806;5667;3.4;0.5
83;2021-02-10;1525;817;38331;6484;3.6;0.6
83;2021-02-11;1599;1028;39930;7512;3.7;0.7
83;2021-02-12;1344;851;41274;8363;3.8;0.8
83;2021-02-13;52;25;41326;8388;3.8;0.8
83;2021-02-14;0;0;41326;8388;3.8;0.8
83;2021-02-15;666;1062;41992;9450;3.9;0.9
83;2021-02-16;540;1377;42532;10827;4.0;1.0
83;2021-02-17;803;1849;43335;12676;4.0;1.2
83;2021-02-18;1616;3874;44951;16550;4.2;1.5
83;2021-02-19;1468;2373;46419;18923;4.3;1.8
83;2021-02-20;58;170;46477;19093;4.3;1.8
83;2021-02-21;22;35;46499;19128;4.3;1.8
83;2021-02-22;499;1772;46998;20900;4.4;1.9
83;2021-02-23;667;1462;47665;22362;4.4;2.1
83;2021-02-24;718;1493;48383;23855;4.5;2.2
83;2021-02-25;1240;1415;49623;25270;4.6;2.4
83;2021-02-26;1295;1257;50918;26527;4.7;2.5
83;2021-02-27;550;55;51468;26582;4.8;2.5
83;2021-02-28;8;13;51476;26595;4.8;2.5
83;2021-03-01;803;1247;52279;27842;4.9;2.6
83;2021-03-02;982;1307;53261;29149;5.0;2.7
83;2021-03-03;1423;1528;54684;30677;5.1;2.9
83;2021-03-04;1867;1375;56551;32052;5.3;3.0
83;2021-03-05;2206;1229;58757;33281;5.5;3.1
83;2021-03-06;2991;96;61748;33377;5.8;3.1
83;2021-03-07;2223;20;63971;33397;6.0;3.1
83;2021-03-08;844;1318;64815;34715;6.0;3.2
83;2021-03-09;1924;1218;66739;35933;6.2;3.3
83;2021-03-10;2361;1345;69100;37278;6.4;3.5
83;2021-03-11;3656;2204;72756;39482;6.8;3.7
83;2021-03-12;3634;1495;76390;40977;7.1;3.8
83;2021-03-13;4580;160;80970;41137;7.5;3.8
83;2021-03-14;2318;40;83288;41177;7.8;3.8
83;2021-03-15;3330;680;86618;41857;8.1;3.9
83;2021-03-16;2591;675;89209;42532;8.3;4.0
83;2021-03-17;2835;757;92044;43289;8.6;4.0
83;2021-03-18;3544;787;95588;44076;8.9;4.1
83;2021-03-19;4162;592;99750;44668;9.3;4.2
83;2021-03-20;3465;53;103215;44721;9.6;4.2
83;2021-03-21;2007;25;105222;44746;9.8;4.2
83;2021-03-22;3952;884;109174;45630;10.2;4.2
83;2021-03-23;4730;572;113904;46202;10.6;4.3
83;2021-03-24;5022;699;118926;46901;11.1;4.4
83;2021-03-25;6514;810;125440;47711;11.7;4.4
83;2021-03-26;7167;721;132607;48432;12.3;4.5
83;2021-03-27;3960;376;136567;48808;12.7;4.5
83;2021-03-28;2181;22;138748;48830;12.9;4.5
83;2021-03-29;4535;746;143283;49576;13.3;4.6
83;2021-03-30;5942;909;149225;50485;13.9;4.7
83;2021-03-31;5543;1049;154768;51534;14.4;4.8
83;2021-04-01;5956;1244;160724;52778;15.0;4.9
83;2021-04-02;5747;1051;166471;53829;15.5;5.0
83;2021-04-03;1795;621;168266;54450;15.7;5.1
83;2021-04-04;851;343;169117;54793;15.7;5.1
83;2021-04-05;183;65;169300;54858;15.8;5.1
83;2021-04-06;4718;1366;174018;56224;16.2;5.2
83;2021-04-07;5821;1626;179839;57850;16.7;5.4
83;2021-04-08;7854;1953;187693;59803;17.5;5.6
83;2021-04-09;7580;2161;195273;61964;18.2;5.8
83;2021-04-10;2941;2632;198214;64596;18.5;6.0
83;2021-04-11;1720;2129;199934;66725;18.6;6.2
83;2021-04-12;4940;2839;204874;69564;19.1;6.5
83;2021-04-13;5398;2985;210272;72549;19.6;6.8
83;2021-04-14;5890;2924;216162;75473;20.1;7.0
83;2021-04-15;6756;3000;222918;78473;20.8;7.3
83;2021-04-16;6115;3484;229033;81957;21.3;7.6
83;2021-04-17;3500;2182;232533;84139;21.7;7.8
83;2021-04-18;2171;1291;234704;85430;21.9;8.0
83;2021-04-19;4097;3891;238801;89321;22.2;8.3
83;2021-04-20;4355;3853;243156;93174;22.6;8.7
83;2021-04-21;4287;4133;247443;97307;23.0;9.1
83;2021-04-22;4995;4270;252438;101577;23.5;9.5
83;2021-04-23;4499;4526;256937;106103;23.9;9.9
83;2021-04-24;2626;2706;259563;108809;24.2;10.1
83;2021-04-25;1924;1567;261487;110376;24.4;10.3
83;2021-04-26;3571;3840;265058;114216;24.7;10.6
83;2021-04-27;4127;4539;269185;118755;25.1;11.1
83;2021-04-28;4313;4342;273498;123097;25.5;11.5
83;2021-04-29;5796;5077;279294;128174;26.0;11.9
83;2021-04-30;5777;4282;285071;132456;26.5;12.3
83;2021-05-01;1693;423;286764;132879;26.7;12.4
83;2021-05-02;1231;749;287995;133628;26.8;12.4
83;2021-05-03;3745;4269;291740;137897;27.2;12.8
83;2021-05-04;3338;5089;295078;142986;27.5;13.3
83;2021-05-05;3630;4942;298708;147928;27.8;13.8
83;2021-05-06;4655;4927;303363;152855;28.3;14.2
83;2021-05-07;4159;5297;307522;158152;28.6;14.7
83;2021-05-08;2753;993;310275;159145;28.9;14.8
83;2021-05-09;2148;1225;312423;160370;29.1;14.9
83;2021-05-10;3201;5411;315624;165781;29.4;15.4
83;2021-05-11;5111;5642;320735;171423;29.9;16.0
83;2021-05-12;6285;4832;327020;176255;30.5;16.4
83;2021-05-13;6571;1321;333591;177576;31.1;16.5
83;2021-05-14;7415;4086;341006;181662;31.8;16.9
83;2021-05-15;7745;2187;348751;183849;32.5;17.1
83;2021-05-16;6623;1242;355374;185091;33.1;17.2
83;2021-05-17;4890;4171;360264;189262;33.5;17.6
83;2021-05-18;5510;3841;365774;193103;34.1;18.0
83;2021-05-19;6204;3375;371978;196478;34.6;18.3
83;2021-05-20;6731;3743;378709;200221;35.3;18.6
83;2021-05-21;7901;3792;386610;204013;36.0;19.0
83;2021-05-22;6083;1706;392693;205719;36.6;19.2
83;2021-05-23;4680;700;397373;206419;37.0;19.2
83;2021-05-24;5807;961;403180;207380;37.5;19.3
83;2021-05-25;5496;4746;408676;212126;38.1;19.8
83;2021-05-26;4837;4416;413513;216542;38.5;20.2
83;2021-05-27;5062;5254;418575;221796;39.0;20.7
83;2021-05-28;4497;5746;423072;227542;39.4;21.2
83;2021-05-29;2699;4270;425771;231812;39.6;21.6
83;2021-05-30;1253;1368;427024;233180;39.8;21.7
83;2021-05-31;5488;4759;432512;237939;40.3;22.2
83;2021-06-01;5713;5295;438225;243234;40.8;22.7
83;2021-06-02;5235;4555;443460;247789;41.3;23.1
83;2021-06-03;5721;5102;449181;252891;41.8;23.6
83;2021-06-04;5434;6042;454615;258933;42.3;24.1
83;2021-06-05;3921;3190;458536;262123;42.7;24.4
83;2021-06-06;1925;1377;460461;263500;42.9;24.5
83;2021-06-07;3900;5080;464361;268580;43.2;25.0
83;2021-06-08;4126;4789;468487;273369;43.6;25.5
83;2021-06-09;3987;4696;472474;278065;44.0;25.9
83;2021-06-10;3946;4239;476420;282304;44.4;26.3
83;2021-06-11;3646;5439;480066;287743;44.7;26.8
83;2021-06-12;2896;2973;482962;290716;45.0;27.1
83;2021-06-13;991;1386;483953;292102;45.1;27.2
83;2021-06-14;2838;5652;486791;297754;45.3;27.7
83;2021-06-15;3138;4857;489929;302611;45.6;28.2
83;2021-06-16;2921;4498;492850;307109;45.9;28.6
83;2021-06-17;2722;5270;495572;312379;46.1;29.1
83;2021-06-18;3118;5945;498690;318324;46.4;29.6
83;2021-06-19;2305;4088;500995;322412;46.7;30.0
83;2021-06-20;664;1887;501659;324299;46.7;30.2
83;2021-06-21;2078;7578;503737;331877;46.9;30.9
83;2021-06-22;2083;7167;505820;339044;47.1;31.6
83;2021-06-23;1891;6933;507711;345977;47.3;32.2
83;2021-06-24;1923;7372;509634;353349;47.5;32.9
83;2021-06-25;2057;8398;511691;361747;47.7;33.7
83;2021-06-26;1448;6810;513139;368557;47.8;34.3
83;2021-06-27;681;3185;513820;371742;47.8;34.6
83;2021-06-28;1540;7889;515360;379631;48.0;35.4
83;2021-06-29;1858;7800;517218;387431;48.2;36.1
83;2021-06-30;2166;7258;519384;394689;48.4;36.8
83;2021-07-01;2485;6549;521869;401238;48.6;37.4
83;2021-07-02;2207;7786;524076;409024;48.8;38.1
83;2021-07-03;1486;5694;525562;414718;48.9;38.6
83;2021-07-04;539;2748;526101;417466;49.0;38.9
83;2021-07-05;1872;7530;527973;424996;49.2;39.6
83;2021-07-06;2535;5924;530508;430920;49.4;40.1
83;2021-07-07;2638;4647;533146;435567;49.6;40.6
83;2021-07-08;3187;4453;536333;440020;49.9;41.0
83;2021-07-09;2998;6944;539331;446964;50.2;41.6
83;2021-07-10;1553;4912;540884;451876;50.4;42.1
83;2021-07-11;990;1757;541874;453633;50.5;42.2
83;2021-07-12;2094;7655;543968;461288;50.7;43.0
83;2021-07-13;3956;7018;547924;468306;51.0;43.6
83;2021-07-14;2073;1291;549997;469597;51.2;43.7
83;2021-07-15;4452;6775;554449;476372;51.6;44.4
83;2021-07-16;5169;7051;559618;483423;52.1;45.0
83;2021-07-17;3533;4934;563151;488357;52.4;45.5
83;2021-07-18;1587;1291;564738;489648;52.6;45.6
84;2020-12-27;0;0;0;0;0.0;0.0
84;2020-12-28;0;0;0;0;0.0;0.0
84;2020-12-29;0;0;0;0;0.0;0.0
84;2020-12-30;0;0;0;0;0.0;0.0
84;2020-12-31;0;0;0;0;0.0;0.0
84;2021-01-01;0;0;0;0;0.0;0.0
84;2021-01-02;0;0;0;0;0.0;0.0
84;2021-01-03;0;0;0;0;0.0;0.0
84;2021-01-04;0;0;0;0;0.0;0.0
84;2021-01-05;0;0;0;0;0.0;0.0
84;2021-01-06;0;0;0;0;0.0;0.0
84;2021-01-07;69;0;69;0;0.0;0.0
84;2021-01-08;81;0;150;0;0.0;0.0
84;2021-01-09;30;0;180;0;0.0;0.0
84;2021-01-10;0;0;180;0;0.0;0.0
84;2021-01-11;219;0;399;0;0.1;0.0
84;2021-01-12;588;0;987;0;0.2;0.0
84;2021-01-13;352;0;1339;0;0.2;0.0
84;2021-01-14;919;13;2258;13;0.4;0.0
84;2021-01-15;612;7;2870;20;0.5;0.0
84;2021-01-16;165;0;3035;20;0.5;0.0
84;2021-01-17;27;1;3062;21;0.5;0.0
84;2021-01-18;691;3;3753;24;0.7;0.0
84;2021-01-19;875;1;4628;25;0.8;0.0
84;2021-01-20;1014;3;5642;28;1.0;0.0
84;2021-01-21;1048;4;6690;32;1.2;0.0
84;2021-01-22;1130;0;7820;32;1.4;0.0
84;2021-01-23;244;0;8064;32;1.4;0.0
84;2021-01-24;2;0;8066;32;1.4;0.0
84;2021-01-25;803;1;8869;33;1.6;0.0
84;2021-01-26;935;2;9804;35;1.7;0.0
84;2021-01-27;1066;2;10870;37;1.9;0.0
84;2021-01-28;1620;16;12490;53;2.2;0.0
84;2021-01-29;1197;61;13687;114;2.4;0.0
84;2021-01-30;170;21;13857;135;2.5;0.0
84;2021-01-31;6;0;13863;135;2.5;0.0
84;2021-02-01;652;150;14515;285;2.6;0.1
84;2021-02-02;787;268;15302;553;2.7;0.1
84;2021-02-03;757;241;16059;794;2.9;0.1
84;2021-02-04;910;408;16969;1202;3.0;0.2
84;2021-02-05;723;420;17692;1622;3.2;0.3
84;2021-02-06;122;50;17814;1672;3.2;0.3
84;2021-02-07;0;0;17814;1672;3.2;0.3
84;2021-02-08;566;279;18380;1951;3.3;0.3
84;2021-02-09;678;716;19058;2667;3.4;0.5
84;2021-02-10;550;571;19608;3238;3.5;0.6
84;2021-02-11;546;588;20154;3826;3.6;0.7
84;2021-02-12;555;682;20709;4508;3.7;0.8
84;2021-02-13;46;171;20755;4679;3.7;0.8
84;2021-02-14;3;0;20758;4679;3.7;0.8
84;2021-02-15;205;893;20963;5572;3.7;1.0
84;2021-02-16;218;835;21181;6407;3.8;1.1
84;2021-02-17;445;781;21626;7188;3.9;1.3
84;2021-02-18;554;1110;22180;8298;4.0;1.5
84;2021-02-19;736;1186;22916;9484;4.1;1.7
84;2021-02-20;63;155;22979;9639;4.1;1.7
84;2021-02-21;3;38;22982;9677;4.1;1.7
84;2021-02-22;369;743;23351;10420;4.2;1.9
84;2021-02-23;267;707;23618;11127;4.2;2.0
84;2021-02-24;389;742;24007;11869;4.3;2.1
84;2021-02-25;710;843;24717;12712;4.4;2.3
84;2021-02-26;820;683;25537;13395;4.6;2.4
84;2021-02-27;132;125;25669;13520;4.6;2.4
84;2021-02-28;16;0;25685;13520;4.6;2.4
84;2021-03-01;454;673;26139;14193;4.7;2.5
84;2021-03-02;628;809;26767;15002;4.8;2.7
84;2021-03-03;815;956;27582;15958;4.9;2.8
84;2021-03-04;1088;705;28670;16663;5.1;3.0
84;2021-03-05;1305;512;29975;17175;5.3;3.1
84;2021-03-06;1455;53;31430;17228;5.6;3.1
84;2021-03-07;477;10;31907;17238;5.7;3.1
84;2021-03-08;810;601;32717;17839;5.8;3.2
84;2021-03-09;1380;782;34097;18621;6.1;3.3
84;2021-03-10;1468;661;35565;19282;6.3;3.4
84;2021-03-11;1981;637;37546;19919;6.7;3.6
84;2021-03-12;2077;623;39623;20542;7.1;3.7
84;2021-03-13;741;32;40364;20574;7.2;3.7
84;2021-03-14;243;53;40607;20627;7.2;3.7
84;2021-03-15;1065;305;41672;20932;7.4;3.7
84;2021-03-16;1176;330;42848;21262;7.6;3.8
84;2021-03-17;1138;483;43986;21745;7.8;3.9
84;2021-03-18;1453;424;45439;22169;8.1;4.0
84;2021-03-19;2170;467;47609;22636;8.5;4.0
84;2021-03-20;836;23;48445;22659;8.6;4.0
84;2021-03-21;145;8;48590;22667;8.7;4.0
84;2021-03-22;1151;455;49741;23122;8.9;4.1
84;2021-03-23;1903;456;51644;23578;9.2;4.2
84;2021-03-24;2173;388;53817;23966;9.6;4.3
84;2021-03-25;3649;381;57466;24347;10.2;4.3
84;2021-03-26;3309;465;60775;24812;10.8;4.4
84;2021-03-27;912;56;61687;24868;11.0;4.4
84;2021-03-28;71;2;61758;24870;11.0;4.4
84;2021-03-29;1714;517;63472;25387;11.3;4.5
84;2021-03-30;2660;662;66132;26049;11.8;4.6
84;2021-03-31;2396;639;68528;26688;12.2;4.8
84;2021-04-01;3011;553;71539;27241;12.8;4.9
84;2021-04-02;2447;514;73986;27755;13.2;4.9
84;2021-04-03;506;26;74492;27781;13.3;5.0
84;2021-04-04;10;0;74502;27781;13.3;5.0
84;2021-04-05;809;97;75311;27878;13.4;5.0
84;2021-04-06;2136;821;77447;28699;13.8;5.1
84;2021-04-07;2398;847;79845;29546;14.2;5.3
84;2021-04-08;3639;1005;83484;30551;14.9;5.4
84;2021-04-09;4103;912;87587;31463;15.6;5.6
84;2021-04-10;1303;122;88890;31585;15.8;5.6
84;2021-04-11;35;12;88925;31597;15.9;5.6
84;2021-04-12;2086;797;91011;32394;16.2;5.8
84;2021-04-13;2940;1357;93951;33751;16.7;6.0
84;2021-04-14;2805;1342;96756;35093;17.2;6.3
84;2021-04-15;3268;1393;100024;36486;17.8;6.5
84;2021-04-16;3423;1533;103447;38019;18.4;6.8
84;2021-04-17;1663;187;105110;38206;18.7;6.8
84;2021-04-18;33;0;105143;38206;18.7;6.8
84;2021-04-19;2495;911;107638;39117;19.2;7.0
84;2021-04-20;2625;1520;110263;40637;19.7;7.2
84;2021-04-21;2648;1480;112911;42117;20.1;7.5
84;2021-04-22;3004;1725;115915;43842;20.7;7.8
84;2021-04-23;3018;1867;118933;45709;21.2;8.1
84;2021-04-24;1527;285;120460;45994;21.5;8.2
84;2021-04-25;26;2;120486;45996;21.5;8.2
84;2021-04-26;2161;1357;122647;47353;21.9;8.4
84;2021-04-27;2550;1969;125197;49322;22.3;8.8
84;2021-04-28;2816;1834;128013;51156;22.8;9.1
84;2021-04-29;3420;2019;131433;53175;23.4;9.5
84;2021-04-30;3126;2400;134559;55575;24.0;9.9
84;2021-05-01;454;260;135013;55835;24.1;10.0
84;2021-05-02;1;0;135014;55835;24.1;10.0
84;2021-05-03;2164;1627;137178;57462;24.5;10.2
84;2021-05-04;2485;2524;139663;59986;24.9;10.7
84;2021-05-05;2343;2214;142006;62200;25.3;11.1
84;2021-05-06;3223;2244;145229;64444;25.9;11.5
84;2021-05-07;2762;2558;147991;67002;26.4;11.9
84;2021-05-08;1152;524;149143;67526;26.6;12.0
84;2021-05-09;5;52;149148;67578;26.6;12.0
84;2021-05-10;2151;2457;151299;70035;27.0;12.5
84;2021-05-11;2905;3152;154204;73187;27.5;13.0
84;2021-05-12;2844;2911;157048;76098;28.0;13.6
84;2021-05-13;2155;840;159203;76938;28.4;13.7
84;2021-05-14;2719;2029;161922;78967;28.9;14.1
84;2021-05-15;2000;981;163922;79948;29.2;14.3
84;2021-05-16;1339;182;165261;80130;29.5;14.3
84;2021-05-17;2215;2149;167476;82279;29.9;14.7
84;2021-05-18;2902;2092;170378;84371;30.4;15.0
84;2021-05-19;3227;1663;173605;86034;30.9;15.3
84;2021-05-20;3691;2193;177296;88227;31.6;15.7
84;2021-05-21;3461;2322;180757;90549;32.2;16.1
84;2021-05-22;1583;676;182340;91225;32.5;16.3
84;2021-05-23;3;9;182343;91234;32.5;16.3
84;2021-05-24;1839;425;184182;91659;32.8;16.3
84;2021-05-25;2978;2176;187160;93835;33.4;16.7
84;2021-05-26;3070;2079;190230;95914;33.9;17.1
84;2021-05-27;3853;2311;194083;98225;34.6;17.5
84;2021-05-28;3183;3299;197266;101524;35.2;18.1
84;2021-05-29;1090;1648;198356;103172;35.4;18.4
84;2021-05-30;8;85;198364;103257;35.4;18.4
84;2021-05-31;2190;2630;200554;105887;35.7;18.9
84;2021-06-01;3142;3153;203696;109040;36.3;19.4
84;2021-06-02;3169;2612;206865;111652;36.9;19.9
84;2021-06-03;4090;2981;210955;114633;37.6;20.4
84;2021-06-04;3608;3032;214563;117665;38.2;21.0
84;2021-06-05;1783;1492;216346;119157;38.6;21.2
84;2021-06-06;983;204;217329;119361;38.7;21.3
84;2021-06-07;2450;2736;219779;122097;39.2;21.8
84;2021-06-08;3293;3048;223072;125145;39.8;22.3
84;2021-06-09;3015;2632;226087;127777;40.3;22.8
84;2021-06-10;3442;2741;229529;130518;40.9;23.3
84;2021-06-11;3015;3049;232544;133567;41.5;23.8
84;2021-06-12;1955;1313;234499;134880;41.8;24.0
84;2021-06-13;410;210;234909;135090;41.9;24.1
84;2021-06-14;1912;3156;236821;138246;42.2;24.6
84;2021-06-15;2551;3447;239372;141693;42.7;25.3
84;2021-06-16;2501;2932;241873;144625;43.1;25.8
84;2021-06-17;2936;3450;244809;148075;43.6;26.4
84;2021-06-18;2410;3548;247219;151623;44.1;27.0
84;2021-06-19;1282;1540;248501;153163;44.3;27.3
84;2021-06-20;541;353;249042;153516;44.4;27.4
84;2021-06-21;1557;3136;250599;156652;44.7;27.9
84;2021-06-22;2148;4006;252747;160658;45.1;28.6
84;2021-06-23;2096;3283;254843;163941;45.4;29.2
84;2021-06-24;2178;3472;257021;167413;45.8;29.8
84;2021-06-25;1821;3865;258842;171278;46.1;30.5
84;2021-06-26;1121;1791;259963;173069;46.3;30.9
84;2021-06-27;291;344;260254;173413;46.4;30.9
84;2021-06-28;1189;3222;261443;176635;46.6;31.5
84;2021-06-29;1436;4044;262879;180679;46.9;32.2
84;2021-06-30;1696;3951;264575;184630;47.2;32.9
84;2021-07-01;1756;3939;266331;188569;47.5;33.6
84;2021-07-02;1719;3889;268050;192458;47.8;34.3
84;2021-07-03;1077;2026;269127;194484;48.0;34.7
84;2021-07-04;379;413;269506;194897;48.0;34.7
84;2021-07-05;1417;3540;270923;198437;48.3;35.4
84;2021-07-06;1524;4169;272447;202606;48.6;36.1
84;2021-07-07;1623;3094;274070;205700;48.9;36.7
84;2021-07-08;2088;3740;276158;209440;49.2;37.3
84;2021-07-09;1791;3951;277949;213391;49.5;38.0
84;2021-07-10;1236;2142;279185;215533;49.8;38.4
84;2021-07-11;333;304;279518;215837;49.8;38.5
84;2021-07-12;1367;3830;280885;219667;50.1;39.2
84;2021-07-13;2295;4978;283180;224645;50.5;40.0
84;2021-07-14;1863;1228;285043;225873;50.8;40.3
84;2021-07-15;2558;4507;287601;230380;51.3;41.1
84;2021-07-16;2728;4542;290329;234922;51.8;41.9
84;2021-07-17;1562;2414;291891;237336;52.0;42.3
84;2021-07-18;995;531;292886;237867;52.2;42.4
85;2020-12-27;0;0;0;0;0.0;0.0
85;2020-12-28;0;0;0;0;0.0;0.0
85;2020-12-29;0;0;0;0;0.0;0.0
85;2020-12-30;0;0;0;0;0.0;0.0
85;2020-12-31;0;0;0;0;0.0;0.0
85;2021-01-01;0;0;0;0;0.0;0.0
85;2021-01-02;0;0;0;0;0.0;0.0
85;2021-01-03;0;0;0;0;0.0;0.0
85;2021-01-04;25;0;25;0;0.0;0.0
85;2021-01-05;62;0;87;0;0.0;0.0
85;2021-01-06;107;1;194;1;0.0;0.0
85;2021-01-07;202;0;396;1;0.1;0.0
85;2021-01-08;291;1;687;2;0.1;0.0
85;2021-01-09;288;2;975;4;0.1;0.0
85;2021-01-10;59;0;1034;4;0.2;0.0
85;2021-01-11;453;0;1487;4;0.2;0.0
85;2021-01-12;584;2;2071;6;0.3;0.0
85;2021-01-13;544;1;2615;7;0.4;0.0
85;2021-01-14;678;3;3293;10;0.5;0.0
85;2021-01-15;436;3;3729;13;0.5;0.0
85;2021-01-16;262;3;3991;16;0.6;0.0
85;2021-01-17;37;0;4028;16;0.6;0.0
85;2021-01-18;996;2;5024;18;0.7;0.0
85;2021-01-19;1426;4;6450;22;0.9;0.0
85;2021-01-20;1872;2;8322;24;1.2;0.0
85;2021-01-21;3215;3;11537;27;1.7;0.0
85;2021-01-22;1695;18;13232;45;1.9;0.0
85;2021-01-23;464;2;13696;47;2.0;0.0
85;2021-01-24;49;0;13745;47;2.0;0.0
85;2021-01-25;576;1;14321;48;2.1;0.0
85;2021-01-26;874;34;15195;82;2.2;0.0
85;2021-01-27;1785;32;16980;114;2.5;0.0
85;2021-01-28;1618;35;18598;149;2.7;0.0
85;2021-01-29;872;63;19470;212;2.8;0.0
85;2021-01-30;148;5;19618;217;2.9;0.0
85;2021-01-31;2;48;19620;265;2.9;0.0
85;2021-02-01;479;103;20099;368;2.9;0.1
85;2021-02-02;537;176;20636;544;3.0;0.1
85;2021-02-03;413;261;21049;805;3.1;0.1
85;2021-02-04;620;267;21669;1072;3.2;0.2
85;2021-02-05;624;265;22293;1337;3.3;0.2
85;2021-02-06;151;244;22444;1581;3.3;0.2
85;2021-02-07;1;0;22445;1581;3.3;0.2
85;2021-02-08;387;656;22832;2237;3.3;0.3
85;2021-02-09;659;1062;23491;3299;3.4;0.5
85;2021-02-10;583;1130;24074;4429;3.5;0.6
85;2021-02-11;1543;3041;25617;7470;3.7;1.1
85;2021-02-12;1011;1259;26628;8729;3.9;1.3
85;2021-02-13;250;506;26878;9235;3.9;1.4
85;2021-02-14;2;133;26880;9368;3.9;1.4
85;2021-02-15;335;817;27215;10185;4.0;1.5
85;2021-02-16;570;1187;27785;11372;4.1;1.7
85;2021-02-17;779;1569;28564;12941;4.2;1.9
85;2021-02-18;1271;1927;29835;14868;4.4;2.2
85;2021-02-19;951;1193;30786;16061;4.5;2.4
85;2021-02-20;173;263;30959;16324;4.5;2.4
85;2021-02-21;1;11;30960;16335;4.5;2.4
85;2021-02-22;810;884;31770;17219;4.7;2.5
85;2021-02-23;828;484;32598;17703;4.8;2.6
85;2021-02-24;754;312;33352;18015;4.9;2.6
85;2021-02-25;1335;392;34687;18407;5.1;2.7
85;2021-02-26;1226;323;35913;18730;5.3;2.7
85;2021-02-27;400;97;36313;18827;5.3;2.8
85;2021-02-28;6;1;36319;18828;5.3;2.8
85;2021-03-01;758;428;37077;19256;5.4;2.8
85;2021-03-02;1100;788;38177;20044;5.6;2.9
85;2021-03-03;841;513;39018;20557;5.7;3.0
85;2021-03-04;1573;1172;40591;21729;5.9;3.2
85;2021-03-05;1734;846;42325;22575;6.2;3.3
85;2021-03-06;1226;127;43551;22702;6.4;3.3
85;2021-03-07;325;28;43876;22730;6.4;3.3
85;2021-03-08;1736;454;45612;23184;6.7;3.4
85;2021-03-09;2237;563;47849;23747;7.0;3.5
85;2021-03-10;1857;642;49706;24389;7.3;3.6
85;2021-03-11;3111;1075;52817;25464;7.7;3.7
85;2021-03-12;2726;853;55543;26317;8.1;3.9
85;2021-03-13;1369;154;56912;26471;8.3;3.9
85;2021-03-14;178;0;57090;26471;8.4;3.9
85;2021-03-15;1914;504;59004;26975;8.6;3.9
85;2021-03-16;1624;514;60628;27489;8.9;4.0
85;2021-03-17;979;523;61607;28012;9.0;4.1
85;2021-03-18;1896;454;63503;28466;9.3;4.2
85;2021-03-19;2199;361;65702;28827;9.6;4.2
85;2021-03-20;1065;175;66767;29002;9.8;4.2
85;2021-03-21;269;5;67036;29007;9.8;4.2
85;2021-03-22;1755;555;68791;29562;10.1;4.3
85;2021-03-23;2410;722;71201;30284;10.4;4.4
85;2021-03-24;2205;535;73406;30819;10.7;4.5
85;2021-03-25;3644;603;77050;31422;11.3;4.6
85;2021-03-26;3356;642;80406;32064;11.8;4.7
85;2021-03-27;1725;115;82131;32179;12.0;4.7
85;2021-03-28;534;2;82665;32181;12.1;4.7
85;2021-03-29;2410;754;85075;32935;12.5;4.8
85;2021-03-30;2861;1014;87936;33949;12.9;5.0
85;2021-03-31;2193;661;90129;34610;13.2;5.1
85;2021-04-01;3865;899;93994;35509;13.8;5.2
85;2021-04-02;2705;1080;96699;36589;14.2;5.4
85;2021-04-03;1408;317;98107;36906;14.4;5.4
85;2021-04-04;323;27;98430;36933;14.4;5.4
85;2021-04-05;104;174;98534;37107;14.4;5.4
85;2021-04-06;2199;1595;100733;38702;14.7;5.7
85;2021-04-07;3092;1187;103825;39889;15.2;5.8
85;2021-04-08;4523;1589;108348;41478;15.9;6.1
85;2021-04-09;4599;1215;112947;42693;16.5;6.2
85;2021-04-10;1866;392;114813;43085;16.8;6.3
85;2021-04-11;26;10;114839;43095;16.8;6.3
85;2021-04-12;4283;1466;119122;44561;17.4;6.5
85;2021-04-13;4829;1861;123951;46422;18.1;6.8
85;2021-04-14;3955;997;127906;47419;18.7;6.9
85;2021-04-15;5512;1724;133418;49143;19.5;7.2
85;2021-04-16;5239;1524;138657;50667;20.3;7.4
85;2021-04-17;1382;434;140039;51101;20.5;7.5
85;2021-04-18;348;9;140387;51110;20.5;7.5
85;2021-04-19;3362;1698;143749;52808;21.0;7.7
85;2021-04-20;3698;1901;147447;54709;21.6;8.0
85;2021-04-21;2687;1666;150134;56375;22.0;8.3
85;2021-04-22;3804;2222;153938;58597;22.5;8.6
85;2021-04-23;3894;2069;157832;60666;23.1;8.9
85;2021-04-24;1659;1528;159491;62194;23.3;9.1
85;2021-04-25;980;557;160471;62751;23.5;9.2
85;2021-04-26;3587;2352;164058;65103;24.0;9.5
85;2021-04-27;4389;2156;168447;67259;24.7;9.8
85;2021-04-28;5743;1238;174190;68497;25.5;10.0
85;2021-04-29;5631;1987;179821;70484;26.3;10.3
85;2021-04-30;5572;1664;185393;72148;27.1;10.6
85;2021-05-01;1734;635;187127;72783;27.4;10.7
85;2021-05-02;872;467;187999;73250;27.5;10.7
85;2021-05-03;3489;2376;191488;75626;28.0;11.1
85;2021-05-04;3487;3081;194975;78707;28.5;11.5
85;2021-05-05;4531;2165;199506;80872;29.2;11.8
85;2021-05-06;4919;2581;204425;83453;29.9;12.2
85;2021-05-07;3905;3855;208330;87308;30.5;12.8
85;2021-05-08;2244;227;210574;87535;30.8;12.8
85;2021-05-09;1508;180;212082;87715;31.0;12.8
85;2021-05-10;3205;4928;215287;92643;31.5;13.6
85;2021-05-11;4020;4968;219307;97611;32.1;14.3
85;2021-05-12;5015;3927;224322;101538;32.8;14.9
85;2021-05-13;5135;605;229457;102143;33.6;15.0
85;2021-05-14;4353;3160;233810;105303;34.2;15.4
85;2021-05-15;2322;773;236132;106076;34.6;15.5
85;2021-05-16;2211;162;238343;106238;34.9;15.6
85;2021-05-17;4142;3377;242485;109615;35.5;16.0
85;2021-05-18;5212;2847;247697;112462;36.3;16.5
85;2021-05-19;6491;1759;254188;114221;37.2;16.7
85;2021-05-20;6771;2161;260959;116382;38.2;17.0
85;2021-05-21;5496;2745;266455;119127;39.0;17.4
85;2021-05-22;2580;750;269035;119877;39.4;17.5
85;2021-05-23;1329;155;270364;120032;39.6;17.6
85;2021-05-24;4571;429;274935;120461;40.2;17.6
85;2021-05-25;4515;3564;279450;124025;40.9;18.2
85;2021-05-26;4939;2674;284389;126699;41.6;18.5
85;2021-05-27;4958;3685;289347;130384;42.4;19.1
85;2021-05-28;5249;4066;294596;134450;43.1;19.7
85;2021-05-29;3957;1521;298553;135971;43.7;19.9
85;2021-05-30;1289;125;299842;136096;43.9;19.9
85;2021-05-31;4687;3379;304529;139475;44.6;20.4
85;2021-06-01;5395;3394;309924;142869;45.4;20.9
85;2021-06-02;5547;2520;315471;145389;46.2;21.3
85;2021-06-03;5913;3230;321384;148619;47.0;21.8
85;2021-06-04;5835;3819;327219;152438;47.9;22.3
85;2021-06-05;2851;1935;330070;154373;48.3;22.6
85;2021-06-06;1504;802;331574;155175;48.5;22.7
85;2021-06-07;3226;4854;334800;160029;49.0;23.4
85;2021-06-08;4058;4518;338858;164547;49.6;24.1
85;2021-06-09;4827;3516;343685;168063;50.3;24.6
85;2021-06-10;5168;3690;348853;171753;51.1;25.1
85;2021-06-11;4496;4660;353349;176413;51.7;25.8
85;2021-06-12;1487;1796;354836;178209;51.9;26.1
85;2021-06-13;1217;672;356053;178881;52.1;26.2
85;2021-06-14;2674;5092;358727;183973;52.5;26.9
85;2021-06-15;3699;4933;362426;188906;53.0;27.7
85;2021-06-16;4076;3904;366502;192810;53.6;28.2
85;2021-06-17;3934;3896;370436;196706;54.2;28.8
85;2021-06-18;3617;5676;374053;202382;54.8;29.6
85;2021-06-19;1208;2027;375261;204409;54.9;29.9
85;2021-06-20;137;521;375398;204930;54.9;30.0
85;2021-06-21;2366;5822;377764;210752;55.3;30.8
85;2021-06-22;2827;5731;380591;216483;55.7;31.7
85;2021-06-23;3370;4487;383961;220970;56.2;32.3
85;2021-06-24;3632;4564;387593;225534;56.7;33.0
85;2021-06-25;2276;6197;389869;231731;57.1;33.9
85;2021-06-26;787;3770;390656;235501;57.2;34.5
85;2021-06-27;123;1372;390779;236873;57.2;34.7
85;2021-06-28;1161;6731;391940;243604;57.4;35.7
85;2021-06-29;1732;6882;393672;250486;57.6;36.7
85;2021-06-30;2158;6202;395830;256688;57.9;37.6
85;2021-07-01;2791;6067;398621;262755;58.3;38.5
85;2021-07-02;2253;7036;400874;269791;58.7;39.5
85;2021-07-03;611;3166;401485;272957;58.8;40.0
85;2021-07-04;141;1084;401626;274041;58.8;40.1
85;2021-07-05;1048;6670;402674;280711;58.9;41.1
85;2021-07-06;1558;6463;404232;287174;59.2;42.0
85;2021-07-07;1628;5863;405860;293037;59.4;42.9
85;2021-07-08;2138;5446;407998;298483;59.7;43.7
85;2021-07-09;1631;7104;409629;305587;60.0;44.7
85;2021-07-10;556;2838;410185;308425;60.0;45.1
85;2021-07-11;524;1286;410709;309711;60.1;45.3
85;2021-07-12;1402;7059;412111;316770;60.3;46.4
85;2021-07-13;2041;7391;414152;324161;60.6;47.4
85;2021-07-14;1449;2048;415601;326209;60.8;47.7
85;2021-07-15;2659;6945;418260;333154;61.2;48.8
85;2021-07-16;3394;6831;421654;339985;61.7;49.8
85;2021-07-17;1529;2135;423183;342120;61.9;50.1
85;2021-07-18;1142;1152;424325;343272;62.1;50.2
86;2020-12-27;0;0;0;0;0.0;0.0
86;2020-12-28;0;0;0;0;0.0;0.0
86;2020-12-29;1;0;1;0;0.0;0.0
86;2020-12-30;0;0;1;0;0.0;0.0
86;2020-12-31;0;0;1;0;0.0;0.0
86;2021-01-01;0;0;1;0;0.0;0.0
86;2021-01-02;0;0;1;0;0.0;0.0
86;2021-01-03;0;0;1;0;0.0;0.0
86;2021-01-04;0;0;1;0;0.0;0.0
86;2021-01-05;0;0;1;0;0.0;0.0
86;2021-01-06;178;0;179;0;0.0;0.0
86;2021-01-07;670;0;849;0;0.2;0.0
86;2021-01-08;591;3;1440;3;0.3;0.0
86;2021-01-09;0;0;1440;3;0.3;0.0
86;2021-01-10;173;0;1613;3;0.4;0.0
86;2021-01-11;300;0;1913;3;0.4;0.0
86;2021-01-12;458;0;2371;3;0.5;0.0
86;2021-01-13;336;0;2707;3;0.6;0.0
86;2021-01-14;551;1;3258;4;0.7;0.0
86;2021-01-15;533;1;3791;5;0.9;0.0
86;2021-01-16;0;0;3791;5;0.9;0.0
86;2021-01-17;0;0;3791;5;0.9;0.0
86;2021-01-18;564;0;4355;5;1.0;0.0
86;2021-01-19;1828;0;6183;5;1.4;0.0
86;2021-01-20;1442;16;7625;21;1.7;0.0
86;2021-01-21;1287;0;8912;21;2.0;0.0
86;2021-01-22;825;0;9737;21;2.2;0.0
86;2021-01-23;311;0;10048;21;2.3;0.0
86;2021-01-24;0;0;10048;21;2.3;0.0
86;2021-01-25;583;109;10631;130;2.4;0.0
86;2021-01-26;748;122;11379;252;2.6;0.1
86;2021-01-27;764;157;12143;409;2.8;0.1
86;2021-01-28;1042;427;13185;836;3.0;0.2
86;2021-01-29;877;219;14062;1055;3.2;0.2
86;2021-01-30;275;103;14337;1158;3.3;0.3
86;2021-01-31;57;157;14394;1315;3.3;0.3
86;2021-02-01;435;208;14829;1523;3.4;0.3
86;2021-02-02;574;386;15403;1909;3.5;0.4
86;2021-02-03;527;224;15930;2133;3.6;0.5
86;2021-02-04;477;364;16407;2497;3.8;0.6
86;2021-02-05;439;745;16846;3242;3.9;0.7
86;2021-02-06;146;206;16992;3448;3.9;0.8
86;2021-02-07;120;6;17112;3454;3.9;0.8
86;2021-02-08;361;328;17473;3782;4.0;0.9
86;2021-02-09;739;1123;18212;4905;4.2;1.1
86;2021-02-10;975;935;19187;5840;4.4;1.3
86;2021-02-11;996;974;20183;6814;4.6;1.6
86;2021-02-12;750;375;20933;7189;4.8;1.6
86;2021-02-13;191;95;21124;7284;4.8;1.7
86;2021-02-14;1;34;21125;7318;4.8;1.7
86;2021-02-15;243;507;21368;7825;4.9;1.8
86;2021-02-16;385;865;21753;8690;5.0;2.0
86;2021-02-17;449;895;22202;9585;5.1;2.2
86;2021-02-18;420;876;22622;10461;5.2;2.4
86;2021-02-19;599;644;23221;11105;5.3;2.5
86;2021-02-20;115;177;23336;11282;5.3;2.6
86;2021-02-21;0;0;23336;11282;5.3;2.6
86;2021-02-22;240;429;23576;11711;5.4;2.7
86;2021-02-23;369;606;23945;12317;5.5;2.8
86;2021-02-24;407;587;24352;12904;5.6;3.0
86;2021-02-25;900;667;25252;13571;5.8;3.1
86;2021-02-26;1027;537;26279;14108;6.0;3.2
86;2021-02-27;459;146;26738;14254;6.1;3.3
86;2021-02-28;3;2;26741;14256;6.1;3.3
86;2021-03-01;230;526;26971;14782;6.2;3.4
86;2021-03-02;1139;844;28110;15626;6.4;3.6
86;2021-03-03;792;625;28902;16251;6.6;3.7
86;2021-03-04;1495;610;30397;16861;6.9;3.9
86;2021-03-05;1575;311;31972;17172;7.3;3.9
86;2021-03-06;993;169;32965;17341;7.5;4.0
86;2021-03-07;368;28;33333;17369;7.6;4.0
86;2021-03-08;469;540;33802;17909;7.7;4.1
86;2021-03-09;1368;526;35170;18435;8.0;4.2
86;2021-03-10;949;609;36119;19044;8.3;4.4
86;2021-03-11;1793;472;37912;19516;8.7;4.5
86;2021-03-12;2204;431;40116;19947;9.2;4.6
86;2021-03-13;1446;93;41562;20040;9.5;4.6
86;2021-03-14;132;15;41694;20055;9.5;4.6
86;2021-03-15;782;160;42476;20215;9.7;4.6
86;2021-03-16;844;204;43320;20419;9.9;4.7
86;2021-03-17;786;202;44106;20621;10.1;4.7
86;2021-03-18;999;98;45105;20719;10.3;4.7
86;2021-03-19;2138;315;47243;21034;10.8;4.8
86;2021-03-20;592;131;47835;21165;10.9;4.8
86;2021-03-21;10;0;47845;21165;10.9;4.8
86;2021-03-22;851;272;48696;21437;11.1;4.9
86;2021-03-23;2011;326;50707;21763;11.6;5.0
86;2021-03-24;1555;286;52262;22049;11.9;5.0
86;2021-03-25;2481;345;54743;22394;12.5;5.1
86;2021-03-26;3033;348;57776;22742;13.2;5.2
86;2021-03-27;731;141;58507;22883;13.4;5.2
86;2021-03-28;5;129;58512;23012;13.4;5.3
86;2021-03-29;1255;392;59767;23404;13.7;5.4
86;2021-03-30;2387;816;62154;24220;14.2;5.5
86;2021-03-31;1507;619;63661;24839;14.6;5.7
86;2021-04-01;2227;936;65888;25775;15.1;5.9
86;2021-04-02;1897;551;67785;26326;15.5;6.0
86;2021-04-03;827;321;68612;26647;15.7;6.1
86;2021-04-04;82;108;68694;26755;15.7;6.1
86;2021-04-05;312;2;69006;26757;15.8;6.1
86;2021-04-06;1528;957;70534;27714;16.1;6.3
86;2021-04-07;1629;619;72163;28333;16.5;6.5
86;2021-04-08;2565;756;74728;29089;17.1;6.7
86;2021-04-09;3248;637;77976;29726;17.8;6.8
86;2021-04-10;1663;190;79639;29916;18.2;6.8
86;2021-04-11;441;9;80080;29925;18.3;6.8
86;2021-04-12;823;763;80903;30688;18.5;7.0
86;2021-04-13;2452;939;83355;31627;19.1;7.2
86;2021-04-14;1871;869;85226;32496;19.5;7.4
86;2021-04-15;2267;718;87493;33214;20.0;7.6
86;2021-04-16;2463;1225;89956;34439;20.6;7.9
86;2021-04-17;1040;255;90996;34694;20.8;7.9
86;2021-04-18;118;2;91114;34696;20.8;7.9
86;2021-04-19;745;793;91859;35489;21.0;8.1
86;2021-04-20;2300;1496;94159;36985;21.5;8.5
86;2021-04-21;2108;1116;96267;38101;22.0;8.7
86;2021-04-22;2331;1439;98598;39540;22.5;9.0
86;2021-04-23;2392;1567;100990;41107;23.1;9.4
86;2021-04-24;1298;508;102288;41615;23.4;9.5
86;2021-04-25;825;24;103113;41639;23.6;9.5
86;2021-04-26;2078;882;105191;42521;24.0;9.7
86;2021-04-27;3150;1662;108341;44183;24.8;10.1
86;2021-04-28;3002;1518;111343;45701;25.5;10.4
86;2021-04-29;3553;1814;114896;47515;26.3;10.9
86;2021-04-30;2963;1469;117859;48984;26.9;11.2
86;2021-05-01;1580;194;119439;49178;27.3;11.2
86;2021-05-02;1280;40;120719;49218;27.6;11.3
86;2021-05-03;2562;994;123281;50212;28.2;11.5
86;2021-05-04;3505;1889;126786;52101;29.0;11.9
86;2021-05-05;3990;1462;130776;53563;29.9;12.2
86;2021-05-06;4289;1641;135065;55204;30.9;12.6
86;2021-05-07;4040;1813;139105;57017;31.8;13.0
86;2021-05-08;1974;396;141079;57413;32.3;13.1
86;2021-05-09;1642;203;142721;57616;32.6;13.2
86;2021-05-10;1954;1160;144675;58776;33.1;13.4
86;2021-05-11;3601;2674;148276;61450;33.9;14.0
86;2021-05-12;2244;1640;150520;63090;34.4;14.4
86;2021-05-13;1685;296;152205;63386;34.8;14.5
86;2021-05-14;2100;786;154305;64172;35.3;14.7
86;2021-05-15;1467;501;155772;64673;35.6;14.8
86;2021-05-16;778;164;156550;64837;35.8;14.8
86;2021-05-17;3221;1057;159771;65894;36.5;15.1
86;2021-05-18;4300;1651;164071;67545;37.5;15.4
86;2021-05-19;3582;1428;167653;68973;38.3;15.8
86;2021-05-20;4377;1610;172030;70583;39.3;16.1
86;2021-05-21;3440;1758;175470;72341;40.1;16.5
86;2021-05-22;2077;659;177547;73000;40.6;16.7
86;2021-05-23;1437;183;178984;73183;40.9;16.7
86;2021-05-24;1844;199;180828;73382;41.3;16.8
86;2021-05-25;2846;1630;183674;75012;42.0;17.1
86;2021-05-26;2724;1515;186398;76527;42.6;17.5
86;2021-05-27;3543;1838;189941;78365;43.4;17.9
86;2021-05-28;2161;2529;192102;80894;43.9;18.5
86;2021-05-29;1525;1279;193627;82173;44.3;18.8
86;2021-05-30;935;131;194562;82304;44.5;18.8
86;2021-05-31;1920;1815;196482;84119;44.9;19.2
86;2021-06-01;2660;2588;199142;86707;45.5;19.8
86;2021-06-02;2293;2661;201435;89368;46.1;20.4
86;2021-06-03;3326;2401;204761;91769;46.8;21.0
86;2021-06-04;2232;2862;206993;94631;47.3;21.6
86;2021-06-05;1503;1578;208496;96209;47.7;22.0
86;2021-06-06;819;900;209315;97109;47.9;22.2
86;2021-06-07;1113;2464;210428;99573;48.1;22.8
86;2021-06-08;1979;3692;212407;103265;48.6;23.6
86;2021-06-09;1893;3312;214300;106577;49.0;24.4
86;2021-06-10;2336;3234;216636;109811;49.5;25.1
86;2021-06-11;1514;2789;218150;112600;49.9;25.7
86;2021-06-12;745;2250;218895;114850;50.0;26.3
86;2021-06-13;212;1479;219107;116329;50.1;26.6
86;2021-06-14;1152;2903;220259;119232;50.4;27.3
86;2021-06-15;1676;4257;221935;123489;50.7;28.2
86;2021-06-16;1806;3132;223741;126621;51.2;28.9
86;2021-06-17;1768;4444;225509;131065;51.6;30.0
86;2021-06-18;1875;4580;227384;135645;52.0;31.0
86;2021-06-19;629;2095;228013;137740;52.1;31.5
86;2021-06-20;171;1324;228184;139064;52.2;31.8
86;2021-06-21;1097;2240;229281;141304;52.4;32.3
86;2021-06-22;1290;3460;230571;144764;52.7;33.1
86;2021-06-23;1352;2402;231923;147166;53.0;33.6
86;2021-06-24;1577;2724;233500;149890;53.4;34.3
86;2021-06-25;1180;3557;234680;153447;53.7;35.1
86;2021-06-26;384;2657;235064;156104;53.7;35.7
86;2021-06-27;133;1636;235197;157740;53.8;36.1
86;2021-06-28;268;3343;235465;161083;53.8;36.8
86;2021-06-29;856;4609;236321;165692;54.0;37.9
86;2021-06-30;1038;2976;237359;168668;54.3;38.6
86;2021-07-01;1530;3004;238889;171672;54.6;39.2
86;2021-07-02;1103;3652;239992;175324;54.9;40.1
86;2021-07-03;514;2396;240506;177720;55.0;40.6
86;2021-07-04;114;1349;240620;179069;55.0;40.9
86;2021-07-05;464;2836;241084;181905;55.1;41.6
86;2021-07-06;981;4101;242065;186006;55.3;42.5
86;2021-07-07;1248;2630;243313;188636;55.6;43.1
86;2021-07-08;1603;3153;244916;191789;56.0;43.8
86;2021-07-09;1727;3078;246643;194867;56.4;44.6
86;2021-07-10;1293;1951;247936;196818;56.7;45.0
86;2021-07-11;480;840;248416;197658;56.8;45.2
86;2021-07-12;815;2396;249231;200054;57.0;45.7
86;2021-07-13;1758;3359;250989;203413;57.4;46.5
86;2021-07-14;764;1231;251753;204644;57.6;46.8
86;2021-07-15;1869;3286;253622;207930;58.0;47.5
86;2021-07-16;1646;2652;255268;210582;58.4;48.1
86;2021-07-17;1341;1596;256609;212178;58.7;48.5
86;2021-07-18;376;902;256985;213080;58.8;48.7
87;2020-12-27;0;0;0;0;0.0;0.0
87;2020-12-28;1;0;1;0;0.0;0.0
87;2020-12-29;0;0;1;0;0.0;0.0
87;2020-12-30;0;0;1;0;0.0;0.0
87;2020-12-31;0;0;1;0;0.0;0.0
87;2021-01-01;0;0;1;0;0.0;0.0
87;2021-01-02;0;0;1;0;0.0;0.0
87;2021-01-03;0;0;1;0;0.0;0.0
87;2021-01-04;1;0;2;0;0.0;0.0
87;2021-01-05;1;0;3;0;0.0;0.0
87;2021-01-06;10;0;13;0;0.0;0.0
87;2021-01-07;300;0;313;0;0.1;0.0
87;2021-01-08;407;0;720;0;0.2;0.0
87;2021-01-09;64;0;784;0;0.2;0.0
87;2021-01-10;35;0;819;0;0.2;0.0
87;2021-01-11;424;0;1243;0;0.3;0.0
87;2021-01-12;650;0;1893;0;0.5;0.0
87;2021-01-13;658;1;2551;1;0.7;0.0
87;2021-01-14;515;11;3066;12;0.8;0.0
87;2021-01-15;531;3;3597;15;1.0;0.0
87;2021-01-16;203;1;3800;16;1.0;0.0
87;2021-01-17;1;0;3801;16;1.0;0.0
87;2021-01-18;645;4;4446;20;1.2;0.0
87;2021-01-19;653;0;5099;20;1.4;0.0
87;2021-01-20;674;0;5773;20;1.6;0.0
87;2021-01-21;715;1;6488;21;1.7;0.0
87;2021-01-22;757;4;7245;25;2.0;0.0
87;2021-01-23;285;0;7530;25;2.0;0.0
87;2021-01-24;0;0;7530;25;2.0;0.0
87;2021-01-25;621;10;8151;35;2.2;0.0
87;2021-01-26;569;53;8720;88;2.4;0.0
87;2021-01-27;572;40;9292;128;2.5;0.0
87;2021-01-28;856;109;10148;237;2.7;0.1
87;2021-01-29;740;271;10888;508;2.9;0.1
87;2021-01-30;327;75;11215;583;3.0;0.2
87;2021-01-31;33;71;11248;654;3.0;0.2
87;2021-02-01;412;309;11660;963;3.1;0.3
87;2021-02-02;451;483;12111;1446;3.3;0.4
87;2021-02-03;542;420;12653;1866;3.4;0.5
87;2021-02-04;611;593;13264;2459;3.6;0.7
87;2021-02-05;342;384;13606;2843;3.7;0.8
87;2021-02-06;48;154;13654;2997;3.7;0.8
87;2021-02-07;20;0;13674;2997;3.7;0.8
87;2021-02-08;246;445;13920;3442;3.8;0.9
87;2021-02-09;218;546;14138;3988;3.8;1.1
87;2021-02-10;260;626;14398;4614;3.9;1.2
87;2021-02-11;285;542;14683;5156;4.0;1.4
87;2021-02-12;284;539;14967;5695;4.0;1.5
87;2021-02-13;25;169;14992;5864;4.0;1.6
87;2021-02-14;0;3;14992;5867;4.0;1.6
87;2021-02-15;236;391;15228;6258;4.1;1.7
87;2021-02-16;328;333;15556;6591;4.2;1.8
87;2021-02-17;330;382;15886;6973;4.3;1.9
87;2021-02-18;475;645;16361;7618;4.4;2.1
87;2021-02-19;400;479;16761;8097;4.5;2.2
87;2021-02-20;122;197;16883;8294;4.6;2.2
87;2021-02-21;2;9;16885;8303;4.6;2.2
87;2021-02-22;437;576;17322;8879;4.7;2.4
87;2021-02-23;552;628;17874;9507;4.8;2.6
87;2021-02-24;449;583;18323;10090;4.9;2.7
87;2021-02-25;788;705;19111;10795;5.2;2.9
87;2021-02-26;838;473;19949;11268;5.4;3.0
87;2021-02-27;404;209;20353;11477;5.5;3.1
87;2021-02-28;3;0;20356;11477;5.5;3.1
87;2021-03-01;514;367;20870;11844;5.6;3.2
87;2021-03-02;1031;384;21901;12228;5.9;3.3
87;2021-03-03;1172;337;23073;12565;6.2;3.4
87;2021-03-04;1405;332;24478;12897;6.6;3.5
87;2021-03-05;1760;283;26238;13180;7.1;3.6
87;2021-03-06;1040;32;27278;13212;7.4;3.6
87;2021-03-07;257;4;27535;13216;7.4;3.6
87;2021-03-08;858;237;28393;13453;7.7;3.6
87;2021-03-09;1289;225;29682;13678;8.0;3.7
87;2021-03-10;1297;225;30979;13903;8.4;3.7
87;2021-03-11;1752;245;32731;14148;8.8;3.8
87;2021-03-12;2116;280;34847;14428;9.4;3.9
87;2021-03-13;1303;13;36150;14441;9.7;3.9
87;2021-03-14;80;0;36230;14441;9.8;3.9
87;2021-03-15;986;357;37216;14798;10.0;4.0
87;2021-03-16;1061;237;38277;15035;10.3;4.1
87;2021-03-17;1070;214;39347;15249;10.6;4.1
87;2021-03-18;1178;328;40525;15577;10.9;4.2
87;2021-03-19;1678;262;42203;15839;11.4;4.3
87;2021-03-20;919;85;43122;15924;11.6;4.3
87;2021-03-21;32;0;43154;15924;11.6;4.3
87;2021-03-22;1041;375;44195;16299;11.9;4.4
87;2021-03-23;1382;417;45577;16716;12.3;4.5
87;2021-03-24;1508;363;47085;17079;12.7;4.6
87;2021-03-25;2490;389;49575;17468;13.4;4.7
87;2021-03-26;2521;448;52096;17916;14.1;4.8
87;2021-03-27;888;125;52984;18041;14.3;4.9
87;2021-03-28;269;16;53253;18057;14.4;4.9
87;2021-03-29;1115;412;54368;18469;14.7;5.0
87;2021-03-30;1905;657;56273;19126;15.2;5.2
87;2021-03-31;1658;690;57931;19816;15.6;5.3
87;2021-04-01;2214;568;60145;20384;16.2;5.5
87;2021-04-02;1833;623;61978;21007;16.7;5.7
87;2021-04-03;454;262;62432;21269;16.8;5.7
87;2021-04-04;1;0;62433;21269;16.8;5.7
87;2021-04-05;80;0;62513;21269;16.9;5.7
87;2021-04-06;992;897;63505;22166;17.1;6.0
87;2021-04-07;1480;918;64985;23084;17.5;6.2
87;2021-04-08;1780;1030;66765;24114;18.0;6.5
87;2021-04-09;2640;729;69405;24843;18.7;6.7
87;2021-04-10;1190;306;70595;25149;19.0;6.8
87;2021-04-11;67;0;70662;25149;19.1;6.8
87;2021-04-12;1622;821;72284;25970;19.5;7.0
87;2021-04-13;2281;1050;74565;27020;20.1;7.3
87;2021-04-14;2525;1173;77090;28193;20.8;7.6
87;2021-04-15;2203;1063;79293;29256;21.4;7.9
87;2021-04-16;2725;1060;82018;30316;22.1;8.2
87;2021-04-17;730;383;82748;30699;22.3;8.3
87;2021-04-18;111;140;82859;30839;22.3;8.3
87;2021-04-19;1655;825;84514;31664;22.8;8.5
87;2021-04-20;2084;872;86598;32536;23.4;8.8
87;2021-04-21;2290;981;88888;33517;24.0;9.0
87;2021-04-22;2554;1148;91442;34665;24.7;9.3
87;2021-04-23;1994;1171;93436;35836;25.2;9.7
87;2021-04-24;824;616;94260;36452;25.4;9.8
87;2021-04-25;64;103;94324;36555;25.4;9.9
87;2021-04-26;1352;913;95676;37468;25.8;10.1
87;2021-04-27;2395;1197;98071;38665;26.5;10.4
87;2021-04-28;3865;1433;101936;40098;27.5;10.8
87;2021-04-29;3065;1832;105001;41930;28.3;11.3
87;2021-04-30;3171;1347;108172;43277;29.2;11.7
87;2021-05-01;612;55;108784;43332;29.3;11.7
87;2021-05-02;358;3;109142;43335;29.4;11.7
87;2021-05-03;2298;933;111440;44268;30.1;11.9
87;2021-05-04;2906;1066;114346;45334;30.8;12.2
87;2021-05-05;2989;1502;117335;46836;31.6;12.6
87;2021-05-06;2521;1720;119856;48556;32.3;13.1
87;2021-05-07;2941;1708;122797;50264;33.1;13.6
87;2021-05-08;770;292;123567;50556;33.3;13.6
87;2021-05-09;19;133;123586;50689;33.3;13.7
87;2021-05-10;1926;1600;125512;52289;33.9;14.1
87;2021-05-11;2467;1900;127979;54189;34.5;14.6
87;2021-05-12;2601;2057;130580;56246;35.2;15.2
87;2021-05-13;1083;291;131663;56537;35.5;15.2
87;2021-05-14;2245;1768;133908;58305;36.1;15.7
87;2021-05-15;949;403;134857;58708;36.4;15.8
87;2021-05-16;139;73;134996;58781;36.4;15.9
87;2021-05-17;1626;1757;136622;60538;36.8;16.3
87;2021-05-18;2627;1805;139249;62343;37.6;16.8
87;2021-05-19;2811;1541;142060;63884;38.3;17.2
87;2021-05-20;3286;1716;145346;65600;39.2;17.7
87;2021-05-21;2760;1825;148106;67425;39.9;18.2
87;2021-05-22;1457;619;149563;68044;40.3;18.4
87;2021-05-23;210;92;149773;68136;40.4;18.4
87;2021-05-24;1056;139;150829;68275;40.7;18.4
87;2021-05-25;2118;1815;152947;70090;41.3;18.9
87;2021-05-26;3218;2465;156165;72555;42.1;19.6
87;2021-05-27;2998;2351;159163;74906;42.9;20.2
87;2021-05-28;2669;2518;161832;77424;43.6;20.9
87;2021-05-29;1062;1313;162894;78737;43.9;21.2
87;2021-05-30;257;59;163151;78796;44.0;21.3
87;2021-05-31;2288;1357;165439;80153;44.6;21.6
87;2021-06-01;2544;1861;167983;82014;45.3;22.1
87;2021-06-02;2515;1849;170498;83863;46.0;22.6
87;2021-06-03;3204;2525;173702;86388;46.8;23.3
87;2021-06-04;2838;2050;176540;88438;47.6;23.9
87;2021-06-05;1309;575;177849;89013;48.0;24.0
87;2021-06-06;262;95;178111;89108;48.0;24.0
87;2021-06-07;2099;1900;180210;91008;48.6;24.5
87;2021-06-08;2906;2566;183116;93574;49.4;25.2
87;2021-06-09;2297;2813;185413;96387;50.0;26.0
87;2021-06-10;2937;2551;188350;98938;50.8;26.7
87;2021-06-11;2354;3070;190704;102008;51.4;27.5
87;2021-06-12;1221;1102;191925;103110;51.8;27.8
87;2021-06-13;290;484;192215;103594;51.8;27.9
87;2021-06-14;972;2731;193187;106325;52.1;28.7
87;2021-06-15;1357;3321;194544;109646;52.5;29.6
87;2021-06-16;1639;3424;196183;113070;52.9;30.5
87;2021-06-17;2424;2315;198607;115385;53.6;31.1
87;2021-06-18;1776;3014;200383;118399;54.0;31.9
87;2021-06-19;1040;1173;201423;119572;54.3;32.2
87;2021-06-20;204;204;201627;119776;54.4;32.3
87;2021-06-21;1031;2646;202658;122422;54.7;33.0
87;2021-06-22;1024;2885;203682;125307;54.9;33.8
87;2021-06-23;1245;3085;204927;128392;55.3;34.6
87;2021-06-24;1614;2549;206541;130941;55.7;35.3
87;2021-06-25;1436;2718;207977;133659;56.1;36.0
87;2021-06-26;528;1201;208505;134860;56.2;36.4
87;2021-06-27;25;212;208530;135072;56.2;36.4
87;2021-06-28;711;2572;209241;137644;56.4;37.1
87;2021-06-29;1134;3409;210375;141053;56.7;38.0
87;2021-06-30;1110;2650;211485;143703;57.0;38.8
87;2021-07-01;1341;2556;212826;146259;57.4;39.4
87;2021-07-02;1192;3458;214018;149717;57.7;40.4
87;2021-07-03;406;1506;214424;151223;57.8;40.8
87;2021-07-04;22;383;214446;151606;57.8;40.9
87;2021-07-05;683;2394;215129;154000;58.0;41.5
87;2021-07-06;578;3231;215707;157231;58.2;42.4
87;2021-07-07;861;3350;216568;160581;58.4;43.3
87;2021-07-08;1116;3664;217684;164245;58.7;44.3
87;2021-07-09;1101;3703;218785;167948;59.0;45.3
87;2021-07-10;282;1358;219067;169306;59.1;45.7
87;2021-07-11;49;284;219116;169590;59.1;45.7
87;2021-07-12;543;3183;219659;172773;59.2;46.6
87;2021-07-13;823;3519;220482;176292;59.5;47.5
87;2021-07-14;513;539;220995;176831;59.6;47.7
87;2021-07-15;1344;3460;222339;180291;60.0;48.6
87;2021-07-16;1715;3594;224054;183885;60.4;49.6
87;2021-07-17;644;1361;224698;185246;60.6;50.0
87;2021-07-18;81;283;224779;185529;60.6;50.0
88;2020-12-27;0;0;0;0;0.0;0.0
88;2020-12-28;0;0;0;0;0.0;0.0
88;2020-12-29;0;0;0;0;0.0;0.0
88;2020-12-30;0;0;0;0;0.0;0.0
88;2020-12-31;0;0;0;0;0.0;0.0
88;2021-01-01;2;0;2;0;0.0;0.0
88;2021-01-02;0;0;2;0;0.0;0.0
88;2021-01-03;0;0;2;0;0.0;0.0
88;2021-01-04;0;0;2;0;0.0;0.0
88;2021-01-05;1;0;3;0;0.0;0.0
88;2021-01-06;1;0;4;0;0.0;0.0
88;2021-01-07;70;1;74;1;0.0;0.0
88;2021-01-08;189;2;263;3;0.1;0.0
88;2021-01-09;190;0;453;3;0.1;0.0
88;2021-01-10;0;0;453;3;0.1;0.0
88;2021-01-11;226;0;679;3;0.2;0.0
88;2021-01-12;422;1;1101;4;0.3;0.0
88;2021-01-13;490;1;1591;5;0.4;0.0
88;2021-01-14;343;2;1934;7;0.5;0.0
88;2021-01-15;379;2;2313;9;0.6;0.0
88;2021-01-16;62;0;2375;9;0.7;0.0
88;2021-01-17;0;0;2375;9;0.7;0.0
88;2021-01-18;460;0;2835;9;0.8;0.0
88;2021-01-19;447;0;3282;9;0.9;0.0
88;2021-01-20;461;0;3743;9;1.0;0.0
88;2021-01-21;1538;0;5281;9;1.5;0.0
88;2021-01-22;1158;1;6439;10;1.8;0.0
88;2021-01-23;283;0;6722;10;1.9;0.0
88;2021-01-24;298;2;7020;12;2.0;0.0
88;2021-01-25;938;3;7958;15;2.2;0.0
88;2021-01-26;388;6;8346;21;2.3;0.0
88;2021-01-27;3;0;8349;21;2.3;0.0
88;2021-01-28;162;37;8511;58;2.4;0.0
88;2021-01-29;526;163;9037;221;2.5;0.1
88;2021-01-30;288;127;9325;348;2.6;0.1
88;2021-01-31;0;0;9325;348;2.6;0.1
88;2021-02-01;405;284;9730;632;2.7;0.2
88;2021-02-02;333;364;10063;996;2.8;0.3
88;2021-02-03;437;240;10500;1236;2.9;0.3
88;2021-02-04;316;230;10816;1466;3.0;0.4
88;2021-02-05;458;251;11274;1717;3.1;0.5
88;2021-02-06;108;56;11382;1773;3.2;0.5
88;2021-02-07;0;0;11382;1773;3.2;0.5
88;2021-02-08;359;206;11741;1979;3.3;0.6
88;2021-02-09;293;287;12034;2266;3.3;0.6
88;2021-02-10;414;346;12448;2612;3.5;0.7
88;2021-02-11;847;1090;13295;3702;3.7;1.0
88;2021-02-12;942;702;14237;4404;4.0;1.2
88;2021-02-13;162;211;14399;4615;4.0;1.3
88;2021-02-14;81;216;14480;4831;4.0;1.3
88;2021-02-15;641;1072;15121;5903;4.2;1.6
88;2021-02-16;472;725;15593;6628;4.3;1.8
88;2021-02-17;455;439;16048;7067;4.5;2.0
88;2021-02-18;515;385;16563;7452;4.6;2.1
88;2021-02-19;535;458;17098;7910;4.8;2.2
88;2021-02-20;156;102;17254;8012;4.8;2.2
88;2021-02-21;1;25;17255;8037;4.8;2.2
88;2021-02-22;425;342;17680;8379;4.9;2.3
88;2021-02-23;403;234;18083;8613;5.0;2.4
88;2021-02-24;506;210;18589;8823;5.2;2.5
88;2021-02-25;675;277;19264;9100;5.4;2.5
88;2021-02-26;860;272;20124;9372;5.6;2.6
88;2021-02-27;264;32;20388;9404;5.7;2.6
88;2021-02-28;30;1;20418;9405;5.7;2.6
88;2021-03-01;359;466;20777;9871;5.8;2.7
88;2021-03-02;432;494;21209;10365;5.9;2.9
88;2021-03-03;648;457;21857;10822;6.1;3.0
88;2021-03-04;1025;739;22882;11561;6.4;3.2
88;2021-03-05;935;685;23817;12246;6.6;3.4
88;2021-03-06;1869;111;25686;12357;7.1;3.4
88;2021-03-07;1057;72;26743;12429;7.4;3.5
88;2021-03-08;722;685;27465;13114;7.6;3.6
88;2021-03-09;1095;529;28560;13643;7.9;3.8
88;2021-03-10;1070;490;29630;14133;8.2;3.9
88;2021-03-11;1435;387;31065;14520;8.6;4.0
88;2021-03-12;1309;485;32374;15005;9.0;4.2
88;2021-03-13;1207;117;33581;15122;9.3;4.2
88;2021-03-14;166;5;33747;15127;9.4;4.2
88;2021-03-15;930;441;34677;15568;9.6;4.3
88;2021-03-16;1023;341;35700;15909;9.9;4.4
88;2021-03-17;901;421;36601;16330;10.2;4.5
88;2021-03-18;1301;389;37902;16719;10.5;4.7
88;2021-03-19;1461;497;39363;17216;10.9;4.8
88;2021-03-20;1312;41;40675;17257;11.3;4.8
88;2021-03-21;34;0;40709;17257;11.3;4.8
88;2021-03-22;1230;535;41939;17792;11.7;4.9
88;2021-03-23;1781;431;43720;18223;12.2;5.1
88;2021-03-24;1869;466;45589;18689;12.7;5.2
88;2021-03-25;2496;476;48085;19165;13.4;5.3
88;2021-03-26;2469;445;50554;19610;14.1;5.5
88;2021-03-27;880;291;51434;19901;14.3;5.5
88;2021-03-28;59;4;51493;19905;14.3;5.5
88;2021-03-29;1304;435;52797;20340;14.7;5.7
88;2021-03-30;2062;385;54859;20725;15.3;5.8
88;2021-03-31;1616;563;56475;21288;15.7;5.9
88;2021-04-01;2114;699;58589;21987;16.3;6.1
88;2021-04-02;2810;614;61399;22601;17.1;6.3
88;2021-04-03;741;204;62140;22805;17.3;6.3
88;2021-04-04;16;0;62156;22805;17.3;6.3
88;2021-04-05;23;2;62179;22807;17.3;6.3
88;2021-04-06;1133;676;63312;23483;17.6;6.5
88;2021-04-07;1596;696;64908;24179;18.1;6.7
88;2021-04-08;1859;774;66767;24953;18.6;6.9
88;2021-04-09;3077;715;69844;25668;19.4;7.1
88;2021-04-10;725;643;70569;26311;19.6;7.3
88;2021-04-11;32;1;70601;26312;19.6;7.3
88;2021-04-12;1537;989;72138;27301;20.1;7.6
88;2021-04-13;2036;1092;74174;28393;20.6;7.9
88;2021-04-14;1908;957;76082;29350;21.2;8.2
88;2021-04-15;1968;1244;78050;30594;21.7;8.5
88;2021-04-16;2108;1047;80158;31641;22.3;8.8
88;2021-04-17;1426;766;81584;32407;22.7;9.0
88;2021-04-18;268;22;81852;32429;22.8;9.0
88;2021-04-19;1174;1236;83026;33665;23.1;9.4
88;2021-04-20;1191;1391;84217;35056;23.4;9.8
88;2021-04-21;1504;1298;85721;36354;23.8;10.1
88;2021-04-22;1897;1624;87618;37978;24.4;10.6
88;2021-04-23;1821;2034;89439;40012;24.9;11.1
88;2021-04-24;1184;775;90623;40787;25.2;11.3
88;2021-04-25;33;2;90656;40789;25.2;11.3
88;2021-04-26;1181;1170;91837;41959;25.5;11.7
88;2021-04-27;1277;1732;93114;43691;25.9;12.2
88;2021-04-28;1620;1490;94734;45181;26.4;12.6
88;2021-04-29;2082;1453;96816;46634;26.9;13.0
88;2021-04-30;2447;1608;99263;48242;27.6;13.4
88;2021-05-01;2002;256;101265;48498;28.2;13.5
88;2021-05-02;1300;117;102565;48615;28.5;13.5
88;2021-05-03;1559;1215;104124;49830;29.0;13.9
88;2021-05-04;1445;1460;105569;51290;29.4;14.3
88;2021-05-05;2425;1587;107994;52877;30.0;14.7
88;2021-05-06;3207;1206;111201;54083;30.9;15.0
88;2021-05-07;2937;1342;114138;55425;31.7;15.4
88;2021-05-08;1528;454;115666;55879;32.2;15.5
88;2021-05-09;1732;147;117398;56026;32.7;15.6
88;2021-05-10;1765;1564;119163;57590;33.1;16.0
88;2021-05-11;2658;1904;121821;59494;33.9;16.5
88;2021-05-12;2530;1845;124351;61339;34.6;17.1
88;2021-05-13;3258;668;127609;62007;35.5;17.2
88;2021-05-14;2498;1530;130107;63537;36.2;17.7
88;2021-05-15;1624;727;131731;64264;36.6;17.9
88;2021-05-16;1334;96;133065;64360;37.0;17.9
88;2021-05-17;1986;918;135051;65278;37.6;18.2
88;2021-05-18;2256;1089;137307;66367;38.2;18.5
88;2021-05-19;2722;1121;140029;67488;38.9;18.8
88;2021-05-20;3343;1215;143372;68703;39.9;19.1
88;2021-05-21;2870;1122;146242;69825;40.7;19.4
88;2021-05-22;1430;700;147672;70525;41.1;19.6
88;2021-05-23;557;72;148229;70597;41.2;19.6
88;2021-05-24;1673;421;149902;71018;41.7;19.8
88;2021-05-25;1644;1171;151546;72189;42.2;20.1
88;2021-05-26;2368;1127;153914;73316;42.8;20.4
88;2021-05-27;2200;1353;156114;74669;43.4;20.8
88;2021-05-28;1890;1977;158004;76646;43.9;21.3
88;2021-05-29;1233;1751;159237;78397;44.3;21.8
88;2021-05-30;588;412;159825;78809;44.5;21.9
88;2021-05-31;1324;1848;161149;80657;44.8;22.4
88;2021-06-01;1719;1988;162868;82645;45.3;23.0
88;2021-06-02;2070;1859;164938;84504;45.9;23.5
88;2021-06-03;2737;1611;167675;86115;46.6;24.0
88;2021-06-04;2038;1933;169713;88048;47.2;24.5
88;2021-06-05;1528;1138;171241;89186;47.6;24.8
88;2021-06-06;690;154;171931;89340;47.8;24.8
88;2021-06-07;1289;1700;173220;91040;48.2;25.3
88;2021-06-08;1650;1929;174870;92969;48.6;25.9
88;2021-06-09;1616;1900;176486;94869;49.1;26.4
88;2021-06-10;1769;2042;178255;96911;49.6;27.0
88;2021-06-11;1544;2211;179799;99122;50.0;27.6
88;2021-06-12;663;1651;180462;100773;50.2;28.0
88;2021-06-13;460;377;180922;101150;50.3;28.1
88;2021-06-14;1021;2240;181943;103390;50.6;28.8
88;2021-06-15;1914;2448;183857;105838;51.1;29.4
88;2021-06-16;1480;2872;185337;108710;51.6;30.2
88;2021-06-17;1592;2728;186929;111438;52.0;31.0
88;2021-06-18;1351;2452;188280;113890;52.4;31.7
88;2021-06-19;696;1088;188976;114978;52.6;32.0
88;2021-06-20;77;79;189053;115057;52.6;32.0
88;2021-06-21;649;2586;189702;117643;52.8;32.7
88;2021-06-22;860;3444;190562;121087;53.0;33.7
88;2021-06-23;1137;2884;191699;123971;53.3;34.5
88;2021-06-24;701;2612;192400;126583;53.5;35.2
88;2021-06-25;1394;3184;193794;129767;53.9;36.1
88;2021-06-26;901;2076;194695;131843;54.2;36.7
88;2021-06-27;542;635;195237;132478;54.3;36.8
88;2021-06-28;703;2503;195940;134981;54.5;37.5
88;2021-06-29;839;3360;196779;138341;54.7;38.5
88;2021-06-30;1077;3107;197856;141448;55.0;39.3
88;2021-07-01;1044;2688;198900;144136;55.3;40.1
88;2021-07-02;982;3142;199882;147278;55.6;41.0
88;2021-07-03;683;1695;200565;148973;55.8;41.4
88;2021-07-04;257;817;200822;149790;55.9;41.7
88;2021-07-05;989;2026;201811;151816;56.1;42.2
88;2021-07-06;1017;2412;202828;154228;56.4;42.9
88;2021-07-07;1177;2582;204005;156810;56.7;43.6
88;2021-07-08;1067;2077;205072;158887;57.0;44.2
88;2021-07-09;1577;2699;206649;161586;57.5;44.9
88;2021-07-10;701;1808;207350;163394;57.7;45.4
88;2021-07-11;451;694;207801;164088;57.8;45.6
88;2021-07-12;1041;2509;208842;166597;58.1;46.3
88;2021-07-13;1299;2648;210141;169245;58.5;47.1
88;2021-07-14;1000;772;211141;170017;58.7;47.3
88;2021-07-15;1681;3302;212822;173319;59.2;48.2
88;2021-07-16;1315;2940;214137;176259;59.6;49.0
88;2021-07-17;735;1577;214872;177836;59.8;49.5
88;2021-07-18;167;675;215039;178511;59.8;49.7
89;2020-12-27;0;0;0;0;0.0;0.0
89;2020-12-28;0;0;0;0;0.0;0.0
89;2020-12-29;0;0;0;0;0.0;0.0
89;2020-12-30;0;0;0;0;0.0;0.0
89;2020-12-31;0;0;0;0;0.0;0.0
89;2021-01-01;0;0;0;0;0.0;0.0
89;2021-01-02;0;0;0;0;0.0;0.0
89;2021-01-03;0;0;0;0;0.0;0.0
89;2021-01-04;0;0;0;0;0.0;0.0
89;2021-01-05;0;0;0;0;0.0;0.0
89;2021-01-06;48;0;48;0;0.0;0.0
89;2021-01-07;201;0;249;0;0.1;0.0
89;2021-01-08;48;0;297;0;0.1;0.0
89;2021-01-09;1;0;298;0;0.1;0.0
89;2021-01-10;0;0;298;0;0.1;0.0
89;2021-01-11;220;0;518;0;0.2;0.0
89;2021-01-12;348;0;866;0;0.3;0.0
89;2021-01-13;533;1;1399;1;0.4;0.0
89;2021-01-14;707;7;2106;8;0.6;0.0
89;2021-01-15;275;1;2381;9;0.7;0.0
89;2021-01-16;90;3;2471;12;0.7;0.0
89;2021-01-17;0;0;2471;12;0.7;0.0
89;2021-01-18;503;0;2974;12;0.9;0.0
89;2021-01-19;837;3;3811;15;1.1;0.0
89;2021-01-20;758;1;4569;16;1.4;0.0
89;2021-01-21;939;3;5508;19;1.7;0.0
89;2021-01-22;1013;0;6521;19;2.0;0.0
89;2021-01-23;200;0;6721;19;2.0;0.0
89;2021-01-24;102;0;6823;19;2.1;0.0
89;2021-01-25;482;4;7305;23;2.2;0.0
89;2021-01-26;580;12;7885;35;2.4;0.0
89;2021-01-27;472;38;8357;73;2.5;0.0
89;2021-01-28;547;126;8904;199;2.7;0.1
89;2021-01-29;957;42;9861;241;3.0;0.1
89;2021-01-30;182;67;10043;308;3.0;0.1
89;2021-01-31;24;2;10067;310;3.0;0.1
89;2021-02-01;255;153;10322;463;3.1;0.1
89;2021-02-02;282;339;10604;802;3.2;0.2
89;2021-02-03;290;346;10894;1148;3.3;0.3
89;2021-02-04;433;596;11327;1744;3.4;0.5
89;2021-02-05;387;201;11714;1945;3.5;0.6
89;2021-02-06;74;67;11788;2012;3.5;0.6
89;2021-02-07;0;0;11788;2012;3.5;0.6
89;2021-02-08;288;190;12076;2202;3.6;0.7
89;2021-02-09;285;443;12361;2645;3.7;0.8
89;2021-02-10;394;312;12755;2957;3.8;0.9
89;2021-02-11;331;563;13086;3520;3.9;1.1
89;2021-02-12;426;596;13512;4116;4.1;1.2
89;2021-02-13;52;143;13564;4259;4.1;1.3
89;2021-02-14;20;116;13584;4375;4.1;1.3
89;2021-02-15;216;415;13800;4790;4.2;1.4
89;2021-02-16;134;537;13934;5327;4.2;1.6
89;2021-02-17;262;437;14196;5764;4.3;1.7
89;2021-02-18;225;559;14421;6323;4.3;1.9
89;2021-02-19;243;657;14664;6980;4.4;2.1
89;2021-02-20;33;140;14697;7120;4.4;2.1
89;2021-02-21;0;10;14697;7130;4.4;2.1
89;2021-02-22;228;451;14925;7581;4.5;2.3
89;2021-02-23;171;471;15096;8052;4.5;2.4
89;2021-02-24;339;389;15435;8441;4.6;2.5
89;2021-02-25;369;465;15804;8906;4.8;2.7
89;2021-02-26;383;336;16187;9242;4.9;2.8
89;2021-02-27;137;79;16324;9321;4.9;2.8
89;2021-02-28;6;13;16330;9334;4.9;2.8
89;2021-03-01;541;237;16871;9571;5.1;2.9
89;2021-03-02;750;339;17621;9910;5.3;3.0
89;2021-03-03;648;273;18269;10183;5.5;3.1
89;2021-03-04;631;376;18900;10559;5.7;3.2
89;2021-03-05;728;501;19628;11060;5.9;3.3
89;2021-03-06;543;125;20171;11185;6.1;3.4
89;2021-03-07;286;38;20457;11223;6.2;3.4
89;2021-03-08;555;322;21012;11545;6.3;3.5
89;2021-03-09;995;269;22007;11814;6.6;3.6
89;2021-03-10;970;247;22977;12061;6.9;3.6
89;2021-03-11;1073;298;24050;12359;7.2;3.7
89;2021-03-12;1279;328;25329;12687;7.6;3.8
89;2021-03-13;633;39;25962;12726;7.8;3.8
89;2021-03-14;1;0;25963;12726;7.8;3.8
89;2021-03-15;809;299;26772;13025;8.1;3.9
89;2021-03-16;945;213;27717;13238;8.3;4.0
89;2021-03-17;917;264;28634;13502;8.6;4.1
89;2021-03-18;881;249;29515;13751;8.9;4.1
89;2021-03-19;1146;188;30661;13939;9.2;4.2
89;2021-03-20;843;22;31504;13961;9.5;4.2
89;2021-03-21;171;4;31675;13965;9.5;4.2
89;2021-03-22;1041;221;32716;14186;9.9;4.3
89;2021-03-23;1738;243;34454;14429;10.4;4.3
89;2021-03-24;1955;316;36409;14745;11.0;4.4
89;2021-03-25;1816;159;38225;14904;11.5;4.5
89;2021-03-26;2623;176;40848;15080;12.3;4.5
89;2021-03-27;1772;37;42620;15117;12.8;4.6
89;2021-03-28;31;2;42651;15119;12.8;4.6
89;2021-03-29;963;579;43614;15698;13.1;4.7
89;2021-03-30;1150;561;44764;16259;13.5;4.9
89;2021-03-31;2003;461;46767;16720;14.1;5.0
89;2021-04-01;2116;445;48883;17165;14.7;5.2
89;2021-04-02;2139;438;51022;17603;15.4;5.3
89;2021-04-03;1000;238;52022;17841;15.7;5.4
89;2021-04-04;16;1;52038;17842;15.7;5.4
89;2021-04-05;92;1;52130;17843;15.7;5.4
89;2021-04-06;1031;752;53161;18595;16.0;5.6
89;2021-04-07;1035;795;54196;19390;16.3;5.8
89;2021-04-08;1730;716;55926;20106;16.8;6.1
89;2021-04-09;2163;724;58089;20830;17.5;6.3
89;2021-04-10;888;176;58977;21006;17.8;6.3
89;2021-04-11;37;50;59014;21056;17.8;6.3
89;2021-04-12;1015;785;60029;21841;18.1;6.6
89;2021-04-13;1359;1075;61388;22916;18.5;6.9
89;2021-04-14;1207;1030;62595;23946;18.8;7.2
89;2021-04-15;1411;938;64006;24884;19.3;7.5
89;2021-04-16;1330;932;65336;25816;19.7;7.8
89;2021-04-17;1064;451;66400;26267;20.0;7.9
89;2021-04-18;27;154;66427;26421;20.0;8.0
89;2021-04-19;749;1020;67176;27441;20.2;8.3
89;2021-04-20;1017;1528;68193;28969;20.5;8.7
89;2021-04-21;813;1097;69006;30066;20.8;9.1
89;2021-04-22;1099;1160;70105;31226;21.1;9.4
89;2021-04-23;1819;1957;71924;33183;21.7;10.0
89;2021-04-24;1168;1173;73092;34356;22.0;10.3
89;2021-04-25;139;6;73231;34362;22.1;10.3
89;2021-04-26;1497;757;74728;35119;22.5;10.6
89;2021-04-27;1729;1051;76457;36170;23.0;10.9
89;2021-04-28;1583;1846;78040;38016;23.5;11.4
89;2021-04-29;1970;1910;80010;39926;24.1;12.0
89;2021-04-30;1804;1755;81814;41681;24.6;12.6
89;2021-05-01;844;722;82658;42403;24.9;12.8
89;2021-05-02;133;31;82791;42434;24.9;12.8
89;2021-05-03;1603;758;84394;43192;25.4;13.0
89;2021-05-04;1621;1125;86015;44317;25.9;13.3
89;2021-05-05;2316;1255;88331;45572;26.6;13.7
89;2021-05-06;2414;1371;90745;46943;27.3;14.1
89;2021-05-07;2725;1310;93470;48253;28.1;14.5
89;2021-05-08;1784;529;95254;48782;28.7;14.7
89;2021-05-09;196;18;95450;48800;28.7;14.7
89;2021-05-10;1195;939;96645;49739;29.1;15.0
89;2021-05-11;2484;1437;99129;51176;29.8;15.4
89;2021-05-12;2060;1207;101189;52383;30.5;15.8
89;2021-05-13;414;333;101603;52716;30.6;15.9
89;2021-05-14;1878;1086;103481;53802;31.2;16.2
89;2021-05-15;2245;391;105726;54193;31.8;16.3
89;2021-05-16;8;34;105734;54227;31.8;16.3
89;2021-05-17;2090;635;107824;54862;32.5;16.5
89;2021-05-18;2322;820;110146;55682;33.2;16.8
89;2021-05-19;2860;873;113006;56555;34.0;17.0
89;2021-05-20;2928;878;115934;57433;34.9;17.3
89;2021-05-21;2480;872;118414;58305;35.7;17.6
89;2021-05-22;1425;570;119839;58875;36.1;17.7
89;2021-05-23;108;10;119947;58885;36.1;17.7
89;2021-05-24;285;224;120232;59109;36.2;17.8
89;2021-05-25;1555;983;121787;60092;36.7;18.1
89;2021-05-26;1812;1015;123599;61107;37.2;18.4
89;2021-05-27;2108;1341;125707;62448;37.9;18.8
89;2021-05-28;2142;1420;127849;63868;38.5;19.2
89;2021-05-29;539;656;128388;64524;38.7;19.4
89;2021-05-30;25;22;128413;64546;38.7;19.4
89;2021-05-31;1244;968;129657;65514;39.0;19.7
89;2021-06-01;1501;975;131158;66489;39.5;20.0
89;2021-06-02;1941;1271;133099;67760;40.1;20.4
89;2021-06-03;2424;1521;135523;69281;40.8;20.9
89;2021-06-04;2138;1879;137661;71160;41.5;21.4
89;2021-06-05;1182;1223;138843;72383;41.8;21.8
89;2021-06-06;22;37;138865;72420;41.8;21.8
89;2021-06-07;2111;1444;140976;73864;42.5;22.2
89;2021-06-08;2189;1452;143165;75316;43.1;22.7
89;2021-06-09;2318;1504;145483;76820;43.8;23.1
89;2021-06-10;2752;1593;148235;78413;44.6;23.6
89;2021-06-11;1937;1743;150172;80156;45.2;24.1
89;2021-06-12;1098;756;151270;80912;45.6;24.4
89;2021-06-13;155;426;151425;81338;45.6;24.5
89;2021-06-14;1306;1821;152731;83159;46.0;25.0
89;2021-06-15;1395;2014;154126;85173;46.4;25.6
89;2021-06-16;1114;2579;155240;87752;46.7;26.4
89;2021-06-17;1424;2339;156664;90091;47.2;27.1
89;2021-06-18;1622;2865;158286;92956;47.7;28.0
89;2021-06-19;682;1663;158968;94619;47.9;28.5
89;2021-06-20;52;127;159020;94746;47.9;28.5
89;2021-06-21;760;1529;159780;96275;48.1;29.0
89;2021-06-22;1046;2679;160826;98954;48.4;29.8
89;2021-06-23;1148;1801;161974;100755;48.8;30.3
89;2021-06-24;1078;1497;163052;102252;49.1;30.8
89;2021-06-25;996;2430;164048;104682;49.4;31.5
89;2021-06-26;554;2488;164602;107170;49.6;32.3
89;2021-06-27;12;28;164614;107198;49.6;32.3
89;2021-06-28;996;2493;165610;109691;49.9;33.0
89;2021-06-29;672;2406;166282;112097;50.1;33.8
89;2021-06-30;1065;3175;167347;115272;50.4;34.7
89;2021-07-01;1018;2988;168365;118260;50.7;35.6
89;2021-07-02;1100;2753;169465;121013;51.0;36.4
89;2021-07-03;553;1572;170018;122585;51.2;36.9
89;2021-07-04;11;36;170029;122621;51.2;36.9
89;2021-07-05;1289;1837;171318;124458;51.6;37.5
89;2021-07-06;1048;2308;172366;126766;51.9;38.2
89;2021-07-07;661;1789;173027;128555;52.1;38.7
89;2021-07-08;787;1877;173814;130432;52.3;39.3
89;2021-07-09;1128;2602;174942;133034;52.7;40.1
89;2021-07-10;714;815;175656;133849;52.9;40.3
89;2021-07-11;25;39;175681;133888;52.9;40.3
89;2021-07-12;1420;1899;177101;135787;53.3;40.9
89;2021-07-13;2122;2734;179223;138521;54.0;41.7
89;2021-07-14;312;324;179535;138845;54.1;41.8
89;2021-07-15;2225;3217;181760;142062;54.7;42.8
89;2021-07-16;2363;2840;184123;144902;55.4;43.6
89;2021-07-17;1206;1215;185329;146117;55.8;44.0
89;2021-07-18;266;82;185595;146199;55.9;44.0
90;2020-12-27;0;0;0;0;0.0;0.0
90;2020-12-28;0;0;0;0;0.0;0.0
90;2020-12-29;0;0;0;0;0.0;0.0
90;2020-12-30;0;0;0;0;0.0;0.0
90;2020-12-31;0;0;0;0;0.0;0.0
90;2021-01-01;0;0;0;0;0.0;0.0
90;2021-01-02;0;0;0;0;0.0;0.0
90;2021-01-03;0;0;0;0;0.0;0.0
90;2021-01-04;2;0;2;0;0.0;0.0
90;2021-01-05;0;0;2;0;0.0;0.0
90;2021-01-06;0;0;2;0;0.0;0.0
90;2021-01-07;0;0;2;0;0.0;0.0
90;2021-01-08;170;0;172;0;0.1;0.0
90;2021-01-09;46;0;218;0;0.2;0.0
90;2021-01-10;0;0;218;0;0.2;0.0
90;2021-01-11;200;0;418;0;0.3;0.0
90;2021-01-12;430;0;848;0;0.6;0.0
90;2021-01-13;469;2;1317;2;0.9;0.0
90;2021-01-14;414;1;1731;3;1.2;0.0
90;2021-01-15;405;9;2136;12;1.5;0.0
90;2021-01-16;111;2;2247;14;1.6;0.0
90;2021-01-17;1;0;2248;14;1.6;0.0
90;2021-01-18;363;1;2611;15;1.9;0.0
90;2021-01-19;460;4;3071;19;2.2;0.0
90;2021-01-20;390;2;3461;21;2.5;0.0
90;2021-01-21;349;1;3810;22;2.7;0.0
90;2021-01-22;346;2;4156;24;3.0;0.0
90;2021-01-23;98;0;4254;24;3.0;0.0
90;2021-01-24;0;0;4254;24;3.0;0.0
90;2021-01-25;322;3;4576;27;3.3;0.0
90;2021-01-26;224;0;4800;27;3.4;0.0
90;2021-01-27;254;0;5054;27;3.6;0.0
90;2021-01-28;327;33;5381;60;3.8;0.0
90;2021-01-29;291;162;5672;222;4.0;0.2
90;2021-01-30;176;45;5848;267;4.2;0.2
90;2021-01-31;118;0;5966;267;4.3;0.2
90;2021-02-01;273;111;6239;378;4.5;0.3
90;2021-02-02;290;163;6529;541;4.7;0.4
90;2021-02-03;255;369;6784;910;4.8;0.6
90;2021-02-04;256;303;7040;1213;5.0;0.9
90;2021-02-05;266;271;7306;1484;5.2;1.1
90;2021-02-06;89;68;7395;1552;5.3;1.1
90;2021-02-07;0;0;7395;1552;5.3;1.1
90;2021-02-08;170;219;7565;1771;5.4;1.3
90;2021-02-09;139;166;7704;1937;5.5;1.4
90;2021-02-10;182;28;7886;1965;5.6;1.4
90;2021-02-11;228;108;8114;2073;5.8;1.5
90;2021-02-12;127;241;8241;2314;5.9;1.7
90;2021-02-13;95;43;8336;2357;5.9;1.7
90;2021-02-14;0;0;8336;2357;5.9;1.7
90;2021-02-15;113;282;8449;2639;6.0;1.9
90;2021-02-16;92;277;8541;2916;6.1;2.1
90;2021-02-17;178;204;8719;3120;6.2;2.2
90;2021-02-18;129;243;8848;3363;6.3;2.4
90;2021-02-19;65;272;8913;3635;6.4;2.6
90;2021-02-20;39;72;8952;3707;6.4;2.6
90;2021-02-21;0;0;8952;3707;6.4;2.6
90;2021-02-22;76;332;9028;4039;6.4;2.9
90;2021-02-23;40;259;9068;4298;6.5;3.1
90;2021-02-24;109;289;9177;4587;6.5;3.3
90;2021-02-25;88;313;9265;4900;6.6;3.5
90;2021-02-26;89;396;9354;5296;6.7;3.8
90;2021-02-27;140;179;9494;5475;6.8;3.9
90;2021-02-28;8;113;9502;5588;6.8;4.0
90;2021-03-01;214;230;9716;5818;6.9;4.2
90;2021-03-02;178;282;9894;6100;7.1;4.4
90;2021-03-03;239;354;10133;6454;7.2;4.6
90;2021-03-04;258;274;10391;6728;7.4;4.8
90;2021-03-05;358;268;10749;6996;7.7;5.0
90;2021-03-06;291;97;11040;7093;7.9;5.1
90;2021-03-07;18;1;11058;7094;7.9;5.1
90;2021-03-08;245;240;11303;7334;8.1;5.2
90;2021-03-09;424;158;11727;7492;8.4;5.3
90;2021-03-10;343;194;12070;7686;8.6;5.5
90;2021-03-11;348;112;12418;7798;8.9;5.6
90;2021-03-12;518;125;12936;7923;9.2;5.7
90;2021-03-13;539;45;13475;7968;9.6;5.7
90;2021-03-14;20;0;13495;7968;9.6;5.7
90;2021-03-15;385;114;13880;8082;9.9;5.8
90;2021-03-16;400;96;14280;8178;10.2;5.8
90;2021-03-17;323;73;14603;8251;10.4;5.9
90;2021-03-18;347;75;14950;8326;10.7;5.9
90;2021-03-19;468;77;15418;8403;11.0;6.0
90;2021-03-20;425;47;15843;8450;11.3;6.0
90;2021-03-21;7;2;15850;8452;11.3;6.0
90;2021-03-22;399;26;16249;8478;11.6;6.0
90;2021-03-23;733;69;16982;8547;12.1;6.1
90;2021-03-24;815;40;17797;8587;12.7;6.1
90;2021-03-25;945;67;18742;8654;13.4;6.2
90;2021-03-26;1228;54;19970;8708;14.2;6.2
90;2021-03-27;437;24;20407;8732;14.6;6.2
90;2021-03-28;34;0;20441;8732;14.6;6.2
90;2021-03-29;711;134;21152;8866;15.1;6.3
90;2021-03-30;669;151;21821;9017;15.6;6.4
90;2021-03-31;728;75;22549;9092;16.1;6.5
90;2021-04-01;599;110;23148;9202;16.5;6.6
90;2021-04-02;657;87;23805;9289;17.0;6.6
90;2021-04-03;370;38;24175;9327;17.2;6.7
90;2021-04-04;1;0;24176;9327;17.3;6.7
90;2021-04-05;0;0;24176;9327;17.3;6.7
90;2021-04-06;527;247;24703;9574;17.6;6.8
90;2021-04-07;484;259;25187;9833;18.0;7.0
90;2021-04-08;507;242;25694;10075;18.3;7.2
90;2021-04-09;749;259;26443;10334;18.9;7.4
90;2021-04-10;221;8;26664;10342;19.0;7.4
90;2021-04-11;7;0;26671;10342;19.0;7.4
90;2021-04-12;551;476;27222;10818;19.4;7.7
90;2021-04-13;629;526;27851;11344;19.9;8.1
90;2021-04-14;526;345;28377;11689;20.2;8.3
90;2021-04-15;905;278;29282;11967;20.9;8.5
90;2021-04-16;370;403;29652;12370;21.2;8.8
90;2021-04-17;189;125;29841;12495;21.3;8.9
90;2021-04-18;21;0;29862;12495;21.3;8.9
90;2021-04-19;435;565;30297;13060;21.6;9.3
90;2021-04-20;495;618;30792;13678;22.0;9.8
90;2021-04-21;353;494;31145;14172;22.2;10.1
90;2021-04-22;565;597;31710;14769;22.6;10.5
90;2021-04-23;502;743;32212;15512;23.0;11.1
90;2021-04-24;305;202;32517;15714;23.2;11.2
90;2021-04-25;1;0;32518;15714;23.2;11.2
90;2021-04-26;508;751;33026;16465;23.6;11.7
90;2021-04-27;640;678;33666;17143;24.0;12.2
90;2021-04-28;765;444;34431;17587;24.6;12.5
90;2021-04-29;1002;444;35433;18031;25.3;12.9
90;2021-04-30;1121;455;36554;18486;26.1;13.2
90;2021-05-01;60;42;36614;18528;26.1;13.2
90;2021-05-02;4;0;36618;18528;26.1;13.2
90;2021-05-03;901;284;37519;18812;26.8;13.4
90;2021-05-04;786;637;38305;19449;27.3;13.9
90;2021-05-05;893;506;39198;19955;28.0;14.2
90;2021-05-06;850;622;40048;20577;28.6;14.7
90;2021-05-07;438;506;40486;21083;28.9;15.0
90;2021-05-08;26;25;40512;21108;28.9;15.1
90;2021-05-09;5;33;40517;21141;28.9;15.1
90;2021-05-10;505;583;41022;21724;29.3;15.5
90;2021-05-11;777;633;41799;22357;29.8;16.0
90;2021-05-12;529;596;42328;22953;30.2;16.4
90;2021-05-13;1112;263;43440;23216;31.0;16.6
90;2021-05-14;865;401;44305;23617;31.6;16.9
90;2021-05-15;14;125;44319;23742;31.6;16.9
90;2021-05-16;2;7;44321;23749;31.6;16.9
90;2021-05-17;793;288;45114;24037;32.2;17.2
90;2021-05-18;1022;468;46136;24505;32.9;17.5
90;2021-05-19;1261;382;47397;24887;33.8;17.8
90;2021-05-20;1199;266;48596;25153;34.7;17.9
90;2021-05-21;1265;427;49861;25580;35.6;18.3
90;2021-05-22;9;131;49870;25711;35.6;18.3
90;2021-05-23;1;0;49871;25711;35.6;18.3
90;2021-05-24;368;264;50239;25975;35.8;18.5
90;2021-05-25;637;791;50876;26766;36.3;19.1
90;2021-05-26;631;568;51507;27334;36.8;19.5
90;2021-05-27;962;381;52469;27715;37.4;19.8
90;2021-05-28;668;824;53137;28539;37.9;20.4
90;2021-05-29;93;296;53230;28835;38.0;20.6
90;2021-05-30;4;1;53234;28836;38.0;20.6
90;2021-05-31;810;712;54044;29548;38.6;21.1
90;2021-06-01;966;740;55010;30288;39.3;21.6
90;2021-06-02;758;675;55768;30963;39.8;22.1
90;2021-06-03;757;741;56525;31704;40.3;22.6
90;2021-06-04;832;971;57357;32675;40.9;23.3
90;2021-06-05;53;424;57410;33099;41.0;23.6
90;2021-06-06;1;16;57411;33115;41.0;23.6
90;2021-06-07;1263;1080;58674;34195;41.9;24.4
90;2021-06-08;1478;937;60152;35132;42.9;25.1
90;2021-06-09;963;657;61115;35789;43.6;25.5
90;2021-06-10;612;493;61727;36282;44.0;25.9
90;2021-06-11;785;1125;62512;37407;44.6;26.7
90;2021-06-12;802;296;63314;37703;45.2;26.9
90;2021-06-13;10;12;63324;37715;45.2;26.9
90;2021-06-14;259;974;63583;38689;45.4;27.6
90;2021-06-15;561;879;64144;39568;45.8;28.2
90;2021-06-16;502;548;64646;40116;46.1;28.6
90;2021-06-17;434;639;65080;40755;46.4;29.1
90;2021-06-18;602;993;65682;41748;46.9;29.8
90;2021-06-19;449;167;66131;41915;47.2;29.9
90;2021-06-20;0;28;66131;41943;47.2;29.9
90;2021-06-21;253;1179;66384;43122;47.4;30.8
90;2021-06-22;379;952;66763;44074;47.6;31.4
90;2021-06-23;409;632;67172;44706;47.9;31.9
90;2021-06-24;306;602;67478;45308;48.1;32.3
90;2021-06-25;419;1276;67897;46584;48.4;33.2
90;2021-06-26;420;562;68317;47146;48.7;33.6
90;2021-06-27;2;6;68319;47152;48.7;33.6
90;2021-06-28;371;1299;68690;48451;49.0;34.6
90;2021-06-29;297;1304;68987;49755;49.2;35.5
90;2021-06-30;471;1229;69458;50984;49.6;36.4
90;2021-07-01;335;921;69793;51905;49.8;37.0
90;2021-07-02;497;1205;70290;53110;50.2;37.9
90;2021-07-03;42;127;70332;53237;50.2;38.0
90;2021-07-04;0;21;70332;53258;50.2;38.0
90;2021-07-05;391;1011;70723;54269;50.5;38.7
90;2021-07-06;506;968;71229;55237;50.8;39.4
90;2021-07-07;362;998;71591;56235;51.1;40.1
90;2021-07-08;301;607;71892;56842;51.3;40.6
90;2021-07-09;432;949;72324;57791;51.6;41.2
90;2021-07-10;27;90;72351;57881;51.6;41.3
90;2021-07-11;5;17;72356;57898;51.6;41.3
90;2021-07-12;234;1076;72590;58974;51.8;42.1
90;2021-07-13;474;1159;73064;60133;52.1;42.9
90;2021-07-14;0;8;73064;60141;52.1;42.9
90;2021-07-15;780;1432;73844;61573;52.7;43.9
90;2021-07-16;813;1680;74657;63253;53.3;45.1
90;2021-07-17;480;953;75137;64206;53.6;45.8
90;2021-07-18;4;2;75141;64208;53.6;45.8
91;2020-12-27;0;0;0;0;0.0;0.0
91;2020-12-28;0;0;0;0;0.0;0.0
91;2020-12-29;1;0;1;0;0.0;0.0
91;2020-12-30;0;0;1;0;0.0;0.0
91;2020-12-31;0;0;1;0;0.0;0.0
91;2021-01-01;3;0;4;0;0.0;0.0
91;2021-01-02;0;0;4;0;0.0;0.0
91;2021-01-03;0;0;4;0;0.0;0.0
91;2021-01-04;1;0;5;0;0.0;0.0
91;2021-01-05;71;0;76;0;0.0;0.0
91;2021-01-06;188;1;264;1;0.0;0.0
91;2021-01-07;523;6;787;7;0.1;0.0
91;2021-01-08;393;0;1180;7;0.1;0.0
91;2021-01-09;88;3;1268;10;0.1;0.0
91;2021-01-10;0;0;1268;10;0.1;0.0
91;2021-01-11;596;3;1864;13;0.1;0.0
91;2021-01-12;899;9;2763;22;0.2;0.0
91;2021-01-13;700;5;3463;27;0.3;0.0
91;2021-01-14;718;9;4181;36;0.3;0.0
91;2021-01-15;566;2;4747;38;0.4;0.0
91;2021-01-16;316;8;5063;46;0.4;0.0
91;2021-01-17;116;1;5179;47;0.4;0.0
91;2021-01-18;990;5;6169;52;0.5;0.0
91;2021-01-19;1859;12;8028;64;0.6;0.0
91;2021-01-20;2365;16;10393;80;0.8;0.0
91;2021-01-21;2084;14;12477;94;0.9;0.0
91;2021-01-22;1809;8;14286;102;1.1;0.0
91;2021-01-23;412;1;14698;103;1.1;0.0
91;2021-01-24;49;0;14747;103;1.1;0.0
91;2021-01-25;1047;2;15794;105;1.2;0.0
91;2021-01-26;1571;39;17365;144;1.3;0.0
91;2021-01-27;2410;97;19775;241;1.5;0.0
91;2021-01-28;1970;218;21745;459;1.6;0.0
91;2021-01-29;1745;60;23490;519;1.8;0.0
91;2021-01-30;419;7;23909;526;1.8;0.0
91;2021-01-31;54;0;23963;526;1.8;0.0
91;2021-02-01;959;219;24922;745;1.9;0.1
91;2021-02-02;858;364;25780;1109;2.0;0.1
91;2021-02-03;935;572;26715;1681;2.0;0.1
91;2021-02-04;883;280;27598;1961;2.1;0.1
91;2021-02-05;1032;354;28630;2315;2.2;0.2
91;2021-02-06;335;91;28965;2406;2.2;0.2
91;2021-02-07;13;0;28978;2406;2.2;0.2
91;2021-02-08;902;603;29880;3009;2.3;0.2
91;2021-02-09;962;859;30842;3868;2.3;0.3
91;2021-02-10;1066;988;31908;4856;2.4;0.4
91;2021-02-11;1118;996;33026;5852;2.5;0.4
91;2021-02-12;1053;834;34079;6686;2.6;0.5
91;2021-02-13;331;361;34410;7047;2.6;0.5
91;2021-02-14;18;112;34428;7159;2.6;0.5
91;2021-02-15;366;1265;34794;8424;2.6;0.6
91;2021-02-16;549;1775;35343;10199;2.7;0.8
91;2021-02-17;810;2680;36153;12879;2.7;1.0
91;2021-02-18;936;2014;37089;14893;2.8;1.1
91;2021-02-19;854;1387;37943;16280;2.9;1.2
91;2021-02-20;165;361;38108;16641;2.9;1.3
91;2021-02-21;11;51;38119;16692;2.9;1.3
91;2021-02-22;335;1221;38454;17913;2.9;1.4
91;2021-02-23;393;1076;38847;18989;2.9;1.4
91;2021-02-24;467;1057;39314;20046;3.0;1.5
91;2021-02-25;728;1019;40042;21065;3.0;1.6
91;2021-02-26;1093;1054;41135;22119;3.1;1.7
91;2021-02-27;610;326;41745;22445;3.2;1.7
91;2021-02-28;64;68;41809;22513;3.2;1.7
91;2021-03-01;931;1069;42740;23582;3.2;1.8
91;2021-03-02;1251;1089;43991;24671;3.3;1.9
91;2021-03-03;1462;1271;45453;25942;3.4;2.0
91;2021-03-04;2411;1101;47864;27043;3.6;2.0
91;2021-03-05;3343;1151;51207;28194;3.9;2.1
91;2021-03-06;4901;442;56108;28636;4.3;2.2
91;2021-03-07;3209;93;59317;28729;4.5;2.2
91;2021-03-08;1468;1061;60785;29790;4.6;2.3
91;2021-03-09;2620;980;63405;30770;4.8;2.3
91;2021-03-10;2610;1008;66015;31778;5.0;2.4
91;2021-03-11;3777;1093;69792;32871;5.3;2.5
91;2021-03-12;4761;1017;74553;33888;5.7;2.6
91;2021-03-13;5251;302;79804;34190;6.0;2.6
91;2021-03-14;301;24;80105;34214;6.1;2.6
91;2021-03-15;2971;431;83076;34645;6.3;2.6
91;2021-03-16;2593;370;85669;35015;6.5;2.7
91;2021-03-17;2214;345;87883;35360;6.7;2.7
91;2021-03-18;2367;393;90250;35753;6.8;2.7
91;2021-03-19;4090;370;94340;36123;7.2;2.7
91;2021-03-20;3607;160;97947;36283;7.4;2.7
91;2021-03-21;137;30;98084;36313;7.4;2.8
91;2021-03-22;3146;601;101230;36914;7.7;2.8
91;2021-03-23;4135;690;105365;37604;8.0;2.9
91;2021-03-24;3931;484;109296;38088;8.3;2.9
91;2021-03-25;5050;509;114346;38597;8.7;2.9
91;2021-03-26;5538;529;119884;39126;9.1;3.0
91;2021-03-27;4988;311;124872;39437;9.5;3.0
91;2021-03-28;282;54;125154;39491;9.5;3.0
91;2021-03-29;3302;1029;128456;40520;9.7;3.1
91;2021-03-30;4419;1196;132875;41716;10.1;3.2
91;2021-03-31;3361;1325;136236;43041;10.3;3.3
91;2021-04-01;3734;1661;139970;44702;10.6;3.4
91;2021-04-02;3870;2299;143840;47001;10.9;3.6
91;2021-04-03;1870;2873;145710;49874;11.0;3.8
91;2021-04-04;647;1319;146357;51193;11.1;3.9
91;2021-04-05;560;128;146917;51321;11.1;3.9
91;2021-04-06;3392;1775;150309;53096;11.4;4.0
91;2021-04-07;3407;1930;153716;55026;11.7;4.2
91;2021-04-08;4651;2122;158367;57148;12.0;4.3
91;2021-04-09;5324;2117;163691;59265;12.4;4.5
91;2021-04-10;2729;2816;166420;62081;12.6;4.7
91;2021-04-11;189;141;166609;62222;12.6;4.7
91;2021-04-12;2850;2282;169459;64504;12.8;4.9
91;2021-04-13;3751;2636;173210;67140;13.1;5.1
91;2021-04-14;3701;2311;176911;69451;13.4;5.3
91;2021-04-15;4470;2491;181381;71942;13.7;5.5
91;2021-04-16;4547;2784;185928;74726;14.1;5.7
91;2021-04-17;2981;2077;188909;76803;14.3;5.8
91;2021-04-18;265;69;189174;76872;14.3;5.8
91;2021-04-19;2300;2732;191474;79604;14.5;6.0
91;2021-04-20;3181;2982;194655;82586;14.8;6.3
91;2021-04-21;2980;2892;197635;85478;15.0;6.5
91;2021-04-22;3153;3353;200788;88831;15.2;6.7
91;2021-04-23;3708;3341;204496;92172;15.5;7.0
91;2021-04-24;3481;3715;207977;95887;15.8;7.3
91;2021-04-25;2613;640;210590;96527;16.0;7.3
91;2021-04-26;3484;2787;214074;99314;16.2;7.5
91;2021-04-27;4474;2908;218548;102222;16.6;7.7
91;2021-04-28;4561;2691;223109;104913;16.9;8.0
91;2021-04-29;5728;3038;228837;107951;17.3;8.2
91;2021-04-30;5370;2838;234207;110789;17.8;8.4
91;2021-05-01;3510;513;237717;111302;18.0;8.4
91;2021-05-02;623;133;238340;111435;18.1;8.4
91;2021-05-03;5199;2281;243539;113716;18.5;8.6
91;2021-05-04;5581;3160;249120;116876;18.9;8.9
91;2021-05-05;4843;2858;253963;119734;19.2;9.1
91;2021-05-06;5235;3365;259198;123099;19.6;9.3
91;2021-05-07;6122;3731;265320;126830;20.1;9.6
91;2021-05-08;6511;954;271831;127784;20.6;9.7
91;2021-05-09;4803;559;276634;128343;21.0;9.7
91;2021-05-10;5882;2998;282516;131341;21.4;10.0
91;2021-05-11;6832;3822;289348;135163;21.9;10.2
91;2021-05-12;5871;3421;295219;138584;22.4;10.5
91;2021-05-13;4816;1076;300035;139660;22.7;10.6
91;2021-05-14;6543;2382;306578;142042;23.2;10.8
91;2021-05-15;7788;1906;314366;143948;23.8;10.9
91;2021-05-16;4581;368;318947;144316;24.2;10.9
91;2021-05-17;6951;1710;325898;146026;24.7;11.1
91;2021-05-18;8106;1727;334004;147753;25.3;11.2
91;2021-05-19;7098;1690;341102;149443;25.9;11.3
91;2021-05-20;8195;2136;349297;151579;26.5;11.5
91;2021-05-21;8129;2573;357426;154152;27.1;11.7
91;2021-05-22;7654;1541;365080;155693;27.7;11.8
91;2021-05-23;4796;518;369876;156211;28.0;11.8
91;2021-05-24;5012;597;374888;156808;28.4;11.9
91;2021-05-25;7621;2643;382509;159451;29.0;12.1
91;2021-05-26;6857;2933;389366;162384;29.5;12.3
91;2021-05-27;7959;3439;397325;165823;30.1;12.6
91;2021-05-28;7525;4307;404850;170130;30.7;12.9
91;2021-05-29;9291;3496;414141;173626;31.4;13.2
91;2021-05-30;5951;962;420092;174588;31.8;13.2
91;2021-05-31;6738;3693;426830;178281;32.4;13.5
91;2021-06-01;7762;4764;434592;183045;32.9;13.9
91;2021-06-02;7428;3951;442020;186996;33.5;14.2
91;2021-06-03;7846;4761;449866;191757;34.1;14.5
91;2021-06-04;7169;5708;457035;197465;34.6;15.0
91;2021-06-05;6377;5797;463412;203262;35.1;15.4
91;2021-06-06;4085;2503;467497;205765;35.4;15.6
91;2021-06-07;5861;5470;473358;211235;35.9;16.0
91;2021-06-08;6984;5784;480342;217019;36.4;16.4
91;2021-06-09;6440;5132;486782;222151;36.9;16.8
91;2021-06-10;7113;5754;493895;227905;37.4;17.3
91;2021-06-11;6516;7103;500411;235008;37.9;17.8
91;2021-06-12;6194;7350;506605;242358;38.4;18.4
91;2021-06-13;2819;2315;509424;244673;38.6;18.5
91;2021-06-14;4191;7191;513615;251864;38.9;19.1
91;2021-06-15;5501;7238;519116;259102;39.3;19.6
91;2021-06-16;5249;6438;524365;265540;39.7;20.1
91;2021-06-17;6195;7124;530560;272664;40.2;20.7
91;2021-06-18;4577;8731;535137;281395;40.6;21.3
91;2021-06-19;4078;7141;539215;288536;40.9;21.9
91;2021-06-20;983;4206;540198;292742;40.9;22.2
91;2021-06-21;3185;7232;543383;299974;41.2;22.7
91;2021-06-22;4117;9214;547500;309188;41.5;23.4
91;2021-06-23;4263;7950;551763;317138;41.8;24.0
91;2021-06-24;4798;8466;556561;325604;42.2;24.7
91;2021-06-25;3408;9174;559969;334778;42.4;25.4
91;2021-06-26;2843;8036;562812;342814;42.7;26.0
91;2021-06-27;545;2997;563357;345811;42.7;26.2
91;2021-06-28;3044;8235;566401;354046;42.9;26.8
91;2021-06-29;3506;9622;569907;363668;43.2;27.6
91;2021-06-30;3886;8679;573793;372347;43.5;28.2
91;2021-07-01;3916;8859;577709;381206;43.8;28.9
91;2021-07-02;3718;9299;581427;390505;44.1;29.6
91;2021-07-03;2800;9775;584227;400280;44.3;30.3
91;2021-07-04;831;4722;585058;405002;44.3;30.7
91;2021-07-05;2626;7260;587684;412262;44.5;31.2
91;2021-07-06;3657;9415;591341;421677;44.8;32.0
91;2021-07-07;3746;8569;595087;430246;45.1;32.6
91;2021-07-08;4306;8973;599393;439219;45.4;33.3
91;2021-07-09;3907;9934;603300;449153;45.7;34.0
91;2021-07-10;3322;10198;606622;459351;46.0;34.8
91;2021-07-11;979;4788;607601;464139;46.1;35.2
91;2021-07-12;2781;8878;610382;473017;46.3;35.9
91;2021-07-13;4432;10346;614814;483363;46.6;36.6
91;2021-07-14;2274;3566;617088;486929;46.8;36.9
91;2021-07-15;4479;9773;621567;496702;47.1;37.6
91;2021-07-16;6186;9669;627753;506371;47.6;38.4
91;2021-07-17;5629;8985;633382;515356;48.0;39.1
91;2021-07-18;3227;3599;636609;518955;48.2;39.3
92;2020-12-27;1;0;1;0;0.0;0.0
92;2020-12-28;7;0;8;0;0.0;0.0
92;2020-12-29;51;0;59;0;0.0;0.0
92;2020-12-30;25;0;84;0;0.0;0.0
92;2020-12-31;0;0;84;0;0.0;0.0
92;2021-01-01;11;1;95;1;0.0;0.0
92;2021-01-02;0;0;95;1;0.0;0.0
92;2021-01-03;2;0;97;1;0.0;0.0
92;2021-01-04;54;1;151;2;0.0;0.0
92;2021-01-05;217;1;368;3;0.0;0.0
92;2021-01-06;402;3;770;6;0.0;0.0
92;2021-01-07;652;5;1422;11;0.1;0.0
92;2021-01-08;832;4;2254;15;0.1;0.0
92;2021-01-09;114;1;2368;16;0.1;0.0
92;2021-01-10;37;0;2405;16;0.1;0.0
92;2021-01-11;832;4;3237;20;0.2;0.0
92;2021-01-12;1282;9;4519;29;0.3;0.0
92;2021-01-13;1225;13;5744;42;0.4;0.0
92;2021-01-14;1176;16;6920;58;0.4;0.0
92;2021-01-15;958;7;7878;65;0.5;0.0
92;2021-01-16;172;1;8050;66;0.5;0.0
92;2021-01-17;13;0;8063;66;0.5;0.0
92;2021-01-18;1528;21;9591;87;0.6;0.0
92;2021-01-19;1541;21;11132;108;0.7;0.0
92;2021-01-20;1787;14;12919;122;0.8;0.0
92;2021-01-21;3390;17;16309;139;1.0;0.0
92;2021-01-22;2593;43;18902;182;1.2;0.0
92;2021-01-23;128;0;19030;182;1.2;0.0
92;2021-01-24;11;0;19041;182;1.2;0.0
92;2021-01-25;825;15;19866;197;1.2;0.0
92;2021-01-26;1203;12;21069;209;1.3;0.0
92;2021-01-27;2199;92;23268;301;1.4;0.0
92;2021-01-28;4019;178;27287;479;1.7;0.0
92;2021-01-29;2701;262;29988;741;1.9;0.0
92;2021-01-30;316;11;30304;752;1.9;0.0
92;2021-01-31;17;2;30321;754;1.9;0.0
92;2021-02-01;849;323;31170;1077;1.9;0.1
92;2021-02-02;1042;355;32212;1432;2.0;0.1
92;2021-02-03;992;451;33204;1883;2.1;0.1
92;2021-02-04;1030;547;34234;2430;2.1;0.2
92;2021-02-05;1324;502;35558;2932;2.2;0.2
92;2021-02-06;104;17;35662;2949;2.2;0.2
92;2021-02-07;5;14;35667;2963;2.2;0.2
92;2021-02-08;563;734;36230;3697;2.2;0.2
92;2021-02-09;1053;1298;37283;4995;2.3;0.3
92;2021-02-10;1055;1303;38338;6298;2.4;0.4
92;2021-02-11;1482;1926;39820;8224;2.5;0.5
92;2021-02-12;1398;1481;41218;9705;2.6;0.6
92;2021-02-13;65;61;41283;9766;2.6;0.6
92;2021-02-14;5;0;41288;9766;2.6;0.6
92;2021-02-15;560;1662;41848;11428;2.6;0.7
92;2021-02-16;773;2063;42621;13491;2.6;0.8
92;2021-02-17;603;1750;43224;15241;2.7;0.9
92;2021-02-18;1548;3653;44772;18894;2.8;1.2
92;2021-02-19;1711;2648;46483;21542;2.9;1.3
92;2021-02-20;136;401;46619;21943;2.9;1.4
92;2021-02-21;21;53;46640;21996;2.9;1.4
92;2021-02-22;482;1224;47122;23220;2.9;1.4
92;2021-02-23;718;1362;47840;24582;3.0;1.5
92;2021-02-24;597;1297;48437;25879;3.0;1.6
92;2021-02-25;894;1819;49331;27698;3.1;1.7
92;2021-02-26;1434;1365;50765;29063;3.1;1.8
92;2021-02-27;489;173;51254;29236;3.2;1.8
92;2021-02-28;56;55;51310;29291;3.2;1.8
92;2021-03-01;1080;1042;52390;30333;3.2;1.9
92;2021-03-02;1947;1362;54337;31695;3.4;2.0
92;2021-03-03;2764;1077;57101;32772;3.5;2.0
92;2021-03-04;3554;1511;60655;34283;3.8;2.1
92;2021-03-05;4935;1687;65590;35970;4.1;2.2
92;2021-03-06;5693;294;71283;36264;4.4;2.2
92;2021-03-07;2888;216;74171;36480;4.6;2.3
92;2021-03-08;2394;802;76565;37282;4.7;2.3
92;2021-03-09;3410;1006;79975;38288;5.0;2.4
92;2021-03-10;3904;905;83879;39193;5.2;2.4
92;2021-03-11;4988;1353;88867;40546;5.5;2.5
92;2021-03-12;6738;1507;95605;42053;5.9;2.6
92;2021-03-13;5135;197;100740;42250;6.2;2.6
92;2021-03-14;1723;61;102463;42311;6.3;2.6
92;2021-03-15;3769;567;106232;42878;6.6;2.7
92;2021-03-16;3667;572;109899;43450;6.8;2.7
92;2021-03-17;3851;396;113750;43846;7.0;2.7
92;2021-03-18;4100;721;117850;44567;7.3;2.8
92;2021-03-19;5888;678;123738;45245;7.7;2.8
92;2021-03-20;2518;64;126256;45309;7.8;2.8
92;2021-03-21;130;30;126386;45339;7.8;2.8
92;2021-03-22;4078;464;130464;45803;8.1;2.8
92;2021-03-23;6071;833;136535;46636;8.5;2.9
92;2021-03-24;6348;603;142883;47239;8.9;2.9
92;2021-03-25;8402;592;151285;47831;9.4;3.0
92;2021-03-26;8330;851;159615;48682;9.9;3.0
92;2021-03-27;2808;251;162423;48933;10.1;3.0
92;2021-03-28;527;34;162950;48967;10.1;3.0
92;2021-03-29;4641;1037;167591;50004;10.4;3.1
92;2021-03-30;6373;1520;173964;51524;10.8;3.2
92;2021-03-31;5518;2218;179482;53742;11.1;3.3
92;2021-04-01;6239;3652;185721;57394;11.5;3.6
92;2021-04-02;5597;3390;191318;60784;11.9;3.8
92;2021-04-03;862;1416;192180;62200;11.9;3.9
92;2021-04-04;476;1062;192656;63262;11.9;3.9
92;2021-04-05;800;151;193456;63413;12.0;3.9
92;2021-04-06;3618;1946;197074;65359;12.2;4.1
92;2021-04-07;4979;2864;202053;68223;12.5;4.2
92;2021-04-08;5934;3159;207987;71382;12.9;4.4
92;2021-04-09;8005;3002;215992;74384;13.4;4.6
92;2021-04-10;2620;1285;218612;75669;13.5;4.7
92;2021-04-11;144;807;218756;76476;13.6;4.7
92;2021-04-12;3659;2506;222415;78982;13.8;4.9
92;2021-04-13;4357;4430;226772;83412;14.1;5.2
92;2021-04-14;4853;4021;231625;87433;14.4;5.4
92;2021-04-15;5272;3943;236897;91376;14.7;5.7
92;2021-04-16;5031;3839;241928;95215;15.0;5.9
92;2021-04-17;1784;1186;243712;96401;15.1;6.0
92;2021-04-18;327;93;244039;96494;15.1;6.0
92;2021-04-19;2785;2835;246824;99329;15.3;6.2
92;2021-04-20;4178;3741;251002;103070;15.6;6.4
92;2021-04-21;4593;4496;255595;107566;15.8;6.7
92;2021-04-22;4640;5100;260235;112666;16.1;7.0
92;2021-04-23;5173;4629;265408;117295;16.4;7.3
92;2021-04-24;4929;1899;270337;119194;16.8;7.4
92;2021-04-25;1787;145;272124;119339;16.9;7.4
92;2021-04-26;3976;3620;276100;122959;17.1;7.6
92;2021-04-27;6037;5247;282137;128206;17.5;7.9
92;2021-04-28;7360;4492;289497;132698;17.9;8.2
92;2021-04-29;7969;4757;297466;137455;18.4;8.5
92;2021-04-30;8821;4815;306287;142270;19.0;8.8
92;2021-05-01;1186;398;307473;142668;19.1;8.8
92;2021-05-02;652;136;308125;142804;19.1;8.8
92;2021-05-03;6769;3890;314894;146694;19.5;9.1
92;2021-05-04;10373;4346;325267;151040;20.2;9.4
92;2021-05-05;10048;5245;335315;156285;20.8;9.7
92;2021-05-06;11387;4896;346702;161181;21.5;10.0
92;2021-05-07;9847;5287;356549;166468;22.1;10.3
92;2021-05-08;7195;1919;363744;168387;22.5;10.4
92;2021-05-09;3781;601;367525;168988;22.8;10.5
92;2021-05-10;9508;3996;377033;172984;23.4;10.7
92;2021-05-11;13964;5683;390997;178667;24.2;11.1
92;2021-05-12;14252;4562;405249;183229;25.1;11.4
92;2021-05-13;9148;910;414397;184139;25.7;11.4
92;2021-05-14;12011;2304;426408;186443;26.4;11.6
92;2021-05-15;8375;1227;434783;187670;26.9;11.6
92;2021-05-16;4128;448;438911;188118;27.2;11.7
92;2021-05-17;10632;2208;449543;190326;27.9;11.8
92;2021-05-18;16350;3115;465893;193441;28.9;12.0
92;2021-05-19;15995;3717;481888;197158;29.9;12.2
92;2021-05-20;16802;3976;498690;201134;30.9;12.5
92;2021-05-21;14057;3635;512747;204769;31.8;12.7
92;2021-05-22;8300;1522;521047;206291;32.3;12.8
92;2021-05-23;4077;452;525124;206743;32.5;12.8
92;2021-05-24;6103;850;531227;207593;32.9;12.9
92;2021-05-25;13087;4544;544314;212137;33.7;13.1
92;2021-05-26;11897;5028;556211;217165;34.5;13.5
92;2021-05-27;12704;6313;568915;223478;35.3;13.8
92;2021-05-28;11205;6269;580120;229747;35.9;14.2
92;2021-05-29;5438;2294;585558;232041;36.3;14.4
92;2021-05-30;2242;386;587800;232427;36.4;14.4
92;2021-05-31;12035;5305;599835;237732;37.2;14.7
92;2021-06-01;12520;7611;612355;245343;37.9;15.2
92;2021-06-02;14320;7188;626675;252531;38.8;15.6
92;2021-06-03;14556;8005;641231;260536;39.7;16.1
92;2021-06-04;12197;8218;653428;268754;40.5;16.7
92;2021-06-05;7382;6254;660810;275008;40.9;17.0
92;2021-06-06;3577;1674;664387;276682;41.2;17.1
92;2021-06-07;11380;7616;675767;284298;41.9;17.6
92;2021-06-08;12650;9571;688417;293869;42.7;18.2
92;2021-06-09;11562;9446;699979;303315;43.4;18.8
92;2021-06-10;11774;10536;711753;313851;44.1;19.4
92;2021-06-11;8085;11012;719838;324863;44.6;20.1
92;2021-06-12;6285;5080;726123;329943;45.0;20.4
92;2021-06-13;3905;2708;730028;332651;45.2;20.6
92;2021-06-14;4760;11167;734788;343818;45.5;21.3
92;2021-06-15;6407;13121;741195;356939;45.9;22.1
92;2021-06-16;6859;12980;748054;369919;46.4;22.9
92;2021-06-17;7319;13993;755373;383912;46.8;23.8
92;2021-06-18;6832;14376;762205;398288;47.2;24.7
92;2021-06-19;3927;9099;766132;407387;47.5;25.2
92;2021-06-20;1893;5615;768025;413002;47.6;25.6
92;2021-06-21;4759;12266;772784;425268;47.9;26.4
92;2021-06-22;5753;17553;778537;442821;48.2;27.4
92;2021-06-23;5404;16005;783941;458826;48.6;28.4
92;2021-06-24;6099;15104;790040;473930;49.0;29.4
92;2021-06-25;5051;16086;795091;490016;49.3;30.4
92;2021-06-26;4039;10442;799130;500458;49.5;31.0
92;2021-06-27;1825;6053;800955;506511;49.6;31.4
92;2021-06-28;3626;12052;804581;518563;49.9;32.1
92;2021-06-29;4596;18151;809177;536714;50.1;33.3
92;2021-06-30;4283;16216;813460;552930;50.4;34.3
92;2021-07-01;5210;16274;818670;569204;50.7;35.3
92;2021-07-02;4727;15254;823397;584458;51.0;36.2
92;2021-07-03;3270;10164;826667;594622;51.2;36.8
92;2021-07-04;1107;4203;827774;598825;51.3;37.1
92;2021-07-05;4720;12302;832494;611127;51.6;37.9
92;2021-07-06;5148;15763;837642;626890;51.9;38.8
92;2021-07-07;4188;11420;841830;638310;52.2;39.6
92;2021-07-08;5354;14616;847184;652926;52.5;40.5
92;2021-07-09;5794;14150;852978;667076;52.9;41.3
92;2021-07-10;4155;8414;857133;675490;53.1;41.9
92;2021-07-11;1462;2615;858595;678105;53.2;42.0
92;2021-07-12;4308;14588;862903;692693;53.5;42.9
92;2021-07-13;7765;17377;870668;710070;54.0;44.0
92;2021-07-14;5033;5702;875701;715772;54.3;44.4
92;2021-07-15;9358;16153;885059;731925;54.8;45.4
92;2021-07-16;8935;14072;893994;745997;55.4;46.2
92;2021-07-17;6474;7537;900468;753534;55.8;46.7
92;2021-07-18;1810;2465;902278;755999;55.9;46.8
93;2020-12-27;9;2;9;2;0.0;0.0
93;2020-12-28;0;0;9;2;0.0;0.0
93;2020-12-29;0;0;9;2;0.0;0.0
93;2020-12-30;41;0;50;2;0.0;0.0
93;2020-12-31;1;0;51;2;0.0;0.0
93;2021-01-01;5;0;56;2;0.0;0.0
93;2021-01-02;0;0;56;2;0.0;0.0
93;2021-01-03;0;0;56;2;0.0;0.0
93;2021-01-04;0;0;56;2;0.0;0.0
93;2021-01-05;57;0;113;2;0.0;0.0
93;2021-01-06;179;0;292;2;0.0;0.0
93;2021-01-07;373;3;665;5;0.0;0.0
93;2021-01-08;629;1;1294;6;0.1;0.0
93;2021-01-09;21;0;1315;6;0.1;0.0
93;2021-01-10;1;0;1316;6;0.1;0.0
93;2021-01-11;498;5;1814;11;0.1;0.0
93;2021-01-12;748;3;2562;14;0.2;0.0
93;2021-01-13;750;6;3312;20;0.2;0.0
93;2021-01-14;678;16;3990;36;0.2;0.0
93;2021-01-15;513;2;4503;38;0.3;0.0
93;2021-01-16;135;3;4638;41;0.3;0.0
93;2021-01-17;5;1;4643;42;0.3;0.0
93;2021-01-18;1188;6;5831;48;0.3;0.0
93;2021-01-19;1603;14;7434;62;0.4;0.0
93;2021-01-20;1551;10;8985;72;0.5;0.0
93;2021-01-21;1914;15;10899;87;0.7;0.0
93;2021-01-22;1381;14;12280;101;0.7;0.0
93;2021-01-23;709;7;12989;108;0.8;0.0
93;2021-01-24;0;0;12989;108;0.8;0.0
93;2021-01-25;1202;13;14191;121;0.8;0.0
93;2021-01-26;1288;36;15479;157;0.9;0.0
93;2021-01-27;2151;52;17630;209;1.1;0.0
93;2021-01-28;2258;202;19888;411;1.2;0.0
93;2021-01-29;1618;224;21506;635;1.3;0.0
93;2021-01-30;923;45;22429;680;1.3;0.0
93;2021-01-31;2;7;22431;687;1.3;0.0
93;2021-02-01;1174;171;23605;858;1.4;0.1
93;2021-02-02;1153;310;24758;1168;1.5;0.1
93;2021-02-03;1226;404;25984;1572;1.6;0.1
93;2021-02-04;918;576;26902;2148;1.6;0.1
93;2021-02-05;797;434;27699;2582;1.7;0.2
93;2021-02-06;692;70;28391;2652;1.7;0.2
93;2021-02-07;2;0;28393;2652;1.7;0.2
93;2021-02-08;907;648;29300;3300;1.8;0.2
93;2021-02-09;849;611;30149;3911;1.8;0.2
93;2021-02-10;880;677;31029;4588;1.9;0.3
93;2021-02-11;1239;828;32268;5416;1.9;0.3
93;2021-02-12;1040;637;33308;6053;2.0;0.4
93;2021-02-13;392;263;33700;6316;2.0;0.4
93;2021-02-14;12;59;33712;6375;2.0;0.4
93;2021-02-15;410;1287;34122;7662;2.0;0.5
93;2021-02-16;542;1243;34664;8905;2.1;0.5
93;2021-02-17;543;1775;35207;10680;2.1;0.6
93;2021-02-18;1129;1885;36336;12565;2.2;0.8
93;2021-02-19;990;1543;37326;14108;2.2;0.8
93;2021-02-20;302;667;37628;14775;2.3;0.9
93;2021-02-21;7;22;37635;14797;2.3;0.9
93;2021-02-22;599;1299;38234;16096;2.3;1.0
93;2021-02-23;561;1126;38795;17222;2.3;1.0
93;2021-02-24;640;1239;39435;18461;2.4;1.1
93;2021-02-25;890;1102;40325;19563;2.4;1.2
93;2021-02-26;1119;980;41444;20543;2.5;1.2
93;2021-02-27;541;620;41985;21163;2.5;1.3
93;2021-02-28;87;56;42072;21219;2.5;1.3
93;2021-03-01;1080;1068;43152;22287;2.6;1.3
93;2021-03-02;1445;1148;44597;23435;2.7;1.4
93;2021-03-03;1729;1208;46326;24643;2.8;1.5
93;2021-03-04;2699;1110;49025;25753;2.9;1.5
93;2021-03-05;3807;857;52832;26610;3.2;1.6
93;2021-03-06;5038;558;57870;27168;3.5;1.6
93;2021-03-07;4297;167;62167;27335;3.7;1.6
93;2021-03-08;2031;1236;64198;28571;3.8;1.7
93;2021-03-09;2910;955;67108;29526;4.0;1.8
93;2021-03-10;2844;1087;69952;30613;4.2;1.8
93;2021-03-11;3516;1201;73468;31814;4.4;1.9
93;2021-03-12;4123;1249;77591;33063;4.6;2.0
93;2021-03-13;4284;582;81875;33645;4.9;2.0
93;2021-03-14;874;58;82749;33703;5.0;2.0
93;2021-03-15;3546;652;86295;34355;5.2;2.1
93;2021-03-16;3146;606;89441;34961;5.4;2.1
93;2021-03-17;2636;582;92077;35543;5.5;2.1
93;2021-03-18;3302;689;95379;36232;5.7;2.2
93;2021-03-19;3760;619;99139;36851;5.9;2.2
93;2021-03-20;3456;263;102595;37114;6.1;2.2
93;2021-03-21;808;267;103403;37381;6.2;2.2
93;2021-03-22;3842;581;107245;37962;6.4;2.3
93;2021-03-23;4748;762;111993;38724;6.7;2.3
93;2021-03-24;4100;660;116093;39384;7.0;2.4
93;2021-03-25;5575;796;121668;40180;7.3;2.4
93;2021-03-26;5530;844;127198;41024;7.6;2.5
93;2021-03-27;4271;287;131469;41311;7.9;2.5
93;2021-03-28;604;34;132073;41345;7.9;2.5
93;2021-03-29;3851;942;135924;42287;8.1;2.5
93;2021-03-30;4725;1242;140649;43529;8.4;2.6
93;2021-03-31;3907;1209;144556;44738;8.7;2.7
93;2021-04-01;4040;3106;148596;47844;8.9;2.9
93;2021-04-02;3212;3542;151808;51386;9.1;3.1
93;2021-04-03;2516;2242;154324;53628;9.2;3.2
93;2021-04-04;758;151;155082;53779;9.3;3.2
93;2021-04-05;704;90;155786;53869;9.3;3.2
93;2021-04-06;4546;2311;160332;56180;9.6;3.4
93;2021-04-07;4890;2068;165222;58248;9.9;3.5
93;2021-04-08;5793;2635;171015;60883;10.2;3.6
93;2021-04-09;6068;3139;177083;64022;10.6;3.8
93;2021-04-10;4195;2463;181278;66485;10.9;4.0
93;2021-04-11;575;426;181853;66911;10.9;4.0
93;2021-04-12;4091;2924;185944;69835;11.1;4.2
93;2021-04-13;4601;3641;190545;73476;11.4;4.4
93;2021-04-14;4357;2457;194902;75933;11.7;4.5
93;2021-04-15;4543;3013;199445;78946;11.9;4.7
93;2021-04-16;4423;2980;203868;81926;12.2;4.9
93;2021-04-17;3512;2503;207380;84429;12.4;5.1
93;2021-04-18;285;434;207665;84863;12.4;5.1
93;2021-04-19;3762;2847;211427;87710;12.7;5.3
93;2021-04-20;4298;3262;215725;90972;12.9;5.4
93;2021-04-21;4137;2752;219862;93724;13.2;5.6
93;2021-04-22;4497;3995;224359;97719;13.4;5.9
93;2021-04-23;5602;3205;229961;100924;13.8;6.0
93;2021-04-24;5926;3315;235887;104239;14.1;6.2
93;2021-04-25;1732;578;237619;104817;14.2;6.3
93;2021-04-26;4850;3042;242469;107859;14.5;6.5
93;2021-04-27;6450;3555;248919;111414;14.9;6.7
93;2021-04-28;6063;3348;254982;114762;15.3;6.9
93;2021-04-29;7288;3216;262270;117978;15.7;7.1
93;2021-04-30;8259;3089;270529;121067;16.2;7.2
93;2021-05-01;4946;1176;275475;122243;16.5;7.3
93;2021-05-02;416;647;275891;122890;16.5;7.4
93;2021-05-03;8112;5105;284003;127995;17.0;7.7
93;2021-05-04;7818;5401;291821;133396;17.5;8.0
93;2021-05-05;7570;4792;299391;138188;17.9;8.3
93;2021-05-06;8227;4751;307618;142939;18.4;8.6
93;2021-05-07;6988;5412;314606;148351;18.8;8.9
93;2021-05-08;8347;2374;322953;150725;19.3;9.0
93;2021-05-09;6113;1360;329066;152085;19.7;9.1
93;2021-05-10;8237;4058;337303;156143;20.2;9.3
93;2021-05-11;9291;4797;346594;160940;20.8;9.6
93;2021-05-12;9169;3648;355763;164588;21.3;9.9
93;2021-05-13;8282;1646;364045;166234;21.8;10.0
93;2021-05-14;10416;3531;374461;169765;22.4;10.2
93;2021-05-15;11122;2990;385583;172755;23.1;10.3
93;2021-05-16;5551;727;391134;173482;23.4;10.4
93;2021-05-17;11890;2251;403024;175733;24.1;10.5
93;2021-05-18;14087;2367;417111;178100;25.0;10.7
93;2021-05-19;11423;2933;428534;181033;25.7;10.8
93;2021-05-20;12599;3458;441133;184491;26.4;11.0
93;2021-05-21;12990;2869;454123;187360;27.2;11.2
93;2021-05-22;12370;2184;466493;189544;27.9;11.3
93;2021-05-23;8474;1096;474967;190640;28.4;11.4
93;2021-05-24;11191;1930;486158;192570;29.1;11.5
93;2021-05-25;12274;4295;498432;196865;29.8;11.8
93;2021-05-26;11047;3727;509479;200592;30.5;12.0
93;2021-05-27;12672;3851;522151;204443;31.3;12.2
93;2021-05-28;12603;5224;534754;209667;32.0;12.6
93;2021-05-29;11379;4250;546133;213917;32.7;12.8
93;2021-05-30;8205;1364;554338;215281;33.2;12.9
93;2021-05-31;9153;5156;563491;220437;33.7;13.2
93;2021-06-01;11253;6253;574744;226690;34.4;13.6
93;2021-06-02;9727;5147;584471;231837;35.0;13.9
93;2021-06-03;10650;5495;595121;237332;35.6;14.2
93;2021-06-04;10443;7774;605564;245106;36.3;14.7
93;2021-06-05;8948;7331;614512;252437;36.8;15.1
93;2021-06-06;8361;1730;622873;254167;37.3;15.2
93;2021-06-07;9716;7482;632589;261649;37.9;15.7
93;2021-06-08;10230;7355;642819;269004;38.5;16.1
93;2021-06-09;10077;7262;652896;276266;39.1;16.5
93;2021-06-10;8598;8134;661494;284400;39.6;17.0
93;2021-06-11;8637;8789;670131;293189;40.1;17.6
93;2021-06-12;9758;6624;679889;299813;40.7;18.0
93;2021-06-13;7102;2100;686991;301913;41.1;18.1
93;2021-06-14;5207;9706;692198;311619;41.4;18.7
93;2021-06-15;6037;9644;698235;321263;41.8;19.2
93;2021-06-16;6468;9032;704703;330295;42.2;19.8
93;2021-06-17;5605;8448;710308;338743;42.5;20.3
93;2021-06-18;6993;11108;717301;349851;42.9;20.9
93;2021-06-19;6983;11074;724284;360925;43.4;21.6
93;2021-06-20;4882;6862;729166;367787;43.7;22.0
93;2021-06-21;3843;10720;733009;378507;43.9;22.7
93;2021-06-22;4478;11295;737487;389802;44.2;23.3
93;2021-06-23;4408;10576;741895;400378;44.4;24.0
93;2021-06-24;4062;10297;745957;410675;44.7;24.6
93;2021-06-25;5004;13028;750961;423703;45.0;25.4
93;2021-06-26;5244;13919;756205;437622;45.3;26.2
93;2021-06-27;3255;7105;759460;444727;45.5;26.6
93;2021-06-28;3564;12503;763024;457230;45.7;27.4
93;2021-06-29;3923;12328;766947;469558;45.9;28.1
93;2021-06-30;3979;11280;770926;480838;46.2;28.8
93;2021-07-01;4075;11090;775001;491928;46.4;29.5
93;2021-07-02;4488;12301;779489;504229;46.7;30.2
93;2021-07-03;5181;13418;784670;517647;47.0;31.0
93;2021-07-04;3048;7876;787718;525523;47.2;31.5
93;2021-07-05;4238;10816;791956;536339;47.4;32.1
93;2021-07-06;4478;11734;796434;548073;47.7;32.8
93;2021-07-07;4847;11370;801281;559443;48.0;33.5
93;2021-07-08;4769;10234;806050;569677;48.3;34.1
93;2021-07-09;5311;12973;811361;582650;48.6;34.9
93;2021-07-10;5765;14237;817126;596887;48.9;35.7
93;2021-07-11;3643;9069;820769;605956;49.1;36.3
93;2021-07-12;5322;12016;826091;617972;49.5;37.0
93;2021-07-13;10781;13159;836872;631131;50.1;37.8
93;2021-07-14;10329;6666;847201;637797;50.7;38.2
93;2021-07-15;11967;13984;859168;651781;51.4;39.0
93;2021-07-16;12704;13490;871872;665271;52.2;39.8
93;2021-07-17;10990;13724;882862;678995;52.9;40.7
93;2021-07-18;7220;8828;890082;687823;53.3;41.2
94;2020-12-27;2;0;2;0;0.0;0.0
94;2020-12-28;5;0;7;0;0.0;0.0
94;2020-12-29;0;0;7;0;0.0;0.0
94;2020-12-30;0;0;7;0;0.0;0.0
94;2020-12-31;3;0;10;0;0.0;0.0
94;2021-01-01;0;0;10;0;0.0;0.0
94;2021-01-02;0;0;10;0;0.0;0.0
94;2021-01-03;0;0;10;0;0.0;0.0
94;2021-01-04;34;0;44;0;0.0;0.0
94;2021-01-05;233;2;277;2;0.0;0.0
94;2021-01-06;328;3;605;5;0.0;0.0
94;2021-01-07;687;10;1292;15;0.1;0.0
94;2021-01-08;921;8;2213;23;0.2;0.0
94;2021-01-09;47;0;2260;23;0.2;0.0
94;2021-01-10;18;0;2278;23;0.2;0.0
94;2021-01-11;1011;9;3289;32;0.2;0.0
94;2021-01-12;1337;28;4626;60;0.3;0.0
94;2021-01-13;1403;21;6029;81;0.4;0.0
94;2021-01-14;1527;24;7556;105;0.5;0.0
94;2021-01-15;1217;20;8773;125;0.6;0.0
94;2021-01-16;196;2;8969;127;0.6;0.0
94;2021-01-17;89;1;9058;128;0.6;0.0
94;2021-01-18;1483;27;10541;155;0.7;0.0
94;2021-01-19;1944;20;12485;175;0.9;0.0
94;2021-01-20;2167;16;14652;191;1.0;0.0
94;2021-01-21;2980;14;17632;205;1.3;0.0
94;2021-01-22;2166;17;19798;222;1.4;0.0
94;2021-01-23;727;2;20525;224;1.5;0.0
94;2021-01-24;286;0;20811;224;1.5;0.0
94;2021-01-25;1465;15;22276;239;1.6;0.0
94;2021-01-26;1556;18;23832;257;1.7;0.0
94;2021-01-27;1789;23;25621;280;1.8;0.0
94;2021-01-28;1525;134;27146;414;1.9;0.0
94;2021-01-29;1376;149;28522;563;2.0;0.0
94;2021-01-30;579;4;29101;567;2.1;0.0
94;2021-01-31;118;8;29219;575;2.1;0.0
94;2021-02-01;916;153;30135;728;2.1;0.1
94;2021-02-02;849;253;30984;981;2.2;0.1
94;2021-02-03;756;382;31740;1363;2.3;0.1
94;2021-02-04;899;438;32639;1801;2.3;0.1
94;2021-02-05;869;576;33508;2377;2.4;0.2
94;2021-02-06;401;78;33909;2455;2.4;0.2
94;2021-02-07;118;0;34027;2455;2.4;0.2
94;2021-02-08;630;548;34657;3003;2.5;0.2
94;2021-02-09;1033;990;35690;3993;2.5;0.3
94;2021-02-10;1095;1394;36785;5387;2.6;0.4
94;2021-02-11;1423;1557;38208;6944;2.7;0.5
94;2021-02-12;1384;1655;39592;8599;2.8;0.6
94;2021-02-13;300;263;39892;8862;2.8;0.6
94;2021-02-14;29;72;39921;8934;2.8;0.6
94;2021-02-15;748;1780;40669;10714;2.9;0.8
94;2021-02-16;698;2769;41367;13483;2.9;1.0
94;2021-02-17;713;1590;42080;15073;3.0;1.1
94;2021-02-18;781;1750;42861;16823;3.0;1.2
94;2021-02-19;956;1466;43817;18289;3.1;1.3
94;2021-02-20;134;925;43951;19214;3.1;1.4
94;2021-02-21;20;186;43971;19400;3.1;1.4
94;2021-02-22;518;1350;44489;20750;3.2;1.5
94;2021-02-23;621;1287;45110;22037;3.2;1.6
94;2021-02-24;691;927;45801;22964;3.3;1.6
94;2021-02-25;1065;1578;46866;24542;3.3;1.7
94;2021-02-26;1311;1073;48177;25615;3.4;1.8
94;2021-02-27;512;553;48689;26168;3.5;1.9
94;2021-02-28;90;84;48779;26252;3.5;1.9
94;2021-03-01;869;940;49648;27192;3.5;1.9
94;2021-03-02;1564;985;51212;28177;3.6;2.0
94;2021-03-03;1935;1008;53147;29185;3.8;2.1
94;2021-03-04;2839;1170;55986;30355;4.0;2.2
94;2021-03-05;3822;1312;59808;31667;4.3;2.3
94;2021-03-06;4809;548;64617;32215;4.6;2.3
94;2021-03-07;3681;529;68298;32744;4.9;2.3
94;2021-03-08;1908;796;70206;33540;5.0;2.4
94;2021-03-09;2545;916;72751;34456;5.2;2.5
94;2021-03-10;3186;1022;75937;35478;5.4;2.5
94;2021-03-11;3829;900;79766;36378;5.7;2.6
94;2021-03-12;4563;779;84329;37157;6.0;2.6
94;2021-03-13;4126;370;88455;37527;6.3;2.7
94;2021-03-14;2111;134;90566;37661;6.4;2.7
94;2021-03-15;3156;771;93722;38432;6.7;2.7
94;2021-03-16;2762;441;96484;38873;6.9;2.8
94;2021-03-17;2854;442;99338;39315;7.1;2.8
94;2021-03-18;3248;424;102586;39739;7.3;2.8
94;2021-03-19;4261;676;106847;40415;7.6;2.9
94;2021-03-20;3691;283;110538;40698;7.9;2.9
94;2021-03-21;1453;379;111991;41077;8.0;2.9
94;2021-03-22;3209;662;115200;41739;8.2;3.0
94;2021-03-23;4498;708;119698;42447;8.5;3.0
94;2021-03-24;4607;591;124305;43038;8.8;3.1
94;2021-03-25;6315;629;130620;43667;9.3;3.1
94;2021-03-26;6072;816;136692;44483;9.7;3.2
94;2021-03-27;4470;254;141162;44737;10.0;3.2
94;2021-03-28;1885;103;143047;44840;10.2;3.2
94;2021-03-29;4118;1208;147165;46048;10.5;3.3
94;2021-03-30;5292;1330;152457;47378;10.8;3.4
94;2021-03-31;4896;1781;157353;49159;11.2;3.5
94;2021-04-01;5803;2287;163156;51446;11.6;3.7
94;2021-04-02;5234;2303;168390;53749;12.0;3.8
94;2021-04-03;3085;2511;171475;56260;12.2;4.0
94;2021-04-04;1046;780;172521;57040;12.3;4.1
94;2021-04-05;828;156;173349;57196;12.3;4.1
94;2021-04-06;3561;2594;176910;59790;12.6;4.3
94;2021-04-07;3824;2249;180734;62039;12.9;4.4
94;2021-04-08;4603;2037;185337;64076;13.2;4.6
94;2021-04-09;5346;2459;190683;66535;13.6;4.7
94;2021-04-10;2951;2991;193634;69526;13.8;4.9
94;2021-04-11;1261;1764;194895;71290;13.9;5.1
94;2021-04-12;3430;2263;198325;73553;14.1;5.2
94;2021-04-13;4305;3429;202630;76982;14.4;5.5
94;2021-04-14;3882;2681;206512;79663;14.7;5.7
94;2021-04-15;4429;2970;210941;82633;15.0;5.9
94;2021-04-16;4692;2818;215633;85451;15.3;6.1
94;2021-04-17;2452;2755;218085;88206;15.5;6.3
94;2021-04-18;918;1248;219003;89454;15.6;6.4
94;2021-04-19;2970;2428;221973;91882;15.8;6.5
94;2021-04-20;3263;2705;225236;94587;16.0;6.7
94;2021-04-21;3211;3152;228447;97739;16.2;7.0
94;2021-04-22;3901;3638;232348;101377;16.5;7.2
94;2021-04-23;4095;3966;236443;105343;16.8;7.5
94;2021-04-24;4256;3392;240699;108735;17.1;7.7
94;2021-04-25;2411;1493;243110;110228;17.3;7.8
94;2021-04-26;4000;3260;247110;113488;17.6;8.1
94;2021-04-27;5080;3351;252190;116839;17.9;8.3
94;2021-04-28;4823;3604;257013;120443;18.3;8.6
94;2021-04-29;6391;3757;263404;124200;18.7;8.8
94;2021-04-30;6472;3908;269876;128108;19.2;9.1
94;2021-05-01;4056;1046;273932;129154;19.5;9.2
94;2021-05-02;3052;1467;276984;130621;19.7;9.3
94;2021-05-03;5726;5350;282710;135971;20.1;9.7
94;2021-05-04;6089;3547;288799;139518;20.5;9.9
94;2021-05-05;6175;3411;294974;142929;21.0;10.2
94;2021-05-06;7147;3526;302121;146455;21.5;10.4
94;2021-05-07;6656;4097;308777;150552;22.0;10.7
94;2021-05-08;4884;2534;313661;153086;22.3;10.9
94;2021-05-09;4222;2234;317883;155320;22.6;11.0
94;2021-05-10;7700;3117;325583;158437;23.2;11.3
94;2021-05-11;8960;3916;334543;162353;23.8;11.5
94;2021-05-12;9546;3583;344089;165936;24.5;11.8
94;2021-05-13;8671;1367;352760;167303;25.1;11.9
94;2021-05-14;9856;3306;362616;170609;25.8;12.1
94;2021-05-15;8932;2160;371548;172769;26.4;12.3
94;2021-05-16;5065;903;376613;173672;26.8;12.4
94;2021-05-17;10835;2239;387448;175911;27.6;12.5
94;2021-05-18;11271;2423;398719;178334;28.4;12.7
94;2021-05-19;11653;3578;410372;181912;29.2;12.9
94;2021-05-20;12127;4345;422499;186257;30.0;13.2
94;2021-05-21;11843;3129;434342;189386;30.9;13.5
94;2021-05-22;10281;1964;444623;191350;31.6;13.6
94;2021-05-23;4998;712;449621;192062;32.0;13.7
94;2021-05-24;9653;1340;459274;193402;32.7;13.8
94;2021-05-25;9975;4254;469249;197656;33.4;14.1
94;2021-05-26;10250;3279;479499;200935;34.1;14.3
94;2021-05-27;10839;4562;490338;205497;34.9;14.6
94;2021-05-28;10428;4937;500766;210434;35.6;15.0
94;2021-05-29;9867;3441;510633;213875;36.3;15.2
94;2021-05-30;4779;923;515412;214798;36.7;15.3
94;2021-05-31;9962;4221;525374;219019;37.4;15.6
94;2021-06-01;10211;5094;535585;224113;38.1;15.9
94;2021-06-02;9271;4578;544856;228691;38.8;16.3
94;2021-06-03;9485;5568;554341;234259;39.4;16.7
94;2021-06-04;10319;6499;564660;240758;40.2;17.1
94;2021-06-05;9188;6244;573848;247002;40.8;17.6
94;2021-06-06;3969;1843;577817;248845;41.1;17.7
94;2021-06-07;8593;5942;586410;254787;41.7;18.1
94;2021-06-08;8854;7507;595264;262294;42.3;18.7
94;2021-06-09;8840;8144;604104;270438;43.0;19.2
94;2021-06-10;8624;10955;612728;281393;43.6;20.0
94;2021-06-11;7719;8366;620447;289759;44.1;20.6
94;2021-06-12;10159;6810;630606;296569;44.8;21.1
94;2021-06-13;3456;3245;634062;299814;45.1;21.3
94;2021-06-14;6825;8208;640887;308022;45.6;21.9
94;2021-06-15;7589;8783;648476;316805;46.1;22.5
94;2021-06-16;7088;8257;655564;325062;46.6;23.1
94;2021-06-17;6598;9036;662162;334098;47.1;23.8
94;2021-06-18;6358;11947;668520;346045;47.5;24.6
94;2021-06-19;5960;9541;674480;355586;48.0;25.3
94;2021-06-20;1873;4002;676353;359588;48.1;25.6
94;2021-06-21;4394;11188;680747;370776;48.4;26.4
94;2021-06-22;4710;10815;685457;381591;48.8;27.1
94;2021-06-23;4044;11138;689501;392729;49.0;27.9
94;2021-06-24;4801;10314;694302;403043;49.4;28.7
94;2021-06-25;4168;13742;698470;416785;49.7;29.6
94;2021-06-26;3102;11982;701572;428767;49.9;30.5
94;2021-06-27;1035;5004;702607;433771;50.0;30.9
94;2021-06-28;3355;12069;705962;445840;50.2;31.7
94;2021-06-29;3931;12162;709893;458002;50.5;32.6
94;2021-06-30;3900;11599;713793;469601;50.8;33.4
94;2021-07-01;4209;11056;718002;480657;51.1;34.2
94;2021-07-02;4066;12166;722068;492823;51.4;35.1
94;2021-07-03;3554;11777;725622;504600;51.6;35.9
94;2021-07-04;1500;5072;727122;509672;51.7;36.2
94;2021-07-05;3415;11398;730537;521070;52.0;37.1
94;2021-07-06;3741;10856;734278;531926;52.2;37.8
94;2021-07-07;4102;11036;738380;542962;52.5;38.6
94;2021-07-08;4434;9980;742814;552942;52.8;39.3
94;2021-07-09;4182;11793;746996;564735;53.1;40.2
94;2021-07-10;3567;11345;750563;576080;53.4;41.0
94;2021-07-11;1466;4707;752029;580787;53.5;41.3
94;2021-07-12;3540;11929;755569;592716;53.7;42.2
94;2021-07-13;5648;11947;761217;604663;54.1;43.0
94;2021-07-14;3993;5245;765210;609908;54.4;43.4
94;2021-07-15;6120;12237;771330;622145;54.9;44.2
94;2021-07-16;6487;11122;777817;633267;55.3;45.0
94;2021-07-17;5583;11239;783400;644506;55.7;45.8
94;2021-07-18;2573;3971;785973;648477;55.9;46.1
95;2020-12-27;1;0;1;0;0.0;0.0
95;2020-12-28;0;0;1;0;0.0;0.0
95;2020-12-29;0;0;1;0;0.0;0.0
95;2020-12-30;0;0;1;0;0.0;0.0
95;2020-12-31;0;0;1;0;0.0;0.0
95;2021-01-01;0;0;1;0;0.0;0.0
95;2021-01-02;12;0;13;0;0.0;0.0
95;2021-01-03;0;0;13;0;0.0;0.0
95;2021-01-04;48;0;61;0;0.0;0.0
95;2021-01-05;288;0;349;0;0.0;0.0
95;2021-01-06;178;0;527;0;0.0;0.0
95;2021-01-07;130;0;657;0;0.1;0.0
95;2021-01-08;268;1;925;1;0.1;0.0
95;2021-01-09;251;0;1176;1;0.1;0.0
95;2021-01-10;382;1;1558;2;0.1;0.0
95;2021-01-11;482;1;2040;3;0.2;0.0
95;2021-01-12;858;1;2898;4;0.2;0.0
95;2021-01-13;780;12;3678;16;0.3;0.0
95;2021-01-14;877;10;4555;26;0.4;0.0
95;2021-01-15;752;4;5307;30;0.4;0.0
95;2021-01-16;297;2;5604;32;0.4;0.0
95;2021-01-17;216;1;5820;33;0.5;0.0
95;2021-01-18;1334;2;7154;35;0.6;0.0
95;2021-01-19;1567;2;8721;37;0.7;0.0
95;2021-01-20;2031;5;10752;42;0.9;0.0
95;2021-01-21;1851;2;12603;44;1.0;0.0
95;2021-01-22;1317;4;13920;48;1.1;0.0
95;2021-01-23;646;0;14566;48;1.2;0.0
95;2021-01-24;181;0;14747;48;1.2;0.0
95;2021-01-25;795;37;15542;85;1.2;0.0
95;2021-01-26;981;159;16523;244;1.3;0.0
95;2021-01-27;1245;191;17768;435;1.4;0.0
95;2021-01-28;1713;35;19481;470;1.6;0.0
95;2021-01-29;1245;209;20726;679;1.7;0.1
95;2021-01-30;477;5;21203;684;1.7;0.1
95;2021-01-31;209;2;21412;686;1.7;0.1
95;2021-02-01;562;276;21974;962;1.8;0.1
95;2021-02-02;527;268;22501;1230;1.8;0.1
95;2021-02-03;611;520;23112;1750;1.9;0.1
95;2021-02-04;1063;367;24175;2117;1.9;0.2
95;2021-02-05;730;309;24905;2426;2.0;0.2
95;2021-02-06;335;258;25240;2684;2.0;0.2
95;2021-02-07;139;421;25379;3105;2.0;0.2
95;2021-02-08;762;344;26141;3449;2.1;0.3
95;2021-02-09;1126;1087;27267;4536;2.2;0.4
95;2021-02-10;1251;1409;28518;5945;2.3;0.5
95;2021-02-11;1383;1144;29901;7089;2.4;0.6
95;2021-02-12;1029;989;30930;8078;2.5;0.6
95;2021-02-13;329;317;31259;8395;2.5;0.7
95;2021-02-14;36;194;31295;8589;2.5;0.7
95;2021-02-15;423;1065;31718;9654;2.5;0.8
95;2021-02-16;492;922;32210;10576;2.6;0.8
95;2021-02-17;651;1143;32861;11719;2.6;0.9
95;2021-02-18;719;1709;33580;13428;2.7;1.1
95;2021-02-19;783;1315;34363;14743;2.8;1.2
95;2021-02-20;302;492;34665;15235;2.8;1.2
95;2021-02-21;165;317;34830;15552;2.8;1.2
95;2021-02-22;327;1029;35157;16581;2.8;1.3
95;2021-02-23;366;726;35523;17307;2.8;1.4
95;2021-02-24;308;884;35831;18191;2.9;1.5
95;2021-02-25;721;1132;36552;19323;2.9;1.5
95;2021-02-26;987;910;37539;20233;3.0;1.6
95;2021-02-27;363;432;37902;20665;3.0;1.7
95;2021-02-28;61;236;37963;20901;3.0;1.7
95;2021-03-01;766;594;38729;21495;3.1;1.7
95;2021-03-02;1311;856;40040;22351;3.2;1.8
95;2021-03-03;1588;979;41628;23330;3.3;1.9
95;2021-03-04;3188;1184;44816;24514;3.6;2.0
95;2021-03-05;3652;1064;48468;25578;3.9;2.0
95;2021-03-06;4001;484;52469;26062;4.2;2.1
95;2021-03-07;4206;297;56675;26359;4.5;2.1
95;2021-03-08;1541;850;58216;27209;4.7;2.2
95;2021-03-09;2608;492;60824;27701;4.9;2.2
95;2021-03-10;2340;836;63164;28537;5.1;2.3
95;2021-03-11;3135;1125;66299;29662;5.3;2.4
95;2021-03-12;3514;769;69813;30431;5.6;2.4
95;2021-03-13;3513;401;73326;30832;5.9;2.5
95;2021-03-14;1978;279;75304;31111;6.0;2.5
95;2021-03-15;2362;303;77666;31414;6.2;2.5
95;2021-03-16;1570;407;79236;31821;6.3;2.5
95;2021-03-17;2100;402;81336;32223;6.5;2.6
95;2021-03-18;2792;360;84128;32583;6.7;2.6
95;2021-03-19;3466;344;87594;32927;7.0;2.6
95;2021-03-20;2585;192;90179;33119;7.2;2.7
95;2021-03-21;1197;213;91376;33332;7.3;2.7
95;2021-03-22;2935;353;94311;33685;7.6;2.7
95;2021-03-23;3419;440;97730;34125;7.8;2.7
95;2021-03-24;3925;482;101655;34607;8.1;2.8
95;2021-03-25;5849;619;107504;35226;8.6;2.8
95;2021-03-26;5425;638;112929;35864;9.0;2.9
95;2021-03-27;3742;188;116671;36052;9.3;2.9
95;2021-03-28;1527;98;118198;36150;9.5;2.9
95;2021-03-29;2892;560;121090;36710;9.7;2.9
95;2021-03-30;3865;1200;124955;37910;10.0;3.0
95;2021-03-31;3647;1636;128602;39546;10.3;3.2
95;2021-04-01;5472;2227;134074;41773;10.7;3.3
95;2021-04-02;3541;2738;137615;44511;11.0;3.6
95;2021-04-03;2089;2479;139704;46990;11.2;3.8
95;2021-04-04;1244;1173;140948;48163;11.3;3.9
95;2021-04-05;592;60;141540;48223;11.3;3.9
95;2021-04-06;1852;1533;143392;49756;11.5;4.0
95;2021-04-07;4939;2135;148331;51891;11.9;4.2
95;2021-04-08;4881;2438;153212;54329;12.3;4.4
95;2021-04-09;5422;2305;158634;56634;12.7;4.5
95;2021-04-10;3703;1419;162337;58053;13.0;4.7
95;2021-04-11;1567;1026;163904;59079;13.1;4.7
95;2021-04-12;3231;1593;167135;60672;13.4;4.9
95;2021-04-13;3140;1668;170275;62340;13.6;5.0
95;2021-04-14;2744;1978;173019;64318;13.9;5.2
95;2021-04-15;3892;3307;176911;67625;14.2;5.4
95;2021-04-16;4059;3005;180970;70630;14.5;5.7
95;2021-04-17;2370;1753;183340;72383;14.7;5.8
95;2021-04-18;1507;1018;184847;73401;14.8;5.9
95;2021-04-19;2559;2350;187406;75751;15.0;6.1
95;2021-04-20;2112;2451;189518;78202;15.2;6.3
95;2021-04-21;3925;2626;193443;80828;15.5;6.5
95;2021-04-22;3402;4608;196845;85436;15.8;6.8
95;2021-04-23;2760;3545;199605;88981;16.0;7.1
95;2021-04-24;3559;2571;203164;91552;16.3;7.3
95;2021-04-25;1961;1547;205125;93099;16.4;7.5
95;2021-04-26;2743;2694;207868;95793;16.7;7.7
95;2021-04-27;3839;2153;211707;97946;17.0;7.8
95;2021-04-28;3886;2659;215593;100605;17.3;8.1
95;2021-04-29;6132;4522;221725;105127;17.8;8.4
95;2021-04-30;6897;2925;228622;108052;18.3;8.7
95;2021-05-01;2363;908;230985;108960;18.5;8.7
95;2021-05-02;2444;1484;233429;110444;18.7;8.8
95;2021-05-03;5069;1889;238498;112333;19.1;9.0
95;2021-05-04;6346;2705;244844;115038;19.6;9.2
95;2021-05-05;5140;3808;249984;118846;20.0;9.5
95;2021-05-06;8200;4911;258184;123757;20.7;9.9
95;2021-05-07;5770;4743;263954;128500;21.1;10.3
95;2021-05-08;5735;1520;269689;130020;21.6;10.4
95;2021-05-09;2822;1556;272511;131576;21.8;10.5
95;2021-05-10;9938;3151;282449;134727;22.6;10.8
95;2021-05-11;8443;3440;290892;138167;23.3;11.1
95;2021-05-12;9452;3203;300344;141370;24.1;11.3
95;2021-05-13;7950;1197;308294;142567;24.7;11.4
95;2021-05-14;7004;1889;315298;144456;25.3;11.6
95;2021-05-15;4506;1065;319804;145521;25.6;11.7
95;2021-05-16;4811;802;324615;146323;26.0;11.7
95;2021-05-17;7728;1332;332343;147655;26.6;11.8
95;2021-05-18;9455;1851;341798;149506;27.4;12.0
95;2021-05-19;9240;2507;351038;152013;28.1;12.2
95;2021-05-20;12564;2424;363602;154437;29.1;12.4
95;2021-05-21;10173;2521;373775;156958;29.9;12.6
95;2021-05-22;9393;1535;383168;158493;30.7;12.7
95;2021-05-23;4133;928;387301;159421;31.0;12.8
95;2021-05-24;2390;540;389691;159961;31.2;12.8
95;2021-05-25;7198;2070;396889;162031;31.8;13.0
95;2021-05-26;8832;3102;405721;165133;32.5;13.2
95;2021-05-27;10351;4412;416072;169545;33.3;13.6
95;2021-05-28;7678;4417;423750;173962;33.9;13.9
95;2021-05-29;5256;2759;429006;176721;34.4;14.2
95;2021-05-30;3720;1683;432726;178404;34.7;14.3
95;2021-05-31;6415;3312;439141;181716;35.2;14.6
95;2021-06-01;8617;3789;447758;185505;35.9;14.9
95;2021-06-02;8593;4731;456351;190236;36.6;15.2
95;2021-06-03;8453;6550;464804;196786;37.2;15.8
95;2021-06-04;8811;4392;473615;201178;37.9;16.1
95;2021-06-05;8321;3729;481936;204907;38.6;16.4
95;2021-06-06;4807;1577;486743;206484;39.0;16.5
95;2021-06-07;5963;4527;492706;211011;39.5;16.9
95;2021-06-08;6434;5495;499140;216506;40.0;17.3
95;2021-06-09;5845;6443;504985;222949;40.5;17.9
95;2021-06-10;6225;6775;511210;229724;41.0;18.4
95;2021-06-11;7063;6415;518273;236139;41.5;18.9
95;2021-06-12;5965;4362;524238;240501;42.0;19.3
95;2021-06-13;2016;3277;526254;243778;42.2;19.5
95;2021-06-14;4553;5952;530807;249730;42.5;20.0
95;2021-06-15;3959;8025;534766;257755;42.8;20.6
95;2021-06-16;5076;7531;539842;265286;43.2;21.3
95;2021-06-17;6341;8136;546183;273422;43.8;21.9
95;2021-06-18;5309;7843;551492;281265;44.2;22.5
95;2021-06-19;4938;8921;556430;290186;44.6;23.2
95;2021-06-20;1389;3303;557819;293489;44.7;23.5
95;2021-06-21;2968;7705;560787;301194;44.9;24.1
95;2021-06-22;4679;9014;565466;310208;45.3;24.8
95;2021-06-23;4612;10873;570078;321081;45.7;25.7
95;2021-06-24;4842;10706;574920;331787;46.1;26.6
95;2021-06-25;4735;10343;579655;342130;46.4;27.4
95;2021-06-26;4237;8464;583892;350594;46.8;28.1
95;2021-06-27;955;3984;584847;354578;46.8;28.4
95;2021-06-28;2609;9484;587456;364062;47.1;29.2
95;2021-06-29;2445;8764;589901;372826;47.3;29.9
95;2021-06-30;3781;9970;593682;382796;47.6;30.7
95;2021-07-01;4070;11137;597752;393933;47.9;31.6
95;2021-07-02;3997;10517;601749;404450;48.2;32.4
95;2021-07-03;3510;9134;605259;413584;48.5;33.1
95;2021-07-04;1222;3392;606481;416976;48.6;33.4
95;2021-07-05;2265;4364;608746;421340;48.8;33.8
95;2021-07-06;2590;7734;611336;429074;49.0;34.4
95;2021-07-07;3900;9608;615236;438682;49.3;35.1
95;2021-07-08;5210;9751;620446;448433;49.7;35.9
95;2021-07-09;4445;10017;624891;458450;50.1;36.7
95;2021-07-10;3375;7384;628266;465834;50.3;37.3
95;2021-07-11;1473;3594;629739;469428;50.4;37.6
95;2021-07-12;2901;9649;632640;479077;50.7;38.4
95;2021-07-13;4985;9994;637625;489071;51.1;39.2
95;2021-07-14;4299;5651;641924;494722;51.4;39.6
95;2021-07-15;7129;12193;649053;506915;52.0;40.6
95;2021-07-16;7820;11875;656873;518790;52.6;41.6
95;2021-07-17;5011;7762;661884;526552;53.0;42.2
95;2021-07-18;3299;2806;665183;529358;53.3;42.4
971;2020-12-27;0;0;0;0;0.0;0.0
971;2020-12-28;0;0;0;0;0.0;0.0
971;2020-12-29;0;0;0;0;0.0;0.0
971;2020-12-30;0;0;0;0;0.0;0.0
971;2020-12-31;0;0;0;0;0.0;0.0
971;2021-01-01;1;0;1;0;0.0;0.0
971;2021-01-02;0;0;1;0;0.0;0.0
971;2021-01-03;0;0;1;0;0.0;0.0
971;2021-01-04;1;0;2;0;0.0;0.0
971;2021-01-05;0;0;2;0;0.0;0.0
971;2021-01-06;1;0;3;0;0.0;0.0
971;2021-01-07;0;0;3;0;0.0;0.0
971;2021-01-08;53;0;56;0;0.0;0.0
971;2021-01-09;18;0;74;0;0.0;0.0
971;2021-01-10;0;0;74;0;0.0;0.0
971;2021-01-11;56;0;130;0;0.0;0.0
971;2021-01-12;45;0;175;0;0.0;0.0
971;2021-01-13;45;1;220;1;0.1;0.0
971;2021-01-14;61;0;281;1;0.1;0.0
971;2021-01-15;76;0;357;1;0.1;0.0
971;2021-01-16;0;0;357;1;0.1;0.0
971;2021-01-17;0;0;357;1;0.1;0.0
971;2021-01-18;75;0;432;1;0.1;0.0
971;2021-01-19;144;0;576;1;0.2;0.0
971;2021-01-20;134;0;710;1;0.2;0.0
971;2021-01-21;151;1;861;2;0.2;0.0
971;2021-01-22;133;0;994;2;0.3;0.0
971;2021-01-23;1;0;995;2;0.3;0.0
971;2021-01-24;0;0;995;2;0.3;0.0
971;2021-01-25;202;0;1197;2;0.3;0.0
971;2021-01-26;211;1;1408;3;0.4;0.0
971;2021-01-27;233;0;1641;3;0.4;0.0
971;2021-01-28;238;3;1879;6;0.5;0.0
971;2021-01-29;197;2;2076;8;0.6;0.0
971;2021-01-30;19;0;2095;8;0.6;0.0
971;2021-01-31;1;0;2096;8;0.6;0.0
971;2021-02-01;223;4;2319;12;0.6;0.0
971;2021-02-02;242;26;2561;38;0.7;0.0
971;2021-02-03;217;3;2778;41;0.7;0.0
971;2021-02-04;300;21;3078;62;0.8;0.0
971;2021-02-05;262;32;3340;94;0.9;0.0
971;2021-02-06;49;1;3389;95;0.9;0.0
971;2021-02-07;0;0;3389;95;0.9;0.0
971;2021-02-08;231;22;3620;117;1.0;0.0
971;2021-02-09;301;29;3921;146;1.0;0.0
971;2021-02-10;225;29;4146;175;1.1;0.0
971;2021-02-11;295;112;4441;287;1.2;0.1
971;2021-02-12;284;26;4725;313;1.3;0.1
971;2021-02-13;50;7;4775;320;1.3;0.1
971;2021-02-14;19;36;4794;356;1.3;0.1
971;2021-02-15;75;46;4869;402;1.3;0.1
971;2021-02-16;16;1;4885;403;1.3;0.1
971;2021-02-17;17;1;4902;404;1.3;0.1
971;2021-02-18;224;18;5126;422;1.4;0.1
971;2021-02-19;232;21;5358;443;1.4;0.1
971;2021-02-20;48;0;5406;443;1.4;0.1
971;2021-02-21;1;0;5407;443;1.4;0.1
971;2021-02-22;162;65;5569;508;1.5;0.1
971;2021-02-23;191;74;5760;582;1.5;0.2
971;2021-02-24;321;126;6081;708;1.6;0.2
971;2021-02-25;372;80;6453;788;1.7;0.2
971;2021-02-26;212;84;6665;872;1.8;0.2
971;2021-02-27;63;0;6728;872;1.8;0.2
971;2021-02-28;1;0;6729;872;1.8;0.2
971;2021-03-01;157;82;6886;954;1.8;0.3
971;2021-03-02;255;131;7141;1085;1.9;0.3
971;2021-03-03;225;120;7366;1205;2.0;0.3
971;2021-03-04;317;86;7683;1291;2.0;0.3
971;2021-03-05;349;149;8032;1440;2.1;0.4
971;2021-03-06;588;4;8620;1444;2.3;0.4
971;2021-03-07;1;0;8621;1444;2.3;0.4
971;2021-03-08;297;141;8918;1585;2.4;0.4
971;2021-03-09;360;151;9278;1736;2.5;0.5
971;2021-03-10;402;163;9680;1899;2.6;0.5
971;2021-03-11;122;45;9802;1944;2.6;0.5
971;2021-03-12;483;227;10285;2171;2.7;0.6
971;2021-03-13;132;2;10417;2173;2.8;0.6
971;2021-03-14;14;24;10431;2197;2.8;0.6
971;2021-03-15;413;44;10844;2241;2.9;0.6
971;2021-03-16;457;80;11301;2321;3.0;0.6
971;2021-03-17;447;88;11748;2409;3.1;0.6
971;2021-03-18;551;107;12299;2516;3.3;0.7
971;2021-03-19;563;99;12862;2615;3.4;0.7
971;2021-03-20;176;45;13038;2660;3.5;0.7
971;2021-03-21;8;0;13046;2660;3.5;0.7
971;2021-03-22;347;87;13393;2747;3.6;0.7
971;2021-03-23;510;156;13903;2903;3.7;0.8
971;2021-03-24;462;108;14365;3011;3.8;0.8
971;2021-03-25;756;179;15121;3190;4.0;0.8
971;2021-03-26;640;120;15761;3310;4.2;0.9
971;2021-03-27;274;47;16035;3357;4.3;0.9
971;2021-03-28;7;1;16042;3358;4.3;0.9
971;2021-03-29;378;83;16420;3441;4.4;0.9
971;2021-03-30;620;164;17040;3605;4.5;1.0
971;2021-03-31;542;130;17582;3735;4.7;1.0
971;2021-04-01;648;200;18230;3935;4.8;1.0
971;2021-04-02;38;35;18268;3970;4.8;1.1
971;2021-04-03;48;2;18316;3972;4.9;1.1
971;2021-04-04;4;18;18320;3990;4.9;1.1
971;2021-04-05;11;0;18331;3990;4.9;1.1
971;2021-04-06;468;192;18799;4182;5.0;1.1
971;2021-04-07;575;115;19374;4297;5.1;1.1
971;2021-04-08;488;162;19862;4459;5.3;1.2
971;2021-04-09;478;209;20340;4668;5.4;1.2
971;2021-04-10;96;4;20436;4672;5.4;1.2
971;2021-04-11;3;23;20439;4695;5.4;1.2
971;2021-04-12;290;259;20729;4954;5.5;1.3
971;2021-04-13;553;320;21282;5274;5.6;1.4
971;2021-04-14;427;222;21709;5496;5.8;1.5
971;2021-04-15;550;314;22259;5810;5.9;1.5
971;2021-04-16;555;271;22814;6081;6.1;1.6
971;2021-04-17;202;4;23016;6085;6.1;1.6
971;2021-04-18;4;14;23020;6099;6.1;1.6
971;2021-04-19;396;240;23416;6339;6.2;1.7
971;2021-04-20;724;344;24140;6683;6.4;1.8
971;2021-04-21;623;312;24763;6995;6.6;1.9
971;2021-04-22;805;331;25568;7326;6.8;1.9
971;2021-04-23;845;247;26413;7573;7.0;2.0
971;2021-04-24;382;74;26795;7647;7.1;2.0
971;2021-04-25;592;62;27387;7709;7.3;2.0
971;2021-04-26;942;214;28329;7923;7.5;2.1
971;2021-04-27;664;232;28993;8155;7.7;2.2
971;2021-04-28;855;264;29848;8419;7.9;2.2
971;2021-04-29;1193;197;31041;8616;8.2;2.3
971;2021-04-30;1261;185;32302;8801;8.6;2.3
971;2021-05-01;595;41;32897;8842;8.7;2.3
971;2021-05-02;346;17;33243;8859;8.8;2.4
971;2021-05-03;913;176;34156;9035;9.1;2.4
971;2021-05-04;955;204;35111;9239;9.3;2.5
971;2021-05-05;1006;244;36117;9483;9.6;2.5
971;2021-05-06;1144;171;37261;9654;9.9;2.6
971;2021-05-07;1248;263;38509;9917;10.2;2.6
971;2021-05-08;317;35;38826;9952;10.3;2.6
971;2021-05-09;179;9;39005;9961;10.3;2.6
971;2021-05-10;828;210;39833;10171;10.6;2.7
971;2021-05-11;961;309;40794;10480;10.8;2.8
971;2021-05-12;904;324;41698;10804;11.1;2.9
971;2021-05-13;211;79;41909;10883;11.1;2.9
971;2021-05-14;858;272;42767;11155;11.3;3.0
971;2021-05-15;477;14;43244;11169;11.5;3.0
971;2021-05-16;182;36;43426;11205;11.5;3.0
971;2021-05-17;711;271;44137;11476;11.7;3.0
971;2021-05-18;741;387;44878;11863;11.9;3.1
971;2021-05-19;699;528;45577;12391;12.1;3.3
971;2021-05-20;781;375;46358;12766;12.3;3.4
971;2021-05-21;814;405;47172;13171;12.5;3.5
971;2021-05-22;494;213;47666;13384;12.6;3.6
971;2021-05-23;202;113;47868;13497;12.7;3.6
971;2021-05-24;201;175;48069;13672;12.8;3.6
971;2021-05-25;537;659;48606;14331;12.9;3.8
971;2021-05-26;594;491;49200;14822;13.1;3.9
971;2021-05-27;130;185;49330;15007;13.1;4.0
971;2021-05-28;518;525;49848;15532;13.2;4.1
971;2021-05-29;233;137;50081;15669;13.3;4.2
971;2021-05-30;77;113;50158;15782;13.3;4.2
971;2021-05-31;456;535;50614;16317;13.4;4.3
971;2021-06-01;582;709;51196;17026;13.6;4.5
971;2021-06-02;576;708;51772;17734;13.7;4.7
971;2021-06-03;503;563;52275;18297;13.9;4.9
971;2021-06-04;788;806;53063;19103;14.1;5.1
971;2021-06-05;314;649;53377;19752;14.2;5.2
971;2021-06-06;131;529;53508;20281;14.2;5.4
971;2021-06-07;422;782;53930;21063;14.3;5.6
971;2021-06-08;515;894;54445;21957;14.4;5.8
971;2021-06-09;477;859;54922;22816;14.6;6.1
971;2021-06-10;513;848;55435;23664;14.7;6.3
971;2021-06-11;455;1238;55890;24902;14.8;6.6
971;2021-06-12;292;661;56182;25563;14.9;6.8
971;2021-06-13;128;314;56310;25877;14.9;6.9
971;2021-06-14;360;3800;56670;29677;15.0;7.9
971;2021-06-15;477;2015;57147;31692;15.2;8.4
971;2021-06-16;468;1484;57615;33176;15.3;8.8
971;2021-06-17;422;1015;58037;34191;15.4;9.1
971;2021-06-18;458;1019;58495;35210;15.5;9.3
971;2021-06-19;311;510;58806;35720;15.6;9.5
971;2021-06-20;108;230;58914;35950;15.6;9.5
971;2021-06-21;321;681;59235;36631;15.7;9.7
971;2021-06-22;314;874;59549;37505;15.8;10.0
971;2021-06-23;353;886;59902;38391;15.9;10.2
971;2021-06-24;381;729;60283;39120;16.0;10.4
971;2021-06-25;444;765;60727;39885;16.1;10.6
971;2021-06-26;292;511;61019;40396;16.2;10.7
971;2021-06-27;106;149;61125;40545;16.2;10.8
971;2021-06-28;294;689;61419;41234;16.3;10.9
971;2021-06-29;359;780;61778;42014;16.4;11.1
971;2021-06-30;405;920;62183;42934;16.5;11.4
971;2021-07-01;339;650;62522;43584;16.6;11.6
971;2021-07-02;416;693;62938;44277;16.7;11.7
971;2021-07-03;266;461;63204;44738;16.8;11.9
971;2021-07-04;110;239;63314;44977;16.8;11.9
971;2021-07-05;314;507;63628;45484;16.9;12.1
971;2021-07-06;363;760;63991;46244;17.0;12.3
971;2021-07-07;369;847;64360;47091;17.1;12.5
971;2021-07-08;397;791;64757;47882;17.2;12.7
971;2021-07-09;421;796;65178;48678;17.3;12.9
971;2021-07-10;242;294;65420;48972;17.4;13.0
971;2021-07-11;168;135;65588;49107;17.4;13.0
971;2021-07-12;475;608;66063;49715;17.5;13.2
971;2021-07-13;830;999;66893;50714;17.7;13.5
971;2021-07-14;455;281;67348;50995;17.9;13.5
971;2021-07-15;838;825;68186;51820;18.1;13.7
971;2021-07-16;1042;1030;69228;52850;18.4;14.0
971;2021-07-17;640;436;69868;53286;18.5;14.1
971;2021-07-18;396;212;70264;53498;18.6;14.2
972;2020-12-27;0;0;0;0;0.0;0.0
972;2020-12-28;0;0;0;0;0.0;0.0
972;2020-12-29;0;0;0;0;0.0;0.0
972;2020-12-30;0;0;0;0;0.0;0.0
972;2020-12-31;0;0;0;0;0.0;0.0
972;2021-01-01;0;0;0;0;0.0;0.0
972;2021-01-02;0;0;0;0;0.0;0.0
972;2021-01-03;0;0;0;0;0.0;0.0
972;2021-01-04;0;0;0;0;0.0;0.0
972;2021-01-05;0;0;0;0;0.0;0.0
972;2021-01-06;5;0;5;0;0.0;0.0
972;2021-01-07;31;0;36;0;0.0;0.0
972;2021-01-08;82;1;118;1;0.0;0.0
972;2021-01-09;20;0;138;1;0.0;0.0
972;2021-01-10;0;0;138;1;0.0;0.0
972;2021-01-11;122;0;260;1;0.1;0.0
972;2021-01-12;79;0;339;1;0.1;0.0
972;2021-01-13;64;0;403;1;0.1;0.0
972;2021-01-14;88;1;491;2;0.1;0.0
972;2021-01-15;137;0;628;2;0.2;0.0
972;2021-01-16;51;0;679;2;0.2;0.0
972;2021-01-17;0;0;679;2;0.2;0.0
972;2021-01-18;157;0;836;2;0.2;0.0
972;2021-01-19;168;1;1004;3;0.3;0.0
972;2021-01-20;165;0;1169;3;0.3;0.0
972;2021-01-21;181;2;1350;5;0.4;0.0
972;2021-01-22;156;0;1506;5;0.4;0.0
972;2021-01-23;58;0;1564;5;0.4;0.0
972;2021-01-24;0;0;1564;5;0.4;0.0
972;2021-01-25;160;0;1724;5;0.5;0.0
972;2021-01-26;137;0;1861;5;0.5;0.0
972;2021-01-27;163;5;2024;10;0.6;0.0
972;2021-01-28;143;12;2167;22;0.6;0.0
972;2021-01-29;143;41;2310;63;0.6;0.0
972;2021-01-30;96;16;2406;79;0.7;0.0
972;2021-01-31;0;0;2406;79;0.7;0.0
972;2021-02-01;119;74;2525;153;0.7;0.0
972;2021-02-02;184;96;2709;249;0.8;0.1
972;2021-02-03;132;80;2841;329;0.8;0.1
972;2021-02-04;158;73;2999;402;0.8;0.1
972;2021-02-05;120;96;3119;498;0.9;0.1
972;2021-02-06;62;26;3181;524;0.9;0.1
972;2021-02-07;1;0;3182;524;0.9;0.1
972;2021-02-08;137;80;3319;604;0.9;0.2
972;2021-02-09;176;78;3495;682;1.0;0.2
972;2021-02-10;138;90;3633;772;1.0;0.2
972;2021-02-11;150;103;3783;875;1.1;0.2
972;2021-02-12;145;131;3928;1006;1.1;0.3
972;2021-02-13;47;37;3975;1043;1.1;0.3
972;2021-02-14;0;0;3975;1043;1.1;0.3
972;2021-02-15;51;67;4026;1110;1.1;0.3
972;2021-02-16;0;1;4026;1111;1.1;0.3
972;2021-02-17;1;3;4027;1114;1.1;0.3
972;2021-02-18;68;127;4095;1241;1.1;0.3
972;2021-02-19;69;131;4164;1372;1.2;0.4
972;2021-02-20;48;69;4212;1441;1.2;0.4
972;2021-02-21;0;0;4212;1441;1.2;0.4
972;2021-02-22;102;60;4314;1501;1.2;0.4
972;2021-02-23;113;237;4427;1738;1.2;0.5
972;2021-02-24;106;223;4533;1961;1.3;0.5
972;2021-02-25;89;150;4622;2111;1.3;0.6
972;2021-02-26;128;169;4750;2280;1.3;0.6
972;2021-02-27;69;52;4819;2332;1.3;0.7
972;2021-02-28;0;0;4819;2332;1.3;0.7
972;2021-03-01;137;145;4956;2477;1.4;0.7
972;2021-03-02;157;78;5113;2555;1.4;0.7
972;2021-03-03;179;145;5292;2700;1.5;0.8
972;2021-03-04;145;135;5437;2835;1.5;0.8
972;2021-03-05;238;128;5675;2963;1.6;0.8
972;2021-03-06;119;59;5794;3022;1.6;0.8
972;2021-03-07;100;1;5894;3023;1.6;0.8
972;2021-03-08;196;132;6090;3155;1.7;0.9
972;2021-03-09;270;101;6360;3256;1.8;0.9
972;2021-03-10;322;135;6682;3391;1.9;0.9
972;2021-03-11;335;83;7017;3474;2.0;1.0
972;2021-03-12;399;54;7416;3528;2.1;1.0
972;2021-03-13;155;21;7571;3549;2.1;1.0
972;2021-03-14;4;1;7575;3550;2.1;1.0
972;2021-03-15;276;90;7851;3640;2.2;1.0
972;2021-03-16;305;55;8156;3695;2.3;1.0
972;2021-03-17;387;49;8543;3744;2.4;1.0
972;2021-03-18;435;44;8978;3788;2.5;1.1
972;2021-03-19;396;62;9374;3850;2.6;1.1
972;2021-03-20;149;48;9523;3898;2.7;1.1
972;2021-03-21;25;1;9548;3899;2.7;1.1
972;2021-03-22;362;118;9910;4017;2.8;1.1
972;2021-03-23;402;123;10312;4140;2.9;1.2
972;2021-03-24;428;105;10740;4245;3.0;1.2
972;2021-03-25;476;100;11216;4345;3.1;1.2
972;2021-03-26;632;101;11848;4446;3.3;1.2
972;2021-03-27;152;70;12000;4516;3.3;1.3
972;2021-03-28;81;2;12081;4518;3.4;1.3
972;2021-03-29;421;166;12502;4684;3.5;1.3
972;2021-03-30;469;243;12971;4927;3.6;1.4
972;2021-03-31;1144;190;14115;5117;3.9;1.4
972;2021-04-01;955;171;15070;5288;4.2;1.5
972;2021-04-02;895;11;15965;5299;4.5;1.5
972;2021-04-03;788;53;16753;5352;4.7;1.5
972;2021-04-04;750;10;17503;5362;4.9;1.5
972;2021-04-05;829;42;18332;5404;5.1;1.5
972;2021-04-06;883;135;19215;5539;5.4;1.5
972;2021-04-07;1435;325;20650;5864;5.8;1.6
972;2021-04-08;1306;269;21956;6133;6.1;1.7
972;2021-04-09;1240;316;23196;6449;6.5;1.8
972;2021-04-10;838;165;24034;6614;6.7;1.8
972;2021-04-11;621;12;24655;6626;6.9;1.8
972;2021-04-12;868;315;25523;6941;7.1;1.9
972;2021-04-13;880;326;26403;7267;7.4;2.0
972;2021-04-14;958;322;27361;7589;7.6;2.1
972;2021-04-15;959;296;28320;7885;7.9;2.2
972;2021-04-16;992;298;29312;8183;8.2;2.3
972;2021-04-17;529;161;29841;8344;8.3;2.3
972;2021-04-18;339;56;30180;8400;8.4;2.3
972;2021-04-19;668;344;30848;8744;8.6;2.4
972;2021-04-20;869;308;31717;9052;8.8;2.5
972;2021-04-21;999;354;32716;9406;9.1;2.6
972;2021-04-22;602;313;33318;9719;9.3;2.7
972;2021-04-23;606;466;33924;10185;9.5;2.8
972;2021-04-24;361;197;34285;10382;9.6;2.9
972;2021-04-25;168;200;34453;10582;9.6;2.9
972;2021-04-26;515;542;34968;11124;9.7;3.1
972;2021-04-27;568;608;35536;11732;9.9;3.3
972;2021-04-28;449;690;35985;12422;10.0;3.5
972;2021-04-29;652;641;36637;13063;10.2;3.6
972;2021-04-30;771;687;37408;13750;10.4;3.8
972;2021-05-01;243;246;37651;13996;10.5;3.9
972;2021-05-02;226;513;37877;14509;10.6;4.0
972;2021-05-03;569;771;38446;15280;10.7;4.3
972;2021-05-04;525;677;38971;15957;10.9;4.4
972;2021-05-05;542;896;39513;16853;11.0;4.7
972;2021-05-06;546;783;40059;17636;11.2;4.9
972;2021-05-07;629;1016;40688;18652;11.3;5.2
972;2021-05-08;224;526;40912;19178;11.4;5.3
972;2021-05-09;172;506;41084;19684;11.5;5.5
972;2021-05-10;520;859;41604;20543;11.6;5.7
972;2021-05-11;477;872;42081;21415;11.7;6.0
972;2021-05-12;557;912;42638;22327;11.9;6.2
972;2021-05-13;274;534;42912;22861;12.0;6.4
972;2021-05-14;389;752;43301;23613;12.1;6.6
972;2021-05-15;233;579;43534;24192;12.1;6.7
972;2021-05-16;155;442;43689;24634;12.2;6.9
972;2021-05-17;473;753;44162;25387;12.3;7.1
972;2021-05-18;446;680;44608;26067;12.4;7.3
972;2021-05-19;451;744;45059;26811;12.6;7.5
972;2021-05-20;593;501;45652;27312;12.7;7.6
972;2021-05-21;545;705;46197;28017;12.9;7.8
972;2021-05-22;185;364;46382;28381;12.9;7.9
972;2021-05-23;110;181;46492;28562;13.0;8.0
972;2021-05-24;135;241;46627;28803;13.0;8.0
972;2021-05-25;351;698;46978;29501;13.1;8.2
972;2021-05-26;383;712;47361;30213;13.2;8.4
972;2021-05-27;268;647;47629;30860;13.3;8.6
972;2021-05-28;280;816;47909;31676;13.4;8.8
972;2021-05-29;154;513;48063;32189;13.4;9.0
972;2021-05-30;17;33;48080;32222;13.4;9.0
972;2021-05-31;345;682;48425;32904;13.5;9.2
972;2021-06-01;300;547;48725;33451;13.6;9.3
972;2021-06-02;322;575;49047;34026;13.7;9.5
972;2021-06-03;247;424;49294;34450;13.7;9.6
972;2021-06-04;350;644;49644;35094;13.8;9.8
972;2021-06-05;261;373;49905;35467;13.9;9.9
972;2021-06-06;24;31;49929;35498;13.9;9.9
972;2021-06-07;259;735;50188;36233;14.0;10.1
972;2021-06-08;254;589;50442;36822;14.1;10.3
972;2021-06-09;302;699;50744;37521;14.1;10.5
972;2021-06-10;304;452;51048;37973;14.2;10.6
972;2021-06-11;338;534;51386;38507;14.3;10.7
972;2021-06-12;245;324;51631;38831;14.4;10.8
972;2021-06-13;32;29;51663;38860;14.4;10.8
972;2021-06-14;366;552;52029;39412;14.5;11.0
972;2021-06-15;409;487;52438;39899;14.6;11.1
972;2021-06-16;435;441;52873;40340;14.7;11.2
972;2021-06-17;354;576;53227;40916;14.8;11.4
972;2021-06-18;453;538;53680;41454;15.0;11.6
972;2021-06-19;225;196;53905;41650;15.0;11.6
972;2021-06-20;25;17;53930;41667;15.0;11.6
972;2021-06-21;320;581;54250;42248;15.1;11.8
972;2021-06-22;292;467;54542;42715;15.2;11.9
972;2021-06-23;415;564;54957;43279;15.3;12.1
972;2021-06-24;322;438;55279;43717;15.4;12.2
972;2021-06-25;307;391;55586;44108;15.5;12.3
972;2021-06-26;218;199;55804;44307;15.6;12.4
972;2021-06-27;15;23;55819;44330;15.6;12.4
972;2021-06-28;317;426;56136;44756;15.6;12.5
972;2021-06-29;317;430;56453;45186;15.7;12.6
972;2021-06-30;430;420;56883;45606;15.9;12.7
972;2021-07-01;335;391;57218;45997;15.9;12.8
972;2021-07-02;122;203;57340;46200;16.0;12.9
972;2021-07-03;100;118;57440;46318;16.0;12.9
972;2021-07-04;24;35;57464;46353;16.0;12.9
972;2021-07-05;483;579;57947;46932;16.2;13.1
972;2021-07-06;479;428;58426;47360;16.3;13.2
972;2021-07-07;585;493;59011;47853;16.4;13.3
972;2021-07-08;485;420;59496;48273;16.6;13.5
972;2021-07-09;618;585;60114;48858;16.8;13.6
972;2021-07-10;400;305;60514;49163;16.9;13.7
972;2021-07-11;48;37;60562;49200;16.9;13.7
972;2021-07-12;839;691;61401;49891;17.1;13.9
972;2021-07-13;1461;705;62862;50596;17.5;14.1
972;2021-07-14;132;61;62994;50657;17.6;14.1
972;2021-07-15;1569;657;64563;51314;18.0;14.3
972;2021-07-16;1544;644;66107;51958;18.4;14.5
972;2021-07-17;1030;349;67137;52307;18.7;14.6
972;2021-07-18;45;39;67182;52346;18.7;14.6
973;2020-12-27;0;0;0;0;0.0;0.0
973;2020-12-28;0;0;0;0;0.0;0.0
973;2020-12-29;0;0;0;0;0.0;0.0
973;2020-12-30;0;0;0;0;0.0;0.0
973;2020-12-31;0;0;0;0;0.0;0.0
973;2021-01-01;0;0;0;0;0.0;0.0
973;2021-01-02;2;2;2;2;0.0;0.0
973;2021-01-03;0;0;2;2;0.0;0.0
973;2021-01-04;0;0;2;2;0.0;0.0
973;2021-01-05;0;0;2;2;0.0;0.0
973;2021-01-06;0;0;2;2;0.0;0.0
973;2021-01-07;0;0;2;2;0.0;0.0
973;2021-01-08;0;0;2;2;0.0;0.0
973;2021-01-09;0;0;2;2;0.0;0.0
973;2021-01-10;0;0;2;2;0.0;0.0
973;2021-01-11;0;0;2;2;0.0;0.0
973;2021-01-12;0;0;2;2;0.0;0.0
973;2021-01-13;30;0;32;2;0.0;0.0
973;2021-01-14;46;0;78;2;0.0;0.0
973;2021-01-15;35;0;113;2;0.0;0.0
973;2021-01-16;18;0;131;2;0.0;0.0
973;2021-01-17;0;0;131;2;0.0;0.0
973;2021-01-18;63;0;194;2;0.1;0.0
973;2021-01-19;149;1;343;3;0.1;0.0
973;2021-01-20;134;0;477;3;0.2;0.0
973;2021-01-21;118;0;595;3;0.2;0.0
973;2021-01-22;76;0;671;3;0.2;0.0
973;2021-01-23;0;0;671;3;0.2;0.0
973;2021-01-24;0;0;671;3;0.2;0.0
973;2021-01-25;56;0;727;3;0.3;0.0
973;2021-01-26;100;2;827;5;0.3;0.0
973;2021-01-27;109;1;936;6;0.3;0.0
973;2021-01-28;96;2;1032;8;0.4;0.0
973;2021-01-29;104;3;1136;11;0.4;0.0
973;2021-01-30;0;0;1136;11;0.4;0.0
973;2021-01-31;0;0;1136;11;0.4;0.0
973;2021-02-01;54;0;1190;11;0.4;0.0
973;2021-02-02;122;4;1312;15;0.5;0.0
973;2021-02-03;116;7;1428;22;0.5;0.0
973;2021-02-04;79;26;1507;48;0.5;0.0
973;2021-02-05;65;8;1572;56;0.5;0.0
973;2021-02-06;0;0;1572;56;0.5;0.0
973;2021-02-07;0;0;1572;56;0.5;0.0
973;2021-02-08;52;12;1624;68;0.6;0.0
973;2021-02-09;92;39;1716;107;0.6;0.0
973;2021-02-10;101;42;1817;149;0.6;0.1
973;2021-02-11;105;93;1922;242;0.7;0.1
973;2021-02-12;88;64;2010;306;0.7;0.1
973;2021-02-13;0;0;2010;306;0.7;0.1
973;2021-02-14;0;0;2010;306;0.7;0.1
973;2021-02-15;27;64;2037;370;0.7;0.1
973;2021-02-16;123;55;2160;425;0.7;0.1
973;2021-02-17;145;120;2305;545;0.8;0.2
973;2021-02-18;103;142;2408;687;0.8;0.2
973;2021-02-19;122;72;2530;759;0.9;0.3
973;2021-02-20;0;0;2530;759;0.9;0.3
973;2021-02-21;0;0;2530;759;0.9;0.3
973;2021-02-22;78;49;2608;808;0.9;0.3
973;2021-02-23;158;100;2766;908;1.0;0.3
973;2021-02-24;190;121;2956;1029;1.0;0.4
973;2021-02-25;258;87;3214;1116;1.1;0.4
973;2021-02-26;264;69;3478;1185;1.2;0.4
973;2021-02-27;120;1;3598;1186;1.2;0.4
973;2021-02-28;0;0;3598;1186;1.2;0.4
973;2021-03-01;180;85;3778;1271;1.3;0.4
973;2021-03-02;255;108;4033;1379;1.4;0.5
973;2021-03-03;255;132;4288;1511;1.5;0.5
973;2021-03-04;281;83;4569;1594;1.6;0.5
973;2021-03-05;272;46;4841;1640;1.7;0.6
973;2021-03-06;118;2;4959;1642;1.7;0.6
973;2021-03-07;0;0;4959;1642;1.7;0.6
973;2021-03-08;187;40;5146;1682;1.8;0.6
973;2021-03-09;350;92;5496;1774;1.9;0.6
973;2021-03-10;357;99;5853;1873;2.0;0.6
973;2021-03-11;270;114;6123;1987;2.1;0.7
973;2021-03-12;287;86;6410;2073;2.2;0.7
973;2021-03-13;110;4;6520;2077;2.2;0.7
973;2021-03-14;0;0;6520;2077;2.2;0.7
973;2021-03-15;180;27;6700;2104;2.3;0.7
973;2021-03-16;242;138;6942;2242;2.4;0.8
973;2021-03-17;273;129;7215;2371;2.5;0.8
973;2021-03-18;249;153;7464;2524;2.6;0.9
973;2021-03-19;284;127;7748;2651;2.7;0.9
973;2021-03-20;255;14;8003;2665;2.8;0.9
973;2021-03-21;119;2;8122;2667;2.8;0.9
973;2021-03-22;219;110;8341;2777;2.9;1.0
973;2021-03-23;274;193;8615;2970;3.0;1.0
973;2021-03-24;235;214;8850;3184;3.0;1.1
973;2021-03-25;168;179;9018;3363;3.1;1.2
973;2021-03-26;188;307;9206;3670;3.2;1.3
973;2021-03-27;56;93;9262;3763;3.2;1.3
973;2021-03-28;0;0;9262;3763;3.2;1.3
973;2021-03-29;175;246;9437;4009;3.2;1.4
973;2021-03-30;445;237;9882;4246;3.4;1.5
973;2021-03-31;318;291;10200;4537;3.5;1.6
973;2021-04-01;443;260;10643;4797;3.7;1.7
973;2021-04-02;306;279;10949;5076;3.8;1.7
973;2021-04-03;152;122;11101;5198;3.8;1.8
973;2021-04-04;0;0;11101;5198;3.8;1.8
973;2021-04-05;118;14;11219;5212;3.9;1.8
973;2021-04-06;438;335;11657;5547;4.0;1.9
973;2021-04-07;501;343;12158;5890;4.2;2.0
973;2021-04-08;512;264;12670;6154;4.4;2.1
973;2021-04-09;496;226;13166;6380;4.5;2.2
973;2021-04-10;147;91;13313;6471;4.6;2.2
973;2021-04-11;2;0;13315;6471;4.6;2.2
973;2021-04-12;552;267;13867;6738;4.8;2.3
973;2021-04-13;674;243;14541;6981;5.0;2.4
973;2021-04-14;720;312;15261;7293;5.2;2.5
973;2021-04-15;774;245;16035;7538;5.5;2.6
973;2021-04-16;756;296;16791;7834;5.8;2.7
973;2021-04-17;499;130;17290;7964;5.9;2.7
973;2021-04-18;499;39;17789;8003;6.1;2.8
973;2021-04-19;713;250;18502;8253;6.4;2.8
973;2021-04-20;604;277;19106;8530;6.6;2.9
973;2021-04-21;867;249;19973;8779;6.9;3.0
973;2021-04-22;723;228;20696;9007;7.1;3.1
973;2021-04-23;705;225;21401;9232;7.4;3.2
973;2021-04-24;525;95;21926;9327;7.5;3.2
973;2021-04-25;611;50;22537;9377;7.8;3.2
973;2021-04-26;780;229;23317;9606;8.0;3.3
973;2021-04-27;785;341;24102;9947;8.3;3.4
973;2021-04-28;695;328;24797;10275;8.5;3.5
973;2021-04-29;621;279;25418;10554;8.7;3.6
973;2021-04-30;673;252;26091;10806;9.0;3.7
973;2021-05-01;210;27;26301;10833;9.0;3.7
973;2021-05-02;602;84;26903;10917;9.3;3.8
973;2021-05-03;553;390;27456;11307;9.4;3.9
973;2021-05-04;620;312;28076;11619;9.7;4.0
973;2021-05-05;658;447;28734;12066;9.9;4.2
973;2021-05-06;653;466;29387;12532;10.1;4.3
973;2021-05-07;555;467;29942;12999;10.3;4.5
973;2021-05-08;341;58;30283;13057;10.4;4.5
973;2021-05-09;262;73;30545;13130;10.5;4.5
973;2021-05-10;422;612;30967;13742;10.7;4.7
973;2021-05-11;392;492;31359;14234;10.8;4.9
973;2021-05-12;505;646;31864;14880;11.0;5.1
973;2021-05-13;333;99;32197;14979;11.1;5.2
973;2021-05-14;478;550;32675;15529;11.2;5.3
973;2021-05-15;258;347;32933;15876;11.3;5.5
973;2021-05-16;207;210;33140;16086;11.4;5.5
973;2021-05-17;444;600;33584;16686;11.6;5.7
973;2021-05-18;560;564;34144;17250;11.7;5.9
973;2021-05-19;525;553;34669;17803;11.9;6.1
973;2021-05-20;639;451;35308;18254;12.1;6.3
973;2021-05-21;494;606;35802;18860;12.3;6.5
973;2021-05-22;167;502;35969;19362;12.4;6.7
973;2021-05-23;269;474;36238;19836;12.5;6.8
973;2021-05-24;560;245;36798;20081;12.7;6.9
973;2021-05-25;496;742;37294;20823;12.8;7.2
973;2021-05-26;440;683;37734;21506;13.0;7.4
973;2021-05-27;694;523;38428;22029;13.2;7.6
973;2021-05-28;555;553;38983;22582;13.4;7.8
973;2021-05-29;239;360;39222;22942;13.5;7.9
973;2021-05-30;151;399;39373;23341;13.5;8.0
973;2021-05-31;341;573;39714;23914;13.7;8.2
973;2021-06-01;395;461;40109;24375;13.8;8.4
973;2021-06-02;540;551;40649;24926;14.0;8.6
973;2021-06-03;486;470;41135;25396;14.2;8.7
973;2021-06-04;552;495;41687;25891;14.3;8.9
973;2021-06-05;272;292;41959;26183;14.4;9.0
973;2021-06-06;211;299;42170;26482;14.5;9.1
973;2021-06-07;468;449;42638;26931;14.7;9.3
973;2021-06-08;531;311;43169;27242;14.9;9.4
973;2021-06-09;502;383;43671;27625;15.0;9.5
973;2021-06-10;355;289;44026;27914;15.1;9.6
973;2021-06-11;415;468;44441;28382;15.3;9.8
973;2021-06-12;170;284;44611;28666;15.3;9.9
973;2021-06-13;212;268;44823;28934;15.4;10.0
973;2021-06-14;360;547;45183;29481;15.5;10.1
973;2021-06-15;358;441;45541;29922;15.7;10.3
973;2021-06-16;416;451;45957;30373;15.8;10.4
973;2021-06-17;370;574;46327;30947;15.9;10.6
973;2021-06-18;357;563;46684;31510;16.1;10.8
973;2021-06-19;234;260;46918;31770;16.1;10.9
973;2021-06-20;125;272;47043;32042;16.2;11.0
973;2021-06-21;268;597;47311;32639;16.3;11.2
973;2021-06-22;312;457;47623;33096;16.4;11.4
973;2021-06-23;279;535;47902;33631;16.5;11.6
973;2021-06-24;390;495;48292;34126;16.6;11.7
973;2021-06-25;377;545;48669;34671;16.7;11.9
973;2021-06-26;166;320;48835;34991;16.8;12.0
973;2021-06-27;117;170;48952;35161;16.8;12.1
973;2021-06-28;281;590;49233;35751;16.9;12.3
973;2021-06-29;325;499;49558;36250;17.0;12.5
973;2021-06-30;308;668;49866;36918;17.2;12.7
973;2021-07-01;345;394;50211;37312;17.3;12.8
973;2021-07-02;394;515;50605;37827;17.4;13.0
973;2021-07-03;203;272;50808;38099;17.5;13.1
973;2021-07-04;85;242;50893;38341;17.5;13.2
973;2021-07-05;300;539;51193;38880;17.6;13.4
973;2021-07-06;307;474;51500;39354;17.7;13.5
973;2021-07-07;305;409;51805;39763;17.8;13.7
973;2021-07-08;258;324;52063;40087;17.9;13.8
973;2021-07-09;354;435;52417;40522;18.0;13.9
973;2021-07-10;163;276;52580;40798;18.1;14.0
973;2021-07-11;101;164;52681;40962;18.1;14.1
973;2021-07-12;355;491;53036;41453;18.2;14.3
973;2021-07-13;645;553;53681;42006;18.5;14.5
973;2021-07-14;373;156;54054;42162;18.6;14.5
973;2021-07-15;584;514;54638;42676;18.8;14.7
973;2021-07-16;560;469;55198;43145;19.0;14.8
973;2021-07-17;332;279;55530;43424;19.1;14.9
973;2021-07-18;225;117;55755;43541;19.2;15.0
974;2020-12-27;0;0;0;0;0.0;0.0
974;2020-12-28;0;0;0;0;0.0;0.0
974;2020-12-29;0;0;0;0;0.0;0.0
974;2020-12-30;0;0;0;0;0.0;0.0
974;2020-12-31;0;0;0;0;0.0;0.0
974;2021-01-01;1;0;1;0;0.0;0.0
974;2021-01-02;0;0;1;0;0.0;0.0
974;2021-01-03;0;0;1;0;0.0;0.0
974;2021-01-04;0;0;1;0;0.0;0.0
974;2021-01-05;2;0;3;0;0.0;0.0
974;2021-01-06;0;0;3;0;0.0;0.0
974;2021-01-07;0;0;3;0;0.0;0.0
974;2021-01-08;0;0;3;0;0.0;0.0
974;2021-01-09;1;0;4;0;0.0;0.0
974;2021-01-10;0;0;4;0;0.0;0.0
974;2021-01-11;0;0;4;0;0.0;0.0
974;2021-01-12;0;0;4;0;0.0;0.0
974;2021-01-13;0;0;4;0;0.0;0.0
974;2021-01-14;0;0;4;0;0.0;0.0
974;2021-01-15;332;0;336;0;0.0;0.0
974;2021-01-16;28;0;364;0;0.0;0.0
974;2021-01-17;0;0;364;0;0.0;0.0
974;2021-01-18;49;1;413;1;0.0;0.0
974;2021-01-19;393;0;806;1;0.1;0.0
974;2021-01-20;481;1;1287;2;0.1;0.0
974;2021-01-21;614;1;1901;3;0.2;0.0
974;2021-01-22;409;1;2310;4;0.3;0.0
974;2021-01-23;75;0;2385;4;0.3;0.0
974;2021-01-24;0;0;2385;4;0.3;0.0
974;2021-01-25;273;2;2658;6;0.3;0.0
974;2021-01-26;429;0;3087;6;0.4;0.0
974;2021-01-27;317;0;3404;6;0.4;0.0
974;2021-01-28;407;0;3811;6;0.4;0.0
974;2021-01-29;421;3;4232;9;0.5;0.0
974;2021-01-30;420;0;4652;9;0.5;0.0
974;2021-01-31;0;0;4652;9;0.5;0.0
974;2021-02-01;372;3;5024;12;0.6;0.0
974;2021-02-02;499;4;5523;16;0.6;0.0
974;2021-02-03;602;14;6125;30;0.7;0.0
974;2021-02-04;626;21;6751;51;0.8;0.0
974;2021-02-05;564;98;7315;149;0.9;0.0
974;2021-02-06;500;5;7815;154;0.9;0.0
974;2021-02-07;0;8;7815;162;0.9;0.0
974;2021-02-08;472;34;8287;196;1.0;0.0
974;2021-02-09;784;90;9071;286;1.1;0.0
974;2021-02-10;820;87;9891;373;1.2;0.0
974;2021-02-11;796;86;10687;459;1.2;0.1
974;2021-02-12;637;94;11324;553;1.3;0.1
974;2021-02-13;651;74;11975;627;1.4;0.1
974;2021-02-14;1;0;11976;627;1.4;0.1
974;2021-02-15;524;126;12500;753;1.5;0.1
974;2021-02-16;651;534;13151;1287;1.5;0.1
974;2021-02-17;592;328;13743;1615;1.6;0.2
974;2021-02-18;493;412;14236;2027;1.7;0.2
974;2021-02-19;497;319;14733;2346;1.7;0.3
974;2021-02-20;576;117;15309;2463;1.8;0.3
974;2021-02-21;0;0;15309;2463;1.8;0.3
974;2021-02-22;402;238;15711;2701;1.8;0.3
974;2021-02-23;606;238;16317;2939;1.9;0.3
974;2021-02-24;583;252;16900;3191;2.0;0.4
974;2021-02-25;645;295;17545;3486;2.0;0.4
974;2021-02-26;483;472;18028;3958;2.1;0.5
974;2021-02-27;385;469;18413;4427;2.1;0.5
974;2021-02-28;0;0;18413;4427;2.1;0.5
974;2021-03-01;290;389;18703;4816;2.2;0.6
974;2021-03-02;486;501;19189;5317;2.2;0.6
974;2021-03-03;755;540;19944;5857;2.3;0.7
974;2021-03-04;775;513;20719;6370;2.4;0.7
974;2021-03-05;727;530;21446;6900;2.5;0.8
974;2021-03-06;812;525;22258;7425;2.6;0.9
974;2021-03-07;0;0;22258;7425;2.6;0.9
974;2021-03-08;435;579;22693;8004;2.6;0.9
974;2021-03-09;670;768;23363;8772;2.7;1.0
974;2021-03-10;643;842;24006;9614;2.8;1.1
974;2021-03-11;699;639;24705;10253;2.9;1.2
974;2021-03-12;729;655;25434;10908;3.0;1.3
974;2021-03-13;668;607;26102;11515;3.0;1.3
974;2021-03-14;2;0;26104;11515;3.0;1.3
974;2021-03-15;504;504;26608;12019;3.1;1.4
974;2021-03-16;680;708;27288;12727;3.2;1.5
974;2021-03-17;847;531;28135;13258;3.3;1.5
974;2021-03-18;1022;546;29157;13804;3.4;1.6
974;2021-03-19;784;534;29941;14338;3.5;1.7
974;2021-03-20;576;596;30517;14934;3.5;1.7
974;2021-03-21;0;0;30517;14934;3.5;1.7
974;2021-03-22;565;468;31082;15402;3.6;1.8
974;2021-03-23;780;640;31862;16042;3.7;1.9
974;2021-03-24;792;664;32654;16706;3.8;1.9
974;2021-03-25;931;552;33585;17258;3.9;2.0
974;2021-03-26;921;450;34506;17708;4.0;2.1
974;2021-03-27;782;337;35288;18045;4.1;2.1
974;2021-03-28;1;0;35289;18045;4.1;2.1
974;2021-03-29;961;271;36250;18316;4.2;2.1
974;2021-03-30;883;497;37133;18813;4.3;2.2
974;2021-03-31;741;665;37874;19478;4.4;2.3
974;2021-04-01;716;707;38590;20185;4.5;2.3
974;2021-04-02;688;759;39278;20944;4.6;2.4
974;2021-04-03;699;705;39977;21649;4.6;2.5
974;2021-04-04;0;0;39977;21649;4.6;2.5
974;2021-04-05;0;2;39977;21651;4.6;2.5
974;2021-04-06;795;635;40772;22286;4.7;2.6
974;2021-04-07;1369;787;42141;23073;4.9;2.7
974;2021-04-08;1792;772;43933;23845;5.1;2.8
974;2021-04-09;1509;784;45442;24629;5.3;2.9
974;2021-04-10;1137;650;46579;25279;5.4;2.9
974;2021-04-11;2;0;46581;25279;5.4;2.9
974;2021-04-12;1238;547;47819;25826;5.6;3.0
974;2021-04-13;1440;755;49259;26581;5.7;3.1
974;2021-04-14;2070;771;51329;27352;6.0;3.2
974;2021-04-15;2506;954;53835;28306;6.3;3.3
974;2021-04-16;1932;780;55767;29086;6.5;3.4
974;2021-04-17;1289;604;57056;29690;6.6;3.5
974;2021-04-18;0;0;57056;29690;6.6;3.5
974;2021-04-19;1375;564;58431;30254;6.8;3.5
974;2021-04-20;1650;803;60081;31057;7.0;3.6
974;2021-04-21;2127;623;62208;31680;7.2;3.7
974;2021-04-22;2949;816;65157;32496;7.6;3.8
974;2021-04-23;2309;813;67466;33309;7.8;3.9
974;2021-04-24;1103;799;68569;34108;8.0;4.0
974;2021-04-25;2;0;68571;34108;8.0;4.0
974;2021-04-26;1164;915;69735;35023;8.1;4.1
974;2021-04-27;1685;1028;71420;36051;8.3;4.2
974;2021-04-28;2897;750;74317;36801;8.6;4.3
974;2021-04-29;3945;812;78262;37613;9.1;4.4
974;2021-04-30;3435;903;81697;38516;9.5;4.5
974;2021-05-01;2106;222;83803;38738;9.7;4.5
974;2021-05-02;1;0;83804;38738;9.7;4.5
974;2021-05-03;1865;574;85669;39312;10.0;4.6
974;2021-05-04;2128;1098;87797;40410;10.2;4.7
974;2021-05-05;3119;1637;90916;42047;10.6;4.9
974;2021-05-06;4005;1585;94921;43632;11.0;5.1
974;2021-05-07;3228;1523;98149;45155;11.4;5.3
974;2021-05-08;1566;502;99715;45657;11.6;5.3
974;2021-05-09;1;0;99716;45657;11.6;5.3
974;2021-05-10;2411;996;102127;46653;11.9;5.4
974;2021-05-11;3652;1639;105779;48292;12.3;5.6
974;2021-05-12;4720;2390;110499;50682;12.8;5.9
974;2021-05-13;3554;595;114053;51277;13.3;6.0
974;2021-05-14;5267;2511;119320;53788;13.9;6.3
974;2021-05-15;3163;1538;122483;55326;14.2;6.4
974;2021-05-16;15;18;122498;55344;14.2;6.4
974;2021-05-17;2999;1489;125497;56833;14.6;6.6
974;2021-05-18;3757;1789;129254;58622;15.0;6.8
974;2021-05-19;4688;2361;133942;60983;15.6;7.1
974;2021-05-20;5140;2829;139082;63812;16.2;7.4
974;2021-05-21;4989;2636;144071;66448;16.8;7.7
974;2021-05-22;3367;1254;147438;67702;17.1;7.9
974;2021-05-23;5;3;147443;67705;17.1;7.9
974;2021-05-24;3643;1076;151086;68781;17.6;8.0
974;2021-05-25;4246;1919;155332;70700;18.1;8.2
974;2021-05-26;4987;2975;160319;73675;18.6;8.6
974;2021-05-27;4613;4100;164932;77775;19.2;9.0
974;2021-05-28;4379;3827;169311;81602;19.7;9.5
974;2021-05-29;2554;2453;171865;84055;20.0;9.8
974;2021-05-30;8;14;171873;84069;20.0;9.8
974;2021-05-31;2349;2256;174222;86325;20.3;10.0
974;2021-06-01;3299;2724;177521;89049;20.6;10.4
974;2021-06-02;3968;3349;181489;92398;21.1;10.7
974;2021-06-03;4042;3650;185531;96048;21.6;11.2
974;2021-06-04;3849;3750;189380;99798;22.0;11.6
974;2021-06-05;2215;1921;191595;101719;22.3;11.8
974;2021-06-06;1071;132;192666;101851;22.4;11.8
974;2021-06-07;2012;2527;194678;104378;22.6;12.1
974;2021-06-08;2552;3335;197230;107713;22.9;12.5
974;2021-06-09;2981;4771;200211;112484;23.3;13.1
974;2021-06-10;3406;4445;203617;116929;23.7;13.6
974;2021-06-11;2844;4622;206461;121551;24.0;14.1
974;2021-06-12;1727;3376;208188;124927;24.2;14.5
974;2021-06-13;1323;243;209511;125170;24.4;14.6
974;2021-06-14;1491;3181;211002;128351;24.5;14.9
974;2021-06-15;2057;3613;213059;131964;24.8;15.3
974;2021-06-16;2733;4650;215792;136614;25.1;15.9
974;2021-06-17;2513;4902;218305;141516;25.4;16.5
974;2021-06-18;2590;4898;220895;146414;25.7;17.0
974;2021-06-19;1301;3517;222196;149931;25.8;17.4
974;2021-06-20;632;288;222828;150219;25.9;17.5
974;2021-06-21;1264;3235;224092;153454;26.1;17.8
974;2021-06-22;1607;3763;225699;157217;26.2;18.3
974;2021-06-23;2237;4983;227936;162200;26.5;18.9
974;2021-06-24;2275;4074;230211;166274;26.8;19.3
974;2021-06-25;2182;4114;232393;170388;27.0;19.8
974;2021-06-26;1392;2713;233785;173101;27.2;20.1
974;2021-06-27;661;265;234446;173366;27.3;20.2
974;2021-06-28;1296;2483;235742;175849;27.4;20.4
974;2021-06-29;1729;2853;237471;178702;27.6;20.8
974;2021-06-30;2541;3847;240012;182549;27.9;21.2
974;2021-07-01;2656;3831;242668;186380;28.2;21.7
974;2021-07-02;2491;3716;245159;190096;28.5;22.1
974;2021-07-03;1599;2459;246758;192555;28.7;22.4
974;2021-07-04;873;1039;247631;193594;28.8;22.5
974;2021-07-05;1671;2227;249302;195821;29.0;22.8
974;2021-07-06;2481;2529;251783;198350;29.3;23.1
974;2021-07-07;2644;3139;254427;201489;29.6;23.4
974;2021-07-08;2378;3172;256805;204661;29.9;23.8
974;2021-07-09;2729;3416;259534;208077;30.2;24.2
974;2021-07-10;1606;2181;261140;210258;30.4;24.4
974;2021-07-11;725;1017;261865;211275;30.5;24.6
974;2021-07-12;1718;2609;263583;213884;30.7;24.9
974;2021-07-13;4357;3326;267940;217210;31.2;25.3
974;2021-07-14;3264;590;271204;217800;31.5;25.3
974;2021-07-15;5493;3979;276697;221779;32.2;25.8
974;2021-07-16;6146;3238;282843;225017;32.9;26.2
974;2021-07-17;4269;1886;287112;226903;33.4;26.4
974;2021-07-18;2658;740;289770;227643;33.7;26.5
975;2020-12-27;0;0;0;0;0.0;0.0
975;2020-12-28;0;0;0;0;0.0;0.0
975;2020-12-29;0;0;0;0;0.0;0.0
975;2020-12-30;0;0;0;0;0.0;0.0
975;2020-12-31;0;0;0;0;0.0;0.0
975;2021-01-01;0;0;0;0;0.0;0.0
975;2021-01-02;0;0;0;0;0.0;0.0
975;2021-01-03;0;0;0;0;0.0;0.0
975;2021-01-04;0;0;0;0;0.0;0.0
975;2021-01-05;0;0;0;0;0.0;0.0
975;2021-01-06;0;0;0;0;0.0;0.0
975;2021-01-07;0;0;0;0;0.0;0.0
975;2021-01-08;0;0;0;0;0.0;0.0
975;2021-01-09;0;0;0;0;0.0;0.0
975;2021-01-10;0;0;0;0;0.0;0.0
975;2021-01-11;0;0;0;0;0.0;0.0
975;2021-01-12;0;0;0;0;0.0;0.0
975;2021-01-13;0;0;0;0;0.0;0.0
975;2021-01-14;0;0;0;0;0.0;0.0
975;2021-01-15;0;0;0;0;0.0;0.0
975;2021-01-16;0;0;0;0;0.0;0.0
975;2021-01-17;0;0;0;0;0.0;0.0
975;2021-01-18;0;0;0;0;0.0;0.0
975;2021-01-19;0;0;0;0;0.0;0.0
975;2021-01-20;0;0;0;0;0.0;0.0
975;2021-01-21;0;0;0;0;0.0;0.0
975;2021-01-22;0;0;0;0;0.0;0.0
975;2021-01-23;0;0;0;0;0.0;0.0
975;2021-01-24;0;0;0;0;0.0;0.0
975;2021-01-25;0;0;0;0;0.0;0.0
975;2021-01-26;0;0;0;0;0.0;0.0
975;2021-01-27;0;0;0;0;0.0;0.0
975;2021-01-28;0;0;0;0;0.0;0.0
975;2021-01-29;0;0;0;0;0.0;0.0
975;2021-01-30;0;0;0;0;0.0;0.0
975;2021-01-31;0;0;0;0;0.0;0.0
975;2021-02-01;0;0;0;0;0.0;0.0
975;2021-02-02;0;0;0;0;0.0;0.0
975;2021-02-03;0;0;0;0;0.0;0.0
975;2021-02-04;0;0;0;0;0.0;0.0
975;2021-02-05;0;0;0;0;0.0;0.0
975;2021-02-06;0;0;0;0;0.0;0.0
975;2021-02-07;0;0;0;0;0.0;0.0
975;2021-02-08;0;0;0;0;0.0;0.0
975;2021-02-09;0;0;0;0;0.0;0.0
975;2021-02-10;0;0;0;0;0.0;0.0
975;2021-02-11;0;0;0;0;0.0;0.0
975;2021-02-12;0;0;0;0;0.0;0.0
975;2021-02-13;0;0;0;0;0.0;0.0
975;2021-02-14;0;0;0;0;0.0;0.0
975;2021-02-15;0;0;0;0;0.0;0.0
975;2021-02-16;0;0;0;0;0.0;0.0
975;2021-02-17;0;0;0;0;0.0;0.0
975;2021-02-18;0;0;0;0;0.0;0.0
975;2021-02-19;0;0;0;0;0.0;0.0
975;2021-02-20;0;0;0;0;0.0;0.0
975;2021-02-21;0;0;0;0;0.0;0.0
975;2021-02-22;0;0;0;0;0.0;0.0
975;2021-02-23;0;0;0;0;0.0;0.0
975;2021-02-24;0;0;0;0;0.0;0.0
975;2021-02-25;0;0;0;0;0.0;0.0
975;2021-02-26;0;0;0;0;0.0;0.0
975;2021-02-27;0;0;0;0;0.0;0.0
975;2021-02-28;0;0;0;0;0.0;0.0
975;2021-03-01;0;0;0;0;0.0;0.0
975;2021-03-02;0;0;0;0;0.0;0.0
975;2021-03-03;0;0;0;0;0.0;0.0
975;2021-03-04;0;0;0;0;0.0;0.0
975;2021-03-05;0;0;0;0;0.0;0.0
975;2021-03-06;0;0;0;0;0.0;0.0
975;2021-03-07;0;0;0;0;0.0;0.0
975;2021-03-08;0;0;0;0;0.0;0.0
975;2021-03-09;0;0;0;0;0.0;0.0
975;2021-03-10;0;0;0;0;0.0;0.0
975;2021-03-11;0;0;0;0;0.0;0.0
975;2021-03-12;0;0;0;0;0.0;0.0
975;2021-03-13;0;0;0;0;0.0;0.0
975;2021-03-14;0;0;0;0;0.0;0.0
975;2021-03-15;0;0;0;0;0.0;0.0
975;2021-03-16;0;0;0;0;0.0;0.0
975;2021-03-17;0;0;0;0;0.0;0.0
975;2021-03-18;0;0;0;0;0.0;0.0
975;2021-03-19;0;0;0;0;0.0;0.0
975;2021-03-20;0;0;0;0;0.0;0.0
975;2021-03-21;0;0;0;0;0.0;0.0
975;2021-03-22;0;0;0;0;0.0;0.0
975;2021-03-23;0;0;0;0;0.0;0.0
975;2021-03-24;0;0;0;0;0.0;0.0
975;2021-03-25;0;0;0;0;0.0;0.0
975;2021-03-26;0;0;0;0;0.0;0.0
975;2021-03-27;0;0;0;0;0.0;0.0
975;2021-03-28;0;0;0;0;0.0;0.0
975;2021-03-29;2;0;2;0;0.0;0.0
975;2021-03-30;0;0;2;0;0.0;0.0
975;2021-03-31;0;0;2;0;0.0;0.0
975;2021-04-01;0;0;2;0;0.0;0.0
975;2021-04-02;0;0;2;0;0.0;0.0
975;2021-04-03;0;0;2;0;0.0;0.0
975;2021-04-04;0;0;2;0;0.0;0.0
975;2021-04-05;0;0;2;0;0.0;0.0
975;2021-04-06;0;0;2;0;0.0;0.0
975;2021-04-07;0;0;2;0;0.0;0.0
975;2021-04-08;1;0;3;0;0.1;0.0
975;2021-04-09;0;0;3;0;0.1;0.0
975;2021-04-10;0;0;3;0;0.1;0.0
975;2021-04-11;0;0;3;0;0.1;0.0
975;2021-04-12;0;0;3;0;0.1;0.0
975;2021-04-13;0;0;3;0;0.1;0.0
975;2021-04-14;0;0;3;0;0.1;0.0
975;2021-04-15;0;0;3;0;0.1;0.0
975;2021-04-16;0;0;3;0;0.1;0.0
975;2021-04-17;0;0;3;0;0.1;0.0
975;2021-04-18;0;0;3;0;0.1;0.0
975;2021-04-19;0;0;3;0;0.1;0.0
975;2021-04-20;0;0;3;0;0.1;0.0
975;2021-04-21;0;0;3;0;0.1;0.0
975;2021-04-22;0;0;3;0;0.1;0.0
975;2021-04-23;0;0;3;0;0.1;0.0
975;2021-04-24;0;0;3;0;0.1;0.0
975;2021-04-25;0;0;3;0;0.1;0.0
975;2021-04-26;0;0;3;0;0.1;0.0
975;2021-04-27;0;0;3;0;0.1;0.0
975;2021-04-28;0;0;3;0;0.1;0.0
975;2021-04-29;0;0;3;0;0.1;0.0
975;2021-04-30;0;0;3;0;0.1;0.0
975;2021-05-01;0;0;3;0;0.1;0.0
975;2021-05-02;0;0;3;0;0.1;0.0
975;2021-05-03;0;0;3;0;0.1;0.0
975;2021-05-04;0;0;3;0;0.1;0.0
975;2021-05-05;0;0;3;0;0.1;0.0
975;2021-05-06;0;0;3;0;0.1;0.0
975;2021-05-07;0;0;3;0;0.1;0.0
975;2021-05-08;0;0;3;0;0.1;0.0
975;2021-05-09;0;0;3;0;0.1;0.0
975;2021-05-10;0;0;3;0;0.1;0.0
975;2021-05-11;0;0;3;0;0.1;0.0
975;2021-05-12;0;0;3;0;0.1;0.0
975;2021-05-13;0;0;3;0;0.1;0.0
975;2021-05-14;0;0;3;0;0.1;0.0
975;2021-05-15;0;0;3;0;0.1;0.0
975;2021-05-16;0;0;3;0;0.1;0.0
975;2021-05-17;0;0;3;0;0.1;0.0
975;2021-05-18;0;0;3;0;0.1;0.0
975;2021-05-19;0;0;3;0;0.1;0.0
975;2021-05-20;0;0;3;0;0.1;0.0
975;2021-05-21;0;0;3;0;0.1;0.0
975;2021-05-22;0;0;3;0;0.1;0.0
975;2021-05-23;0;0;3;0;0.1;0.0
975;2021-05-24;0;0;3;0;0.1;0.0
975;2021-05-25;0;0;3;0;0.1;0.0
975;2021-05-26;0;0;3;0;0.1;0.0
975;2021-05-27;0;0;3;0;0.1;0.0
975;2021-05-28;0;0;3;0;0.1;0.0
975;2021-05-29;0;2;3;2;0.1;0.0
975;2021-05-30;0;0;3;2;0.1;0.0
975;2021-05-31;0;0;3;2;0.1;0.0
975;2021-06-01;0;0;3;2;0.1;0.0
975;2021-06-02;0;0;3;2;0.1;0.0
975;2021-06-03;0;0;3;2;0.1;0.0
975;2021-06-04;0;0;3;2;0.1;0.0
975;2021-06-05;0;0;3;2;0.1;0.0
975;2021-06-06;0;0;3;2;0.1;0.0
975;2021-06-07;0;0;3;2;0.1;0.0
975;2021-06-08;0;0;3;2;0.1;0.0
975;2021-06-09;0;0;3;2;0.1;0.0
975;2021-06-10;0;0;3;2;0.1;0.0
975;2021-06-11;0;0;3;2;0.1;0.0
975;2021-06-12;0;0;3;2;0.1;0.0
975;2021-06-13;0;0;3;2;0.1;0.0
975;2021-06-14;0;0;3;2;0.1;0.0
975;2021-06-15;0;0;3;2;0.1;0.0
975;2021-06-16;0;0;3;2;0.1;0.0
975;2021-06-17;0;0;3;2;0.1;0.0
975;2021-06-18;0;0;3;2;0.1;0.0
975;2021-06-19;0;0;3;2;0.1;0.0
975;2021-06-20;0;0;3;2;0.1;0.0
975;2021-06-21;0;0;3;2;0.1;0.0
975;2021-06-22;0;0;3;2;0.1;0.0
975;2021-06-23;0;0;3;2;0.1;0.0
975;2021-06-24;0;0;3;2;0.1;0.0
975;2021-06-25;0;0;3;2;0.1;0.0
975;2021-06-26;0;0;3;2;0.1;0.0
975;2021-06-27;0;0;3;2;0.1;0.0
975;2021-06-28;0;0;3;2;0.1;0.0
975;2021-06-29;0;0;3;2;0.1;0.0
975;2021-06-30;0;0;3;2;0.1;0.0
975;2021-07-01;0;0;3;2;0.1;0.0
975;2021-07-02;0;0;3;2;0.1;0.0
975;2021-07-03;0;0;3;2;0.1;0.0
975;2021-07-04;0;0;3;2;0.1;0.0
975;2021-07-05;0;0;3;2;0.1;0.0
975;2021-07-06;0;0;3;2;0.1;0.0
975;2021-07-07;0;0;3;2;0.1;0.0
975;2021-07-08;0;0;3;2;0.1;0.0
975;2021-07-09;0;0;3;2;0.1;0.0
975;2021-07-10;0;0;3;2;0.1;0.0
975;2021-07-11;0;0;3;2;0.1;0.0
975;2021-07-12;0;0;3;2;0.1;0.0
975;2021-07-13;0;0;3;2;0.1;0.0
975;2021-07-14;0;0;3;2;0.1;0.0
975;2021-07-15;0;0;3;2;0.1;0.0
975;2021-07-16;0;0;3;2;0.1;0.0
975;2021-07-17;0;0;3;2;0.1;0.0
975;2021-07-18;0;0;3;2;0.1;0.0
976;2020-12-27;0;0;0;0;0.0;0.0
976;2020-12-28;0;0;0;0;0.0;0.0
976;2020-12-29;0;0;0;0;0.0;0.0
976;2020-12-30;0;0;0;0;0.0;0.0
976;2020-12-31;0;0;0;0;0.0;0.0
976;2021-01-01;0;0;0;0;0.0;0.0
976;2021-01-02;0;0;0;0;0.0;0.0
976;2021-01-03;0;0;0;0;0.0;0.0
976;2021-01-04;0;0;0;0;0.0;0.0
976;2021-01-05;0;0;0;0;0.0;0.0
976;2021-01-06;0;0;0;0;0.0;0.0
976;2021-01-07;0;0;0;0;0.0;0.0
976;2021-01-08;0;0;0;0;0.0;0.0
976;2021-01-09;0;0;0;0;0.0;0.0
976;2021-01-10;0;0;0;0;0.0;0.0
976;2021-01-11;9;0;9;0;0.0;0.0
976;2021-01-12;0;0;9;0;0.0;0.0
976;2021-01-13;0;0;9;0;0.0;0.0
976;2021-01-14;0;0;9;0;0.0;0.0
976;2021-01-15;1;0;10;0;0.0;0.0
976;2021-01-16;1;0;11;0;0.0;0.0
976;2021-01-17;0;0;11;0;0.0;0.0
976;2021-01-18;1;0;12;0;0.0;0.0
976;2021-01-19;0;0;12;0;0.0;0.0
976;2021-01-20;0;0;12;0;0.0;0.0
976;2021-01-21;0;0;12;0;0.0;0.0
976;2021-01-22;0;0;12;0;0.0;0.0
976;2021-01-23;1;0;13;0;0.0;0.0
976;2021-01-24;0;0;13;0;0.0;0.0
976;2021-01-25;141;1;154;1;0.1;0.0
976;2021-01-26;165;3;319;4;0.1;0.0
976;2021-01-27;251;2;570;6;0.2;0.0
976;2021-01-28;102;7;672;13;0.2;0.0
976;2021-01-29;231;2;903;15;0.3;0.0
976;2021-01-30;285;11;1188;26;0.4;0.0
976;2021-01-31;1;0;1189;26;0.4;0.0
976;2021-02-01;160;0;1349;26;0.5;0.0
976;2021-02-02;330;8;1679;34;0.6;0.0
976;2021-02-03;228;3;1907;37;0.7;0.0
976;2021-02-04;216;7;2123;44;0.8;0.0
976;2021-02-05;214;1;2337;45;0.8;0.0
976;2021-02-06;83;10;2420;55;0.9;0.0
976;2021-02-07;0;0;2420;55;0.9;0.0
976;2021-02-08;82;3;2502;58;0.9;0.0
976;2021-02-09;194;0;2696;58;1.0;0.0
976;2021-02-10;187;3;2883;61;1.0;0.0
976;2021-02-11;236;3;3119;64;1.1;0.0
976;2021-02-12;287;4;3406;68;1.2;0.0
976;2021-02-13;56;0;3462;68;1.2;0.0
976;2021-02-14;1;0;3463;68;1.2;0.0
976;2021-02-15;359;5;3822;73;1.4;0.0
976;2021-02-16;266;8;4088;81;1.5;0.0
976;2021-02-17;167;6;4255;87;1.5;0.0
976;2021-02-18;217;12;4472;99;1.6;0.0
976;2021-02-19;236;24;4708;123;1.7;0.0
976;2021-02-20;139;8;4847;131;1.7;0.0
976;2021-02-21;0;0;4847;131;1.7;0.0
976;2021-02-22;130;122;4977;253;1.8;0.1
976;2021-02-23;185;151;5162;404;1.8;0.1
976;2021-02-24;176;145;5338;549;1.9;0.2
976;2021-02-25;227;277;5565;826;2.0;0.3
976;2021-02-26;242;246;5807;1072;2.1;0.4
976;2021-02-27;0;0;5807;1072;2.1;0.4
976;2021-02-28;0;0;5807;1072;2.1;0.4
976;2021-03-01;145;258;5952;1330;2.1;0.5
976;2021-03-02;228;259;6180;1589;2.2;0.6
976;2021-03-03;202;189;6382;1778;2.3;0.6
976;2021-03-04;205;141;6587;1919;2.4;0.7
976;2021-03-05;224;113;6811;2032;2.4;0.7
976;2021-03-06;1;0;6812;2032;2.4;0.7
976;2021-03-07;0;0;6812;2032;2.4;0.7
976;2021-03-08;189;109;7001;2141;2.5;0.8
976;2021-03-09;391;159;7392;2300;2.6;0.8
976;2021-03-10;180;178;7572;2478;2.7;0.9
976;2021-03-11;167;207;7739;2685;2.8;1.0
976;2021-03-12;237;291;7976;2976;2.9;1.1
976;2021-03-13;2;0;7978;2976;2.9;1.1
976;2021-03-14;0;0;7978;2976;2.9;1.1
976;2021-03-15;157;293;8135;3269;2.9;1.2
976;2021-03-16;236;223;8371;3492;3.0;1.2
976;2021-03-17;264;142;8635;3634;3.1;1.3
976;2021-03-18;173;234;8808;3868;3.2;1.4
976;2021-03-19;172;298;8980;4166;3.2;1.5
976;2021-03-20;0;0;8980;4166;3.2;1.5
976;2021-03-21;0;0;8980;4166;3.2;1.5
976;2021-03-22;98;136;9078;4302;3.2;1.5
976;2021-03-23;136;240;9214;4542;3.3;1.6
976;2021-03-24;160;146;9374;4688;3.4;1.7
976;2021-03-25;186;206;9560;4894;3.4;1.8
976;2021-03-26;160;211;9720;5105;3.5;1.8
976;2021-03-27;18;0;9738;5105;3.5;1.8
976;2021-03-28;0;0;9738;5105;3.5;1.8
976;2021-03-29;0;2;9738;5107;3.5;1.8
976;2021-03-30;272;334;10010;5441;3.6;1.9
976;2021-03-31;225;125;10235;5566;3.7;2.0
976;2021-04-01;243;103;10478;5669;3.7;2.0
976;2021-04-02;288;263;10766;5932;3.9;2.1
976;2021-04-03;906;307;11672;6239;4.2;2.2
976;2021-04-04;1;0;11673;6239;4.2;2.2
976;2021-04-05;1;0;11674;6239;4.2;2.2
976;2021-04-06;162;278;11836;6517;4.2;2.3
976;2021-04-07;237;266;12073;6783;4.3;2.4
976;2021-04-08;286;140;12359;6923;4.4;2.5
976;2021-04-09;249;171;12608;7094;4.5;2.5
976;2021-04-10;181;114;12789;7208;4.6;2.6
976;2021-04-11;7;0;12796;7208;4.6;2.6
976;2021-04-12;0;19;12796;7227;4.6;2.6
976;2021-04-13;394;343;13190;7570;4.7;2.7
976;2021-04-14;239;205;13429;7775;4.8;2.8
976;2021-04-15;207;117;13636;7892;4.9;2.8
976;2021-04-16;214;127;13850;8019;5.0;2.9
976;2021-04-17;226;131;14076;8150;5.0;2.9
976;2021-04-18;1;0;14077;8150;5.0;2.9
976;2021-04-19;7;1;14084;8151;5.0;2.9
976;2021-04-20;369;224;14453;8375;5.2;3.0
976;2021-04-21;412;150;14865;8525;5.3;3.1
976;2021-04-22;410;151;15275;8676;5.5;3.1
976;2021-04-23;367;166;15642;8842;5.6;3.2
976;2021-04-24;413;128;16055;8970;5.7;3.2
976;2021-04-25;2;0;16057;8970;5.7;3.2
976;2021-04-26;54;8;16111;8978;5.8;3.2
976;2021-04-27;351;293;16462;9271;5.9;3.3
976;2021-04-28;355;515;16817;9786;6.0;3.5
976;2021-04-29;558;344;17375;10130;6.2;3.6
976;2021-04-30;404;239;17779;10369;6.4;3.7
976;2021-05-01;670;285;18449;10654;6.6;3.8
976;2021-05-02;0;0;18449;10654;6.6;3.8
976;2021-05-03;140;6;18589;10660;6.7;3.8
976;2021-05-04;353;426;18942;11086;6.8;4.0
976;2021-05-05;447;318;19389;11404;6.9;4.1
976;2021-05-06;320;201;19709;11605;7.1;4.2
976;2021-05-07;341;133;20050;11738;7.2;4.2
976;2021-05-08;301;139;20351;11877;7.3;4.2
976;2021-05-09;0;0;20351;11877;7.3;4.2
976;2021-05-10;9;9;20360;11886;7.3;4.3
976;2021-05-11;360;487;20720;12373;7.4;4.4
976;2021-05-12;333;310;21053;12683;7.5;4.5
976;2021-05-13;127;97;21180;12780;7.6;4.6
976;2021-05-14;0;0;21180;12780;7.6;4.6
976;2021-05-15;484;283;21664;13063;7.8;4.7
976;2021-05-16;1;0;21665;13063;7.8;4.7
976;2021-05-17;123;51;21788;13114;7.8;4.7
976;2021-05-18;516;430;22304;13544;8.0;4.8
976;2021-05-19;650;663;22954;14207;8.2;5.1
976;2021-05-20;1055;496;24009;14703;8.6;5.3
976;2021-05-21;1046;314;25055;15017;9.0;5.4
976;2021-05-22;1241;299;26296;15316;9.4;5.5
976;2021-05-23;0;0;26296;15316;9.4;5.5
976;2021-05-24;1;0;26297;15316;9.4;5.5
976;2021-05-25;886;623;27183;15939;9.7;5.7
976;2021-05-26;1035;839;28218;16778;10.1;6.0
976;2021-05-27;1320;508;29538;17286;10.6;6.2
976;2021-05-28;954;372;30492;17658;10.9;6.3
976;2021-05-29;1130;390;31622;18048;11.3;6.5
976;2021-05-30;0;1;31622;18049;11.3;6.5
976;2021-05-31;104;6;31726;18055;11.4;6.5
976;2021-06-01;1149;651;32875;18706;11.8;6.7
976;2021-06-02;1212;529;34087;19235;12.2;6.9
976;2021-06-03;806;352;34893;19587;12.5;7.0
976;2021-06-04;995;321;35888;19908;12.8;7.1
976;2021-06-05;674;300;36562;20208;13.1;7.2
976;2021-06-06;1;0;36563;20208;13.1;7.2
976;2021-06-07;87;12;36650;20220;13.1;7.2
976;2021-06-08;953;444;37603;20664;13.5;7.4
976;2021-06-09;969;551;38572;21215;13.8;7.6
976;2021-06-10;691;230;39263;21445;14.0;7.7
976;2021-06-11;846;365;40109;21810;14.4;7.8
976;2021-06-12;581;276;40690;22086;14.6;7.9
976;2021-06-13;1;0;40691;22086;14.6;7.9
976;2021-06-14;186;112;40877;22198;14.6;7.9
976;2021-06-15;412;840;41289;23038;14.8;8.2
976;2021-06-16;887;1441;42176;24479;15.1;8.8
976;2021-06-17;770;657;42946;25136;15.4;9.0
976;2021-06-18;705;621;43651;25757;15.6;9.2
976;2021-06-19;534;643;44185;26400;15.8;9.4
976;2021-06-20;0;0;44185;26400;15.8;9.4
976;2021-06-21;124;128;44309;26528;15.9;9.5
976;2021-06-22;426;1149;44735;27677;16.0;9.9
976;2021-06-23;652;1184;45387;28861;16.2;10.3
976;2021-06-24;456;541;45843;29402;16.4;10.5
976;2021-06-25;523;474;46366;29876;16.6;10.7
976;2021-06-26;382;686;46748;30562;16.7;10.9
976;2021-06-27;0;0;46748;30562;16.7;10.9
976;2021-06-28;100;191;46848;30753;16.8;11.0
976;2021-06-29;663;973;47511;31726;17.0;11.4
976;2021-06-30;646;945;48157;32671;17.2;11.7
976;2021-07-01;557;542;48714;33213;17.4;11.9
976;2021-07-02;443;424;49157;33637;17.6;12.0
976;2021-07-03;434;413;49591;34050;17.7;12.2
976;2021-07-04;0;0;49591;34050;17.7;12.2
976;2021-07-05;114;225;49705;34275;17.8;12.3
976;2021-07-06;493;855;50198;35130;18.0;12.6
976;2021-07-07;754;1001;50952;36131;18.2;12.9
976;2021-07-08;792;628;51744;36759;18.5;13.2
976;2021-07-09;782;513;52526;37272;18.8;13.3
976;2021-07-10;434;315;52960;37587;19.0;13.4
976;2021-07-11;0;0;52960;37587;19.0;13.4
976;2021-07-12;159;171;53119;37758;19.0;13.5
976;2021-07-13;828;992;53947;38750;19.3;13.9
976;2021-07-14;0;5;53947;38755;19.3;13.9
976;2021-07-15;1204;805;55151;39560;19.7;14.2
976;2021-07-16;1283;647;56434;40207;20.2;14.4
976;2021-07-17;1027;361;57461;40568;20.6;14.5
976;2021-07-18;0;0;57461;40568;20.6;14.5
977;2020-12-27;0;0;0;0;0.0;0.0
977;2020-12-28;0;0;0;0;0.0;0.0
977;2020-12-29;0;0;0;0;0.0;0.0
977;2020-12-30;0;0;0;0;0.0;0.0
977;2020-12-31;0;0;0;0;0.0;0.0
977;2021-01-01;0;0;0;0;0.0;0.0
977;2021-01-02;0;0;0;0;0.0;0.0
977;2021-01-03;0;0;0;0;0.0;0.0
977;2021-01-04;0;0;0;0;0.0;0.0
977;2021-01-05;0;0;0;0;0.0;0.0
977;2021-01-06;0;0;0;0;0.0;0.0
977;2021-01-07;0;0;0;0;0.0;0.0
977;2021-01-08;0;0;0;0;0.0;0.0
977;2021-01-09;0;0;0;0;0.0;0.0
977;2021-01-10;0;0;0;0;0.0;0.0
977;2021-01-11;0;0;0;0;0.0;0.0
977;2021-01-12;0;0;0;0;0.0;0.0
977;2021-01-13;0;0;0;0;0.0;0.0
977;2021-01-14;0;0;0;0;0.0;0.0
977;2021-01-15;0;0;0;0;0.0;0.0
977;2021-01-16;0;0;0;0;0.0;0.0
977;2021-01-17;0;0;0;0;0.0;0.0
977;2021-01-18;1;0;1;0;0.0;0.0
977;2021-01-19;0;0;1;0;0.0;0.0
977;2021-01-20;0;0;1;0;0.0;0.0
977;2021-01-21;12;0;13;0;0.1;0.0
977;2021-01-22;12;0;25;0;0.3;0.0
977;2021-01-23;0;0;25;0;0.3;0.0
977;2021-01-24;0;0;25;0;0.3;0.0
977;2021-01-25;0;0;25;0;0.3;0.0
977;2021-01-26;0;0;25;0;0.3;0.0
977;2021-01-27;12;0;37;0;0.4;0.0
977;2021-01-28;1;0;38;0;0.4;0.0
977;2021-01-29;6;0;44;0;0.4;0.0
977;2021-01-30;0;0;44;0;0.4;0.0
977;2021-01-31;0;0;44;0;0.4;0.0
977;2021-02-01;0;0;44;0;0.4;0.0
977;2021-02-02;0;0;44;0;0.4;0.0
977;2021-02-03;11;0;55;0;0.6;0.0
977;2021-02-04;12;0;67;0;0.7;0.0
977;2021-02-05;11;0;78;0;0.8;0.0
977;2021-02-06;0;0;78;0;0.8;0.0
977;2021-02-07;0;0;78;0;0.8;0.0
977;2021-02-08;0;0;78;0;0.8;0.0
977;2021-02-09;13;0;91;0;0.9;0.0
977;2021-02-10;0;0;91;0;0.9;0.0
977;2021-02-11;17;0;108;0;1.1;0.0
977;2021-02-12;45;0;153;0;1.5;0.0
977;2021-02-13;0;0;153;0;1.5;0.0
977;2021-02-14;0;0;153;0;1.5;0.0
977;2021-02-15;0;0;153;0;1.5;0.0
977;2021-02-16;0;0;153;0;1.5;0.0
977;2021-02-17;0;0;153;0;1.5;0.0
977;2021-02-18;18;0;171;0;1.7;0.0
977;2021-02-19;34;0;205;0;2.1;0.0
977;2021-02-20;0;0;205;0;2.1;0.0
977;2021-02-21;0;0;205;0;2.1;0.0
977;2021-02-22;0;0;205;0;2.1;0.0
977;2021-02-23;0;22;205;22;2.1;0.2
977;2021-02-24;0;0;205;22;2.1;0.2
977;2021-02-25;15;10;220;32;2.2;0.3
977;2021-02-26;33;20;253;52;2.5;0.5
977;2021-02-27;0;0;253;52;2.5;0.5
977;2021-02-28;0;0;253;52;2.5;0.5
977;2021-03-01;0;0;253;52;2.5;0.5
977;2021-03-02;17;11;270;63;2.7;0.6
977;2021-03-03;0;0;270;63;2.7;0.6
977;2021-03-04;16;11;286;74;2.9;0.7
977;2021-03-05;33;19;319;93;3.2;0.9
977;2021-03-06;0;0;319;93;3.2;0.9
977;2021-03-07;0;0;319;93;3.2;0.9
977;2021-03-08;0;0;319;93;3.2;0.9
977;2021-03-09;1;0;320;93;3.2;0.9
977;2021-03-10;0;0;320;93;3.2;0.9
977;2021-03-11;20;30;340;123;3.4;1.2
977;2021-03-12;62;42;402;165;4.0;1.7
977;2021-03-13;0;0;402;165;4.0;1.7
977;2021-03-14;0;0;402;165;4.0;1.7
977;2021-03-15;0;0;402;165;4.0;1.7
977;2021-03-16;30;9;432;174;4.3;1.7
977;2021-03-17;0;0;432;174;4.3;1.7
977;2021-03-18;30;16;462;190;4.6;1.9
977;2021-03-19;56;31;518;221;5.2;2.2
977;2021-03-20;0;0;518;221;5.2;2.2
977;2021-03-21;0;0;518;221;5.2;2.2
977;2021-03-22;0;0;518;221;5.2;2.2
977;2021-03-23;0;0;518;221;5.2;2.2
977;2021-03-24;0;0;518;221;5.2;2.2
977;2021-03-25;65;17;583;238;5.9;2.4
977;2021-03-26;73;26;656;264;6.6;2.7
977;2021-03-27;0;0;656;264;6.6;2.7
977;2021-03-28;0;0;656;264;6.6;2.7
977;2021-03-29;0;0;656;264;6.6;2.7
977;2021-03-30;40;18;696;282;7.0;2.8
977;2021-03-31;26;15;722;297;7.2;3.0
977;2021-04-01;25;32;747;329;7.5;3.3
977;2021-04-02;0;0;747;329;7.5;3.3
977;2021-04-03;0;0;747;329;7.5;3.3
977;2021-04-04;0;0;747;329;7.5;3.3
977;2021-04-05;9;0;756;329;7.6;3.3
977;2021-04-06;0;0;756;329;7.6;3.3
977;2021-04-07;0;0;756;329;7.6;3.3
977;2021-04-08;57;46;813;375;8.2;3.8
977;2021-04-09;59;31;872;406;8.8;4.1
977;2021-04-10;0;0;872;406;8.8;4.1
977;2021-04-11;0;0;872;406;8.8;4.1
977;2021-04-12;0;0;872;406;8.8;4.1
977;2021-04-13;0;0;872;406;8.8;4.1
977;2021-04-14;5;6;877;412;8.8;4.1
977;2021-04-15;56;71;933;483;9.4;4.8
977;2021-04-16;90;35;1023;518;10.3;5.2
977;2021-04-17;0;1;1023;519;10.3;5.2
977;2021-04-18;0;0;1023;519;10.3;5.2
977;2021-04-19;1;0;1024;519;10.3;5.2
977;2021-04-20;335;66;1359;585;13.6;5.9
977;2021-04-21;337;29;1696;614;17.0;6.2
977;2021-04-22;284;50;1980;664;19.9;6.7
977;2021-04-23;258;41;2238;705;22.5;7.1
977;2021-04-24;231;1;2469;706;24.8;7.1
977;2021-04-25;0;0;2469;706;24.8;7.1
977;2021-04-26;283;20;2752;726;27.6;7.3
977;2021-04-27;224;69;2976;795;29.9;8.0
977;2021-04-28;192;26;3168;821;31.8;8.2
977;2021-04-29;170;22;3338;843;33.5;8.5
977;2021-04-30;172;16;3510;859;35.2;8.6
977;2021-05-01;202;12;3712;871;37.3;8.7
977;2021-05-02;0;0;3712;871;37.3;8.7
977;2021-05-03;135;9;3847;880;38.6;8.8
977;2021-05-04;161;54;4008;934;40.2;9.4
977;2021-05-05;221;30;4229;964;42.5;9.7
977;2021-05-06;175;33;4404;997;44.2;10.0
977;2021-05-07;149;31;4553;1028;45.7;10.3
977;2021-05-08;1;0;4554;1028;45.7;10.3
977;2021-05-09;0;2;4554;1030;45.7;10.3
977;2021-05-10;0;0;4554;1030;45.7;10.3
977;2021-05-11;2;41;4556;1071;45.7;10.8
977;2021-05-12;6;36;4562;1107;45.8;11.1
977;2021-05-13;0;0;4562;1107;45.8;11.1
977;2021-05-14;28;98;4590;1205;46.1;12.1
977;2021-05-15;0;0;4590;1205;46.1;12.1
977;2021-05-16;1;0;4591;1205;46.1;12.1
977;2021-05-17;1;14;4592;1219;46.1;12.2
977;2021-05-18;17;32;4609;1251;46.3;12.6
977;2021-05-19;0;1;4609;1252;46.3;12.6
977;2021-05-20;0;8;4609;1260;46.3;12.6
977;2021-05-21;12;32;4621;1292;46.4;13.0
977;2021-05-22;0;0;4621;1292;46.4;13.0
977;2021-05-23;0;0;4621;1292;46.4;13.0
977;2021-05-24;0;0;4621;1292;46.4;13.0
977;2021-05-25;50;333;4671;1625;46.9;16.3
977;2021-05-26;54;360;4725;1985;47.4;19.9
977;2021-05-27;34;317;4759;2302;47.8;23.1
977;2021-05-28;27;256;4786;2558;48.0;25.7
977;2021-05-29;35;375;4821;2933;48.4;29.4
977;2021-05-30;1;0;4822;2933;48.4;29.4
977;2021-05-31;45;217;4867;3150;48.9;31.6
977;2021-06-01;47;227;4914;3377;49.3;33.9
977;2021-06-02;69;273;4983;3650;50.0;36.6
977;2021-06-03;41;252;5024;3902;50.4;39.2
977;2021-06-04;78;273;5102;4175;51.2;41.9
977;2021-06-05;1;0;5103;4175;51.2;41.9
977;2021-06-06;0;0;5103;4175;51.2;41.9
977;2021-06-07;1;1;5104;4176;51.2;41.9
977;2021-06-08;3;2;5107;4178;51.3;41.9
977;2021-06-09;0;3;5107;4181;51.3;42.0
977;2021-06-10;8;4;5115;4185;51.4;42.0
977;2021-06-11;4;8;5119;4193;51.4;42.1
977;2021-06-12;16;59;5135;4252;51.6;42.7
977;2021-06-13;0;0;5135;4252;51.6;42.7
977;2021-06-14;0;0;5135;4252;51.6;42.7
977;2021-06-15;0;1;5135;4253;51.6;42.7
977;2021-06-16;0;0;5135;4253;51.6;42.7
977;2021-06-17;2;6;5137;4259;51.6;42.8
977;2021-06-18;0;2;5137;4261;51.6;42.8
977;2021-06-19;25;49;5162;4310;51.8;43.3
977;2021-06-20;0;0;5162;4310;51.8;43.3
977;2021-06-21;0;2;5162;4312;51.8;43.3
977;2021-06-22;8;0;5170;4312;51.9;43.3
977;2021-06-23;15;9;5185;4321;52.1;43.4
977;2021-06-24;10;5;5195;4326;52.2;43.4
977;2021-06-25;0;0;5195;4326;52.2;43.4
977;2021-06-26;26;47;5221;4373;52.4;43.9
977;2021-06-27;0;0;5221;4373;52.4;43.9
977;2021-06-28;0;0;5221;4373;52.4;43.9
977;2021-06-29;0;0;5221;4373;52.4;43.9
977;2021-06-30;0;0;5221;4373;52.4;43.9
977;2021-07-01;26;35;5247;4408;52.7;44.3
977;2021-07-02;26;32;5273;4440;52.9;44.6
977;2021-07-03;27;211;5300;4651;53.2;46.7
977;2021-07-04;0;0;5300;4651;53.2;46.7
977;2021-07-05;4;8;5304;4659;53.2;46.8
977;2021-07-06;0;0;5304;4659;53.2;46.8
977;2021-07-07;8;0;5312;4659;53.3;46.8
977;2021-07-08;33;22;5345;4681;53.7;47.0
977;2021-07-09;23;34;5368;4715;53.9;47.3
977;2021-07-10;31;42;5399;4757;54.2;47.8
977;2021-07-11;0;0;5399;4757;54.2;47.8
977;2021-07-12;0;1;5399;4758;54.2;47.8
977;2021-07-13;10;9;5409;4767;54.3;47.9
977;2021-07-14;0;0;5409;4767;54.3;47.9
977;2021-07-15;1;11;5410;4778;54.3;48.0
977;2021-07-16;44;50;5454;4828;54.8;48.5
977;2021-07-17;39;40;5493;4868;55.1;48.9
977;2021-07-18;0;0;5493;4868;55.1;48.9
978;2020-12-27;0;0;0;0;0.0;0.0
978;2020-12-28;0;0;0;0;0.0;0.0
978;2020-12-29;0;0;0;0;0.0;0.0
978;2020-12-30;0;0;0;0;0.0;0.0
978;2020-12-31;0;0;0;0;0.0;0.0
978;2021-01-01;0;0;0;0;0.0;0.0
978;2021-01-02;0;0;0;0;0.0;0.0
978;2021-01-03;0;0;0;0;0.0;0.0
978;2021-01-04;0;0;0;0;0.0;0.0
978;2021-01-05;0;0;0;0;0.0;0.0
978;2021-01-06;0;0;0;0;0.0;0.0
978;2021-01-07;0;0;0;0;0.0;0.0
978;2021-01-08;0;0;0;0;0.0;0.0
978;2021-01-09;0;0;0;0;0.0;0.0
978;2021-01-10;0;0;0;0;0.0;0.0
978;2021-01-11;0;0;0;0;0.0;0.0
978;2021-01-12;0;0;0;0;0.0;0.0
978;2021-01-13;10;0;10;0;0.0;0.0
978;2021-01-14;12;0;22;0;0.1;0.0
978;2021-01-15;9;0;31;0;0.1;0.0
978;2021-01-16;0;0;31;0;0.1;0.0
978;2021-01-17;0;0;31;0;0.1;0.0
978;2021-01-18;0;0;31;0;0.1;0.0
978;2021-01-19;12;0;43;0;0.1;0.0
978;2021-01-20;12;0;55;0;0.2;0.0
978;2021-01-21;6;0;61;0;0.2;0.0
978;2021-01-22;0;0;61;0;0.2;0.0
978;2021-01-23;0;0;61;0;0.2;0.0
978;2021-01-24;0;0;61;0;0.2;0.0
978;2021-01-25;0;0;61;0;0.2;0.0
978;2021-01-26;9;0;70;0;0.2;0.0
978;2021-01-27;10;0;80;0;0.2;0.0
978;2021-01-28;6;0;86;0;0.2;0.0
978;2021-01-29;0;0;86;0;0.2;0.0
978;2021-01-30;0;0;86;0;0.2;0.0
978;2021-01-31;0;0;86;0;0.2;0.0
978;2021-02-01;0;0;86;0;0.2;0.0
978;2021-02-02;38;0;124;0;0.4;0.0
978;2021-02-03;10;0;134;0;0.4;0.0
978;2021-02-04;29;0;163;0;0.5;0.0
978;2021-02-05;6;0;169;0;0.5;0.0
978;2021-02-06;0;0;169;0;0.5;0.0
978;2021-02-07;0;0;169;0;0.5;0.0
978;2021-02-08;0;0;169;0;0.5;0.0
978;2021-02-09;38;0;207;0;0.6;0.0
978;2021-02-10;27;1;234;1;0.7;0.0
978;2021-02-11;0;0;234;1;0.7;0.0
978;2021-02-12;36;0;270;1;0.8;0.0
978;2021-02-13;0;0;270;1;0.8;0.0
978;2021-02-14;0;0;270;1;0.8;0.0
978;2021-02-15;50;1;320;2;0.9;0.0
978;2021-02-16;0;0;320;2;0.9;0.0
978;2021-02-17;0;0;320;2;0.9;0.0
978;2021-02-18;28;0;348;2;1.0;0.0
978;2021-02-19;44;0;392;2;1.1;0.0
978;2021-02-20;0;0;392;2;1.1;0.0
978;2021-02-21;0;0;392;2;1.1;0.0
978;2021-02-22;45;4;437;6;1.2;0.0
978;2021-02-23;41;29;478;35;1.4;0.1
978;2021-02-24;35;1;513;36;1.5;0.1
978;2021-02-25;55;36;568;72;1.6;0.2
978;2021-02-26;39;5;607;77;1.7;0.2
978;2021-02-27;0;0;607;77;1.7;0.2
978;2021-02-28;0;0;607;77;1.7;0.2
978;2021-03-01;48;5;655;82;1.9;0.2
978;2021-03-02;7;27;662;109;1.9;0.3
978;2021-03-03;38;28;700;137;2.0;0.4
978;2021-03-04;30;26;730;163;2.1;0.5
978;2021-03-05;46;10;776;173;2.2;0.5
978;2021-03-06;0;0;776;173;2.2;0.5
978;2021-03-07;0;0;776;173;2.2;0.5
978;2021-03-08;30;7;806;180;2.3;0.5
978;2021-03-09;19;27;825;207;2.3;0.6
978;2021-03-10;33;28;858;235;2.4;0.7
978;2021-03-11;2;0;860;235;2.4;0.7
978;2021-03-12;52;21;912;256;2.6;0.7
978;2021-03-13;11;0;923;256;2.6;0.7
978;2021-03-14;0;0;923;256;2.6;0.7
978;2021-03-15;31;41;954;297;2.7;0.8
978;2021-03-16;73;6;1027;303;2.9;0.9
978;2021-03-17;67;13;1094;316;3.1;0.9
978;2021-03-18;82;39;1176;355;3.3;1.0
978;2021-03-19;32;50;1208;405;3.4;1.1
978;2021-03-20;0;0;1208;405;3.4;1.1
978;2021-03-21;0;0;1208;405;3.4;1.1
978;2021-03-22;34;45;1242;450;3.5;1.3
978;2021-03-23;30;43;1272;493;3.6;1.4
978;2021-03-24;38;42;1310;535;3.7;1.5
978;2021-03-25;93;34;1403;569;4.0;1.6
978;2021-03-26;45;33;1448;602;4.1;1.7
978;2021-03-27;94;3;1542;605;4.4;1.7
978;2021-03-28;0;0;1542;605;4.4;1.7
978;2021-03-29;69;49;1611;654;4.6;1.9
978;2021-03-30;98;24;1709;678;4.8;1.9
978;2021-03-31;89;49;1798;727;5.1;2.1
978;2021-04-01;56;48;1854;775;5.2;2.2
978;2021-04-02;0;0;1854;775;5.2;2.2
978;2021-04-03;0;0;1854;775;5.2;2.2
978;2021-04-04;0;0;1854;775;5.2;2.2
978;2021-04-05;2;0;1856;775;5.3;2.2
978;2021-04-06;49;63;1905;838;5.4;2.4
978;2021-04-07;91;33;1996;871;5.6;2.5
978;2021-04-08;120;7;2116;878;6.0;2.5
978;2021-04-09;89;39;2205;917;6.2;2.6
978;2021-04-10;168;11;2373;928;6.7;2.6
978;2021-04-11;0;0;2373;928;6.7;2.6
978;2021-04-12;41;76;2414;1004;6.8;2.8
978;2021-04-13;49;71;2463;1075;7.0;3.0
978;2021-04-14;82;45;2545;1120;7.2;3.2
978;2021-04-15;92;24;2637;1144;7.5;3.2
978;2021-04-16;77;42;2714;1186;7.7;3.4
978;2021-04-17;165;4;2879;1190;8.1;3.4
978;2021-04-18;0;0;2879;1190;8.1;3.4
978;2021-04-19;52;67;2931;1257;8.3;3.6
978;2021-04-20;83;27;3014;1284;8.5;3.6
978;2021-04-21;91;29;3105;1313;8.8;3.7
978;2021-04-22;101;20;3206;1333;9.1;3.8
978;2021-04-23;45;66;3251;1399;9.2;4.0
978;2021-04-24;99;78;3350;1477;9.5;4.2
978;2021-04-25;0;0;3350;1477;9.5;4.2
978;2021-04-26;28;91;3378;1568;9.6;4.4
978;2021-04-27;59;63;3437;1631;9.7;4.6
978;2021-04-28;90;39;3527;1670;10.0;4.7
978;2021-04-29;89;34;3616;1704;10.2;4.8
978;2021-04-30;104;14;3720;1718;10.5;4.9
978;2021-05-01;0;8;3720;1726;10.5;4.9
978;2021-05-02;0;0;3720;1726;10.5;4.9
978;2021-05-03;25;99;3745;1825;10.6;5.2
978;2021-05-04;159;102;3904;1927;11.0;5.5
978;2021-05-05;141;58;4045;1985;11.4;5.6
978;2021-05-06;200;49;4245;2034;12.0;5.8
978;2021-05-07;127;71;4372;2105;12.4;6.0
978;2021-05-08;69;122;4441;2227;12.6;6.3
978;2021-05-09;0;0;4441;2227;12.6;6.3
978;2021-05-10;124;99;4565;2326;12.9;6.6
978;2021-05-11;132;72;4697;2398;13.3;6.8
978;2021-05-12;156;78;4853;2476;13.7;7.0
978;2021-05-13;83;6;4936;2482;14.0;7.0
978;2021-05-14;129;62;5065;2544;14.3;7.2
978;2021-05-15;86;4;5151;2548;14.6;7.2
978;2021-05-16;0;0;5151;2548;14.6;7.2
978;2021-05-17;146;115;5297;2663;15.0;7.5
978;2021-05-18;151;94;5448;2757;15.4;7.8
978;2021-05-19;84;69;5532;2826;15.7;8.0
978;2021-05-20;103;26;5635;2852;15.9;8.1
978;2021-05-21;98;53;5733;2905;16.2;8.2
978;2021-05-22;100;11;5833;2916;16.5;8.3
978;2021-05-23;0;0;5833;2916;16.5;8.3
978;2021-05-24;33;7;5866;2923;16.6;8.3
978;2021-05-25;119;78;5985;3001;16.9;8.5
978;2021-05-26;110;50;6095;3051;17.2;8.6
978;2021-05-27;112;42;6207;3093;17.6;8.8
978;2021-05-28;33;1;6240;3094;17.7;8.8
978;2021-05-29;59;214;6299;3308;17.8;9.4
978;2021-05-30;0;0;6299;3308;17.8;9.4
978;2021-05-31;112;63;6411;3371;18.1;9.5
978;2021-06-01;115;63;6526;3434;18.5;9.7
978;2021-06-02;131;33;6657;3467;18.8;9.8
978;2021-06-03;102;38;6759;3505;19.1;9.9
978;2021-06-04;128;70;6887;3575;19.5;10.1
978;2021-06-05;83;21;6970;3596;19.7;10.2
978;2021-06-06;0;0;6970;3596;19.7;10.2
978;2021-06-07;96;96;7066;3692;20.0;10.4
978;2021-06-08;82;89;7148;3781;20.2;10.7
978;2021-06-09;99;73;7247;3854;20.5;10.9
978;2021-06-10;111;65;7358;3919;20.8;11.1
978;2021-06-11;116;106;7474;4025;21.2;11.4
978;2021-06-12;57;30;7531;4055;21.3;11.5
978;2021-06-13;0;0;7531;4055;21.3;11.5
978;2021-06-14;106;128;7637;4183;21.6;11.8
978;2021-06-15;86;119;7723;4302;21.9;12.2
978;2021-06-16;103;148;7826;4450;22.1;12.6
978;2021-06-17;85;72;7911;4522;22.4;12.8
978;2021-06-18;66;99;7977;4621;22.6;13.1
978;2021-06-19;64;79;8041;4700;22.8;13.3
978;2021-06-20;0;0;8041;4700;22.8;13.3
978;2021-06-21;78;152;8119;4852;23.0;13.7
978;2021-06-22;70;103;8189;4955;23.2;14.0
978;2021-06-23;68;115;8257;5070;23.4;14.3
978;2021-06-24;42;76;8299;5146;23.5;14.6
978;2021-06-25;63;100;8362;5246;23.7;14.8
978;2021-06-26;35;61;8397;5307;23.8;15.0
978;2021-06-27;0;0;8397;5307;23.8;15.0
978;2021-06-28;70;127;8467;5434;24.0;15.4
978;2021-06-29;59;105;8526;5539;24.1;15.7
978;2021-06-30;56;110;8582;5649;24.3;16.0
978;2021-07-01;41;87;8623;5736;24.4;16.2
978;2021-07-02;52;91;8675;5827;24.6;16.5
978;2021-07-03;40;90;8715;5917;24.7;16.7
978;2021-07-04;0;1;8715;5918;24.7;16.7
978;2021-07-05;66;93;8781;6011;24.9;17.0
978;2021-07-06;55;76;8836;6087;25.0;17.2
978;2021-07-07;55;123;8891;6210;25.2;17.6
978;2021-07-08;52;106;8943;6316;25.3;17.9
978;2021-07-09;45;93;8988;6409;25.4;18.1
978;2021-07-10;38;84;9026;6493;25.5;18.4
978;2021-07-11;0;4;9026;6497;25.5;18.4
978;2021-07-12;69;130;9095;6627;25.7;18.8
978;2021-07-13;146;162;9241;6789;26.2;19.2
978;2021-07-14;3;0;9244;6789;26.2;19.2
978;2021-07-15;161;194;9405;6983;26.6;19.8
978;2021-07-16;112;113;9517;7096;26.9;20.1
978;2021-07-17;50;100;9567;7196;27.1;20.4
978;2021-07-18;0;0;9567;7196;27.1;20.4
