"dataset.id";"dataset.title";"dataset.slug";"dataset.url";"dataset.organization";"dataset.organization_id";"dataset.license";"dataset.private";"id";"url";"title";"description";"filetype";"format";"mime";"filesize";"checksum.type";"checksum.value";"created_at";"modified";"downloads"
"5ec29690e2e5bc38ffc5aae7";"Données de certification électronique des décès associés au COVID-19 (CEPIDC)";"donnees-de-certification-electronique-des-deces-associes-au-covid-19-cepidc";"https://www.data.gouv.fr/fr/datasets/donnees-de-certification-electronique-des-deces-associes-au-covid-19-cepidc/";"Santé publique France";"5e721a395d57f93d0bed451f";"Licence Ouverte / Open Licence version 2.0";False;"d0420516-e193-4c57-a68f-5b082345b439";"https://static.data.gouv.fr/resources/donnees-de-certification-electronique-des-deces-associes-au-covid-19-cepidc/20200518-185624/covid-cedc-sex-quot.csv";"covid-cedc-sex-quot.csv";"Nombre cumulé de décès associés au Covid-19 par sexe et par département.";"file";"csv";"text/csv";445302;"sha1";"cf79364cfec3801aaeaff4d260cb840c6743bb78";"2020-05-18T18:56:24.925000";"2020-05-18T18:57:19.098000";184
"5ec29690e2e5bc38ffc5aae7";"Données de certification électronique des décès associés au COVID-19 (CEPIDC)";"donnees-de-certification-electronique-des-deces-associes-au-covid-19-cepidc";"https://www.data.gouv.fr/fr/datasets/donnees-de-certification-electronique-des-deces-associes-au-covid-19-cepidc/";"Santé publique France";"5e721a395d57f93d0bed451f";"Licence Ouverte / Open Licence version 2.0";False;"b09da629-e48a-4baa-8d43-9ae28b3248da";"https://static.data.gouv.fr/resources/donnees-de-certification-electronique-des-deces-associes-au-covid-19-cepidc/20200518-185536/covid-cedc-quot.csv";"covid-cedc-quot.csv";"Nombre cumulé de décès par âge par région.";"file";"csv";"text/csv";324843;"sha1";"66d8217230c3226c7d40395092cb83ef83b8a1df";"2020-05-18T18:55:37.153000";"2020-05-18T19:00:08.509000";89
"5ec29690e2e5bc38ffc5aae7";"Données de certification électronique des décès associés au COVID-19 (CEPIDC)";"donnees-de-certification-electronique-des-deces-associes-au-covid-19-cepidc";"https://www.data.gouv.fr/fr/datasets/donnees-de-certification-electronique-des-deces-associes-au-covid-19-cepidc/";"Santé publique France";"5e721a395d57f93d0bed451f";"Licence Ouverte / Open Licence version 2.0";False;"f0cf797f-5506-4ef0-b1f8-7979c2b7efc0";"https://static.data.gouv.fr/resources/donnees-de-certification-electronique-des-deces-associes-au-covid-19-cepidc/20200518-184950/covid-cedc-certif.csv";"covid-cedc-certif.csv";"Nombre cumulé d’établissements ou médecins non affiliés ayant certifié au moins 1 décès associé au Covid-19 par région.";"file";"csv";"text/csv";131170;"sha1";"0d0898ef0d0191ed0053f12cbc11532f630e440a";"2020-05-18T18:49:50.938000";"2020-05-18T19:01:38.482000";2
"5ec29690e2e5bc38ffc5aae7";"Données de certification électronique des décès associés au COVID-19 (CEPIDC)";"donnees-de-certification-electronique-des-deces-associes-au-covid-19-cepidc";"https://www.data.gouv.fr/fr/datasets/donnees-de-certification-electronique-des-deces-associes-au-covid-19-cepidc/";"Santé publique France";"5e721a395d57f93d0bed451f";"Licence Ouverte / Open Licence version 2.0";False;"2acb510e-1619-4d5e-8e33-6abd5b4be455";"https://static.data.gouv.fr/resources/donnees-de-certification-electronique-des-deces-associes-au-covid-19-cepidc/20200518-161007/metadata-classe-d-age.csv";"metadata-classe-d-age.csv";"Description des classes d'âge. ";"file";"csv";"text/csv";182;"sha1";"4d9ee6ea26c2dc24c6a0e7cefeab2b3e5cd1cfd3";"2020-05-18T16:10:07.188000";"2020-05-18T16:10:26.652000";12
"5ec29690e2e5bc38ffc5aae7";"Données de certification électronique des décès associés au COVID-19 (CEPIDC)";"donnees-de-certification-electronique-des-deces-associes-au-covid-19-cepidc";"https://www.data.gouv.fr/fr/datasets/donnees-de-certification-electronique-des-deces-associes-au-covid-19-cepidc/";"Santé publique France";"5e721a395d57f93d0bed451f";"Licence Ouverte / Open Licence version 2.0";False;"786531ae-2359-4f2c-8fcf-85a0edb086bd";"https://static.data.gouv.fr/resources/donnees-de-certification-electronique-des-deces-associes-au-covid-19-cepidc/20200518-160942/metadata-cepidc.csv";"metadata-cepidc.csv";"Description des métadonnées. ";"file";"csv";"text/csv";520;"sha1";"8d0332f2e30c8589d54d9b654280f2920aa2d739";"2020-05-18T16:09:42.394000";"2020-05-18T16:10:01.373000";1
"5ed11705afd28672e40fbc2f";"Capacité analytique de tests virologiques dans le cadre de l'épidémie COVID-19";"capacite-analytique-de-tests-virologiques-dans-le-cadre-de-lepidemie-covid-19";"https://www.data.gouv.fr/fr/datasets/capacite-analytique-de-tests-virologiques-dans-le-cadre-de-lepidemie-covid-19/";"Santé publique France";"5e721a395d57f93d0bed451f";"Licence Ouverte / Open Licence";False;"feb70fe7-482e-4429-b5a3-677f70859bbb";"https://static.data.gouv.fr/resources/capacite-analytique-de-tests-virologiques-dans-le-cadre-de-lepidemie-covid-19/20201021-094719/sidep-note-methodo-270820.pdf";"sidep-note-methodo-270820.pdf";"";"file";"pdf";"application/pdf";418200;"sha1";"525806ddf75a26bd9255d306e20ff5fe206212a6";"2020-10-21T09:47:19.897000";"2020-10-21T09:47:23.186000";0
"5ed11705afd28672e40fbc2f";"Capacité analytique de tests virologiques dans le cadre de l'épidémie COVID-19";"capacite-analytique-de-tests-virologiques-dans-le-cadre-de-lepidemie-covid-19";"https://www.data.gouv.fr/fr/datasets/capacite-analytique-de-tests-virologiques-dans-le-cadre-de-lepidemie-covid-19/";"Santé publique France";"5e721a395d57f93d0bed451f";"Licence Ouverte / Open Licence";False;"8737e372-29f8-4d00-a7cc-6e7636d83326";"https://static.data.gouv.fr/resources/capacite-analytique-de-tests-virologiques-dans-le-cadre-de-lepidemie-covid-19/20201021-094711/faq-geodes-sidep-250920.pdf";"faq-geodes-sidep-250920.pdf";"";"file";"pdf";"application/pdf";321851;"sha1";"d87300836b4b88c5a48171625232fcc575c16653";"2020-10-21T09:47:11.515000";"2020-10-21T09:47:14.551000";0
"5ed11705afd28672e40fbc2f";"Capacité analytique de tests virologiques dans le cadre de l'épidémie COVID-19";"capacite-analytique-de-tests-virologiques-dans-le-cadre-de-lepidemie-covid-19";"https://www.data.gouv.fr/fr/datasets/capacite-analytique-de-tests-virologiques-dans-le-cadre-de-lepidemie-covid-19/";"Santé publique France";"5e721a395d57f93d0bed451f";"Licence Ouverte / Open Licence";False;"e7dfed9b-21f3-48ac-b9ff-9ba7866f6ae4";"https://static.data.gouv.fr/resources/capacite-analytique-de-tests-virologiques-dans-le-cadre-de-lepidemie-covid-19/20201207-191516/sp-capa-heb-fra-2020-12-07-19h15.csv";"sp-capa-heb-fra-2020-12-07-19h15.csv";"Capacité analytique par semaine à l'échelle nationale.";"file";"csv";"text/csv";813;"sha1";"4a7a81a5828c88cb6d06b5f0695f46522b52fb2d";"2020-05-29T18:50:21.027000";"2020-12-07T19:15:16.836000";9
"5ed11705afd28672e40fbc2f";"Capacité analytique de tests virologiques dans le cadre de l'épidémie COVID-19";"capacite-analytique-de-tests-virologiques-dans-le-cadre-de-lepidemie-covid-19";"https://www.data.gouv.fr/fr/datasets/capacite-analytique-de-tests-virologiques-dans-le-cadre-de-lepidemie-covid-19/";"Santé publique France";"5e721a395d57f93d0bed451f";"Licence Ouverte / Open Licence";False;"c96f861d-7ec4-4725-859a-b2b62f66c7f8";"https://static.data.gouv.fr/resources/capacite-analytique-de-tests-virologiques-dans-le-cadre-de-lepidemie-covid-19/20201207-191515/sp-capa-heb-dep-2020-12-07-19h15.csv";"sp-capa-heb-dep-2020-12-07-19h15.csv";"Capacité analytique par semaine par département.";"file";"csv";"text/csv";70990;"sha1";"776280f774fa47a0e45bcc3ce61fbc7731a13903";"2020-05-29T18:50:20.828000";"2020-12-07T19:15:15.188000";1
"5ed11705afd28672e40fbc2f";"Capacité analytique de tests virologiques dans le cadre de l'épidémie COVID-19";"capacite-analytique-de-tests-virologiques-dans-le-cadre-de-lepidemie-covid-19";"https://www.data.gouv.fr/fr/datasets/capacite-analytique-de-tests-virologiques-dans-le-cadre-de-lepidemie-covid-19/";"Santé publique France";"5e721a395d57f93d0bed451f";"Licence Ouverte / Open Licence";False;"21ff3134-c37c-41ef-bb3d-fbea5f6d4a28";"https://static.data.gouv.fr/resources/capacite-analytique-de-tests-virologiques-dans-le-cadre-de-lepidemie-covid-19/20201207-191512/sp-capa-quot-reg-2020-12-07-19h15.csv";"sp-capa-quot-reg-2020-12-07-19h15.csv";"Capacité analytique par semaine par région.";"file";"csv";"text/csv";112096;"sha1";"e282053d1151a3c17c22b1d1f6c54a44e163dd3b";"2020-05-29T18:50:20.725000";"2020-12-07T19:15:12.724000";7
"5ed11705afd28672e40fbc2f";"Capacité analytique de tests virologiques dans le cadre de l'épidémie COVID-19";"capacite-analytique-de-tests-virologiques-dans-le-cadre-de-lepidemie-covid-19";"https://www.data.gouv.fr/fr/datasets/capacite-analytique-de-tests-virologiques-dans-le-cadre-de-lepidemie-covid-19/";"Santé publique France";"5e721a395d57f93d0bed451f";"Licence Ouverte / Open Licence";False;"0c230dc3-2d51-4f17-be97-aa9938564b39";"https://static.data.gouv.fr/resources/capacite-analytique-de-tests-virologiques-dans-le-cadre-de-lepidemie-covid-19/20201207-191504/sp-capa-quot-dep-2020-12-07-19h15.csv";"sp-capa-quot-dep-2020-12-07-19h15.csv";"Capacité analytique par jour par département.";"file";"csv";"text/csv";544650;"sha1";"a9af8b4ee0e3d75e0ef20e720257b1a28856152a";"2020-05-29T18:50:20.717000";"2020-12-07T19:15:04.203000";13
"5ed11705afd28672e40fbc2f";"Capacité analytique de tests virologiques dans le cadre de l'épidémie COVID-19";"capacite-analytique-de-tests-virologiques-dans-le-cadre-de-lepidemie-covid-19";"https://www.data.gouv.fr/fr/datasets/capacite-analytique-de-tests-virologiques-dans-le-cadre-de-lepidemie-covid-19/";"Santé publique France";"5e721a395d57f93d0bed451f";"Licence Ouverte / Open Licence";False;"44b46964-8583-4f18-b93f-80fefcbf3b74";"https://static.data.gouv.fr/resources/capacite-analytique-de-tests-virologiques-dans-le-cadre-de-lepidemie-covid-19/20201207-191503/sp-capa-quot-fra-2020-12-07-19h15.csv";"sp-capa-quot-fra-2020-12-07-19h15.csv";"Capacité analytique par jour à l'échelle nationale.";"file";"csv";"text/csv";6080;"sha1";"74a2406bd296addbaff63c18a5fc480dd6bb8e3e";"2020-05-29T18:50:20.582000";"2020-12-07T19:15:03.603000";2
"5ed11705afd28672e40fbc2f";"Capacité analytique de tests virologiques dans le cadre de l'épidémie COVID-19";"capacite-analytique-de-tests-virologiques-dans-le-cadre-de-lepidemie-covid-19";"https://www.data.gouv.fr/fr/datasets/capacite-analytique-de-tests-virologiques-dans-le-cadre-de-lepidemie-covid-19/";"Santé publique France";"5e721a395d57f93d0bed451f";"Licence Ouverte / Open Licence";False;"f02b627a-9f9c-45f9-810d-af49ef98a0b1";"https://static.data.gouv.fr/resources/capacite-analytique-de-tests-virologiques-dans-le-cadre-de-lepidemie-covid-19/20201207-191511/sp-capa-heb-reg-2020-12-07-19h15.csv";"sp-capa-heb-reg-2020-12-07-19h15.csv";"Capacité analytique par semaine par région.";"file";"csv";"text/csv";14635;"sha1";"37d7d09671ae0595bf1a3032193c8160b09a65f4";"2020-05-29T18:50:20.442000";"2020-12-07T19:15:11.932000";1
"5ed11705afd28672e40fbc2f";"Capacité analytique de tests virologiques dans le cadre de l'épidémie COVID-19";"capacite-analytique-de-tests-virologiques-dans-le-cadre-de-lepidemie-covid-19";"https://www.data.gouv.fr/fr/datasets/capacite-analytique-de-tests-virologiques-dans-le-cadre-de-lepidemie-covid-19/";"Santé publique France";"5e721a395d57f93d0bed451f";"Licence Ouverte / Open Licence";False;"185c0513-bda5-4345-991b-f2dcf6ff7291";"https://static.data.gouv.fr/resources/capacite-analytique-de-tests-virologiques-dans-le-cadre-de-lepidemie-covid-19/20200703-191525/sp-capa-quot-2020-07-03-19h15.xlsx";"sp-capa-quot-2020-07-03-19h15.xlsx";"Capacité analytique par jour par département, région et échelle nationale.";"file";"xlsx";"application/vnd.openxmlformats-officedocument.spreadsheetml.sheet";137538;"sha1";"5ec10583425cb3b84333c6c71093d3c38a463432";"2020-05-29T18:45:32.268000";"2020-07-03T19:15:25.543000";0
"5ed11705afd28672e40fbc2f";"Capacité analytique de tests virologiques dans le cadre de l'épidémie COVID-19";"capacite-analytique-de-tests-virologiques-dans-le-cadre-de-lepidemie-covid-19";"https://www.data.gouv.fr/fr/datasets/capacite-analytique-de-tests-virologiques-dans-le-cadre-de-lepidemie-covid-19/";"Santé publique France";"5e721a395d57f93d0bed451f";"Licence Ouverte / Open Licence";False;"f20729ce-932d-4425-bcc6-6abd8b709fc7";"https://static.data.gouv.fr/resources/capacite-analytique-de-tests-virologiques-dans-le-cadre-de-lepidemie-covid-19/20200701-191533/sp-capa-heb-2020-07-01-19h15.xlsx";"sp-capa-heb-2020-07-01-19h15.xlsx";"Capacité analytique par semaine par département, région et échelle nationale.";"file";"xlsx";"application/vnd.openxmlformats-officedocument.spreadsheetml.sheet";24616;"sha1";"7c143f48351198c8540b7fbdc270235bbe4b6a58";"2020-05-29T18:45:28.435000";"2020-07-01T19:15:33.848000";0
"5ed11705afd28672e40fbc2f";"Capacité analytique de tests virologiques dans le cadre de l'épidémie COVID-19";"capacite-analytique-de-tests-virologiques-dans-le-cadre-de-lepidemie-covid-19";"https://www.data.gouv.fr/fr/datasets/capacite-analytique-de-tests-virologiques-dans-le-cadre-de-lepidemie-covid-19/";"Santé publique France";"5e721a395d57f93d0bed451f";"Licence Ouverte / Open Licence";False;"af654762-d852-436a-97ef-89ae403605a7";"https://static.data.gouv.fr/resources/capacite-analytique-de-tests-virologiques-dans-le-cadre-de-lepidemie-covid-19/20201115-195932/sp-couv-quot-dep-2020-11-15-19h59.csv";"sp-couv-quot-dep-2020-11-15-19h59.csv";"";"file";"csv";"text/csv";423053;"sha1";"d6f072aa53dac44bf1c9291a42537c72f233eceb";"2020-05-29T19:06:35.507000";"2020-11-15T19:59:32.695000";0
"5ed11705afd28672e40fbc2f";"Capacité analytique de tests virologiques dans le cadre de l'épidémie COVID-19";"capacite-analytique-de-tests-virologiques-dans-le-cadre-de-lepidemie-covid-19";"https://www.data.gouv.fr/fr/datasets/capacite-analytique-de-tests-virologiques-dans-le-cadre-de-lepidemie-covid-19/";"Santé publique France";"5e721a395d57f93d0bed451f";"Licence Ouverte / Open Licence";False;"8dcf981d-ab4c-4edf-be61-f24345ae97c4";"https://static.data.gouv.fr/resources/capacite-analytique-de-tests-virologiques-dans-le-cadre-de-lepidemie-covid-19/20201115-195932/sp-couv-quot-reg-2020-11-15-19h59.csv";"sp-couv-quot-reg-2020-11-15-19h59.csv";"";"file";"csv";"text/csv";85180;"sha1";"7ac683af3ebb881a469e4462e08f0f7c591950b4";"2020-05-29T19:06:35.508000";"2020-11-15T19:59:32.207000";0
"5ed11705afd28672e40fbc2f";"Capacité analytique de tests virologiques dans le cadre de l'épidémie COVID-19";"capacite-analytique-de-tests-virologiques-dans-le-cadre-de-lepidemie-covid-19";"https://www.data.gouv.fr/fr/datasets/capacite-analytique-de-tests-virologiques-dans-le-cadre-de-lepidemie-covid-19/";"Santé publique France";"5e721a395d57f93d0bed451f";"Licence Ouverte / Open Licence";False;"3066a40c-36ec-4513-9458-ab5d0f3aea78";"https://static.data.gouv.fr/resources/capacite-analytique-de-tests-virologiques-dans-le-cadre-de-lepidemie-covid-19/20201115-195934/sp-couv-quot-fra-2020-11-15-19h59.csv";"sp-couv-quot-fra-2020-11-15-19h59.csv";"";"file";"csv";"text/csv";4858;"sha1";"6ff3e3c1682764e144d692c98b151d3c26deb49d";"2020-05-29T19:06:35.590000";"2020-11-15T19:59:34.239000";0
"5ed11705afd28672e40fbc2f";"Capacité analytique de tests virologiques dans le cadre de l'épidémie COVID-19";"capacite-analytique-de-tests-virologiques-dans-le-cadre-de-lepidemie-covid-19";"https://www.data.gouv.fr/fr/datasets/capacite-analytique-de-tests-virologiques-dans-le-cadre-de-lepidemie-covid-19/";"Santé publique France";"5e721a395d57f93d0bed451f";"Licence Ouverte / Open Licence";False;"ab502abd-428d-4d25-8ea0-0ed7be8c2b35";"https://static.data.gouv.fr/resources/capacite-analytique-de-tests-virologiques-dans-le-cadre-de-lepidemie-covid-19/20200703-191521/sp-couv-quot-2020-07-03-19h15.xlsx";"sp-couv-quot-2020-07-03-19h15.xlsx";"";"file";"xlsx";"application/vnd.openxmlformats-officedocument.spreadsheetml.sheet";197016;"sha1";"fdeaa7ebc696a31ba61468440c7d5c033349cb95";"2020-05-29T19:00:26.987000";"2020-07-03T19:15:21.887000";0
"5ed11705afd28672e40fbc2f";"Capacité analytique de tests virologiques dans le cadre de l'épidémie COVID-19";"capacite-analytique-de-tests-virologiques-dans-le-cadre-de-lepidemie-covid-19";"https://www.data.gouv.fr/fr/datasets/capacite-analytique-de-tests-virologiques-dans-le-cadre-de-lepidemie-covid-19/";"Santé publique France";"5e721a395d57f93d0bed451f";"Licence Ouverte / Open Licence";False;"7b20c34b-9123-4c6d-8ded-ee47bfd9e83b";"https://static.data.gouv.fr/resources/capacite-analytique-de-tests-virologiques-dans-le-cadre-de-lepidemie-covid-19/20200529-184107/metadonnees-capacite-analytique.xlsx";"metadonnees-capacite-analytique.xlsx";"Description des métadonnées.";"file";"xlsx";"application/vnd.openxmlformats-officedocument.spreadsheetml.sheet";9074;"sha1";"c713bea0c4840c85b282d72ea313f6771aa5dc37";"2020-05-29T18:41:07.771000";"2020-05-30T22:22:14.553000";1
"5e7e104ace2080d9162b61d8";"Données hospitalières relatives à l'épidémie de COVID-19";"donnees-hospitalieres-relatives-a-lepidemie-de-covid-19";"https://www.data.gouv.fr/fr/datasets/donnees-hospitalieres-relatives-a-lepidemie-de-covid-19/";"Santé publique France";"5e721a395d57f93d0bed451f";"Licence Ouverte / Open Licence version 2.0";False;"63352e38-d353-4b54-bfd1-f1b3ee1cabd7";"https://static.data.gouv.fr/resources/donnees-hospitalieres-relatives-a-lepidemie-de-covid-19/20201207-190330/donnees-hospitalieres-covid19-2020-12-07-19h03.csv";"donnees-hospitalieres-covid19-2020-12-07-19h03.csv";"";"file";"csv";"text/csv";2834545;"sha1";"e3f6d89e0abb734a560c9cb8584b57de2dbe02c8";"2020-03-27T15:43:24.230000";"2020-12-07T19:03:30.914000";31544
"5e7e104ace2080d9162b61d8";"Données hospitalières relatives à l'épidémie de COVID-19";"donnees-hospitalieres-relatives-a-lepidemie-de-covid-19";"https://www.data.gouv.fr/fr/datasets/donnees-hospitalieres-relatives-a-lepidemie-de-covid-19/";"Santé publique France";"5e721a395d57f93d0bed451f";"Licence Ouverte / Open Licence version 2.0";False;"6fadff46-9efd-4c53-942a-54aca783c30c";"https://static.data.gouv.fr/resources/donnees-hospitalieres-relatives-a-lepidemie-de-covid-19/20201207-190329/donnees-hospitalieres-nouveaux-covid19-2020-12-07-19h03.csv";"donnees-hospitalieres-nouveaux-covid19-2020-12-07-19h03.csv";"";"file";"csv";"text/csv";681475;"sha1";"42a5fba33877df67a6ad31200789bb84fa5060d6";"2020-04-07T22:32:02.138000";"2020-12-07T19:03:29.822000";29936
"5e7e104ace2080d9162b61d8";"Données hospitalières relatives à l'épidémie de COVID-19";"donnees-hospitalieres-relatives-a-lepidemie-de-covid-19";"https://www.data.gouv.fr/fr/datasets/donnees-hospitalieres-relatives-a-lepidemie-de-covid-19/";"Santé publique France";"5e721a395d57f93d0bed451f";"Licence Ouverte / Open Licence version 2.0";False;"08c18e08-6780-452d-9b8c-ae244ad529b3";"https://static.data.gouv.fr/resources/donnees-hospitalieres-relatives-a-lepidemie-de-covid-19/20201207-190332/donnees-hospitalieres-classe-age-covid19-2020-12-07-19h03.csv";"donnees-hospitalieres-classe-age-covid19-2020-12-07-19h03.csv";"";"file";"csv";"text/csv";1743846;"sha1";"301c4cdbaaa6dcdfbde145e4efc46ba7b91dc743";"2020-04-08T17:10:58.309000";"2020-12-07T19:03:32.294000";13636
"5e7e104ace2080d9162b61d8";"Données hospitalières relatives à l'épidémie de COVID-19";"donnees-hospitalieres-relatives-a-lepidemie-de-covid-19";"https://www.data.gouv.fr/fr/datasets/donnees-hospitalieres-relatives-a-lepidemie-de-covid-19/";"Santé publique France";"5e721a395d57f93d0bed451f";"Licence Ouverte / Open Licence version 2.0";False;"41b9bd2a-b5b6-4271-8878-e45a8902ef00";"https://static.data.gouv.fr/resources/donnees-hospitalieres-relatives-a-lepidemie-de-covid-19/20201207-190331/donnees-hospitalieres-etablissements-covid19-2020-12-07-19h03.csv";"donnees-hospitalieres-etablissements-covid19-2020-12-07-19h03.csv";"";"file";"csv";"text/csv";523951;"sha1";"6ce41a234a4ddbc12dca38022db02afed8e2c5fa";"2020-03-27T15:43:24.329000";"2020-12-07T19:03:31.510000";7584
"5e7e104ace2080d9162b61d8";"Données hospitalières relatives à l'épidémie de COVID-19";"donnees-hospitalieres-relatives-a-lepidemie-de-covid-19";"https://www.data.gouv.fr/fr/datasets/donnees-hospitalieres-relatives-a-lepidemie-de-covid-19/";"Santé publique France";"5e721a395d57f93d0bed451f";"Licence Ouverte / Open Licence version 2.0";False;"3f0f1885-25f4-4102-bbab-edec5a58e34a";"https://static.data.gouv.fr/resources/donnees-hospitalieres-relatives-a-lepidemie-de-covid-19/20200327-154414/metadonnees-donnees-hospitalieres-covid19.csv";"metadonnees-donnees-hospitalieres-covid19.csv";"";"file";"csv";"text/csv";649;"sha1";"7560d00132aeefe87f21da9c00c5386db802d798";"2020-03-27T15:44:14.242000";"2020-03-27T15:44:28.796000";4579
"5e7e104ace2080d9162b61d8";"Données hospitalières relatives à l'épidémie de COVID-19";"donnees-hospitalieres-relatives-a-lepidemie-de-covid-19";"https://www.data.gouv.fr/fr/datasets/donnees-hospitalieres-relatives-a-lepidemie-de-covid-19/";"Santé publique France";"5e721a395d57f93d0bed451f";"Licence Ouverte / Open Licence version 2.0";False;"4900f53f-750d-4c5a-9df7-2d4ceb018acf";"https://static.data.gouv.fr/resources/donnees-hospitalieres-relatives-a-lepidemie-de-covid-19/20200407-223014/metadonnees-hospit-incid.csv";"metadonnees-donnees-hospitalieres-covid19-nouveaux.csv";"";"file";"csv";"text/csv";653;"sha1";"39939611809f7717a87b1b88ad13c1aa0eb3a44e";"2020-04-07T22:30:14.828000";"2020-04-08T17:44:10.666000";1851
"5e7e104ace2080d9162b61d8";"Données hospitalières relatives à l'épidémie de COVID-19";"donnees-hospitalieres-relatives-a-lepidemie-de-covid-19";"https://www.data.gouv.fr/fr/datasets/donnees-hospitalieres-relatives-a-lepidemie-de-covid-19/";"Santé publique France";"5e721a395d57f93d0bed451f";"Licence Ouverte / Open Licence version 2.0";False;"929dff1b-b07c-4637-9690-fb7219ad3eb8";"https://static.data.gouv.fr/resources/donnees-hospitalieres-relatives-a-lepidemie-de-covid-19/20200408-181901/metadonnees-donnees-hospitalieres-covid19-classes-age.csv";"metadonnees-donnees-hospitalieres-covid19-classes-age.csv";"";"file";"csv";"text/csv";944;"sha1";"a97fb37a5447115b74123b997aa2e7ebd6b2af38";"2020-04-08T18:19:01.934000";"2020-04-08T18:19:09.680000";1985
"5e7e104ace2080d9162b61d8";"Données hospitalières relatives à l'épidémie de COVID-19";"donnees-hospitalieres-relatives-a-lepidemie-de-covid-19";"https://www.data.gouv.fr/fr/datasets/donnees-hospitalieres-relatives-a-lepidemie-de-covid-19/";"Santé publique France";"5e721a395d57f93d0bed451f";"Licence Ouverte / Open Licence version 2.0";False;"415c852b-7898-40f8-8f71-b9171faf4516";"https://static.data.gouv.fr/resources/donnees-hospitalieres-relatives-a-lepidemie-de-covid-19/20200327-154414/metadonnees-services-hospitaliers-covid19.csv";"metadonnees-services-hospitaliers-covid19.csv";"";"file";"csv";"text/csv";327;"sha1";"48bbc9297e5c17bc62d16e92fa1d359c53825bc1";"2020-03-27T15:44:14.232000";"2020-03-27T15:44:36.435000";1599
"5e7e104ace2080d9162b61d8";"Données hospitalières relatives à l'épidémie de COVID-19";"donnees-hospitalieres-relatives-a-lepidemie-de-covid-19";"https://www.data.gouv.fr/fr/datasets/donnees-hospitalieres-relatives-a-lepidemie-de-covid-19/";"Santé publique France";"5e721a395d57f93d0bed451f";"Licence Ouverte / Open Licence version 2.0";False;"9f94a259-2a8a-441d-bd0b-d6b45697d477";"https://static.data.gouv.fr/resources/donnees-hospitalieres-relatives-a-lepidemie-de-covid-19/20200331-160422/metadonnees-sexe.csv";"metadonnees-sexe.csv";"";"file";"csv";"text/csv";422;"sha1";"a8ce869dd07b486f3e40cff6b59d68365180871f";"2020-03-31T16:04:22.961000";"2020-03-31T16:04:34.712000";2147
"5e7de8cf4663c08d4f74ba01";"Données relatives aux tests de dépistage de COVID-19 réalisés en laboratoire de ville";"donnees-relatives-aux-tests-de-depistage-de-covid-19-realises-en-laboratoire-de-ville";"https://www.data.gouv.fr/fr/datasets/donnees-relatives-aux-tests-de-depistage-de-covid-19-realises-en-laboratoire-de-ville/";"Santé publique France";"5e721a395d57f93d0bed451f";"Licence Ouverte / Open Licence version 2.0";False;"b4ea7b4b-b7d1-4885-a099-71852291ff20";"https://static.data.gouv.fr/resources/donnees-relatives-aux-tests-de-depistage-de-covid-19-realises-en-laboratoire-de-ville/20200529-190031/donnees-tests-covid19-labo-quotidien-2020-05-29-19h00.csv";"donnees-tests-covid19-labo-quotidien-2020-05-29-19h00.csv";"";"file";"csv";"text/csv";1361395;"sha1";"0b4d60d22c9e06af9e86c909a39822efba095625";"2020-03-27T12:54:18.460000";"2020-05-29T19:00:31.310000";7520
"5e7de8cf4663c08d4f74ba01";"Données relatives aux tests de dépistage de COVID-19 réalisés en laboratoire de ville";"donnees-relatives-aux-tests-de-depistage-de-covid-19-realises-en-laboratoire-de-ville";"https://www.data.gouv.fr/fr/datasets/donnees-relatives-aux-tests-de-depistage-de-covid-19-realises-en-laboratoire-de-ville/";"Santé publique France";"5e721a395d57f93d0bed451f";"Licence Ouverte / Open Licence version 2.0";False;"72050bc8-9959-4bb1-88a0-684ff8db5fb5";"https://static.data.gouv.fr/resources/donnees-relatives-aux-tests-de-depistage-de-covid-19-realises-en-laboratoire-de-ville/20200527-190022/donnees-tests-covid19-labo-hebdomadaire-2020-05-27-19h00.csv";"donnees-tests-covid19-labo-hebdomadaire-2020-05-27-19h00.csv";"";"file";"csv";"text/csv";190801;"sha1";"e78338f1acdbf576b9d646968145780cf5020622";"2020-04-03T17:22:25.323000";"2020-05-27T19:00:22.228000";1545
"5e7de8cf4663c08d4f74ba01";"Données relatives aux tests de dépistage de COVID-19 réalisés en laboratoire de ville";"donnees-relatives-aux-tests-de-depistage-de-covid-19-realises-en-laboratoire-de-ville";"https://www.data.gouv.fr/fr/datasets/donnees-relatives-aux-tests-de-depistage-de-covid-19-realises-en-laboratoire-de-ville/";"Santé publique France";"5e721a395d57f93d0bed451f";"Licence Ouverte / Open Licence version 2.0";False;"971c5cbd-cd80-4492-b2b3-c3deff8c1f5e";"https://static.data.gouv.fr/resources/donnees-relatives-aux-tests-de-depistage-du-covid-19/20200403-180019/metadonnees-tests-depistage-covid19.csv";"metadonnees-tests-depistage-covid19.csv";"";"file";"csv";"text/csv";1065;"sha1";"2bfc10720b3364868df210389de0122de5907e7e";"2020-04-03T18:00:19.595000";"2020-04-03T18:00:35.136000";720
"5e7de8cf4663c08d4f74ba01";"Données relatives aux tests de dépistage de COVID-19 réalisés en laboratoire de ville";"donnees-relatives-aux-tests-de-depistage-de-covid-19-realises-en-laboratoire-de-ville";"https://www.data.gouv.fr/fr/datasets/donnees-relatives-aux-tests-de-depistage-de-covid-19-realises-en-laboratoire-de-ville/";"Santé publique France";"5e721a395d57f93d0bed451f";"Licence Ouverte / Open Licence version 2.0";False;"db378f2a-83a1-40fd-a16c-06c4c8c3535d";"https://static.data.gouv.fr/resources/donnees-relatives-aux-tests-de-depistage-du-covid-19/20200403-180049/code-tranches-dage.csv";"code-tranches-dage.csv";"";"file";"csv";"text/csv";110;"sha1";"06b8b6bd3c95ebc1a283bff184ab7c60b10e6ad7";"2020-04-03T18:00:49.433000";"2020-04-03T18:00:59.391000";192
"5ec29500b15b283d178d21a4";"Données d’enquête relatives à l’évolution des comportements et de la santé mentale pendant l’épidémie de COVID-19 (COVIPREV)";"donnees-denquete-relatives-a-levolution-des-comportements-et-de-la-sante-mentale-pendant-lepidemie-de-covid-19-coviprev";"https://www.data.gouv.fr/fr/datasets/donnees-denquete-relatives-a-levolution-des-comportements-et-de-la-sante-mentale-pendant-lepidemie-de-covid-19-coviprev/";"Santé publique France";"5e721a395d57f93d0bed451f";"Licence Ouverte / Open Licence version 2.0";False;"94525672-4ec3-4699-a56b-607dfabb1b3c";"https://static.data.gouv.fr/resources/donnees-denquete-relatives-a-levolution-des-comportements-et-de-la-sante-mentale-pendant-lepidemie-de-covid-19-coviprev/20201110-154520/coviprev.xlsx";"coviprev.xlsx";"Fichier complet avec plusieurs feuilles au format xlxs. ";"file";"xlsx";"application/vnd.openxmlformats-officedocument.spreadsheetml.sheet";108857;"sha1";"9358b69859c279de1d4c9435be89699a35d4c8ae";"2020-06-25T13:07:56.501000";"2020-11-10T15:45:26.790000";34
"5ec29500b15b283d178d21a4";"Données d’enquête relatives à l’évolution des comportements et de la santé mentale pendant l’épidémie de COVID-19 (COVIPREV)";"donnees-denquete-relatives-a-levolution-des-comportements-et-de-la-sante-mentale-pendant-lepidemie-de-covid-19-coviprev";"https://www.data.gouv.fr/fr/datasets/donnees-denquete-relatives-a-levolution-des-comportements-et-de-la-sante-mentale-pendant-lepidemie-de-covid-19-coviprev/";"Santé publique France";"5e721a395d57f93d0bed451f";"Licence Ouverte / Open Licence version 2.0";False;"5fee469e-eed7-4858-b9d5-9d6fda6dd9b2";"https://static.data.gouv.fr/resources/donnees-denquete-relatives-a-levolution-des-comportements-et-de-la-sante-mentale-pendant-lepidemie-de-covid-19-coviprev/20201110-155533/coviprev-sexe.csv";"coviprev-sexe.csv";"Données par sexe.";"file";"csv";"text/csv";4903;"sha1";"b119137ac65eab9de60fcbf8a34e1c71e506522d";"2020-06-25T13:07:19.284000";"2020-11-10T15:55:34.801000";5
"5ec29500b15b283d178d21a4";"Données d’enquête relatives à l’évolution des comportements et de la santé mentale pendant l’épidémie de COVID-19 (COVIPREV)";"donnees-denquete-relatives-a-levolution-des-comportements-et-de-la-sante-mentale-pendant-lepidemie-de-covid-19-coviprev";"https://www.data.gouv.fr/fr/datasets/donnees-denquete-relatives-a-levolution-des-comportements-et-de-la-sante-mentale-pendant-lepidemie-de-covid-19-coviprev/";"Santé publique France";"5e721a395d57f93d0bed451f";"Licence Ouverte / Open Licence version 2.0";False;"425c285e-532e-46a5-bcaa-9ba6d191d8be";"https://static.data.gouv.fr/resources/donnees-denquete-relatives-a-levolution-des-comportements-et-de-la-sante-mentale-pendant-lepidemie-de-covid-19-coviprev/20201110-154959/coviprev-region.csv";"coviprev-region.csv";"Données par région.";"file";"csv";"text/csv";26769;"sha1";"12a6b3dbad775ad2a9edc72afee3ce6600b90ae2";"2020-06-25T13:07:19.009000";"2020-11-10T15:50:01.525000";0
"5ec29500b15b283d178d21a4";"Données d’enquête relatives à l’évolution des comportements et de la santé mentale pendant l’épidémie de COVID-19 (COVIPREV)";"donnees-denquete-relatives-a-levolution-des-comportements-et-de-la-sante-mentale-pendant-lepidemie-de-covid-19-coviprev";"https://www.data.gouv.fr/fr/datasets/donnees-denquete-relatives-a-levolution-des-comportements-et-de-la-sante-mentale-pendant-lepidemie-de-covid-19-coviprev/";"Santé publique France";"5e721a395d57f93d0bed451f";"Licence Ouverte / Open Licence version 2.0";False;"1dd00dec-46e4-470c-aeaa-88370b4507f5";"https://static.data.gouv.fr/resources/donnees-denquete-relatives-a-levolution-des-comportements-et-de-la-sante-mentale-pendant-lepidemie-de-covid-19-coviprev/20201110-155007/coviprev-france.csv";"coviprev-france.csv";"Données à l'échelle nationale.";"file";"csv";"text/csv";2512;"sha1";"24d86a662638d6093b7e6a4fccc070b7a671eb97";"2020-06-25T13:07:18.978000";"2020-11-10T15:50:10.758000";7
"5ec29500b15b283d178d21a4";"Données d’enquête relatives à l’évolution des comportements et de la santé mentale pendant l’épidémie de COVID-19 (COVIPREV)";"donnees-denquete-relatives-a-levolution-des-comportements-et-de-la-sante-mentale-pendant-lepidemie-de-covid-19-coviprev";"https://www.data.gouv.fr/fr/datasets/donnees-denquete-relatives-a-levolution-des-comportements-et-de-la-sante-mentale-pendant-lepidemie-de-covid-19-coviprev/";"Santé publique France";"5e721a395d57f93d0bed451f";"Licence Ouverte / Open Licence version 2.0";False;"678d77fc-ebc0-4b03-8c24-c9c552f8a4a9";"https://static.data.gouv.fr/resources/donnees-denquete-relatives-a-levolution-des-comportements-et-de-la-sante-mentale-pendant-lepidemie-de-covid-19-coviprev/20201110-155016/coviprev-age.csv";"coviprev-age.csv";"Données par âge.";"file";"csv";"text/csv";12278;"sha1";"fd5402e6f76f09342ffa14713ab588aefc41866b";"2020-06-25T13:07:18.975000";"2020-11-10T15:50:18.027000";3
"5ec29500b15b283d178d21a4";"Données d’enquête relatives à l’évolution des comportements et de la santé mentale pendant l’épidémie de COVID-19 (COVIPREV)";"donnees-denquete-relatives-a-levolution-des-comportements-et-de-la-sante-mentale-pendant-lepidemie-de-covid-19-coviprev";"https://www.data.gouv.fr/fr/datasets/donnees-denquete-relatives-a-levolution-des-comportements-et-de-la-sante-mentale-pendant-lepidemie-de-covid-19-coviprev/";"Santé publique France";"5e721a395d57f93d0bed451f";"Licence Ouverte / Open Licence version 2.0";False;"226c2104-61cb-4bfb-8a38-a56d5386377e";"https://static.data.gouv.fr/resources/donnees-denquete-relatives-a-levolution-des-comportements-et-de-la-sante-mentale-pendant-lepidemie-de-covid-19-coviprev/20200625-125516/metadata-coviprev.csv";"metadata-coviprev.csv";"Description des métadonnées.";"file";"csv";"text/csv";6559;"sha1";"cd47d1e3d753d8822be495b2665d47f27a37f9ed";"2020-06-25T12:55:16.398000";"2020-06-25T12:55:57.389000";4
"5ec29500b15b283d178d21a4";"Données d’enquête relatives à l’évolution des comportements et de la santé mentale pendant l’épidémie de COVID-19 (COVIPREV)";"donnees-denquete-relatives-a-levolution-des-comportements-et-de-la-sante-mentale-pendant-lepidemie-de-covid-19-coviprev";"https://www.data.gouv.fr/fr/datasets/donnees-denquete-relatives-a-levolution-des-comportements-et-de-la-sante-mentale-pendant-lepidemie-de-covid-19-coviprev/";"Santé publique France";"5e721a395d57f93d0bed451f";"Licence Ouverte / Open Licence version 2.0";False;"0f5643d8-026d-4532-83c6-96e68d429f56";"https://static.data.gouv.fr/resources/donnees-denquete-relatives-a-levolution-des-comportements-et-de-la-sante-mentale-pendant-lepidemie-de-covid-19-coviprev/20200625-125516/metadata-coviprev-libelle-region.csv";"metadata-coviprev-libelle-region.csv";"Libellé des régions.";"file";"csv";"text/csv";346;"sha1";"3f77de7b3a9bce951bff6086d539d9dde2b83388";"2020-06-25T12:55:16.390000";"2020-06-25T12:55:47.904000";2
"5f8fe1290de5138270132602";"Données de laboratoires infra-départementales durant l'épidémie COVID-19";"donnees-de-laboratoires-infra-departementales-durant-lepidemie-covid-19";"https://www.data.gouv.fr/fr/datasets/donnees-de-laboratoires-infra-departementales-durant-lepidemie-covid-19/";"Santé publique France";"5e721a395d57f93d0bed451f";"Licence Ouverte / Open Licence version 2.0";False;"66f15f76-fa84-4b07-81d7-0024e9d429b4";"https://static.data.gouv.fr/resources/donnees-de-laboratoires-infra-departementales-durant-lepidemie-covid-19/20201207-192128/sg-iris-opendata-2020-12-07-19h20.csv";"sg-iris-opendata-2020-12-07-19h20.csv";"";"file";"csv";"text/csv";137107357;"sha1";"9c01438b1aca05c3b0acaddb111e938ece817284";"2020-12-07T19:21:35.535000";"2020-12-07T19:21:35.853000";0
"5f8fe1290de5138270132602";"Données de laboratoires infra-départementales durant l'épidémie COVID-19";"donnees-de-laboratoires-infra-departementales-durant-lepidemie-covid-19";"https://www.data.gouv.fr/fr/datasets/donnees-de-laboratoires-infra-departementales-durant-lepidemie-covid-19/";"Santé publique France";"5e721a395d57f93d0bed451f";"Licence Ouverte / Open Licence version 2.0";False;"5583aadc-f225-4351-b3ae-c80be87b1474";"https://static.data.gouv.fr/resources/donnees-de-laboratoires-infra-departementales-durant-lepidemie-covid-19/20201207-192042/sg-epci-opendata-2020-12-07-19h20.csv";"sg-epci-opendata-2020-12-07-19h20.csv";"";"file";"csv";"text/csv";3606931;"sha1";"26e29f5b2174312a9375b96f3c8eb6bcfa64d8a1";"2020-12-07T19:20:42.512000";"2020-12-07T19:20:42.866000";0
"5f8fe1290de5138270132602";"Données de laboratoires infra-départementales durant l'épidémie COVID-19";"donnees-de-laboratoires-infra-departementales-durant-lepidemie-covid-19";"https://www.data.gouv.fr/fr/datasets/donnees-de-laboratoires-infra-departementales-durant-lepidemie-covid-19/";"Santé publique France";"5e721a395d57f93d0bed451f";"Licence Ouverte / Open Licence version 2.0";False;"d2ad6007-809d-44e4-9dff-8c93d77fb40c";"https://static.data.gouv.fr/resources/donnees-de-laboratoires-infra-departementales-durant-lepidemie-covid-19/20201207-192034/sg-com-opendata-2020-12-07-19h20.csv";"sg-com-opendata-2020-12-07-19h20.csv";"";"file";"csv";"text/csv";90844934;"sha1";"5d7c1e2d382f3dbeed05d00b360493614f41fd2d";"2020-12-07T19:20:38.859000";"2020-12-07T19:20:39.175000";0
"5f8fe1290de5138270132602";"Données de laboratoires infra-départementales durant l'épidémie COVID-19";"donnees-de-laboratoires-infra-departementales-durant-lepidemie-covid-19";"https://www.data.gouv.fr/fr/datasets/donnees-de-laboratoires-infra-departementales-durant-lepidemie-covid-19/";"Santé publique France";"5e721a395d57f93d0bed451f";"Licence Ouverte / Open Licence version 2.0";False;"3ef803dd-8648-49d4-99ed-1daab9fcffad";"https://static.data.gouv.fr/resources/donnees-de-laboratoires-infra-departementales-durant-lepidemie-covid-19/20201206-192136/sg-iris-opendata-2020-12-06-19h20.csv";"sg-iris-opendata-2020-12-06-19h20.csv";"";"file";"csv";"text/csv";131256127;"sha1";"2e6249351d1cd78506b26c6af50f40c6a66a98e7";"2020-12-06T19:21:49.079000";"2020-12-06T19:21:49.529000";0
"5f8fe1290de5138270132602";"Données de laboratoires infra-départementales durant l'épidémie COVID-19";"donnees-de-laboratoires-infra-departementales-durant-lepidemie-covid-19";"https://www.data.gouv.fr/fr/datasets/donnees-de-laboratoires-infra-departementales-durant-lepidemie-covid-19/";"Santé publique France";"5e721a395d57f93d0bed451f";"Licence Ouverte / Open Licence version 2.0";False;"65a112ba-e03a-43a4-a1d7-7702924448c5";"https://static.data.gouv.fr/resources/donnees-de-laboratoires-infra-departementales-durant-lepidemie-covid-19/20201206-192046/sg-epci-opendata-2020-12-06-19h20.csv";"sg-epci-opendata-2020-12-06-19h20.csv";"";"file";"csv";"text/csv";3453296;"sha1";"839266412d2cdd186686685285fc35fa19620ff9";"2020-12-06T19:20:46.665000";"2020-12-06T19:20:46.994000";0
"5f8fe1290de5138270132602";"Données de laboratoires infra-départementales durant l'épidémie COVID-19";"donnees-de-laboratoires-infra-departementales-durant-lepidemie-covid-19";"https://www.data.gouv.fr/fr/datasets/donnees-de-laboratoires-infra-departementales-durant-lepidemie-covid-19/";"Santé publique France";"5e721a395d57f93d0bed451f";"Licence Ouverte / Open Licence version 2.0";False;"2fb2d54f-a467-44aa-9edf-537eabdfe818";"https://static.data.gouv.fr/resources/donnees-de-laboratoires-infra-departementales-durant-lepidemie-covid-19/20201206-192034/sg-com-opendata-2020-12-06-19h20.csv";"sg-com-opendata-2020-12-06-19h20.csv";"";"file";"csv";"text/csv";86965233;"sha1";"58c0bbcf2d659b8aa670484c9c89fb6191c10b75";"2020-12-06T19:20:42.687000";"2020-12-06T19:20:42.963000";0
"5f8fe1290de5138270132602";"Données de laboratoires infra-départementales durant l'épidémie COVID-19";"donnees-de-laboratoires-infra-departementales-durant-lepidemie-covid-19";"https://www.data.gouv.fr/fr/datasets/donnees-de-laboratoires-infra-departementales-durant-lepidemie-covid-19/";"Santé publique France";"5e721a395d57f93d0bed451f";"Licence Ouverte / Open Licence version 2.0";False;"c69e355f-14ff-4502-add5-f70f1f1c1e1c";"https://static.data.gouv.fr/resources/donnees-de-laboratoires-infra-departementales-durant-lepidemie-covid-19/20201205-192123/sg-iris-opendata-2020-12-05-19h20.csv";"sg-iris-opendata-2020-12-05-19h20.csv";"";"file";"csv";"text/csv";137653724;"sha1";"4e473e930a4e94fd6df35e6a43727d201516a075";"2020-12-05T19:21:29.907000";"2020-12-05T19:21:30.483000";0
"5f8fe1290de5138270132602";"Données de laboratoires infra-départementales durant l'épidémie COVID-19";"donnees-de-laboratoires-infra-departementales-durant-lepidemie-covid-19";"https://www.data.gouv.fr/fr/datasets/donnees-de-laboratoires-infra-departementales-durant-lepidemie-covid-19/";"Santé publique France";"5e721a395d57f93d0bed451f";"Licence Ouverte / Open Licence version 2.0";False;"96f89ff3-8be8-4c7e-9cc4-588e8238821a";"https://static.data.gouv.fr/resources/donnees-de-laboratoires-infra-departementales-durant-lepidemie-covid-19/20201205-192039/sg-epci-opendata-2020-12-05-19h20.csv";"sg-epci-opendata-2020-12-05-19h20.csv";"";"file";"csv";"text/csv";3620780;"sha1";"433227b1885095498e4ec101d1c6adf2a57f2e32";"2020-12-05T19:20:39.699000";"2020-12-05T19:20:40.026000";0
"5f8fe1290de5138270132602";"Données de laboratoires infra-départementales durant l'épidémie COVID-19";"donnees-de-laboratoires-infra-departementales-durant-lepidemie-covid-19";"https://www.data.gouv.fr/fr/datasets/donnees-de-laboratoires-infra-departementales-durant-lepidemie-covid-19/";"Santé publique France";"5e721a395d57f93d0bed451f";"Licence Ouverte / Open Licence version 2.0";False;"21c1601c-b30c-4722-a322-3f772f9f94d2";"https://static.data.gouv.fr/resources/donnees-de-laboratoires-infra-departementales-durant-lepidemie-covid-19/20201205-192031/sg-com-opendata-2020-12-05-19h20.csv";"sg-com-opendata-2020-12-05-19h20.csv";"";"file";"csv";"text/csv";91199222;"sha1";"ef54f8937749b5dfb87357ec707e1b00d1f959f3";"2020-12-05T19:20:36.067000";"2020-12-05T19:20:36.353000";0
"5f8fe1290de5138270132602";"Données de laboratoires infra-départementales durant l'épidémie COVID-19";"donnees-de-laboratoires-infra-departementales-durant-lepidemie-covid-19";"https://www.data.gouv.fr/fr/datasets/donnees-de-laboratoires-infra-departementales-durant-lepidemie-covid-19/";"Santé publique France";"5e721a395d57f93d0bed451f";"Licence Ouverte / Open Licence version 2.0";False;"4f2a0796-1902-47e3-8312-53ec28ad9aa9";"https://static.data.gouv.fr/resources/donnees-de-laboratoires-infra-departementales-durant-lepidemie-covid-19/20201204-192121/sg-iris-opendata-2020-12-04-19h20.csv";"sg-iris-opendata-2020-12-04-19h20.csv";"";"file";"csv";"text/csv";137945757;"sha1";"2b449163261cd664cc1dc742af0dca1478962ea3";"2020-12-04T19:21:28.170000";"2020-12-04T19:21:28.435000";0
"5f8fe1290de5138270132602";"Données de laboratoires infra-départementales durant l'épidémie COVID-19";"donnees-de-laboratoires-infra-departementales-durant-lepidemie-covid-19";"https://www.data.gouv.fr/fr/datasets/donnees-de-laboratoires-infra-departementales-durant-lepidemie-covid-19/";"Santé publique France";"5e721a395d57f93d0bed451f";"Licence Ouverte / Open Licence version 2.0";False;"b324c710-7b32-4cf6-a570-ec237265b199";"https://static.data.gouv.fr/resources/donnees-de-laboratoires-infra-departementales-durant-lepidemie-covid-19/20201204-192037/sg-epci-opendata-2020-12-04-19h20.csv";"sg-epci-opendata-2020-12-04-19h20.csv";"";"file";"csv";"text/csv";3627569;"sha1";"2ea2b71b3b9e1fa4289d03eed26bd8a7b6f114c8";"2020-12-04T19:20:38.199000";"2020-12-04T19:20:38.525000";0
"5f8fe1290de5138270132602";"Données de laboratoires infra-départementales durant l'épidémie COVID-19";"donnees-de-laboratoires-infra-departementales-durant-lepidemie-covid-19";"https://www.data.gouv.fr/fr/datasets/donnees-de-laboratoires-infra-departementales-durant-lepidemie-covid-19/";"Santé publique France";"5e721a395d57f93d0bed451f";"Licence Ouverte / Open Licence version 2.0";False;"28bc42a0-53b0-427e-ad28-96efd451d166";"https://static.data.gouv.fr/resources/donnees-de-laboratoires-infra-departementales-durant-lepidemie-covid-19/20201204-192030/sg-com-opendata-2020-12-04-19h20.csv";"sg-com-opendata-2020-12-04-19h20.csv";"";"file";"csv";"text/csv";91388668;"sha1";"a7a560a8454efe642a207da4253a197a12637a18";"2020-12-04T19:20:34.736000";"2020-12-04T19:20:35.077000";0
"5f8fe1290de5138270132602";"Données de laboratoires infra-départementales durant l'épidémie COVID-19";"donnees-de-laboratoires-infra-departementales-durant-lepidemie-covid-19";"https://www.data.gouv.fr/fr/datasets/donnees-de-laboratoires-infra-departementales-durant-lepidemie-covid-19/";"Santé publique France";"5e721a395d57f93d0bed451f";"Licence Ouverte / Open Licence version 2.0";False;"ac240e12-9955-451b-b5ec-5da11ac78270";"https://static.data.gouv.fr/resources/donnees-de-laboratoires-infra-departementales-durant-lepidemie-covid-19/20201203-192122/sg-iris-opendata-2020-12-03-19h20.csv";"sg-iris-opendata-2020-12-03-19h20.csv";"";"file";"csv";"text/csv";132074913;"sha1";"9195eae89e59c4fc91748c9ea51874e8cac7da63";"2020-12-03T19:21:27.999000";"2020-12-03T19:21:28.309000";0
"5f8fe1290de5138270132602";"Données de laboratoires infra-départementales durant l'épidémie COVID-19";"donnees-de-laboratoires-infra-departementales-durant-lepidemie-covid-19";"https://www.data.gouv.fr/fr/datasets/donnees-de-laboratoires-infra-departementales-durant-lepidemie-covid-19/";"Santé publique France";"5e721a395d57f93d0bed451f";"Licence Ouverte / Open Licence version 2.0";False;"a38128ce-3262-49ac-8ed3-f500cdb01487";"https://static.data.gouv.fr/resources/donnees-de-laboratoires-infra-departementales-durant-lepidemie-covid-19/20201203-192039/sg-epci-opendata-2020-12-03-19h20.csv";"sg-epci-opendata-2020-12-03-19h20.csv";"";"file";"csv";"text/csv";3473289;"sha1";"a3d08330535d3c89db77e3e394db69034babbe05";"2020-12-03T19:20:40.283000";"2020-12-03T19:20:40.548000";0
"5f8fe1290de5138270132602";"Données de laboratoires infra-départementales durant l'épidémie COVID-19";"donnees-de-laboratoires-infra-departementales-durant-lepidemie-covid-19";"https://www.data.gouv.fr/fr/datasets/donnees-de-laboratoires-infra-departementales-durant-lepidemie-covid-19/";"Santé publique France";"5e721a395d57f93d0bed451f";"Licence Ouverte / Open Licence version 2.0";False;"8807fb98-da8d-4cfb-b895-432155237b52";"https://static.data.gouv.fr/resources/donnees-de-laboratoires-infra-departementales-durant-lepidemie-covid-19/20201203-192032/sg-com-opendata-2020-12-03-19h20.csv";"sg-com-opendata-2020-12-03-19h20.csv";"";"file";"csv";"text/csv";87496809;"sha1";"d12aff8c386347cfbd9b5f7b1f2f6e6824a83069";"2020-12-03T19:20:36.627000";"2020-12-03T19:20:36.853000";0
"5f8fe1290de5138270132602";"Données de laboratoires infra-départementales durant l'épidémie COVID-19";"donnees-de-laboratoires-infra-departementales-durant-lepidemie-covid-19";"https://www.data.gouv.fr/fr/datasets/donnees-de-laboratoires-infra-departementales-durant-lepidemie-covid-19/";"Santé publique France";"5e721a395d57f93d0bed451f";"Licence Ouverte / Open Licence version 2.0";False;"e2bd8c86-4d98-469f-b17e-ae3bf4d1f96d";"https://static.data.gouv.fr/resources/donnees-de-laboratoires-infra-departementales-durant-lepidemie-covid-19/20201202-192119/sg-iris-opendata-2020-12-02-19h20.csv";"sg-iris-opendata-2020-12-02-19h20.csv";"";"file";"csv";"text/csv";132359921;"sha1";"824fafb15278d6e9fca00cc14d4f4cece385b606";"2020-12-02T19:21:26.338000";"2020-12-02T19:21:26.663000";0
"5f8fe1290de5138270132602";"Données de laboratoires infra-départementales durant l'épidémie COVID-19";"donnees-de-laboratoires-infra-departementales-durant-lepidemie-covid-19";"https://www.data.gouv.fr/fr/datasets/donnees-de-laboratoires-infra-departementales-durant-lepidemie-covid-19/";"Santé publique France";"5e721a395d57f93d0bed451f";"Licence Ouverte / Open Licence version 2.0";False;"11106b77-37ae-4662-a980-da89475820f7";"https://static.data.gouv.fr/resources/donnees-de-laboratoires-infra-departementales-durant-lepidemie-covid-19/20201202-192036/sg-epci-opendata-2020-12-02-19h20.csv";"sg-epci-opendata-2020-12-02-19h20.csv";"";"file";"csv";"text/csv";3479698;"sha1";"20a76cfb967562c14b2fdd6338fdb73a9ac4c712";"2020-12-02T19:20:36.540000";"2020-12-02T19:20:36.815000";0
"5f8fe1290de5138270132602";"Données de laboratoires infra-départementales durant l'épidémie COVID-19";"donnees-de-laboratoires-infra-departementales-durant-lepidemie-covid-19";"https://www.data.gouv.fr/fr/datasets/donnees-de-laboratoires-infra-departementales-durant-lepidemie-covid-19/";"Santé publique France";"5e721a395d57f93d0bed451f";"Licence Ouverte / Open Licence version 2.0";False;"9f4d11ea-5088-40a3-a531-d62984143483";"https://static.data.gouv.fr/resources/donnees-de-laboratoires-infra-departementales-durant-lepidemie-covid-19/20201202-192029/sg-com-opendata-2020-12-02-19h20.csv";"sg-com-opendata-2020-12-02-19h20.csv";"";"file";"csv";"text/csv";87682088;"sha1";"9f80c6995a3abd16e50541ffb9ab9f8b554fb024";"2020-12-02T19:20:33.076000";"2020-12-02T19:20:33.369000";0
"5f8fe1290de5138270132602";"Données de laboratoires infra-départementales durant l'épidémie COVID-19";"donnees-de-laboratoires-infra-departementales-durant-lepidemie-covid-19";"https://www.data.gouv.fr/fr/datasets/donnees-de-laboratoires-infra-departementales-durant-lepidemie-covid-19/";"Santé publique France";"5e721a395d57f93d0bed451f";"Licence Ouverte / Open Licence version 2.0";False;"80f5b486-119e-416a-830e-de14d1cbee30";"https://static.data.gouv.fr/resources/donnees-de-laboratoires-infra-departementales-durant-lepidemie-covid-19/20201201-192123/sg-iris-opendata-2020-12-01-19h20.csv";"sg-iris-opendata-2020-12-01-19h20.csv";"";"file";"csv";"text/csv";138807871;"sha1";"774e20a5c534048cafd84c85f776b3bdc7aba695";"2020-12-01T19:21:29.960000";"2020-12-01T19:21:30.293000";0
"5f8fe1290de5138270132602";"Données de laboratoires infra-départementales durant l'épidémie COVID-19";"donnees-de-laboratoires-infra-departementales-durant-lepidemie-covid-19";"https://www.data.gouv.fr/fr/datasets/donnees-de-laboratoires-infra-departementales-durant-lepidemie-covid-19/";"Santé publique France";"5e721a395d57f93d0bed451f";"Licence Ouverte / Open Licence version 2.0";False;"0baadd19-cd67-4745-b0f6-71cb3ce8f481";"https://static.data.gouv.fr/resources/donnees-de-laboratoires-infra-departementales-durant-lepidemie-covid-19/20201201-192038/sg-epci-opendata-2020-12-01-19h20.csv";"sg-epci-opendata-2020-12-01-19h20.csv";"";"file";"csv";"text/csv";3646735;"sha1";"ffede1c62aa8cdfac8b14fcaf8fb08a9ac1bf71f";"2020-12-01T19:20:38.637000";"2020-12-01T19:20:38.849000";0
"5f8fe1290de5138270132602";"Données de laboratoires infra-départementales durant l'épidémie COVID-19";"donnees-de-laboratoires-infra-departementales-durant-lepidemie-covid-19";"https://www.data.gouv.fr/fr/datasets/donnees-de-laboratoires-infra-departementales-durant-lepidemie-covid-19/";"Santé publique France";"5e721a395d57f93d0bed451f";"Licence Ouverte / Open Licence version 2.0";False;"cc563b87-ad6c-4048-9c37-b924cbee0e23";"https://static.data.gouv.fr/resources/donnees-de-laboratoires-infra-departementales-durant-lepidemie-covid-19/20201201-192029/sg-com-opendata-2020-12-01-19h20.csv";"sg-com-opendata-2020-12-01-19h20.csv";"";"file";"csv";"text/csv";91948841;"sha1";"b55196d3c89ecf0370839fd24ddbdd02e16f4e29";"2020-12-01T19:20:34.415000";"2020-12-01T19:20:35.557000";0
"5f8fe1290de5138270132602";"Données de laboratoires infra-départementales durant l'épidémie COVID-19";"donnees-de-laboratoires-infra-departementales-durant-lepidemie-covid-19";"https://www.data.gouv.fr/fr/datasets/donnees-de-laboratoires-infra-departementales-durant-lepidemie-covid-19/";"Santé publique France";"5e721a395d57f93d0bed451f";"Licence Ouverte / Open Licence version 2.0";False;"8b21e7c9-6f07-4bbb-b967-ccc57fc426f4";"https://static.data.gouv.fr/resources/donnees-de-laboratoires-infra-departementales-durant-lepidemie-covid-19/20201130-192125/sg-iris-opendata-2020-11-30-19h20.csv";"sg-iris-opendata-2020-11-30-19h20.csv";"";"file";"csv";"text/csv";141361009;"sha1";"d9b9e38eb84e806cdf6d2a4841703b41a69266d1";"2020-11-30T19:21:32.072000";"2020-11-30T19:21:32.292000";0
"5f8fe1290de5138270132602";"Données de laboratoires infra-départementales durant l'épidémie COVID-19";"donnees-de-laboratoires-infra-departementales-durant-lepidemie-covid-19";"https://www.data.gouv.fr/fr/datasets/donnees-de-laboratoires-infra-departementales-durant-lepidemie-covid-19/";"Santé publique France";"5e721a395d57f93d0bed451f";"Licence Ouverte / Open Licence version 2.0";False;"bf70222e-0de2-461d-b76c-1ed401bb3352";"https://static.data.gouv.fr/resources/donnees-de-laboratoires-infra-departementales-durant-lepidemie-covid-19/20201130-192039/sg-epci-opendata-2020-11-30-19h20.csv";"sg-epci-opendata-2020-11-30-19h20.csv";"";"file";"csv";"text/csv";3710597;"sha1";"4c5afd68e616687c390cd59aace0192f9e3cb251";"2020-11-30T19:20:39.701000";"2020-11-30T19:20:39.967000";0
"5f8fe1290de5138270132602";"Données de laboratoires infra-départementales durant l'épidémie COVID-19";"donnees-de-laboratoires-infra-departementales-durant-lepidemie-covid-19";"https://www.data.gouv.fr/fr/datasets/donnees-de-laboratoires-infra-departementales-durant-lepidemie-covid-19/";"Santé publique France";"5e721a395d57f93d0bed451f";"Licence Ouverte / Open Licence version 2.0";False;"b01a43ac-d176-4933-9d90-979120f2d405";"https://static.data.gouv.fr/resources/donnees-de-laboratoires-infra-departementales-durant-lepidemie-covid-19/20201130-192030/sg-com-opendata-2020-11-30-19h20.csv";"sg-com-opendata-2020-11-30-19h20.csv";"";"file";"csv";"text/csv";93744192;"sha1";"4ee6692c18c69d29153b50190e352d8f07111e83";"2020-11-30T19:20:35.682000";"2020-11-30T19:20:35.919000";0
"5f8fe1290de5138270132602";"Données de laboratoires infra-départementales durant l'épidémie COVID-19";"donnees-de-laboratoires-infra-departementales-durant-lepidemie-covid-19";"https://www.data.gouv.fr/fr/datasets/donnees-de-laboratoires-infra-departementales-durant-lepidemie-covid-19/";"Santé publique France";"5e721a395d57f93d0bed451f";"Licence Ouverte / Open Licence version 2.0";False;"079438cc-2e50-48d2-857d-d15078a039ca";"https://static.data.gouv.fr/resources/donnees-de-laboratoires-infra-departementales-durant-lepidemie-covid-19/20201129-192121/sg-iris-opendata-2020-11-29-19h20.csv";"sg-iris-opendata-2020-11-29-19h20.csv";"";"file";"csv";"text/csv";133205595;"sha1";"bd19a6d55e21ede4c7c55ca7c9a3ee788851fcca";"2020-11-29T19:21:27.638000";"2020-11-29T19:21:27.969000";0
"5f8fe1290de5138270132602";"Données de laboratoires infra-départementales durant l'épidémie COVID-19";"donnees-de-laboratoires-infra-departementales-durant-lepidemie-covid-19";"https://www.data.gouv.fr/fr/datasets/donnees-de-laboratoires-infra-departementales-durant-lepidemie-covid-19/";"Santé publique France";"5e721a395d57f93d0bed451f";"Licence Ouverte / Open Licence version 2.0";False;"51c80e45-f434-472e-ba99-07ad254fc6fe";"https://static.data.gouv.fr/resources/donnees-de-laboratoires-infra-departementales-durant-lepidemie-covid-19/20201129-192036/sg-epci-opendata-2020-11-29-19h20.csv";"sg-epci-opendata-2020-11-29-19h20.csv";"";"file";"csv";"text/csv";3498330;"sha1";"81ddd9314da3029a3528b9b1e21d01aef9c7848b";"2020-11-29T19:20:37.032000";"2020-11-29T19:20:37.343000";0
"5f8fe1290de5138270132602";"Données de laboratoires infra-départementales durant l'épidémie COVID-19";"donnees-de-laboratoires-infra-departementales-durant-lepidemie-covid-19";"https://www.data.gouv.fr/fr/datasets/donnees-de-laboratoires-infra-departementales-durant-lepidemie-covid-19/";"Santé publique France";"5e721a395d57f93d0bed451f";"Licence Ouverte / Open Licence version 2.0";False;"4e5965ff-b357-4dbd-bbec-065199c852de";"https://static.data.gouv.fr/resources/donnees-de-laboratoires-infra-departementales-durant-lepidemie-covid-19/20201129-192029/sg-com-opendata-2020-11-29-19h20.csv";"sg-com-opendata-2020-11-29-19h20.csv";"";"file";"csv";"text/csv";88233263;"sha1";"82381134a464f897e287ca30637fbc2047aa9899";"2020-11-29T19:20:33.487000";"2020-11-29T19:20:33.849000";0
"5f8fe1290de5138270132602";"Données de laboratoires infra-départementales durant l'épidémie COVID-19";"donnees-de-laboratoires-infra-departementales-durant-lepidemie-covid-19";"https://www.data.gouv.fr/fr/datasets/donnees-de-laboratoires-infra-departementales-durant-lepidemie-covid-19/";"Santé publique France";"5e721a395d57f93d0bed451f";"Licence Ouverte / Open Licence version 2.0";False;"fd15afe0-9214-49ba-bd78-e41df8b47cec";"https://static.data.gouv.fr/resources/donnees-de-laboratoires-infra-departementales-durant-lepidemie-covid-19/20201128-192124/sg-iris-opendata-2020-11-28-19h20.csv";"sg-iris-opendata-2020-11-28-19h20.csv";"";"file";"csv";"text/csv";139654393;"sha1";"cfa72bb42e5eb579ad3b21e86dc69b21c9b1bbbb";"2020-11-28T19:21:30.975000";"2020-11-28T19:21:31.270000";0
"5f8fe1290de5138270132602";"Données de laboratoires infra-départementales durant l'épidémie COVID-19";"donnees-de-laboratoires-infra-departementales-durant-lepidemie-covid-19";"https://www.data.gouv.fr/fr/datasets/donnees-de-laboratoires-infra-departementales-durant-lepidemie-covid-19/";"Santé publique France";"5e721a395d57f93d0bed451f";"Licence Ouverte / Open Licence version 2.0";False;"3898ef7f-5e5c-4032-8178-c5006bc58054";"https://static.data.gouv.fr/resources/donnees-de-laboratoires-infra-departementales-durant-lepidemie-covid-19/20201128-192039/sg-epci-opendata-2020-11-28-19h20.csv";"sg-epci-opendata-2020-11-28-19h20.csv";"";"file";"csv";"text/csv";3665306;"sha1";"bbe4830eca436d8ad6934d3d8dfdb0fdcf76a39e";"2020-11-28T19:20:39.714000";"2020-11-28T19:20:39.972000";0
"5f8fe1290de5138270132602";"Données de laboratoires infra-départementales durant l'épidémie COVID-19";"donnees-de-laboratoires-infra-departementales-durant-lepidemie-covid-19";"https://www.data.gouv.fr/fr/datasets/donnees-de-laboratoires-infra-departementales-durant-lepidemie-covid-19/";"Santé publique France";"5e721a395d57f93d0bed451f";"Licence Ouverte / Open Licence version 2.0";False;"54b64f26-1ad7-4adb-bde1-6010ec62feb8";"https://static.data.gouv.fr/resources/donnees-de-laboratoires-infra-departementales-durant-lepidemie-covid-19/20201128-192031/sg-com-opendata-2020-11-28-19h20.csv";"sg-com-opendata-2020-11-28-19h20.csv";"";"file";"csv";"text/csv";92501413;"sha1";"32b5c327626ba16992cfd7356e39877effcb0d4c";"2020-11-28T19:20:36.468000";"2020-11-28T19:20:36.684000";0
"5f8fe1290de5138270132602";"Données de laboratoires infra-départementales durant l'épidémie COVID-19";"donnees-de-laboratoires-infra-departementales-durant-lepidemie-covid-19";"https://www.data.gouv.fr/fr/datasets/donnees-de-laboratoires-infra-departementales-durant-lepidemie-covid-19/";"Santé publique France";"5e721a395d57f93d0bed451f";"Licence Ouverte / Open Licence version 2.0";False;"9eaa59d9-2964-4ced-86a6-87db715fdba0";"https://static.data.gouv.fr/resources/donnees-de-laboratoires-infra-departementales-durant-lepidemie-covid-19/20201127-192123/sg-iris-opendata-2020-11-27-19h20.csv";"sg-iris-opendata-2020-11-27-19h20.csv";"";"file";"csv";"text/csv";139905891;"sha1";"244090171a63c4a8f4f1c71317cc463b3f8ecaf3";"2020-11-27T19:21:30.569000";"2020-11-27T19:21:30.855000";0
"5f8fe1290de5138270132602";"Données de laboratoires infra-départementales durant l'épidémie COVID-19";"donnees-de-laboratoires-infra-departementales-durant-lepidemie-covid-19";"https://www.data.gouv.fr/fr/datasets/donnees-de-laboratoires-infra-departementales-durant-lepidemie-covid-19/";"Santé publique France";"5e721a395d57f93d0bed451f";"Licence Ouverte / Open Licence version 2.0";False;"8c3788e8-63b8-4c28-b6bb-48a58dd396bd";"https://static.data.gouv.fr/resources/donnees-de-laboratoires-infra-departementales-durant-lepidemie-covid-19/20201127-192038/sg-epci-opendata-2020-11-27-19h20.csv";"sg-epci-opendata-2020-11-27-19h20.csv";"";"file";"csv";"text/csv";3670523;"sha1";"e99c71af8f817059331304585260bc2cd2bcf086";"2020-11-27T19:20:38.382000";"2020-11-27T19:20:38.586000";0
"5f8fe1290de5138270132602";"Données de laboratoires infra-départementales durant l'épidémie COVID-19";"donnees-de-laboratoires-infra-departementales-durant-lepidemie-covid-19";"https://www.data.gouv.fr/fr/datasets/donnees-de-laboratoires-infra-departementales-durant-lepidemie-covid-19/";"Santé publique France";"5e721a395d57f93d0bed451f";"Licence Ouverte / Open Licence version 2.0";False;"3ee54d11-5e68-4550-95e7-491f97e648d2";"https://static.data.gouv.fr/resources/donnees-de-laboratoires-infra-departementales-durant-lepidemie-covid-19/20201127-192030/sg-com-opendata-2020-11-27-19h20.csv";"sg-com-opendata-2020-11-27-19h20.csv";"";"file";"csv";"text/csv";92664764;"sha1";"d2c5b3466c431b1288c604941cfd0c541b6649b0";"2020-11-27T19:20:35.206000";"2020-11-27T19:20:35.407000";0
"5f8fe1290de5138270132602";"Données de laboratoires infra-départementales durant l'épidémie COVID-19";"donnees-de-laboratoires-infra-departementales-durant-lepidemie-covid-19";"https://www.data.gouv.fr/fr/datasets/donnees-de-laboratoires-infra-departementales-durant-lepidemie-covid-19/";"Santé publique France";"5e721a395d57f93d0bed451f";"Licence Ouverte / Open Licence version 2.0";False;"b555bbff-48e9-4854-a030-89a1c0975c6d";"https://static.data.gouv.fr/resources/donnees-de-laboratoires-infra-departementales-durant-lepidemie-covid-19/20201126-192126/sg-iris-opendata-2020-11-26-19h20.csv";"sg-iris-opendata-2020-11-26-19h20.csv";"";"file";"csv";"text/csv";140137493;"sha1";"99fec40f9a583e63adf0b064df86abf3e70b4d46";"2020-11-26T19:21:32.764000";"2020-11-26T19:21:33.065000";0
"5f8fe1290de5138270132602";"Données de laboratoires infra-départementales durant l'épidémie COVID-19";"donnees-de-laboratoires-infra-departementales-durant-lepidemie-covid-19";"https://www.data.gouv.fr/fr/datasets/donnees-de-laboratoires-infra-departementales-durant-lepidemie-covid-19/";"Santé publique France";"5e721a395d57f93d0bed451f";"Licence Ouverte / Open Licence version 2.0";False;"3d2841d0-2eda-46ea-a60d-fc48f7827369";"https://static.data.gouv.fr/resources/donnees-de-laboratoires-infra-departementales-durant-lepidemie-covid-19/20201126-192038/sg-epci-opendata-2020-11-26-19h20.csv";"sg-epci-opendata-2020-11-26-19h20.csv";"";"file";"csv";"text/csv";3675336;"sha1";"21a1c0ee3ce3e37d5b44cef26fe4e8cb67678c29";"2020-11-26T19:20:39.220000";"2020-11-26T19:20:39.577000";0
"5f8fe1290de5138270132602";"Données de laboratoires infra-départementales durant l'épidémie COVID-19";"donnees-de-laboratoires-infra-departementales-durant-lepidemie-covid-19";"https://www.data.gouv.fr/fr/datasets/donnees-de-laboratoires-infra-departementales-durant-lepidemie-covid-19/";"Santé publique France";"5e721a395d57f93d0bed451f";"Licence Ouverte / Open Licence version 2.0";False;"689a2f17-4b76-4d48-bbd5-aafb7a87d929";"https://static.data.gouv.fr/resources/donnees-de-laboratoires-infra-departementales-durant-lepidemie-covid-19/20201126-192031/sg-com-opendata-2020-11-26-19h20.csv";"sg-com-opendata-2020-11-26-19h20.csv";"";"file";"csv";"text/csv";92813922;"sha1";"bbc2c2c88158e38ef1ac81d7e1b81b76691d7c98";"2020-11-26T19:20:35.987000";"2020-11-26T19:20:36.181000";0
"5f8fe1290de5138270132602";"Données de laboratoires infra-départementales durant l'épidémie COVID-19";"donnees-de-laboratoires-infra-departementales-durant-lepidemie-covid-19";"https://www.data.gouv.fr/fr/datasets/donnees-de-laboratoires-infra-departementales-durant-lepidemie-covid-19/";"Santé publique France";"5e721a395d57f93d0bed451f";"Licence Ouverte / Open Licence version 2.0";False;"f6cc5602-5498-4eaf-b8a2-9b7cc7cc4d11";"https://static.data.gouv.fr/resources/donnees-de-laboratoires-infra-departementales-durant-lepidemie-covid-19/20201125-194010/sg-iris-opendata-2020-11-25-19h39.csv";"sg-iris-opendata-2020-11-25-19h39.csv";"";"file";"csv";"text/csv";140352467;"sha1";"cccb51c86efb6e4439184443a3f36aa03ab8901e";"2020-11-25T19:40:17.155000";"2020-11-25T19:40:17.419000";0
"5f8fe1290de5138270132602";"Données de laboratoires infra-départementales durant l'épidémie COVID-19";"donnees-de-laboratoires-infra-departementales-durant-lepidemie-covid-19";"https://www.data.gouv.fr/fr/datasets/donnees-de-laboratoires-infra-departementales-durant-lepidemie-covid-19/";"Santé publique France";"5e721a395d57f93d0bed451f";"Licence Ouverte / Open Licence version 2.0";False;"4bbe103e-0936-4956-8ba6-52a732d60f20";"https://static.data.gouv.fr/resources/donnees-de-laboratoires-infra-departementales-durant-lepidemie-covid-19/20201125-192040/sg-epci-opendata-2020-11-25-19h20.csv";"sg-epci-opendata-2020-11-25-19h20.csv";"";"file";"csv";"text/csv";3679514;"sha1";"59dff1fb957724542d4d3b6941d0c54e31cd18af";"2020-11-25T19:20:40.938000";"2020-11-25T19:20:41.132000";0
"5f8fe1290de5138270132602";"Données de laboratoires infra-départementales durant l'épidémie COVID-19";"donnees-de-laboratoires-infra-departementales-durant-lepidemie-covid-19";"https://www.data.gouv.fr/fr/datasets/donnees-de-laboratoires-infra-departementales-durant-lepidemie-covid-19/";"Santé publique France";"5e721a395d57f93d0bed451f";"Licence Ouverte / Open Licence version 2.0";False;"af257ec6-ef9e-4633-840d-1620bd50e593";"https://static.data.gouv.fr/resources/donnees-de-laboratoires-infra-departementales-durant-lepidemie-covid-19/20201125-192032/sg-com-opendata-2020-11-25-19h20.csv";"sg-com-opendata-2020-11-25-19h20.csv";"";"file";"csv";"text/csv";92951275;"sha1";"166623ec734f3a87b8060c81b17790335b5b6116";"2020-11-25T19:20:37.309000";"2020-11-25T19:20:37.646000";0
"5f8fe1290de5138270132602";"Données de laboratoires infra-départementales durant l'épidémie COVID-19";"donnees-de-laboratoires-infra-departementales-durant-lepidemie-covid-19";"https://www.data.gouv.fr/fr/datasets/donnees-de-laboratoires-infra-departementales-durant-lepidemie-covid-19/";"Santé publique France";"5e721a395d57f93d0bed451f";"Licence Ouverte / Open Licence version 2.0";False;"9fd92bb4-d9a8-435b-a6e0-0e1a20823c16";"https://static.data.gouv.fr/resources/donnees-de-laboratoires-infra-departementales-durant-lepidemie-covid-19/20201124-192125/sg-iris-opendata-2020-11-24-19h20.csv";"sg-iris-opendata-2020-11-24-19h20.csv";"";"file";"csv";"text/csv";140530676;"sha1";"e6b5a5569ca2a2c8a4f77969a533e6ad10e343e6";"2020-11-24T19:21:31.836000";"2020-11-24T19:21:32.096000";0
"5f8fe1290de5138270132602";"Données de laboratoires infra-départementales durant l'épidémie COVID-19";"donnees-de-laboratoires-infra-departementales-durant-lepidemie-covid-19";"https://www.data.gouv.fr/fr/datasets/donnees-de-laboratoires-infra-departementales-durant-lepidemie-covid-19/";"Santé publique France";"5e721a395d57f93d0bed451f";"Licence Ouverte / Open Licence version 2.0";False;"7aa957b7-79dc-4ee1-8970-46fe929aa344";"https://static.data.gouv.fr/resources/donnees-de-laboratoires-infra-departementales-durant-lepidemie-covid-19/20201124-192038/sg-epci-opendata-2020-11-24-19h20.csv";"sg-epci-opendata-2020-11-24-19h20.csv";"";"file";"csv";"text/csv";3682634;"sha1";"d9a318d413417627939b47bef2854a500f4f378d";"2020-11-24T19:20:38.356000";"2020-11-24T19:20:38.630000";0
"5f8fe1290de5138270132602";"Données de laboratoires infra-départementales durant l'épidémie COVID-19";"donnees-de-laboratoires-infra-departementales-durant-lepidemie-covid-19";"https://www.data.gouv.fr/fr/datasets/donnees-de-laboratoires-infra-departementales-durant-lepidemie-covid-19/";"Santé publique France";"5e721a395d57f93d0bed451f";"Licence Ouverte / Open Licence version 2.0";False;"47d415b3-ada8-443d-a40b-1057a317e73b";"https://static.data.gouv.fr/resources/donnees-de-laboratoires-infra-departementales-durant-lepidemie-covid-19/20201124-192030/sg-com-opendata-2020-11-24-19h20.csv";"sg-com-opendata-2020-11-24-19h20.csv";"";"file";"csv";"text/csv";93064699;"sha1";"5b6c2a0b98a81bebf9495ec28074bf0d13e16cd2";"2020-11-24T19:20:34.940000";"2020-11-24T19:20:35.206000";0
"5f8fe1290de5138270132602";"Données de laboratoires infra-départementales durant l'épidémie COVID-19";"donnees-de-laboratoires-infra-departementales-durant-lepidemie-covid-19";"https://www.data.gouv.fr/fr/datasets/donnees-de-laboratoires-infra-departementales-durant-lepidemie-covid-19/";"Santé publique France";"5e721a395d57f93d0bed451f";"Licence Ouverte / Open Licence version 2.0";False;"3c920574-598e-4a3c-bf68-f0822305d431";"https://static.data.gouv.fr/resources/donnees-de-laboratoires-infra-departementales-durant-lepidemie-covid-19/20201123-192123/sg-iris-opendata-2020-11-23-19h20.csv";"sg-iris-opendata-2020-11-23-19h20.csv";"";"file";"csv";"text/csv";140705151;"sha1";"07207694eae2ce0fff144d3fee73bca65cf0a51f";"2020-11-23T19:21:29.809000";"2020-11-23T19:21:30.039000";0
"5f8fe1290de5138270132602";"Données de laboratoires infra-départementales durant l'épidémie COVID-19";"donnees-de-laboratoires-infra-departementales-durant-lepidemie-covid-19";"https://www.data.gouv.fr/fr/datasets/donnees-de-laboratoires-infra-departementales-durant-lepidemie-covid-19/";"Santé publique France";"5e721a395d57f93d0bed451f";"Licence Ouverte / Open Licence version 2.0";False;"8d268403-241f-40ca-9e8d-d10143be960e";"https://static.data.gouv.fr/resources/donnees-de-laboratoires-infra-departementales-durant-lepidemie-covid-19/20201123-192038/sg-epci-opendata-2020-11-23-19h20.csv";"sg-epci-opendata-2020-11-23-19h20.csv";"";"file";"csv";"text/csv";3685880;"sha1";"5024664b17c9496e228aaf2f7520442b3cef6ffe";"2020-11-23T19:20:38.618000";"2020-11-23T19:20:38.893000";0
"5f8fe1290de5138270132602";"Données de laboratoires infra-départementales durant l'épidémie COVID-19";"donnees-de-laboratoires-infra-departementales-durant-lepidemie-covid-19";"https://www.data.gouv.fr/fr/datasets/donnees-de-laboratoires-infra-departementales-durant-lepidemie-covid-19/";"Santé publique France";"5e721a395d57f93d0bed451f";"Licence Ouverte / Open Licence version 2.0";False;"553fba40-508e-488a-8037-452c2a53640d";"https://static.data.gouv.fr/resources/donnees-de-laboratoires-infra-departementales-durant-lepidemie-covid-19/20201123-192030/sg-com-opendata-2020-11-23-19h20.csv";"sg-com-opendata-2020-11-23-19h20.csv";"";"file";"csv";"text/csv";93174833;"sha1";"0008b9b0c57c06165e27b62fc1f85ddc9d21d40c";"2020-11-23T19:20:35.115000";"2020-11-23T19:20:35.445000";0
"5f8fe1290de5138270132602";"Données de laboratoires infra-départementales durant l'épidémie COVID-19";"donnees-de-laboratoires-infra-departementales-durant-lepidemie-covid-19";"https://www.data.gouv.fr/fr/datasets/donnees-de-laboratoires-infra-departementales-durant-lepidemie-covid-19/";"Santé publique France";"5e721a395d57f93d0bed451f";"Licence Ouverte / Open Licence version 2.0";False;"52a39d0a-955d-4213-9b2b-0bc5b8a2f2b3";"https://static.data.gouv.fr/resources/donnees-de-laboratoires-infra-departementales-durant-lepidemie-covid-19/20201122-192122/sg-iris-opendata-2020-11-22-19h20.csv";"sg-iris-opendata-2020-11-22-19h20.csv";"";"file";"csv";"text/csv";140868092;"sha1";"f5b97fe6afc80b143856b4041cb803e84bee5a67";"2020-11-22T19:21:28.910000";"2020-11-22T19:21:29.218000";0
"5f8fe1290de5138270132602";"Données de laboratoires infra-départementales durant l'épidémie COVID-19";"donnees-de-laboratoires-infra-departementales-durant-lepidemie-covid-19";"https://www.data.gouv.fr/fr/datasets/donnees-de-laboratoires-infra-departementales-durant-lepidemie-covid-19/";"Santé publique France";"5e721a395d57f93d0bed451f";"Licence Ouverte / Open Licence version 2.0";False;"db464a43-4e2e-4d0b-b593-b3d71261c0ba";"https://static.data.gouv.fr/resources/donnees-de-laboratoires-infra-departementales-durant-lepidemie-covid-19/20201122-192037/sg-epci-opendata-2020-11-22-19h20.csv";"sg-epci-opendata-2020-11-22-19h20.csv";"";"file";"csv";"text/csv";3688953;"sha1";"608143d7e267be39822583e18ba2efc8386fed70";"2020-11-22T19:20:38.201000";"2020-11-22T19:20:38.429000";0
"5f8fe1290de5138270132602";"Données de laboratoires infra-départementales durant l'épidémie COVID-19";"donnees-de-laboratoires-infra-departementales-durant-lepidemie-covid-19";"https://www.data.gouv.fr/fr/datasets/donnees-de-laboratoires-infra-departementales-durant-lepidemie-covid-19/";"Santé publique France";"5e721a395d57f93d0bed451f";"Licence Ouverte / Open Licence version 2.0";False;"a4edfecf-cb3e-4b3c-8749-cea985dfb946";"https://static.data.gouv.fr/resources/donnees-de-laboratoires-infra-departementales-durant-lepidemie-covid-19/20201122-192030/sg-com-opendata-2020-11-22-19h20.csv";"sg-com-opendata-2020-11-22-19h20.csv";"";"file";"csv";"text/csv";93275654;"sha1";"a5dd1d65e517d0f170254d0f4306f4cca9a1bfd8";"2020-11-22T19:20:35.018000";"2020-11-22T19:20:35.251000";0
"5f8fe1290de5138270132602";"Données de laboratoires infra-départementales durant l'épidémie COVID-19";"donnees-de-laboratoires-infra-departementales-durant-lepidemie-covid-19";"https://www.data.gouv.fr/fr/datasets/donnees-de-laboratoires-infra-departementales-durant-lepidemie-covid-19/";"Santé publique France";"5e721a395d57f93d0bed451f";"Licence Ouverte / Open Licence version 2.0";False;"bc429c6d-1ded-4b6b-a0d6-1bf67f9eb875";"https://static.data.gouv.fr/resources/donnees-de-laboratoires-infra-departementales-durant-lepidemie-covid-19/20201121-192124/sg-iris-opendata-2020-11-21-19h20.csv";"sg-iris-opendata-2020-11-21-19h20.csv";"";"file";"csv";"text/csv";140989457;"sha1";"46d9042d650d5936582af70ed49cfd5919576cc1";"2020-11-21T19:21:31.094000";"2020-11-21T19:21:31.294000";0
"5f8fe1290de5138270132602";"Données de laboratoires infra-départementales durant l'épidémie COVID-19";"donnees-de-laboratoires-infra-departementales-durant-lepidemie-covid-19";"https://www.data.gouv.fr/fr/datasets/donnees-de-laboratoires-infra-departementales-durant-lepidemie-covid-19/";"Santé publique France";"5e721a395d57f93d0bed451f";"Licence Ouverte / Open Licence version 2.0";False;"b41145bc-140b-498c-bad2-058141ef7cea";"https://static.data.gouv.fr/resources/donnees-de-laboratoires-infra-departementales-durant-lepidemie-covid-19/20201121-192038/sg-epci-opendata-2020-11-21-19h20.csv";"sg-epci-opendata-2020-11-21-19h20.csv";"";"file";"csv";"text/csv";3691076;"sha1";"245b4230df7fd61f060ea82774676cf1633b76e9";"2020-11-21T19:20:38.655000";"2020-11-21T19:20:38.906000";0
"5f8fe1290de5138270132602";"Données de laboratoires infra-départementales durant l'épidémie COVID-19";"donnees-de-laboratoires-infra-departementales-durant-lepidemie-covid-19";"https://www.data.gouv.fr/fr/datasets/donnees-de-laboratoires-infra-departementales-durant-lepidemie-covid-19/";"Santé publique France";"5e721a395d57f93d0bed451f";"Licence Ouverte / Open Licence version 2.0";False;"350eea8b-e476-4af8-a15f-3920e1367572";"https://static.data.gouv.fr/resources/donnees-de-laboratoires-infra-departementales-durant-lepidemie-covid-19/20201121-192031/sg-com-opendata-2020-11-21-19h20.csv";"sg-com-opendata-2020-11-21-19h20.csv";"";"file";"csv";"text/csv";93347758;"sha1";"21d6cca2e3dc61a83c20072fcc4b45573016be4b";"2020-11-21T19:20:35.469000";"2020-11-21T19:20:35.666000";0
"5f8fe1290de5138270132602";"Données de laboratoires infra-départementales durant l'épidémie COVID-19";"donnees-de-laboratoires-infra-departementales-durant-lepidemie-covid-19";"https://www.data.gouv.fr/fr/datasets/donnees-de-laboratoires-infra-departementales-durant-lepidemie-covid-19/";"Santé publique France";"5e721a395d57f93d0bed451f";"Licence Ouverte / Open Licence version 2.0";False;"4ebe931c-9ab7-4371-85a9-d88699705777";"https://static.data.gouv.fr/resources/donnees-de-laboratoires-infra-departementales-durant-lepidemie-covid-19/20201120-195210/sg-iris-opendata-2020-11-20-19h51.csv";"sg-iris-opendata-2020-11-20-19h51.csv";"";"file";"csv";"text/csv";141060658;"sha1";"2efdad58d5530470abedabbe0a0a29b70ffddfc9";"2020-11-20T19:52:17.078000";"2020-11-20T19:52:17.328000";0
"5f8fe1290de5138270132602";"Données de laboratoires infra-départementales durant l'épidémie COVID-19";"donnees-de-laboratoires-infra-departementales-durant-lepidemie-covid-19";"https://www.data.gouv.fr/fr/datasets/donnees-de-laboratoires-infra-departementales-durant-lepidemie-covid-19/";"Santé publique France";"5e721a395d57f93d0bed451f";"Licence Ouverte / Open Licence version 2.0";False;"255f4f9c-c784-4021-b1f3-217c2b1f3973";"https://static.data.gouv.fr/resources/donnees-de-laboratoires-infra-departementales-durant-lepidemie-covid-19/20201120-192038/sg-epci-opendata-2020-11-20-19h20.csv";"sg-epci-opendata-2020-11-20-19h20.csv";"";"file";"csv";"text/csv";3692150;"sha1";"bf6d37c12be651a9aa548134fd2d47578909f84f";"2020-11-20T19:20:38.960000";"2020-11-20T19:20:39.221000";0
"5f8fe1290de5138270132602";"Données de laboratoires infra-départementales durant l'épidémie COVID-19";"donnees-de-laboratoires-infra-departementales-durant-lepidemie-covid-19";"https://www.data.gouv.fr/fr/datasets/donnees-de-laboratoires-infra-departementales-durant-lepidemie-covid-19/";"Santé publique France";"5e721a395d57f93d0bed451f";"Licence Ouverte / Open Licence version 2.0";False;"053573e5-a750-4b9e-8a7e-cbd5849172a0";"https://static.data.gouv.fr/resources/donnees-de-laboratoires-infra-departementales-durant-lepidemie-covid-19/20201120-192031/sg-com-opendata-2020-11-20-19h20.csv";"sg-com-opendata-2020-11-20-19h20.csv";"";"file";"csv";"text/csv";93385197;"sha1";"52c0a7f782f8a5a33a5511bf112c9e8f5b170e27";"2020-11-20T19:20:35.545000";"2020-11-20T19:20:35.797000";0
"5f8fe1290de5138270132602";"Données de laboratoires infra-départementales durant l'épidémie COVID-19";"donnees-de-laboratoires-infra-departementales-durant-lepidemie-covid-19";"https://www.data.gouv.fr/fr/datasets/donnees-de-laboratoires-infra-departementales-durant-lepidemie-covid-19/";"Santé publique France";"5e721a395d57f93d0bed451f";"Licence Ouverte / Open Licence version 2.0";False;"331e42df-c11e-4e49-8b52-de847c9b9165";"https://static.data.gouv.fr/resources/donnees-de-laboratoires-infra-departementales-durant-lepidemie-covid-19/20201119-192126/sg-iris-opendata-2020-11-19-19h20.csv";"sg-iris-opendata-2020-11-19-19h20.csv";"";"file";"csv";"text/csv";141123182;"sha1";"37d52f644ab9a0964f2f40797f9622c5e3b6c50c";"2020-11-19T19:21:33.078000";"2020-11-19T19:21:33.335000";0
"5f8fe1290de5138270132602";"Données de laboratoires infra-départementales durant l'épidémie COVID-19";"donnees-de-laboratoires-infra-departementales-durant-lepidemie-covid-19";"https://www.data.gouv.fr/fr/datasets/donnees-de-laboratoires-infra-departementales-durant-lepidemie-covid-19/";"Santé publique France";"5e721a395d57f93d0bed451f";"Licence Ouverte / Open Licence version 2.0";False;"00817bdd-1660-458b-9049-bc897d4f50a8";"https://static.data.gouv.fr/resources/donnees-de-laboratoires-infra-departementales-durant-lepidemie-covid-19/20201119-192038/sg-epci-opendata-2020-11-19-19h20.csv";"sg-epci-opendata-2020-11-19-19h20.csv";"";"file";"csv";"text/csv";3693075;"sha1";"9ddce3580f14d432e04a64c54d83e0bdafb2dac0";"2020-11-19T19:20:38.759000";"2020-11-19T19:20:39.015000";0
"5f8fe1290de5138270132602";"Données de laboratoires infra-départementales durant l'épidémie COVID-19";"donnees-de-laboratoires-infra-departementales-durant-lepidemie-covid-19";"https://www.data.gouv.fr/fr/datasets/donnees-de-laboratoires-infra-departementales-durant-lepidemie-covid-19/";"Santé publique France";"5e721a395d57f93d0bed451f";"Licence Ouverte / Open Licence version 2.0";False;"950b1edb-e45e-4cab-9ff2-42d6f6f0647a";"https://static.data.gouv.fr/resources/donnees-de-laboratoires-infra-departementales-durant-lepidemie-covid-19/20201118-192124/sg-iris-opendata-2020-11-18-19h20.csv";"sg-iris-opendata-2020-11-18-19h20.csv";"";"file";"csv";"text/csv";141163647;"sha1";"167ec7ef24f9983d19fd5de00f61a5e516aadc7f";"2020-11-18T19:21:31.148000";"2020-11-18T19:21:31.399000";1
"5f8fe1290de5138270132602";"Données de laboratoires infra-départementales durant l'épidémie COVID-19";"donnees-de-laboratoires-infra-departementales-durant-lepidemie-covid-19";"https://www.data.gouv.fr/fr/datasets/donnees-de-laboratoires-infra-departementales-durant-lepidemie-covid-19/";"Santé publique France";"5e721a395d57f93d0bed451f";"Licence Ouverte / Open Licence version 2.0";False;"a46d34ed-939b-4082-b267-3b6169d565e2";"https://static.data.gouv.fr/resources/donnees-de-laboratoires-infra-departementales-durant-lepidemie-covid-19/20201118-192038/sg-epci-opendata-2020-11-18-19h20.csv";"sg-epci-opendata-2020-11-18-19h20.csv";"";"file";"csv";"text/csv";3693470;"sha1";"0a3d770b6b7cc4fae659701c76091a7930274934";"2020-11-18T19:20:38.955000";"2020-11-18T19:20:39.132000";1
"5f8fe1290de5138270132602";"Données de laboratoires infra-départementales durant l'épidémie COVID-19";"donnees-de-laboratoires-infra-departementales-durant-lepidemie-covid-19";"https://www.data.gouv.fr/fr/datasets/donnees-de-laboratoires-infra-departementales-durant-lepidemie-covid-19/";"Santé publique France";"5e721a395d57f93d0bed451f";"Licence Ouverte / Open Licence version 2.0";False;"740cc605-90f6-4e3d-b1fc-5d0666364365";"https://static.data.gouv.fr/resources/donnees-de-laboratoires-infra-departementales-durant-lepidemie-covid-19/20201118-192031/sg-com-opendata-2020-11-18-19h20.csv";"sg-com-opendata-2020-11-18-19h20.csv";"";"file";"csv";"text/csv";93429435;"sha1";"0578fd5cbe6aac200471ce0e8340459be7d7e85b";"2020-11-18T19:20:35.604000";"2020-11-18T19:20:35.883000";1
"5f8fe1290de5138270132602";"Données de laboratoires infra-départementales durant l'épidémie COVID-19";"donnees-de-laboratoires-infra-departementales-durant-lepidemie-covid-19";"https://www.data.gouv.fr/fr/datasets/donnees-de-laboratoires-infra-departementales-durant-lepidemie-covid-19/";"Santé publique France";"5e721a395d57f93d0bed451f";"Licence Ouverte / Open Licence version 2.0";False;"a6bba7dc-84b2-43cc-b92a-66cda8860291";"https://static.data.gouv.fr/resources/donnees-de-laboratoires-infra-departementales-durant-lepidemie-covid-19/20201117-192125/sg-iris-opendata-2020-11-17-19h20.csv";"sg-iris-opendata-2020-11-17-19h20.csv";"";"file";"csv";"text/csv";141167292;"sha1";"a7abb4d53cfad42c7ffb3c7eaa3495c4d8a8cf1c";"2020-11-17T19:21:32.117000";"2020-11-17T19:21:32.573000";1
"5f8fe1290de5138270132602";"Données de laboratoires infra-départementales durant l'épidémie COVID-19";"donnees-de-laboratoires-infra-departementales-durant-lepidemie-covid-19";"https://www.data.gouv.fr/fr/datasets/donnees-de-laboratoires-infra-departementales-durant-lepidemie-covid-19/";"Santé publique France";"5e721a395d57f93d0bed451f";"Licence Ouverte / Open Licence version 2.0";False;"441a30cb-c9f8-46f3-a669-d208b33d84ff";"https://static.data.gouv.fr/resources/donnees-de-laboratoires-infra-departementales-durant-lepidemie-covid-19/20201117-192038/sg-epci-opendata-2020-11-17-19h20.csv";"sg-epci-opendata-2020-11-17-19h20.csv";"";"file";"csv";"text/csv";3693138;"sha1";"663d9d2c7411eb2bcd9356ba7b7f45da13255e00";"2020-11-17T19:20:39.204000";"2020-11-17T19:20:39.424000";0
"5f8fe1290de5138270132602";"Données de laboratoires infra-départementales durant l'épidémie COVID-19";"donnees-de-laboratoires-infra-departementales-durant-lepidemie-covid-19";"https://www.data.gouv.fr/fr/datasets/donnees-de-laboratoires-infra-departementales-durant-lepidemie-covid-19/";"Santé publique France";"5e721a395d57f93d0bed451f";"Licence Ouverte / Open Licence version 2.0";False;"7ef31697-003f-4dce-8abe-51bb0d4d411b";"https://static.data.gouv.fr/resources/donnees-de-laboratoires-infra-departementales-durant-lepidemie-covid-19/20201117-192031/sg-com-opendata-2020-11-17-19h20.csv";"sg-com-opendata-2020-11-17-19h20.csv";"";"file";"csv";"text/csv";93419062;"sha1";"5145a615d77d49cac98f680577cfd98f5eaaf33e";"2020-11-17T19:20:35.978000";"2020-11-17T19:20:36.185000";0
"5f8fe1290de5138270132602";"Données de laboratoires infra-départementales durant l'épidémie COVID-19";"donnees-de-laboratoires-infra-departementales-durant-lepidemie-covid-19";"https://www.data.gouv.fr/fr/datasets/donnees-de-laboratoires-infra-departementales-durant-lepidemie-covid-19/";"Santé publique France";"5e721a395d57f93d0bed451f";"Licence Ouverte / Open Licence version 2.0";False;"af6e281f-8432-4c9c-9f1e-72ee809e96ec";"https://static.data.gouv.fr/resources/donnees-de-laboratoires-infra-departementales-durant-lepidemie-covid-19/20201116-193820/sg-iris-opendata-2020-11-16-19h36.csv";"sg-iris-opendata-2020-11-16-19h36.csv";"";"file";"csv";"text/csv";141150845;"sha1";"c5987eb6d63d53a9a84ff6bff23f6a15d94a013f";"2020-11-16T19:38:26.887000";"2020-11-16T19:38:27.235000";0
"5f8fe1290de5138270132602";"Données de laboratoires infra-départementales durant l'épidémie COVID-19";"donnees-de-laboratoires-infra-departementales-durant-lepidemie-covid-19";"https://www.data.gouv.fr/fr/datasets/donnees-de-laboratoires-infra-departementales-durant-lepidemie-covid-19/";"Santé publique France";"5e721a395d57f93d0bed451f";"Licence Ouverte / Open Licence version 2.0";False;"95eebd9e-18d5-4916-94dd-876decfda967";"https://static.data.gouv.fr/resources/donnees-de-laboratoires-infra-departementales-durant-lepidemie-covid-19/20201116-193734/sg-epci-opendata-2020-11-16-19h36.csv";"sg-epci-opendata-2020-11-16-19h36.csv";"";"file";"csv";"text/csv";3692281;"sha1";"4b78d32e09232892d8b80a279562db757bd801d8";"2020-11-16T19:37:34.794000";"2020-11-16T19:37:35.038000";0
"5f8fe1290de5138270132602";"Données de laboratoires infra-départementales durant l'épidémie COVID-19";"donnees-de-laboratoires-infra-departementales-durant-lepidemie-covid-19";"https://www.data.gouv.fr/fr/datasets/donnees-de-laboratoires-infra-departementales-durant-lepidemie-covid-19/";"Santé publique France";"5e721a395d57f93d0bed451f";"Licence Ouverte / Open Licence version 2.0";False;"93c3be28-8d19-4f3d-b492-7d93327b8ea7";"https://static.data.gouv.fr/resources/donnees-de-laboratoires-infra-departementales-durant-lepidemie-covid-19/20201116-193727/sg-com-opendata-2020-11-16-19h36.csv";"sg-com-opendata-2020-11-16-19h36.csv";"";"file";"csv";"text/csv";93394182;"sha1";"91e3eca78c3b99c6018250f905cca1dd935a75ac";"2020-11-16T19:37:31.580000";"2020-11-16T19:37:31.803000";0
"5f8fe1290de5138270132602";"Données de laboratoires infra-départementales durant l'épidémie COVID-19";"donnees-de-laboratoires-infra-departementales-durant-lepidemie-covid-19";"https://www.data.gouv.fr/fr/datasets/donnees-de-laboratoires-infra-departementales-durant-lepidemie-covid-19/";"Santé publique France";"5e721a395d57f93d0bed451f";"Licence Ouverte / Open Licence version 2.0";False;"e62a3d3e-9bf0-4b79-977b-d91d11eab271";"https://static.data.gouv.fr/resources/donnees-de-laboratoires-infra-departementales-durant-lepidemie-covid-19/20201115-200117/sg-iris-opendata-2020-11-15-19h59.csv";"sg-iris-opendata-2020-11-15-19h59.csv";"";"file";"csv";"text/csv";141113138;"sha1";"1fa3ca3fc0e663f075e10555c36e711ea3c93b17";"2020-11-15T20:01:24.335000";"2020-11-15T20:01:24.589000";0
"5f8fe1290de5138270132602";"Données de laboratoires infra-départementales durant l'épidémie COVID-19";"donnees-de-laboratoires-infra-departementales-durant-lepidemie-covid-19";"https://www.data.gouv.fr/fr/datasets/donnees-de-laboratoires-infra-departementales-durant-lepidemie-covid-19/";"Santé publique France";"5e721a395d57f93d0bed451f";"Licence Ouverte / Open Licence version 2.0";False;"5c4093ba-91d4-4d23-99bd-e244f2f8e671";"https://static.data.gouv.fr/resources/donnees-de-laboratoires-infra-departementales-durant-lepidemie-covid-19/20201115-200031/sg-epci-opendata-2020-11-15-19h59.csv";"sg-epci-opendata-2020-11-15-19h59.csv";"";"file";"csv";"text/csv";3690965;"sha1";"6272c7673d78bd12b75cfe7a37d6e0b10b05515c";"2020-11-15T20:00:31.725000";"2020-11-15T20:00:31.879000";0
"5f8fe1290de5138270132602";"Données de laboratoires infra-départementales durant l'épidémie COVID-19";"donnees-de-laboratoires-infra-departementales-durant-lepidemie-covid-19";"https://www.data.gouv.fr/fr/datasets/donnees-de-laboratoires-infra-departementales-durant-lepidemie-covid-19/";"Santé publique France";"5e721a395d57f93d0bed451f";"Licence Ouverte / Open Licence version 2.0";False;"b9d307f0-d485-4a6a-b815-ec942ca993dd";"https://static.data.gouv.fr/resources/donnees-de-laboratoires-infra-departementales-durant-lepidemie-covid-19/20201115-200024/sg-com-opendata-2020-11-15-19h59.csv";"sg-com-opendata-2020-11-15-19h59.csv";"";"file";"csv";"text/csv";93354650;"sha1";"c7c207f16bbd946c7daa54c101cce933a4995dc5";"2020-11-15T20:00:28.533000";"2020-11-15T20:00:28.759000";0
"5f8fe1290de5138270132602";"Données de laboratoires infra-départementales durant l'épidémie COVID-19";"donnees-de-laboratoires-infra-departementales-durant-lepidemie-covid-19";"https://www.data.gouv.fr/fr/datasets/donnees-de-laboratoires-infra-departementales-durant-lepidemie-covid-19/";"Santé publique France";"5e721a395d57f93d0bed451f";"Licence Ouverte / Open Licence version 2.0";False;"e864f92d-d31e-4a56-8913-7211c071cf19";"https://static.data.gouv.fr/resources/donnees-de-laboratoires-infra-departementales-durant-lepidemie-covid-19/20201114-192122/sg-iris-opendata-2020-11-14-19h20.csv";"sg-iris-opendata-2020-11-14-19h20.csv";"";"file";"csv";"text/csv";141031296;"sha1";"6079660b9a3ff1909ca1333ad5f6a0ed3567f61f";"2020-11-14T19:21:29.385000";"2020-11-14T19:21:29.853000";0
"5f8fe1290de5138270132602";"Données de laboratoires infra-départementales durant l'épidémie COVID-19";"donnees-de-laboratoires-infra-departementales-durant-lepidemie-covid-19";"https://www.data.gouv.fr/fr/datasets/donnees-de-laboratoires-infra-departementales-durant-lepidemie-covid-19/";"Santé publique France";"5e721a395d57f93d0bed451f";"Licence Ouverte / Open Licence version 2.0";False;"398bb383-ead0-4c94-aed2-1fdc8eaaa582";"https://static.data.gouv.fr/resources/donnees-de-laboratoires-infra-departementales-durant-lepidemie-covid-19/20201114-192037/sg-epci-opendata-2020-11-14-19h20.csv";"sg-epci-opendata-2020-11-14-19h20.csv";"";"file";"csv";"text/csv";3688624;"sha1";"f7828ec7675db710022662ccc4a5a7810754270e";"2020-11-14T19:20:38.218000";"2020-11-14T19:20:38.420000";0
"5f8fe1290de5138270132602";"Données de laboratoires infra-départementales durant l'épidémie COVID-19";"donnees-de-laboratoires-infra-departementales-durant-lepidemie-covid-19";"https://www.data.gouv.fr/fr/datasets/donnees-de-laboratoires-infra-departementales-durant-lepidemie-covid-19/";"Santé publique France";"5e721a395d57f93d0bed451f";"Licence Ouverte / Open Licence version 2.0";False;"6274b0b0-53ad-488b-891a-db6d19613009";"https://static.data.gouv.fr/resources/donnees-de-laboratoires-infra-departementales-durant-lepidemie-covid-19/20201114-192030/sg-com-opendata-2020-11-14-19h20.csv";"sg-com-opendata-2020-11-14-19h20.csv";"";"file";"csv";"text/csv";93284271;"sha1";"c6d079fbac13d1bee797a6f00dd482d0ee279b99";"2020-11-14T19:20:34.991000";"2020-11-14T19:20:35.255000";0
"5f8fe1290de5138270132602";"Données de laboratoires infra-départementales durant l'épidémie COVID-19";"donnees-de-laboratoires-infra-departementales-durant-lepidemie-covid-19";"https://www.data.gouv.fr/fr/datasets/donnees-de-laboratoires-infra-departementales-durant-lepidemie-covid-19/";"Santé publique France";"5e721a395d57f93d0bed451f";"Licence Ouverte / Open Licence version 2.0";False;"342a7f48-0582-44d6-b343-63ef2f24d2d9";"https://static.data.gouv.fr/resources/donnees-de-laboratoires-infra-departementales-durant-lepidemie-covid-19/20201113-192125/sg-iris-opendata-2020-11-13-19h20.csv";"sg-iris-opendata-2020-11-13-19h20.csv";"";"file";"csv";"text/csv";140916955;"sha1";"d17bc1ad4ca8e4680bbb889959d4961abc1047ce";"2020-11-13T19:21:31.907000";"2020-11-13T19:21:32.154000";0
"5f8fe1290de5138270132602";"Données de laboratoires infra-départementales durant l'épidémie COVID-19";"donnees-de-laboratoires-infra-departementales-durant-lepidemie-covid-19";"https://www.data.gouv.fr/fr/datasets/donnees-de-laboratoires-infra-departementales-durant-lepidemie-covid-19/";"Santé publique France";"5e721a395d57f93d0bed451f";"Licence Ouverte / Open Licence version 2.0";False;"44c3b8f7-360f-47e4-9224-47ea79df41b0";"https://static.data.gouv.fr/resources/donnees-de-laboratoires-infra-departementales-durant-lepidemie-covid-19/20201113-192040/sg-epci-opendata-2020-11-13-19h20.csv";"sg-epci-opendata-2020-11-13-19h20.csv";"";"file";"csv";"text/csv";3685298;"sha1";"af9cbdf9b7ca48a10f6c58e3f5cf7d2fb37fd366";"2020-11-13T19:20:40.567000";"2020-11-13T19:20:40.807000";0
"5f8fe1290de5138270132602";"Données de laboratoires infra-départementales durant l'épidémie COVID-19";"donnees-de-laboratoires-infra-departementales-durant-lepidemie-covid-19";"https://www.data.gouv.fr/fr/datasets/donnees-de-laboratoires-infra-departementales-durant-lepidemie-covid-19/";"Santé publique France";"5e721a395d57f93d0bed451f";"Licence Ouverte / Open Licence version 2.0";False;"6b77df97-713c-4aeb-b9e1-757aa085b09f";"https://static.data.gouv.fr/resources/donnees-de-laboratoires-infra-departementales-durant-lepidemie-covid-19/20201113-192032/sg-com-opendata-2020-11-13-19h20.csv";"sg-com-opendata-2020-11-13-19h20.csv";"";"file";"csv";"text/csv";93190183;"sha1";"3f8c982291d94ebcafdb2b2d84a456a0b52fd05a";"2020-11-13T19:20:37.298000";"2020-11-13T19:20:37.590000";0
"5f8fe1290de5138270132602";"Données de laboratoires infra-départementales durant l'épidémie COVID-19";"donnees-de-laboratoires-infra-departementales-durant-lepidemie-covid-19";"https://www.data.gouv.fr/fr/datasets/donnees-de-laboratoires-infra-departementales-durant-lepidemie-covid-19/";"Santé publique France";"5e721a395d57f93d0bed451f";"Licence Ouverte / Open Licence version 2.0";False;"db6d6bfe-bbcf-4182-b225-74bb1f5e598b";"https://static.data.gouv.fr/resources/donnees-de-laboratoires-infra-departementales-durant-lepidemie-covid-19/20201112-192122/sg-iris-opendata-2020-11-12-19h20.csv";"sg-iris-opendata-2020-11-12-19h20.csv";"";"file";"csv";"text/csv";140779207;"sha1";"4b8050fadaf09f49447439018378387bc8fb5afa";"2020-11-12T19:21:29.304000";"2020-11-12T19:21:29.631000";0
"5f8fe1290de5138270132602";"Données de laboratoires infra-départementales durant l'épidémie COVID-19";"donnees-de-laboratoires-infra-departementales-durant-lepidemie-covid-19";"https://www.data.gouv.fr/fr/datasets/donnees-de-laboratoires-infra-departementales-durant-lepidemie-covid-19/";"Santé publique France";"5e721a395d57f93d0bed451f";"Licence Ouverte / Open Licence version 2.0";False;"d6b978a8-3d2f-4f93-a319-787970b2e4b8";"https://static.data.gouv.fr/resources/donnees-de-laboratoires-infra-departementales-durant-lepidemie-covid-19/20201112-192037/sg-epci-opendata-2020-11-12-19h20.csv";"sg-epci-opendata-2020-11-12-19h20.csv";"";"file";"csv";"text/csv";3690028;"sha1";"99d301b9ab20ef8953ee24a5864efea6cf2d9324";"2020-11-12T19:20:37.777000";"2020-11-12T19:20:37.944000";0
"5f8fe1290de5138270132602";"Données de laboratoires infra-départementales durant l'épidémie COVID-19";"donnees-de-laboratoires-infra-departementales-durant-lepidemie-covid-19";"https://www.data.gouv.fr/fr/datasets/donnees-de-laboratoires-infra-departementales-durant-lepidemie-covid-19/";"Santé publique France";"5e721a395d57f93d0bed451f";"Licence Ouverte / Open Licence version 2.0";False;"060e6c39-bd34-4bd0-9286-5373cf9e6714";"https://static.data.gouv.fr/resources/donnees-de-laboratoires-infra-departementales-durant-lepidemie-covid-19/20201112-192029/sg-com-opendata-2020-11-12-19h20.csv";"sg-com-opendata-2020-11-12-19h20.csv";"";"file";"csv";"text/csv";92998529;"sha1";"a0881b48363116b0fada800da58aefeab36a8814";"2020-11-12T19:20:34.395000";"2020-11-12T19:20:34.611000";0
"5f8fe1290de5138270132602";"Données de laboratoires infra-départementales durant l'épidémie COVID-19";"donnees-de-laboratoires-infra-departementales-durant-lepidemie-covid-19";"https://www.data.gouv.fr/fr/datasets/donnees-de-laboratoires-infra-departementales-durant-lepidemie-covid-19/";"Santé publique France";"5e721a395d57f93d0bed451f";"Licence Ouverte / Open Licence version 2.0";False;"c11ae77d-a03f-479f-8b74-b5d95ad52469";"https://static.data.gouv.fr/resources/donnees-de-laboratoires-infra-departementales-durant-lepidemie-covid-19/20201111-192120/sg-iris-opendata-2020-11-11-19h20.csv";"sg-iris-opendata-2020-11-11-19h20.csv";"";"file";"csv";"text/csv";140600504;"sha1";"41be234d8db4cac603ce2413ea36cc75cc64a32b";"2020-11-11T19:21:27.100000";"2020-11-11T19:21:27.281000";0
"5f8fe1290de5138270132602";"Données de laboratoires infra-départementales durant l'épidémie COVID-19";"donnees-de-laboratoires-infra-departementales-durant-lepidemie-covid-19";"https://www.data.gouv.fr/fr/datasets/donnees-de-laboratoires-infra-departementales-durant-lepidemie-covid-19/";"Santé publique France";"5e721a395d57f93d0bed451f";"Licence Ouverte / Open Licence version 2.0";False;"adcb7a56-2802-4a6f-a3db-7661306d0f4c";"https://static.data.gouv.fr/resources/donnees-de-laboratoires-infra-departementales-durant-lepidemie-covid-19/20201111-192036/sg-epci-opendata-2020-11-11-19h20.csv";"sg-epci-opendata-2020-11-11-19h20.csv";"";"file";"csv";"text/csv";3685902;"sha1";"36c121d3ac67935ebefad956c08a939d15cf3c24";"2020-11-11T19:20:37.119000";"2020-11-11T19:20:37.326000";0
"5f8fe1290de5138270132602";"Données de laboratoires infra-départementales durant l'épidémie COVID-19";"donnees-de-laboratoires-infra-departementales-durant-lepidemie-covid-19";"https://www.data.gouv.fr/fr/datasets/donnees-de-laboratoires-infra-departementales-durant-lepidemie-covid-19/";"Santé publique France";"5e721a395d57f93d0bed451f";"Licence Ouverte / Open Licence version 2.0";False;"42efb30d-fe37-4f74-b637-6721c6829467";"https://static.data.gouv.fr/resources/donnees-de-laboratoires-infra-departementales-durant-lepidemie-covid-19/20201111-192029/sg-com-opendata-2020-11-11-19h20.csv";"sg-com-opendata-2020-11-11-19h20.csv";"";"file";"csv";"text/csv";92859942;"sha1";"5d43543648c1d9b8f7e1aef49f9db6057743eb85";"2020-11-11T19:20:33.936000";"2020-11-11T19:20:34.137000";0
"5f8fe1290de5138270132602";"Données de laboratoires infra-départementales durant l'épidémie COVID-19";"donnees-de-laboratoires-infra-departementales-durant-lepidemie-covid-19";"https://www.data.gouv.fr/fr/datasets/donnees-de-laboratoires-infra-departementales-durant-lepidemie-covid-19/";"Santé publique France";"5e721a395d57f93d0bed451f";"Licence Ouverte / Open Licence version 2.0";False;"15a9588c-6682-46ab-9d82-1e50f4c9e3ae";"https://static.data.gouv.fr/resources/donnees-de-laboratoires-infra-departementales-durant-lepidemie-covid-19/20201110-192122/sg-iris-opendata-2020-11-10-19h20.csv";"sg-iris-opendata-2020-11-10-19h20.csv";"";"file";"csv";"text/csv";140400624;"sha1";"135b8058b62e49daa35f1aee81fb966f2ba568e6";"2020-11-10T19:21:28.680000";"2020-11-10T19:21:28.868000";0
"5f8fe1290de5138270132602";"Données de laboratoires infra-départementales durant l'épidémie COVID-19";"donnees-de-laboratoires-infra-departementales-durant-lepidemie-covid-19";"https://www.data.gouv.fr/fr/datasets/donnees-de-laboratoires-infra-departementales-durant-lepidemie-covid-19/";"Santé publique France";"5e721a395d57f93d0bed451f";"Licence Ouverte / Open Licence version 2.0";False;"28c1ee43-0d3f-4a5a-802f-a04aa33897f3";"https://static.data.gouv.fr/resources/donnees-de-laboratoires-infra-departementales-durant-lepidemie-covid-19/20201110-192037/sg-epci-opendata-2020-11-10-19h20.csv";"sg-epci-opendata-2020-11-10-19h20.csv";"";"file";"csv";"text/csv";3681515;"sha1";"accfbb3ce152560feed70bdfabe4a4de6ce7f97a";"2020-11-10T19:20:38.030000";"2020-11-10T19:20:38.317000";0
"5f8fe1290de5138270132602";"Données de laboratoires infra-départementales durant l'épidémie COVID-19";"donnees-de-laboratoires-infra-departementales-durant-lepidemie-covid-19";"https://www.data.gouv.fr/fr/datasets/donnees-de-laboratoires-infra-departementales-durant-lepidemie-covid-19/";"Santé publique France";"5e721a395d57f93d0bed451f";"Licence Ouverte / Open Licence version 2.0";False;"f4742546-21f1-4b5a-83fc-b026b8f07b1d";"https://static.data.gouv.fr/resources/donnees-de-laboratoires-infra-departementales-durant-lepidemie-covid-19/20201110-192030/sg-com-opendata-2020-11-10-19h20.csv";"sg-com-opendata-2020-11-10-19h20.csv";"";"file";"csv";"text/csv";92706666;"sha1";"68782604549b0b0081db8d180c60ce64b499d94b";"2020-11-10T19:20:35.017000";"2020-11-10T19:20:35.176000";0
"5f8fe1290de5138270132602";"Données de laboratoires infra-départementales durant l'épidémie COVID-19";"donnees-de-laboratoires-infra-departementales-durant-lepidemie-covid-19";"https://www.data.gouv.fr/fr/datasets/donnees-de-laboratoires-infra-departementales-durant-lepidemie-covid-19/";"Santé publique France";"5e721a395d57f93d0bed451f";"Licence Ouverte / Open Licence version 2.0";False;"12ba17f8-4b1a-4d0d-bbd7-f52244191bc3";"https://static.data.gouv.fr/resources/donnees-de-laboratoires-infra-departementales-durant-lepidemie-covid-19/20201109-192125/sg-iris-opendata-2020-11-09-19h20.csv";"sg-iris-opendata-2020-11-09-19h20.csv";"";"file";"csv";"text/csv";140172240;"sha1";"3bb43fdf2549f2cf5af56f021249d81ec7a6e97a";"2020-11-09T19:21:31.761000";"2020-11-09T19:21:32.045000";0
"5f8fe1290de5138270132602";"Données de laboratoires infra-départementales durant l'épidémie COVID-19";"donnees-de-laboratoires-infra-departementales-durant-lepidemie-covid-19";"https://www.data.gouv.fr/fr/datasets/donnees-de-laboratoires-infra-departementales-durant-lepidemie-covid-19/";"Santé publique France";"5e721a395d57f93d0bed451f";"Licence Ouverte / Open Licence version 2.0";False;"60053a5f-a9d8-446b-a89c-831bb04cd878";"https://static.data.gouv.fr/resources/donnees-de-laboratoires-infra-departementales-durant-lepidemie-covid-19/20201109-192039/sg-epci-opendata-2020-11-09-19h20.csv";"sg-epci-opendata-2020-11-09-19h20.csv";"";"file";"csv";"text/csv";3676793;"sha1";"03ff010f6a9cac8db7014cc6ed32e1814e10a34a";"2020-11-09T19:20:40.118000";"2020-11-09T19:20:40.293000";0
"5f8fe1290de5138270132602";"Données de laboratoires infra-départementales durant l'épidémie COVID-19";"donnees-de-laboratoires-infra-departementales-durant-lepidemie-covid-19";"https://www.data.gouv.fr/fr/datasets/donnees-de-laboratoires-infra-departementales-durant-lepidemie-covid-19/";"Santé publique France";"5e721a395d57f93d0bed451f";"Licence Ouverte / Open Licence version 2.0";False;"b759ab60-8f0b-4d0a-a008-4892b66d7e5d";"https://static.data.gouv.fr/resources/donnees-de-laboratoires-infra-departementales-durant-lepidemie-covid-19/20201109-192032/sg-com-opendata-2020-11-09-19h20.csv";"sg-com-opendata-2020-11-09-19h20.csv";"";"file";"csv";"text/csv";92528901;"sha1";"00b92fc73cf02a58e92c31f7fc5a99d693dfa18c";"2020-11-09T19:20:36.874000";"2020-11-09T19:20:37.058000";0
"5f8fe1290de5138270132602";"Données de laboratoires infra-départementales durant l'épidémie COVID-19";"donnees-de-laboratoires-infra-departementales-durant-lepidemie-covid-19";"https://www.data.gouv.fr/fr/datasets/donnees-de-laboratoires-infra-departementales-durant-lepidemie-covid-19/";"Santé publique France";"5e721a395d57f93d0bed451f";"Licence Ouverte / Open Licence version 2.0";False;"0d7a84a0-4f5d-4117-8912-f7251d5be229";"https://static.data.gouv.fr/resources/donnees-de-laboratoires-infra-departementales-durant-lepidemie-covid-19/20201108-192125/sg-iris-opendata-2020-11-08-19h20.csv";"sg-iris-opendata-2020-11-08-19h20.csv";"";"file";"csv";"text/csv";139937169;"sha1";"0149f8b282c761cb17b82dd756546ef7a464a89e";"2020-11-08T19:21:32.082000";"2020-11-08T19:21:32.273000";0
"5f8fe1290de5138270132602";"Données de laboratoires infra-départementales durant l'épidémie COVID-19";"donnees-de-laboratoires-infra-departementales-durant-lepidemie-covid-19";"https://www.data.gouv.fr/fr/datasets/donnees-de-laboratoires-infra-departementales-durant-lepidemie-covid-19/";"Santé publique France";"5e721a395d57f93d0bed451f";"Licence Ouverte / Open Licence version 2.0";False;"a34e208e-d313-4b87-8a55-cd58a8f7dbe1";"https://static.data.gouv.fr/resources/donnees-de-laboratoires-infra-departementales-durant-lepidemie-covid-19/20201108-192037/sg-epci-opendata-2020-11-08-19h20.csv";"sg-epci-opendata-2020-11-08-19h20.csv";"";"file";"csv";"text/csv";3671641;"sha1";"e0c8548b71085266c0d444be14020064fd506f68";"2020-11-08T19:20:37.830000";"2020-11-08T19:20:37.997000";0
"5f8fe1290de5138270132602";"Données de laboratoires infra-départementales durant l'épidémie COVID-19";"donnees-de-laboratoires-infra-departementales-durant-lepidemie-covid-19";"https://www.data.gouv.fr/fr/datasets/donnees-de-laboratoires-infra-departementales-durant-lepidemie-covid-19/";"Santé publique France";"5e721a395d57f93d0bed451f";"Licence Ouverte / Open Licence version 2.0";False;"efd907e2-25cc-4d2a-97ed-292cd20feee9";"https://static.data.gouv.fr/resources/donnees-de-laboratoires-infra-departementales-durant-lepidemie-covid-19/20201108-192030/sg-com-opendata-2020-11-08-19h20.csv";"sg-com-opendata-2020-11-08-19h20.csv";"";"file";"csv";"text/csv";92348094;"sha1";"70e4d4dee14d72e9e9ca6c8dce739a0e5914b231";"2020-11-08T19:20:34.603000";"2020-11-08T19:20:34.833000";0
"5f8fe1290de5138270132602";"Données de laboratoires infra-départementales durant l'épidémie COVID-19";"donnees-de-laboratoires-infra-departementales-durant-lepidemie-covid-19";"https://www.data.gouv.fr/fr/datasets/donnees-de-laboratoires-infra-departementales-durant-lepidemie-covid-19/";"Santé publique France";"5e721a395d57f93d0bed451f";"Licence Ouverte / Open Licence version 2.0";False;"1e3edbf1-be47-4032-9bcd-5ed3b98f265a";"https://static.data.gouv.fr/resources/donnees-de-laboratoires-infra-departementales-durant-lepidemie-covid-19/20201107-192122/sg-iris-opendata-2020-11-07-19h20.csv";"sg-iris-opendata-2020-11-07-19h20.csv";"";"file";"csv";"text/csv";139684451;"sha1";"ea6bc0498583a4fd8d555ffa5233e76efcb46ea7";"2020-11-07T19:21:29.259000";"2020-11-07T19:21:29.562000";0
"5f8fe1290de5138270132602";"Données de laboratoires infra-départementales durant l'épidémie COVID-19";"donnees-de-laboratoires-infra-departementales-durant-lepidemie-covid-19";"https://www.data.gouv.fr/fr/datasets/donnees-de-laboratoires-infra-departementales-durant-lepidemie-covid-19/";"Santé publique France";"5e721a395d57f93d0bed451f";"Licence Ouverte / Open Licence version 2.0";False;"cdda08cd-eb90-4d65-8e88-049bfe35f819";"https://static.data.gouv.fr/resources/donnees-de-laboratoires-infra-departementales-durant-lepidemie-covid-19/20201107-192038/sg-epci-opendata-2020-11-07-19h20.csv";"sg-epci-opendata-2020-11-07-19h20.csv";"";"file";"csv";"text/csv";3665955;"sha1";"6f9f74ff388ed617404fdfce24123df6a112915f";"2020-11-07T19:20:38.330000";"2020-11-07T19:20:38.521000";0
"5f8fe1290de5138270132602";"Données de laboratoires infra-départementales durant l'épidémie COVID-19";"donnees-de-laboratoires-infra-departementales-durant-lepidemie-covid-19";"https://www.data.gouv.fr/fr/datasets/donnees-de-laboratoires-infra-departementales-durant-lepidemie-covid-19/";"Santé publique France";"5e721a395d57f93d0bed451f";"Licence Ouverte / Open Licence version 2.0";False;"10846088-5a17-44b3-8333-9bf6657f6a38";"https://static.data.gouv.fr/resources/donnees-de-laboratoires-infra-departementales-durant-lepidemie-covid-19/20201107-192030/sg-com-opendata-2020-11-07-19h20.csv";"sg-com-opendata-2020-11-07-19h20.csv";"";"file";"csv";"text/csv";92156730;"sha1";"1d0eff4579e20aaae723d700eb0d3a281f068690";"2020-11-07T19:20:35.021000";"2020-11-07T19:20:35.327000";0
"5f8fe1290de5138270132602";"Données de laboratoires infra-départementales durant l'épidémie COVID-19";"donnees-de-laboratoires-infra-departementales-durant-lepidemie-covid-19";"https://www.data.gouv.fr/fr/datasets/donnees-de-laboratoires-infra-departementales-durant-lepidemie-covid-19/";"Santé publique France";"5e721a395d57f93d0bed451f";"Licence Ouverte / Open Licence version 2.0";False;"2bb6e3ff-9a40-4a20-9144-7994c3e7c3d3";"https://static.data.gouv.fr/resources/donnees-de-laboratoires-infra-departementales-durant-lepidemie-covid-19/20201106-192124/sg-iris-opendata-2020-11-06-19h20.csv";"sg-iris-opendata-2020-11-06-19h20.csv";"";"file";"csv";"text/csv";139403443;"sha1";"8751aedaf24b6fc67db9a28b82ac5425f659bee6";"2020-11-06T19:21:31.351000";"2020-11-06T19:21:31.621000";0
"5f8fe1290de5138270132602";"Données de laboratoires infra-départementales durant l'épidémie COVID-19";"donnees-de-laboratoires-infra-departementales-durant-lepidemie-covid-19";"https://www.data.gouv.fr/fr/datasets/donnees-de-laboratoires-infra-departementales-durant-lepidemie-covid-19/";"Santé publique France";"5e721a395d57f93d0bed451f";"Licence Ouverte / Open Licence version 2.0";False;"3b8298c2-8251-45b5-b213-bfe4309bb46f";"https://static.data.gouv.fr/resources/donnees-de-laboratoires-infra-departementales-durant-lepidemie-covid-19/20201106-192040/sg-epci-opendata-2020-11-06-19h20.csv";"sg-epci-opendata-2020-11-06-19h20.csv";"";"file";"csv";"text/csv";3659473;"sha1";"4419811b941e0de52dcf399a954610453ef4ace4";"2020-11-06T19:20:40.621000";"2020-11-06T19:20:40.807000";0
"5f8fe1290de5138270132602";"Données de laboratoires infra-départementales durant l'épidémie COVID-19";"donnees-de-laboratoires-infra-departementales-durant-lepidemie-covid-19";"https://www.data.gouv.fr/fr/datasets/donnees-de-laboratoires-infra-departementales-durant-lepidemie-covid-19/";"Santé publique France";"5e721a395d57f93d0bed451f";"Licence Ouverte / Open Licence version 2.0";False;"09b9a2c4-3612-4c80-8587-c7fecb0f1eeb";"https://static.data.gouv.fr/resources/donnees-de-laboratoires-infra-departementales-durant-lepidemie-covid-19/20201106-192033/sg-com-opendata-2020-11-06-19h20.csv";"sg-com-opendata-2020-11-06-19h20.csv";"";"file";"csv";"text/csv";91946635;"sha1";"afbc338fd372f5afe37bb8e5190d98c3844a9fa7";"2020-11-06T19:20:37.499000";"2020-11-06T19:20:37.760000";0
"5f8fe1290de5138270132602";"Données de laboratoires infra-départementales durant l'épidémie COVID-19";"donnees-de-laboratoires-infra-departementales-durant-lepidemie-covid-19";"https://www.data.gouv.fr/fr/datasets/donnees-de-laboratoires-infra-departementales-durant-lepidemie-covid-19/";"Santé publique France";"5e721a395d57f93d0bed451f";"Licence Ouverte / Open Licence version 2.0";False;"2c81a702-9b09-42bd-9a96-5c98e38f90e0";"https://static.data.gouv.fr/resources/donnees-de-laboratoires-infra-departementales-durant-lepidemie-covid-19/20201105-192123/sg-iris-opendata-2020-11-05-19h20.csv";"sg-iris-opendata-2020-11-05-19h20.csv";"";"file";"csv";"text/csv";139113224;"sha1";"187b1927b5e2ff48025c96c068b6506d8fbeb4cf";"2020-11-05T19:21:29.499000";"2020-11-05T19:21:29.778000";0
"5f8fe1290de5138270132602";"Données de laboratoires infra-départementales durant l'épidémie COVID-19";"donnees-de-laboratoires-infra-departementales-durant-lepidemie-covid-19";"https://www.data.gouv.fr/fr/datasets/donnees-de-laboratoires-infra-departementales-durant-lepidemie-covid-19/";"Santé publique France";"5e721a395d57f93d0bed451f";"Licence Ouverte / Open Licence version 2.0";False;"635ddd4b-584b-4b11-9a36-1c89c55c67ae";"https://static.data.gouv.fr/resources/donnees-de-laboratoires-infra-departementales-durant-lepidemie-covid-19/20201105-192038/sg-epci-opendata-2020-11-05-19h20.csv";"sg-epci-opendata-2020-11-05-19h20.csv";"";"file";"csv";"text/csv";3652357;"sha1";"6869b76112668110e709d1bb57fc52729c254ab6";"2020-11-05T19:20:38.590000";"2020-11-05T19:20:38.796000";0
"5f8fe1290de5138270132602";"Données de laboratoires infra-départementales durant l'épidémie COVID-19";"donnees-de-laboratoires-infra-departementales-durant-lepidemie-covid-19";"https://www.data.gouv.fr/fr/datasets/donnees-de-laboratoires-infra-departementales-durant-lepidemie-covid-19/";"Santé publique France";"5e721a395d57f93d0bed451f";"Licence Ouverte / Open Licence version 2.0";False;"c29cc86d-f81b-4c9b-a25e-ba908fbc8f1d";"https://static.data.gouv.fr/resources/donnees-de-laboratoires-infra-departementales-durant-lepidemie-covid-19/20201105-192030/sg-com-opendata-2020-11-05-19h20.csv";"sg-com-opendata-2020-11-05-19h20.csv";"";"file";"csv";"text/csv";91729965;"sha1";"0601f116d498fb3084e87d2c2b5f08bd044ccfa1";"2020-11-05T19:20:35.178000";"2020-11-05T19:20:35.438000";0
"5f8fe1290de5138270132602";"Données de laboratoires infra-départementales durant l'épidémie COVID-19";"donnees-de-laboratoires-infra-departementales-durant-lepidemie-covid-19";"https://www.data.gouv.fr/fr/datasets/donnees-de-laboratoires-infra-departementales-durant-lepidemie-covid-19/";"Santé publique France";"5e721a395d57f93d0bed451f";"Licence Ouverte / Open Licence version 2.0";False;"866353fa-3184-4077-9561-07159c7c3177";"https://static.data.gouv.fr/resources/donnees-de-laboratoires-infra-departementales-durant-lepidemie-covid-19/20201104-192120/sg-iris-opendata-2020-11-04-19h20.csv";"sg-iris-opendata-2020-11-04-19h20.csv";"";"file";"csv";"text/csv";138831888;"sha1";"9a33f437151bb494c7cc350581435fdffc4a3a97";"2020-11-04T19:21:27.759000";"2020-11-04T19:21:27.922000";0
"5f8fe1290de5138270132602";"Données de laboratoires infra-départementales durant l'épidémie COVID-19";"donnees-de-laboratoires-infra-departementales-durant-lepidemie-covid-19";"https://www.data.gouv.fr/fr/datasets/donnees-de-laboratoires-infra-departementales-durant-lepidemie-covid-19/";"Santé publique France";"5e721a395d57f93d0bed451f";"Licence Ouverte / Open Licence version 2.0";False;"a8df2d20-ff98-47fb-9d68-e7ab4ee30a7c";"https://static.data.gouv.fr/resources/donnees-de-laboratoires-infra-departementales-durant-lepidemie-covid-19/20201104-192036/sg-epci-opendata-2020-11-04-19h20.csv";"sg-epci-opendata-2020-11-04-19h20.csv";"";"file";"csv";"text/csv";3645417;"sha1";"9ea7c10b08a7f16ed20473150e724185688fa987";"2020-11-04T19:20:37.248000";"2020-11-04T19:20:37.544000";0
"5f8fe1290de5138270132602";"Données de laboratoires infra-départementales durant l'épidémie COVID-19";"donnees-de-laboratoires-infra-departementales-durant-lepidemie-covid-19";"https://www.data.gouv.fr/fr/datasets/donnees-de-laboratoires-infra-departementales-durant-lepidemie-covid-19/";"Santé publique France";"5e721a395d57f93d0bed451f";"Licence Ouverte / Open Licence version 2.0";False;"782e6b72-398a-443e-b1b6-3597ce4f210f";"https://static.data.gouv.fr/resources/donnees-de-laboratoires-infra-departementales-durant-lepidemie-covid-19/20201104-192029/sg-com-opendata-2020-11-04-19h20.csv";"sg-com-opendata-2020-11-04-19h20.csv";"";"file";"csv";"text/csv";91521843;"sha1";"5598bad6a1433e15711a844032950bb0044b16da";"2020-11-04T19:20:34.205000";"2020-11-04T19:20:34.419000";0
"5f8fe1290de5138270132602";"Données de laboratoires infra-départementales durant l'épidémie COVID-19";"donnees-de-laboratoires-infra-departementales-durant-lepidemie-covid-19";"https://www.data.gouv.fr/fr/datasets/donnees-de-laboratoires-infra-departementales-durant-lepidemie-covid-19/";"Santé publique France";"5e721a395d57f93d0bed451f";"Licence Ouverte / Open Licence version 2.0";False;"45cded41-d8f5-4e60-ad05-3855e2af6af2";"https://static.data.gouv.fr/resources/donnees-de-laboratoires-infra-departementales-durant-lepidemie-covid-19/20201103-192123/sg-iris-opendata-2020-11-03-19h20.csv";"sg-iris-opendata-2020-11-03-19h20.csv";"";"file";"csv";"text/csv";138536602;"sha1";"4696d831790cb1b27e0a2dbbb37d3072ce3a5b21";"2020-11-03T19:21:30.400000";"2020-11-03T19:21:30.730000";0
"5f8fe1290de5138270132602";"Données de laboratoires infra-départementales durant l'épidémie COVID-19";"donnees-de-laboratoires-infra-departementales-durant-lepidemie-covid-19";"https://www.data.gouv.fr/fr/datasets/donnees-de-laboratoires-infra-departementales-durant-lepidemie-covid-19/";"Santé publique France";"5e721a395d57f93d0bed451f";"Licence Ouverte / Open Licence version 2.0";False;"225cf510-0d34-4471-88ef-84b541ea1aaa";"https://static.data.gouv.fr/resources/donnees-de-laboratoires-infra-departementales-durant-lepidemie-covid-19/20201103-192037/sg-epci-opendata-2020-11-03-19h20.csv";"sg-epci-opendata-2020-11-03-19h20.csv";"";"file";"csv";"text/csv";3638090;"sha1";"36aa6f65e099e5b7aba354b4cb0c2e07a8a262bb";"2020-11-03T19:20:38.246000";"2020-11-03T19:20:38.444000";1
"5f8fe1290de5138270132602";"Données de laboratoires infra-départementales durant l'épidémie COVID-19";"donnees-de-laboratoires-infra-departementales-durant-lepidemie-covid-19";"https://www.data.gouv.fr/fr/datasets/donnees-de-laboratoires-infra-departementales-durant-lepidemie-covid-19/";"Santé publique France";"5e721a395d57f93d0bed451f";"Licence Ouverte / Open Licence version 2.0";False;"cd8c5c88-c5fd-4338-adfb-4490e19e15f9";"https://static.data.gouv.fr/resources/donnees-de-laboratoires-infra-departementales-durant-lepidemie-covid-19/20201103-192030/sg-com-opendata-2020-11-03-19h20.csv";"sg-com-opendata-2020-11-03-19h20.csv";"";"file";"csv";"text/csv";91301870;"sha1";"94e2359a1aa02b4e5fca7b50670777ccb2bbeb45";"2020-11-03T19:20:35.096000";"2020-11-03T19:20:35.269000";0
"5f8fe1290de5138270132602";"Données de laboratoires infra-départementales durant l'épidémie COVID-19";"donnees-de-laboratoires-infra-departementales-durant-lepidemie-covid-19";"https://www.data.gouv.fr/fr/datasets/donnees-de-laboratoires-infra-departementales-durant-lepidemie-covid-19/";"Santé publique France";"5e721a395d57f93d0bed451f";"Licence Ouverte / Open Licence version 2.0";False;"6bf7baee-7db0-4c8b-974f-fde9e2602fae";"https://static.data.gouv.fr/resources/donnees-de-laboratoires-infra-departementales-durant-lepidemie-covid-19/20201102-192125/sg-iris-opendata-2020-11-02-19h20.csv";"sg-iris-opendata-2020-11-02-19h20.csv";"";"file";"csv";"text/csv";138220042;"sha1";"233a86e9864128614f6364e46014c41369a85528";"2020-11-02T19:21:31.421000";"2020-11-02T19:21:31.665000";0
"5f8fe1290de5138270132602";"Données de laboratoires infra-départementales durant l'épidémie COVID-19";"donnees-de-laboratoires-infra-departementales-durant-lepidemie-covid-19";"https://www.data.gouv.fr/fr/datasets/donnees-de-laboratoires-infra-departementales-durant-lepidemie-covid-19/";"Santé publique France";"5e721a395d57f93d0bed451f";"Licence Ouverte / Open Licence version 2.0";False;"4b4e3f10-6bfc-4101-bccb-4b9234bf080d";"https://static.data.gouv.fr/resources/donnees-de-laboratoires-infra-departementales-durant-lepidemie-covid-19/20201102-192039/sg-epci-opendata-2020-11-02-19h20.csv";"sg-epci-opendata-2020-11-02-19h20.csv";"";"file";"csv";"text/csv";3630493;"sha1";"f3452b15d95802673fc4a17320144ad652e2a9fb";"2020-11-02T19:20:39.575000";"2020-11-02T19:20:39.788000";0
"5f8fe1290de5138270132602";"Données de laboratoires infra-départementales durant l'épidémie COVID-19";"donnees-de-laboratoires-infra-departementales-durant-lepidemie-covid-19";"https://www.data.gouv.fr/fr/datasets/donnees-de-laboratoires-infra-departementales-durant-lepidemie-covid-19/";"Santé publique France";"5e721a395d57f93d0bed451f";"Licence Ouverte / Open Licence version 2.0";False;"28be64a1-8fe4-403f-a75a-d8ee7359e706";"https://static.data.gouv.fr/resources/donnees-de-laboratoires-infra-departementales-durant-lepidemie-covid-19/20201102-192031/sg-com-opendata-2020-11-02-19h20.csv";"sg-com-opendata-2020-11-02-19h20.csv";"";"file";"csv";"text/csv";91059615;"sha1";"70f20b0deaf09b62df0b6db16d6ab29b2c713273";"2020-11-02T19:20:36.317000";"2020-11-02T19:20:36.558000";0
"5f8fe1290de5138270132602";"Données de laboratoires infra-départementales durant l'épidémie COVID-19";"donnees-de-laboratoires-infra-departementales-durant-lepidemie-covid-19";"https://www.data.gouv.fr/fr/datasets/donnees-de-laboratoires-infra-departementales-durant-lepidemie-covid-19/";"Santé publique France";"5e721a395d57f93d0bed451f";"Licence Ouverte / Open Licence version 2.0";False;"a2547886-0c57-4cb3-bf4a-6b11338b7303";"https://static.data.gouv.fr/resources/donnees-de-laboratoires-infra-departementales-durant-lepidemie-covid-19/20201101-192138/sg-iris-opendata-2020-11-01-19h20.csv";"sg-iris-opendata-2020-11-01-19h20.csv";"";"file";"csv";"text/csv";137905327;"sha1";"cbd93c4cb8a520d0a0c095b8c46b775540e1e1df";"2020-11-01T19:21:51.853000";"2020-11-01T19:21:52.127000";0
"5f8fe1290de5138270132602";"Données de laboratoires infra-départementales durant l'épidémie COVID-19";"donnees-de-laboratoires-infra-departementales-durant-lepidemie-covid-19";"https://www.data.gouv.fr/fr/datasets/donnees-de-laboratoires-infra-departementales-durant-lepidemie-covid-19/";"Santé publique France";"5e721a395d57f93d0bed451f";"Licence Ouverte / Open Licence version 2.0";False;"f582e79b-bd05-414a-a2f0-db2fbe8229a6";"https://static.data.gouv.fr/resources/donnees-de-laboratoires-infra-departementales-durant-lepidemie-covid-19/20201101-192045/sg-epci-opendata-2020-11-01-19h20.csv";"sg-epci-opendata-2020-11-01-19h20.csv";"";"file";"csv";"text/csv";3622268;"sha1";"21130ada65ad06bb9f5fb92191a4f2d0271a8306";"2020-11-01T19:20:46.682000";"2020-11-01T19:20:46.908000";0
"5f8fe1290de5138270132602";"Données de laboratoires infra-départementales durant l'épidémie COVID-19";"donnees-de-laboratoires-infra-departementales-durant-lepidemie-covid-19";"https://www.data.gouv.fr/fr/datasets/donnees-de-laboratoires-infra-departementales-durant-lepidemie-covid-19/";"Santé publique France";"5e721a395d57f93d0bed451f";"Licence Ouverte / Open Licence version 2.0";False;"8100bb48-b2a0-43f4-9e96-0e8b56af0727";"https://static.data.gouv.fr/resources/donnees-de-laboratoires-infra-departementales-durant-lepidemie-covid-19/20201101-192033/sg-com-opendata-2020-11-01-19h20.csv";"sg-com-opendata-2020-11-01-19h20.csv";"";"file";"csv";"text/csv";90834711;"sha1";"7db0e85ab82db87534cb15b1ed9368b371213ac1";"2020-11-01T19:20:42.585000";"2020-11-01T19:20:42.796000";0
"5f8fe1290de5138270132602";"Données de laboratoires infra-départementales durant l'épidémie COVID-19";"donnees-de-laboratoires-infra-departementales-durant-lepidemie-covid-19";"https://www.data.gouv.fr/fr/datasets/donnees-de-laboratoires-infra-departementales-durant-lepidemie-covid-19/";"Santé publique France";"5e721a395d57f93d0bed451f";"Licence Ouverte / Open Licence version 2.0";False;"36d8cd05-281c-4a67-b844-08041c35873b";"https://static.data.gouv.fr/resources/donnees-de-laboratoires-infra-departementales-durant-lepidemie-covid-19/20201031-192125/sg-iris-opendata-2020-10-31-19h20.csv";"sg-iris-opendata-2020-10-31-19h20.csv";"";"file";"csv";"text/csv";137603039;"sha1";"343a74b62115b65d7963d4f81f1681c4d1f4a558";"2020-10-31T19:21:32.350000";"2020-10-31T19:21:32.536000";0
"5f8fe1290de5138270132602";"Données de laboratoires infra-départementales durant l'épidémie COVID-19";"donnees-de-laboratoires-infra-departementales-durant-lepidemie-covid-19";"https://www.data.gouv.fr/fr/datasets/donnees-de-laboratoires-infra-departementales-durant-lepidemie-covid-19/";"Santé publique France";"5e721a395d57f93d0bed451f";"Licence Ouverte / Open Licence version 2.0";False;"b6b52bf1-74e0-43cd-ab34-cda8cfb0efd1";"https://static.data.gouv.fr/resources/donnees-de-laboratoires-infra-departementales-durant-lepidemie-covid-19/20201031-192040/sg-epci-opendata-2020-10-31-19h20.csv";"sg-epci-opendata-2020-10-31-19h20.csv";"";"file";"csv";"text/csv";3613588;"sha1";"2c1c4d12633b016b0a9bb055577fa71afe557879";"2020-10-31T19:20:40.477000";"2020-10-31T19:20:40.736000";0
"5f8fe1290de5138270132602";"Données de laboratoires infra-départementales durant l'épidémie COVID-19";"donnees-de-laboratoires-infra-departementales-durant-lepidemie-covid-19";"https://www.data.gouv.fr/fr/datasets/donnees-de-laboratoires-infra-departementales-durant-lepidemie-covid-19/";"Santé publique France";"5e721a395d57f93d0bed451f";"Licence Ouverte / Open Licence version 2.0";False;"9d80cb88-79e6-4515-b800-f5924769768d";"https://static.data.gouv.fr/resources/donnees-de-laboratoires-infra-departementales-durant-lepidemie-covid-19/20201031-192033/sg-com-opendata-2020-10-31-19h20.csv";"sg-com-opendata-2020-10-31-19h20.csv";"";"file";"csv";"text/csv";90609132;"sha1";"0ec998b211f80d991ab6163a5432e2267f019000";"2020-10-31T19:20:37.517000";"2020-10-31T19:20:37.673000";0
"5f8fe1290de5138270132602";"Données de laboratoires infra-départementales durant l'épidémie COVID-19";"donnees-de-laboratoires-infra-departementales-durant-lepidemie-covid-19";"https://www.data.gouv.fr/fr/datasets/donnees-de-laboratoires-infra-departementales-durant-lepidemie-covid-19/";"Santé publique France";"5e721a395d57f93d0bed451f";"Licence Ouverte / Open Licence version 2.0";False;"10fd09db-c5ca-40d5-9f3e-998531a7ca95";"https://static.data.gouv.fr/resources/donnees-de-laboratoires-infra-departementales-durant-lepidemie-covid-19/20201030-192117/sg-iris-opendata-2020-10-30-19h20.csv";"sg-iris-opendata-2020-10-30-19h20.csv";"";"file";"csv";"text/csv";137313184;"sha1";"18d6c7fd96581f99216fc598b951eefdd2e40fd9";"2020-10-30T19:21:24.360000";"2020-10-30T19:21:24.781000";1
"5f8fe1290de5138270132602";"Données de laboratoires infra-départementales durant l'épidémie COVID-19";"donnees-de-laboratoires-infra-departementales-durant-lepidemie-covid-19";"https://www.data.gouv.fr/fr/datasets/donnees-de-laboratoires-infra-departementales-durant-lepidemie-covid-19/";"Santé publique France";"5e721a395d57f93d0bed451f";"Licence Ouverte / Open Licence version 2.0";False;"2c28f74d-1472-4667-9ae3-85b5b6db745a";"https://static.data.gouv.fr/resources/donnees-de-laboratoires-infra-departementales-durant-lepidemie-covid-19/20201030-192034/sg-epci-opendata-2020-10-30-19h20.csv";"sg-epci-opendata-2020-10-30-19h20.csv";"";"file";"csv";"text/csv";3604905;"sha1";"61ee03119ce33b0aa6a2f00cace3b45452a8b910";"2020-10-30T19:20:35.090000";"2020-10-30T19:20:35.306000";0
"5f8fe1290de5138270132602";"Données de laboratoires infra-départementales durant l'épidémie COVID-19";"donnees-de-laboratoires-infra-departementales-durant-lepidemie-covid-19";"https://www.data.gouv.fr/fr/datasets/donnees-de-laboratoires-infra-departementales-durant-lepidemie-covid-19/";"Santé publique France";"5e721a395d57f93d0bed451f";"Licence Ouverte / Open Licence version 2.0";False;"a5cbe001-f170-4cac-aab0-c58ed2c0c889";"https://static.data.gouv.fr/resources/donnees-de-laboratoires-infra-departementales-durant-lepidemie-covid-19/20201030-192028/sg-com-opendata-2020-10-30-19h20.csv";"sg-com-opendata-2020-10-30-19h20.csv";"";"file";"csv";"text/csv";90383978;"sha1";"30ca55fc9a2bdd9bedd2a9c937e5885115df5fa1";"2020-10-30T19:20:32.883000";"2020-10-30T19:20:33.096000";0
"5f8fe1290de5138270132602";"Données de laboratoires infra-départementales durant l'épidémie COVID-19";"donnees-de-laboratoires-infra-departementales-durant-lepidemie-covid-19";"https://www.data.gouv.fr/fr/datasets/donnees-de-laboratoires-infra-departementales-durant-lepidemie-covid-19/";"Santé publique France";"5e721a395d57f93d0bed451f";"Licence Ouverte / Open Licence version 2.0";False;"b365a31e-af50-4870-aa7a-db5f11266d0f";"https://static.data.gouv.fr/resources/donnees-de-laboratoires-infra-departementales-durant-lepidemie-covid-19/20201029-192338/sg-iris-opendata-2020-10-29-19h20.csv";"sg-iris-opendata-2020-10-29-19h20.csv";"";"file";"csv";"text/csv";136994942;"sha1";"ce38fd7bad0b657c5a88edf0558bc266f5877d47";"2020-10-29T19:23:45.185000";"2020-10-29T19:23:45.391000";0
"5f8fe1290de5138270132602";"Données de laboratoires infra-départementales durant l'épidémie COVID-19";"donnees-de-laboratoires-infra-departementales-durant-lepidemie-covid-19";"https://www.data.gouv.fr/fr/datasets/donnees-de-laboratoires-infra-departementales-durant-lepidemie-covid-19/";"Santé publique France";"5e721a395d57f93d0bed451f";"Licence Ouverte / Open Licence version 2.0";False;"ad3752ff-1e6b-4dd1-a168-c93320bc3157";"https://static.data.gouv.fr/resources/donnees-de-laboratoires-infra-departementales-durant-lepidemie-covid-19/20201029-192254/sg-epci-opendata-2020-10-29-19h20.csv";"sg-epci-opendata-2020-10-29-19h20.csv";"";"file";"csv";"text/csv";3595674;"sha1";"c3ebe2c88669e13301b96f26d0ffe564a921048d";"2020-10-29T19:22:54.382000";"2020-10-29T19:22:54.597000";0
"5f8fe1290de5138270132602";"Données de laboratoires infra-départementales durant l'épidémie COVID-19";"donnees-de-laboratoires-infra-departementales-durant-lepidemie-covid-19";"https://www.data.gouv.fr/fr/datasets/donnees-de-laboratoires-infra-departementales-durant-lepidemie-covid-19/";"Santé publique France";"5e721a395d57f93d0bed451f";"Licence Ouverte / Open Licence version 2.0";False;"3173b38d-af1c-4958-8936-d4d85c5c9564";"https://static.data.gouv.fr/resources/donnees-de-laboratoires-infra-departementales-durant-lepidemie-covid-19/20201029-192248/sg-com-opendata-2020-10-29-19h20.csv";"sg-com-opendata-2020-10-29-19h20.csv";"";"file";"csv";"text/csv";90157575;"sha1";"2c4d917a75e9b65c161b099f7635a63c05ef3a44";"2020-10-29T19:22:52.308000";"2020-10-29T19:22:52.487000";0
"5f8fe1290de5138270132602";"Données de laboratoires infra-départementales durant l'épidémie COVID-19";"donnees-de-laboratoires-infra-departementales-durant-lepidemie-covid-19";"https://www.data.gouv.fr/fr/datasets/donnees-de-laboratoires-infra-departementales-durant-lepidemie-covid-19/";"Santé publique France";"5e721a395d57f93d0bed451f";"Licence Ouverte / Open Licence version 2.0";False;"8f6fce9d-374a-4bf7-a059-c5fcd2545254";"https://static.data.gouv.fr/resources/donnees-de-laboratoires-infra-departementales-durant-lepidemie-covid-19/20201029-153924/20201028-note-methodologique-echelons-infa-departementaux.pdf";"Note méthodologique échelons infra-départementaux";"";"file";"pdf";"application/pdf";1052754;"sha1";"f32433ef9c65ea237bf6faed51cdff11803348a8";"2020-10-29T15:39:24.501000";"2020-10-29T15:40:23.819000";13
"5f8fe1290de5138270132602";"Données de laboratoires infra-départementales durant l'épidémie COVID-19";"donnees-de-laboratoires-infra-departementales-durant-lepidemie-covid-19";"https://www.data.gouv.fr/fr/datasets/donnees-de-laboratoires-infra-departementales-durant-lepidemie-covid-19/";"Santé publique France";"5e721a395d57f93d0bed451f";"Licence Ouverte / Open Licence version 2.0";False;"4fdaeb1f-ca3e-4fb2-bd67-57ff6a58d6a6";"https://static.data.gouv.fr/resources/donnees-de-laboratoires-infra-departementales-durant-lepidemie-covid-19/20201028-192116/sg-iris-opendata-2020-10-28-19h20.csv";"sg-iris-opendata-2020-10-28-19h20.csv";"";"file";"csv";"text/csv";136705999;"sha1";"a68726690cb067d40d2098e828de7aed60364fa0";"2020-10-28T19:21:23.172000";"2020-10-28T19:21:23.302000";0
"5f8fe1290de5138270132602";"Données de laboratoires infra-départementales durant l'épidémie COVID-19";"donnees-de-laboratoires-infra-departementales-durant-lepidemie-covid-19";"https://www.data.gouv.fr/fr/datasets/donnees-de-laboratoires-infra-departementales-durant-lepidemie-covid-19/";"Santé publique France";"5e721a395d57f93d0bed451f";"Licence Ouverte / Open Licence version 2.0";False;"681cbf49-b5ae-48a1-b7c9-e58cd06e3c63";"https://static.data.gouv.fr/resources/donnees-de-laboratoires-infra-departementales-durant-lepidemie-covid-19/20201028-192034/sg-epci-opendata-2020-10-28-19h20.csv";"sg-epci-opendata-2020-10-28-19h20.csv";"";"file";"csv";"text/csv";3586690;"sha1";"6c47465fec126a5a82640f509af7c0ea9fca9726";"2020-10-28T19:20:34.861000";"2020-10-28T19:20:35.061000";0
"5f8fe1290de5138270132602";"Données de laboratoires infra-départementales durant l'épidémie COVID-19";"donnees-de-laboratoires-infra-departementales-durant-lepidemie-covid-19";"https://www.data.gouv.fr/fr/datasets/donnees-de-laboratoires-infra-departementales-durant-lepidemie-covid-19/";"Santé publique France";"5e721a395d57f93d0bed451f";"Licence Ouverte / Open Licence version 2.0";False;"f2187f59-375d-4994-9c0b-6a09344580a7";"https://static.data.gouv.fr/resources/donnees-de-laboratoires-infra-departementales-durant-lepidemie-covid-19/20201028-192028/sg-com-opendata-2020-10-28-19h20.csv";"sg-com-opendata-2020-10-28-19h20.csv";"";"file";"csv";"text/csv";89947266;"sha1";"dce5b7d077d4d1905c8c035790e463736a614b58";"2020-10-28T19:20:32.856000";"2020-10-28T19:20:32.992000";0
"5f8fe1290de5138270132602";"Données de laboratoires infra-départementales durant l'épidémie COVID-19";"donnees-de-laboratoires-infra-departementales-durant-lepidemie-covid-19";"https://www.data.gouv.fr/fr/datasets/donnees-de-laboratoires-infra-departementales-durant-lepidemie-covid-19/";"Santé publique France";"5e721a395d57f93d0bed451f";"Licence Ouverte / Open Licence version 2.0";False;"969bfa30-e14c-4a8f-be47-75a8fce6a197";"https://static.data.gouv.fr/resources/donnees-de-laboratoires-infra-departementales-durant-lepidemie-covid-19/20201027-213638/sg-iris-opendata-2020-10-27-21h36.csv";"sg-iris-opendata-2020-10-27-21h36.csv";"";"file";"csv";"text/csv";130612916;"sha1";"4c894dc1c7003178f6103a2a26a09805b4830ff7";"2020-10-27T21:36:44.906000";"2020-10-27T21:36:45.145000";0
"5f8fe1290de5138270132602";"Données de laboratoires infra-départementales durant l'épidémie COVID-19";"donnees-de-laboratoires-infra-departementales-durant-lepidemie-covid-19";"https://www.data.gouv.fr/fr/datasets/donnees-de-laboratoires-infra-departementales-durant-lepidemie-covid-19/";"Santé publique France";"5e721a395d57f93d0bed451f";"Licence Ouverte / Open Licence version 2.0";False;"2147578a-afbe-43c3-a45b-0bca9a2c66d8";"https://static.data.gouv.fr/resources/donnees-de-laboratoires-infra-departementales-durant-lepidemie-covid-19/20201027-192033/sg-epci-opendata-2020-10-27-19h20.csv";"sg-epci-opendata-2020-10-27-19h20.csv";"";"file";"csv";"text/csv";3426453;"sha1";"bbcd58f2d49aaf6ea7a579774bae4d05cb848cb6";"2020-10-27T19:20:33.359000";"2020-10-27T19:20:33.599000";0
"5f8fe1290de5138270132602";"Données de laboratoires infra-départementales durant l'épidémie COVID-19";"donnees-de-laboratoires-infra-departementales-durant-lepidemie-covid-19";"https://www.data.gouv.fr/fr/datasets/donnees-de-laboratoires-infra-departementales-durant-lepidemie-covid-19/";"Santé publique France";"5e721a395d57f93d0bed451f";"Licence Ouverte / Open Licence version 2.0";False;"0f07aec5-129d-4038-ac41-a246bad4f723";"https://static.data.gouv.fr/resources/donnees-de-laboratoires-infra-departementales-durant-lepidemie-covid-19/20201027-192027/sg-com-opendata-2020-10-27-19h20.csv";"sg-com-opendata-2020-10-27-19h20.csv";"";"file";"csv";"text/csv";85927824;"sha1";"c07d05a7288a743983ca3215f9f46a1ce81cc5c8";"2020-10-27T19:20:31.367000";"2020-10-27T19:20:31.604000";0
"5f8fe1290de5138270132602";"Données de laboratoires infra-départementales durant l'épidémie COVID-19";"donnees-de-laboratoires-infra-departementales-durant-lepidemie-covid-19";"https://www.data.gouv.fr/fr/datasets/donnees-de-laboratoires-infra-departementales-durant-lepidemie-covid-19/";"Santé publique France";"5e721a395d57f93d0bed451f";"Licence Ouverte / Open Licence version 2.0";False;"f52f8c9f-d264-4c87-82e0-ae1ed6e92872";"https://static.data.gouv.fr/resources/donnees-de-laboratoires-infra-departementales-durant-lepidemie-covid-19/20201022-174329/metadonnees-sg-com-opendata.csv";"metadonnees-sg-com-opendata.csv";"";"file";"csv";"text/csv";1277;"sha1";"515dfeef03e3560ef36d7b5bcbf700303855a120";"2020-10-22T17:43:29.307000";"2020-10-22T17:43:32.868000";18
"5f8fe1290de5138270132602";"Données de laboratoires infra-départementales durant l'épidémie COVID-19";"donnees-de-laboratoires-infra-departementales-durant-lepidemie-covid-19";"https://www.data.gouv.fr/fr/datasets/donnees-de-laboratoires-infra-departementales-durant-lepidemie-covid-19/";"Santé publique France";"5e721a395d57f93d0bed451f";"Licence Ouverte / Open Licence version 2.0";False;"44d4c265-24c3-4720-9144-f3e4a5213422";"https://static.data.gouv.fr/resources/donnees-de-laboratoires-infra-departementales-durant-lepidemie-covid-19/20201207-192102/sg-iris-opendata-2020-12-07-19h20.csv";"sg-iris-opendata-2020-12-07-19h20.csv";"";"file";"csv";"text/csv";137107357;"sha1";"9c01438b1aca05c3b0acaddb111e938ece817284";"2020-10-22T17:30:40.940000";"2020-12-07T19:21:09.072000";603
"5f8fe1290de5138270132602";"Données de laboratoires infra-départementales durant l'épidémie COVID-19";"donnees-de-laboratoires-infra-departementales-durant-lepidemie-covid-19";"https://www.data.gouv.fr/fr/datasets/donnees-de-laboratoires-infra-departementales-durant-lepidemie-covid-19/";"Santé publique France";"5e721a395d57f93d0bed451f";"Licence Ouverte / Open Licence version 2.0";False;"34dcc90c-aec9-48ee-9fd3-a972b44202c0";"https://static.data.gouv.fr/resources/donnees-de-laboratoires-infra-departementales-durant-lepidemie-covid-19/20201207-192039/sg-epci-opendata-2020-12-07-19h20.csv";"sg-epci-opendata-2020-12-07-19h20.csv";"";"file";"csv";"text/csv";3606931;"sha1";"26e29f5b2174312a9375b96f3c8eb6bcfa64d8a1";"2020-10-22T17:27:45.499000";"2020-12-07T19:20:40.172000";54
"5f8fe1290de5138270132602";"Données de laboratoires infra-départementales durant l'épidémie COVID-19";"donnees-de-laboratoires-infra-departementales-durant-lepidemie-covid-19";"https://www.data.gouv.fr/fr/datasets/donnees-de-laboratoires-infra-departementales-durant-lepidemie-covid-19/";"Santé publique France";"5e721a395d57f93d0bed451f";"Licence Ouverte / Open Licence version 2.0";False;"c2e2e844-9671-4f81-8c81-1b79f7687de3";"https://static.data.gouv.fr/resources/donnees-de-laboratoires-infra-departementales-durant-lepidemie-covid-19/20201207-192016/sg-com-opendata-2020-12-07-19h20.csv";"sg-com-opendata-2020-12-07-19h20.csv";"";"file";"csv";"text/csv";90844934;"sha1";"5d7c1e2d382f3dbeed05d00b360493614f41fd2d";"2020-10-22T17:27:39.050000";"2020-12-07T19:20:20.688000";211
"5f8fe1290de5138270132602";"Données de laboratoires infra-départementales durant l'épidémie COVID-19";"donnees-de-laboratoires-infra-departementales-durant-lepidemie-covid-19";"https://www.data.gouv.fr/fr/datasets/donnees-de-laboratoires-infra-departementales-durant-lepidemie-covid-19/";"Santé publique France";"5e721a395d57f93d0bed451f";"Licence Ouverte / Open Licence version 2.0";False;"552c4ab4-8794-42e6-a224-df9f6d661c22";"https://static.data.gouv.fr/resources/indicateurs-infra-departementaux-de-depistage-covid-19/20201021-095638/sidep-note-methodo-270820.pdf";"sidep-note-methodo-270820.pdf";"";"file";"pdf";"application/pdf";418200;"sha1";"525806ddf75a26bd9255d306e20ff5fe206212a6";"2020-10-21T09:56:38.517000";"2020-10-21T09:56:41.604000";39
"5f8fe1290de5138270132602";"Données de laboratoires infra-départementales durant l'épidémie COVID-19";"donnees-de-laboratoires-infra-departementales-durant-lepidemie-covid-19";"https://www.data.gouv.fr/fr/datasets/donnees-de-laboratoires-infra-departementales-durant-lepidemie-covid-19/";"Santé publique France";"5e721a395d57f93d0bed451f";"Licence Ouverte / Open Licence version 2.0";False;"5a1bb3a1-e1fa-4ec7-9af2-8441af04d118";"https://static.data.gouv.fr/resources/indicateurs-infra-departementaux-de-depistage-covid-19/20201021-095645/faq-geodes-sidep-250920.pdf";"faq-geodes-sidep-250920.pdf";"";"file";"pdf";"application/pdf";321851;"sha1";"d87300836b4b88c5a48171625232fcc575c16653";"2020-10-21T09:56:46.133000";"2020-10-21T09:56:50.592000";54
"5f8fe1290de5138270132602";"Données de laboratoires infra-départementales durant l'épidémie COVID-19";"donnees-de-laboratoires-infra-departementales-durant-lepidemie-covid-19";"https://www.data.gouv.fr/fr/datasets/donnees-de-laboratoires-infra-departementales-durant-lepidemie-covid-19/";"Santé publique France";"5e721a395d57f93d0bed451f";"Licence Ouverte / Open Licence version 2.0";False;"c79f4f16-f3da-421d-b521-57909aa19285";"https://static.data.gouv.fr/resources/indicateurs-infra-departementaux-de-depistage-covid-19/20201021-120859/metadonnees-sg-iris-opendata.csv";"metadonnees-sg-iris-opendata.csv";"";"file";"csv";"text/csv";1286;"sha1";"79efdd168cfc2aaa0c7628d5ef1e0f2b3692ec47";"2020-10-21T12:08:59.507000";"2020-10-21T12:09:02.773000";7
"5f8fe1290de5138270132602";"Données de laboratoires infra-départementales durant l'épidémie COVID-19";"donnees-de-laboratoires-infra-departementales-durant-lepidemie-covid-19";"https://www.data.gouv.fr/fr/datasets/donnees-de-laboratoires-infra-departementales-durant-lepidemie-covid-19/";"Santé publique France";"5e721a395d57f93d0bed451f";"Licence Ouverte / Open Licence version 2.0";False;"18b2a0c3-2705-4e91-8541-e0b74140f0df";"https://static.data.gouv.fr/resources/indicateurs-infra-departementaux-de-depistage-covid-19/20201021-092031/metadonnees-sg-epci-opendata.csv";"metadonnees-sg-epci-opendata.csv";"";"file";"csv";"text/csv";1290;"sha1";"e4999bb5e71dd47aecf29f60f6655f79208a5980";"2020-10-21T09:20:31.759000";"2020-10-21T09:20:35.528000";8
"5f733777722fc12a413290eb";"Indicateurs de l’activité épidémique: taux d'incidence de l'épidémie de COVID-19 par métropole";"indicateurs-de-lactivite-epidemique-taux-dincidence-de-lepidemie-de-covid-19-par-metropole";"https://www.data.gouv.fr/fr/datasets/indicateurs-de-lactivite-epidemique-taux-dincidence-de-lepidemie-de-covid-19-par-metropole/";"Santé publique France";"5e721a395d57f93d0bed451f";"Licence Ouverte / Open Licence version 2.0";False;"a161c999-02a8-47da-915e-b23fef25e454";"https://static.data.gouv.fr/resources/indicateurs-de-lactivite-epidemique-taux-dincidence-de-lepidemie-de-covid-19-par-metropole/20201207-192044/sg-metro-opendata-2020-12-07-19h20.csv";"sg-metro-opendata-2020-12-07-19h20.csv";"";"file";"csv";"text/csv";40564;"sha1";"83264446d327349b99edde0fba691d462cbf3660";"2020-12-07T19:20:44.772000";"2020-12-07T19:20:44.989000";0
"5f733777722fc12a413290eb";"Indicateurs de l’activité épidémique: taux d'incidence de l'épidémie de COVID-19 par métropole";"indicateurs-de-lactivite-epidemique-taux-dincidence-de-lepidemie-de-covid-19-par-metropole";"https://www.data.gouv.fr/fr/datasets/indicateurs-de-lactivite-epidemique-taux-dincidence-de-lepidemie-de-covid-19-par-metropole/";"Santé publique France";"5e721a395d57f93d0bed451f";"Licence Ouverte / Open Licence version 2.0";False;"85702386-9d3f-40bc-b0c4-670fc3ccb054";"https://static.data.gouv.fr/resources/indicateurs-de-lactivite-epidemique-taux-dincidence-de-lepidemie-de-covid-19-par-metropole/20201206-192048/sg-metro-opendata-2020-12-06-19h20.csv";"sg-metro-opendata-2020-12-06-19h20.csv";"";"file";"csv";"text/csv";38807;"sha1";"d4832e7e8e01262462d01d8caf47188805a6262d";"2020-12-06T19:20:49.263000";"2020-12-06T19:20:49.547000";0
"5f733777722fc12a413290eb";"Indicateurs de l’activité épidémique: taux d'incidence de l'épidémie de COVID-19 par métropole";"indicateurs-de-lactivite-epidemique-taux-dincidence-de-lepidemie-de-covid-19-par-metropole";"https://www.data.gouv.fr/fr/datasets/indicateurs-de-lactivite-epidemique-taux-dincidence-de-lepidemie-de-covid-19-par-metropole/";"Santé publique France";"5e721a395d57f93d0bed451f";"Licence Ouverte / Open Licence version 2.0";False;"5639660a-786c-47b6-b7b8-573194aac654";"https://static.data.gouv.fr/resources/indicateurs-de-lactivite-epidemique-taux-dincidence-de-lepidemie-de-covid-19-par-metropole/20201205-192041/sg-metro-opendata-2020-12-05-19h20.csv";"sg-metro-opendata-2020-12-05-19h20.csv";"";"file";"csv";"text/csv";40607;"sha1";"37fe48cda410ff2efe9b065037c6cd9889e7a282";"2020-12-05T19:20:41.922000";"2020-12-05T19:20:42.174000";0
"5f733777722fc12a413290eb";"Indicateurs de l’activité épidémique: taux d'incidence de l'épidémie de COVID-19 par métropole";"indicateurs-de-lactivite-epidemique-taux-dincidence-de-lepidemie-de-covid-19-par-metropole";"https://www.data.gouv.fr/fr/datasets/indicateurs-de-lactivite-epidemique-taux-dincidence-de-lepidemie-de-covid-19-par-metropole/";"Santé publique France";"5e721a395d57f93d0bed451f";"Licence Ouverte / Open Licence version 2.0";False;"bf488f6a-9d14-4745-a635-b2a0f336bd63";"https://static.data.gouv.fr/resources/indicateurs-de-lactivite-epidemique-taux-dincidence-de-lepidemie-de-covid-19-par-metropole/20201204-192040/sg-metro-opendata-2020-12-04-19h20.csv";"sg-metro-opendata-2020-12-04-19h20.csv";"";"file";"csv";"text/csv";40639;"sha1";"7f112de12319b019504d52ed1a217e07b485cc5b";"2020-12-04T19:20:40.222000";"2020-12-04T19:20:40.448000";4
"5f733777722fc12a413290eb";"Indicateurs de l’activité épidémique: taux d'incidence de l'épidémie de COVID-19 par métropole";"indicateurs-de-lactivite-epidemique-taux-dincidence-de-lepidemie-de-covid-19-par-metropole";"https://www.data.gouv.fr/fr/datasets/indicateurs-de-lactivite-epidemique-taux-dincidence-de-lepidemie-de-covid-19-par-metropole/";"Santé publique France";"5e721a395d57f93d0bed451f";"Licence Ouverte / Open Licence version 2.0";False;"713c0e77-c99f-4ec5-a92b-2f9a63a1aaf9";"https://static.data.gouv.fr/resources/indicateurs-de-lactivite-epidemique-taux-dincidence-de-lepidemie-de-covid-19-par-metropole/20201203-192042/sg-metro-opendata-2020-12-03-19h20.csv";"sg-metro-opendata-2020-12-03-19h20.csv";"";"file";"csv";"text/csv";38888;"sha1";"d858d73ef3bc03d983ac4eed929daed0c7a5cb9e";"2020-12-03T19:20:42.319000";"2020-12-03T19:20:42.474000";0
"5f733777722fc12a413290eb";"Indicateurs de l’activité épidémique: taux d'incidence de l'épidémie de COVID-19 par métropole";"indicateurs-de-lactivite-epidemique-taux-dincidence-de-lepidemie-de-covid-19-par-metropole";"https://www.data.gouv.fr/fr/datasets/indicateurs-de-lactivite-epidemique-taux-dincidence-de-lepidemie-de-covid-19-par-metropole/";"Santé publique France";"5e721a395d57f93d0bed451f";"Licence Ouverte / Open Licence version 2.0";False;"bfe35316-937c-4a10-a16c-04d1ad3fcc35";"https://static.data.gouv.fr/resources/indicateurs-de-lactivite-epidemique-taux-dincidence-de-lepidemie-de-covid-19-par-metropole/20201202-192038/sg-metro-opendata-2020-12-02-19h20.csv";"sg-metro-opendata-2020-12-02-19h20.csv";"";"file";"csv";"text/csv";38920;"sha1";"a851b2946987ed8bb2aeb390c91dfaf9f3d9b5be";"2020-12-02T19:20:38.653000";"2020-12-02T19:20:38.849000";1
"5f733777722fc12a413290eb";"Indicateurs de l’activité épidémique: taux d'incidence de l'épidémie de COVID-19 par métropole";"indicateurs-de-lactivite-epidemique-taux-dincidence-de-lepidemie-de-covid-19-par-metropole";"https://www.data.gouv.fr/fr/datasets/indicateurs-de-lactivite-epidemique-taux-dincidence-de-lepidemie-de-covid-19-par-metropole/";"Santé publique France";"5e721a395d57f93d0bed451f";"Licence Ouverte / Open Licence version 2.0";False;"ee25a5c7-56be-4419-9db8-51f53d8c2d46";"https://static.data.gouv.fr/resources/indicateurs-de-lactivite-epidemique-taux-dincidence-de-lepidemie-de-covid-19-par-metropole/20201201-192040/sg-metro-opendata-2020-12-01-19h20.csv";"sg-metro-opendata-2020-12-01-19h20.csv";"";"file";"csv";"text/csv";40710;"sha1";"3a0debf0210d2009c54e17697ea90b8ec27c51b0";"2020-12-01T19:20:40.645000";"2020-12-01T19:20:40.813000";0
"5f733777722fc12a413290eb";"Indicateurs de l’activité épidémique: taux d'incidence de l'épidémie de COVID-19 par métropole";"indicateurs-de-lactivite-epidemique-taux-dincidence-de-lepidemie-de-covid-19-par-metropole";"https://www.data.gouv.fr/fr/datasets/indicateurs-de-lactivite-epidemique-taux-dincidence-de-lepidemie-de-covid-19-par-metropole/";"Santé publique France";"5e721a395d57f93d0bed451f";"Licence Ouverte / Open Licence version 2.0";False;"a13cecf1-1ff1-48d2-a5a7-96821921cedb";"https://static.data.gouv.fr/resources/indicateurs-de-lactivite-epidemique-taux-dincidence-de-lepidemie-de-covid-19-par-metropole/20201130-192041/sg-metro-opendata-2020-11-30-19h20.csv";"sg-metro-opendata-2020-11-30-19h20.csv";"";"file";"csv";"text/csv";41748;"sha1";"6a30d62b67e5b9d4fd3905c5a1884faa7e3fff41";"2020-11-30T19:20:41.934000";"2020-11-30T19:20:42.379000";0
"5f733777722fc12a413290eb";"Indicateurs de l’activité épidémique: taux d'incidence de l'épidémie de COVID-19 par métropole";"indicateurs-de-lactivite-epidemique-taux-dincidence-de-lepidemie-de-covid-19-par-metropole";"https://www.data.gouv.fr/fr/datasets/indicateurs-de-lactivite-epidemique-taux-dincidence-de-lepidemie-de-covid-19-par-metropole/";"Santé publique France";"5e721a395d57f93d0bed451f";"Licence Ouverte / Open Licence version 2.0";False;"127bb8f7-ec23-4b4b-a4f8-201c463db160";"https://static.data.gouv.fr/resources/indicateurs-de-lactivite-epidemique-taux-dincidence-de-lepidemie-de-covid-19-par-metropole/20201129-192039/sg-metro-opendata-2020-11-29-19h20.csv";"sg-metro-opendata-2020-11-29-19h20.csv";"";"file";"csv";"text/csv";38981;"sha1";"271171098a6a3b32f93ac3c1fad7c5acac94c967";"2020-11-29T19:20:39.219000";"2020-11-29T19:20:39.445000";0
"5f733777722fc12a413290eb";"Indicateurs de l’activité épidémique: taux d'incidence de l'épidémie de COVID-19 par métropole";"indicateurs-de-lactivite-epidemique-taux-dincidence-de-lepidemie-de-covid-19-par-metropole";"https://www.data.gouv.fr/fr/datasets/indicateurs-de-lactivite-epidemique-taux-dincidence-de-lepidemie-de-covid-19-par-metropole/";"Santé publique France";"5e721a395d57f93d0bed451f";"Licence Ouverte / Open Licence version 2.0";False;"23bdc55b-3542-44ed-b4cd-1702dbf0bd75";"https://static.data.gouv.fr/resources/indicateurs-de-lactivite-epidemique-taux-dincidence-de-lepidemie-de-covid-19-par-metropole/20201128-192041/sg-metro-opendata-2020-11-28-19h20.csv";"sg-metro-opendata-2020-11-28-19h20.csv";"";"file";"csv";"text/csv";40751;"sha1";"17e58ce555980cd6a2793a0589a7db4b58563526";"2020-11-28T19:20:41.735000";"2020-11-28T19:20:41.934000";0
"5f733777722fc12a413290eb";"Indicateurs de l’activité épidémique: taux d'incidence de l'épidémie de COVID-19 par métropole";"indicateurs-de-lactivite-epidemique-taux-dincidence-de-lepidemie-de-covid-19-par-metropole";"https://www.data.gouv.fr/fr/datasets/indicateurs-de-lactivite-epidemique-taux-dincidence-de-lepidemie-de-covid-19-par-metropole/";"Santé publique France";"5e721a395d57f93d0bed451f";"Licence Ouverte / Open Licence version 2.0";False;"2d8c1e81-247f-4a27-a31e-a68248d8c134";"https://static.data.gouv.fr/resources/indicateurs-de-lactivite-epidemique-taux-dincidence-de-lepidemie-de-covid-19-par-metropole/20201127-192040/sg-metro-opendata-2020-11-27-19h20.csv";"sg-metro-opendata-2020-11-27-19h20.csv";"";"file";"csv";"text/csv";40776;"sha1";"5210dcfa38cbd13555d90eb16a9692fd7a4a91ad";"2020-11-27T19:20:40.367000";"2020-11-27T19:20:40.553000";0
"5f733777722fc12a413290eb";"Indicateurs de l’activité épidémique: taux d'incidence de l'épidémie de COVID-19 par métropole";"indicateurs-de-lactivite-epidemique-taux-dincidence-de-lepidemie-de-covid-19-par-metropole";"https://www.data.gouv.fr/fr/datasets/indicateurs-de-lactivite-epidemique-taux-dincidence-de-lepidemie-de-covid-19-par-metropole/";"Santé publique France";"5e721a395d57f93d0bed451f";"Licence Ouverte / Open Licence version 2.0";False;"bc30d6bb-520e-48e6-afee-46e97f6a1584";"https://static.data.gouv.fr/resources/indicateurs-de-lactivite-epidemique-taux-dincidence-de-lepidemie-de-covid-19-par-metropole/20201126-192041/sg-metro-opendata-2020-11-26-19h20.csv";"sg-metro-opendata-2020-11-26-19h20.csv";"";"file";"csv";"text/csv";40784;"sha1";"34baff652f9bc907a90f8f17ba2373df575bbfeb";"2020-11-26T19:20:41.364000";"2020-11-26T19:20:41.496000";0
"5f733777722fc12a413290eb";"Indicateurs de l’activité épidémique: taux d'incidence de l'épidémie de COVID-19 par métropole";"indicateurs-de-lactivite-epidemique-taux-dincidence-de-lepidemie-de-covid-19-par-metropole";"https://www.data.gouv.fr/fr/datasets/indicateurs-de-lactivite-epidemique-taux-dincidence-de-lepidemie-de-covid-19-par-metropole/";"Santé publique France";"5e721a395d57f93d0bed451f";"Licence Ouverte / Open Licence version 2.0";False;"f8e576be-4f9c-407c-a3c0-72c42204bcb2";"https://static.data.gouv.fr/resources/indicateurs-de-lactivite-epidemique-taux-dincidence-de-lepidemie-de-covid-19-par-metropole/20201125-193922/sg-metro-opendata-2020-11-25-19h39.csv";"sg-metro-opendata-2020-11-25-19h39.csv";"";"file";"csv";"text/csv";40789;"sha1";"c540eef742338fd1fa82e33bea6d7cb1c2f92e2c";"2020-11-25T19:39:22.950000";"2020-11-25T19:39:23.168000";0
"5f733777722fc12a413290eb";"Indicateurs de l’activité épidémique: taux d'incidence de l'épidémie de COVID-19 par métropole";"indicateurs-de-lactivite-epidemique-taux-dincidence-de-lepidemie-de-covid-19-par-metropole";"https://www.data.gouv.fr/fr/datasets/indicateurs-de-lactivite-epidemique-taux-dincidence-de-lepidemie-de-covid-19-par-metropole/";"Santé publique France";"5e721a395d57f93d0bed451f";"Licence Ouverte / Open Licence version 2.0";False;"c050eb13-0f1b-47ff-b68f-c86be839b103";"https://static.data.gouv.fr/resources/indicateurs-de-lactivite-epidemique-taux-dincidence-de-lepidemie-de-covid-19-par-metropole/20201124-192040/sg-metro-opendata-2020-11-24-19h20.csv";"sg-metro-opendata-2020-11-24-19h20.csv";"";"file";"csv";"text/csv";40810;"sha1";"d3cc9e330213c0dfd2be16c53aaf33cf2f0d790a";"2020-11-24T19:20:40.493000";"2020-11-24T19:20:40.641000";0
"5f733777722fc12a413290eb";"Indicateurs de l’activité épidémique: taux d'incidence de l'épidémie de COVID-19 par métropole";"indicateurs-de-lactivite-epidemique-taux-dincidence-de-lepidemie-de-covid-19-par-metropole";"https://www.data.gouv.fr/fr/datasets/indicateurs-de-lactivite-epidemique-taux-dincidence-de-lepidemie-de-covid-19-par-metropole/";"Santé publique France";"5e721a395d57f93d0bed451f";"Licence Ouverte / Open Licence version 2.0";False;"7124e93c-5b20-473c-9928-2f477481216f";"https://static.data.gouv.fr/resources/indicateurs-de-lactivite-epidemique-taux-dincidence-de-lepidemie-de-covid-19-par-metropole/20201123-192040/sg-metro-opendata-2020-11-23-19h20.csv";"sg-metro-opendata-2020-11-23-19h20.csv";"";"file";"csv";"text/csv";40844;"sha1";"b5663bf91527c9d1927f3bd64f629171b52d7f76";"2020-11-23T19:20:40.765000";"2020-11-23T19:20:41.028000";0
"5f733777722fc12a413290eb";"Indicateurs de l’activité épidémique: taux d'incidence de l'épidémie de COVID-19 par métropole";"indicateurs-de-lactivite-epidemique-taux-dincidence-de-lepidemie-de-covid-19-par-metropole";"https://www.data.gouv.fr/fr/datasets/indicateurs-de-lactivite-epidemique-taux-dincidence-de-lepidemie-de-covid-19-par-metropole/";"Santé publique France";"5e721a395d57f93d0bed451f";"Licence Ouverte / Open Licence version 2.0";False;"6f856669-2ee9-498d-9dc3-9722cc1f510f";"https://static.data.gouv.fr/resources/indicateurs-de-lactivite-epidemique-taux-dincidence-de-lepidemie-de-covid-19-par-metropole/20201122-192040/sg-metro-opendata-2020-11-22-19h20.csv";"sg-metro-opendata-2020-11-22-19h20.csv";"";"file";"csv";"text/csv";40848;"sha1";"e8c425da3ce22e1a51236339bf39fa0f9dd56cf6";"2020-11-22T19:20:40.275000";"2020-11-22T19:20:40.524000";0
"5f733777722fc12a413290eb";"Indicateurs de l’activité épidémique: taux d'incidence de l'épidémie de COVID-19 par métropole";"indicateurs-de-lactivite-epidemique-taux-dincidence-de-lepidemie-de-covid-19-par-metropole";"https://www.data.gouv.fr/fr/datasets/indicateurs-de-lactivite-epidemique-taux-dincidence-de-lepidemie-de-covid-19-par-metropole/";"Santé publique France";"5e721a395d57f93d0bed451f";"Licence Ouverte / Open Licence version 2.0";False;"91e6636a-38cc-47d0-af33-7278690d9f0d";"https://static.data.gouv.fr/resources/indicateurs-de-lactivite-epidemique-taux-dincidence-de-lepidemie-de-covid-19-par-metropole/20201121-192040/sg-metro-opendata-2020-11-21-19h20.csv";"sg-metro-opendata-2020-11-21-19h20.csv";"";"file";"csv";"text/csv";40835;"sha1";"6550880ae3951225618614ec27c5a84efe15a78c";"2020-11-21T19:20:40.704000";"2020-11-21T19:20:40.890000";0
"5f733777722fc12a413290eb";"Indicateurs de l’activité épidémique: taux d'incidence de l'épidémie de COVID-19 par métropole";"indicateurs-de-lactivite-epidemique-taux-dincidence-de-lepidemie-de-covid-19-par-metropole";"https://www.data.gouv.fr/fr/datasets/indicateurs-de-lactivite-epidemique-taux-dincidence-de-lepidemie-de-covid-19-par-metropole/";"Santé publique France";"5e721a395d57f93d0bed451f";"Licence Ouverte / Open Licence version 2.0";False;"7a895c43-e280-483a-bf1f-e233a32e27e9";"https://static.data.gouv.fr/resources/indicateurs-de-lactivite-epidemique-taux-dincidence-de-lepidemie-de-covid-19-par-metropole/20201120-195123/sg-metro-opendata-2020-11-20-19h51.csv";"sg-metro-opendata-2020-11-20-19h51.csv";"";"file";"csv";"text/csv";40830;"sha1";"3c246352dae3b400ccba83b614bd1b8d4cd59088";"2020-11-20T19:51:23.363000";"2020-11-20T19:51:23.489000";0
"5f733777722fc12a413290eb";"Indicateurs de l’activité épidémique: taux d'incidence de l'épidémie de COVID-19 par métropole";"indicateurs-de-lactivite-epidemique-taux-dincidence-de-lepidemie-de-covid-19-par-metropole";"https://www.data.gouv.fr/fr/datasets/indicateurs-de-lactivite-epidemique-taux-dincidence-de-lepidemie-de-covid-19-par-metropole/";"Santé publique France";"5e721a395d57f93d0bed451f";"Licence Ouverte / Open Licence version 2.0";False;"6cc3c00d-364b-49e9-9ba9-99d2af963284";"https://static.data.gouv.fr/resources/indicateurs-de-lactivite-epidemique-taux-dincidence-de-lepidemie-de-covid-19-par-metropole/20201119-192040/sg-metro-opendata-2020-11-19-19h20.csv";"sg-metro-opendata-2020-11-19-19h20.csv";"";"file";"csv";"text/csv";40840;"sha1";"1b28aa8df8ccafa0b7df1b0e631f9258c259597b";"2020-11-19T19:20:40.777000";"2020-11-19T19:20:40.998000";0
"5f733777722fc12a413290eb";"Indicateurs de l’activité épidémique: taux d'incidence de l'épidémie de COVID-19 par métropole";"indicateurs-de-lactivite-epidemique-taux-dincidence-de-lepidemie-de-covid-19-par-metropole";"https://www.data.gouv.fr/fr/datasets/indicateurs-de-lactivite-epidemique-taux-dincidence-de-lepidemie-de-covid-19-par-metropole/";"Santé publique France";"5e721a395d57f93d0bed451f";"Licence Ouverte / Open Licence version 2.0";False;"e97b437e-e51d-44d0-a482-76b9c0bf7dce";"https://static.data.gouv.fr/resources/indicateurs-de-lactivite-epidemique-taux-dincidence-de-lepidemie-de-covid-19-par-metropole/20201118-192040/sg-metro-opendata-2020-11-18-19h20.csv";"sg-metro-opendata-2020-11-18-19h20.csv";"";"file";"csv";"text/csv";40839;"sha1";"5763289917efe47fe9c6a19285246d24969066b2";"2020-11-18T19:20:40.995000";"2020-11-18T19:20:41.276000";0
"5f733777722fc12a413290eb";"Indicateurs de l’activité épidémique: taux d'incidence de l'épidémie de COVID-19 par métropole";"indicateurs-de-lactivite-epidemique-taux-dincidence-de-lepidemie-de-covid-19-par-metropole";"https://www.data.gouv.fr/fr/datasets/indicateurs-de-lactivite-epidemique-taux-dincidence-de-lepidemie-de-covid-19-par-metropole/";"Santé publique France";"5e721a395d57f93d0bed451f";"Licence Ouverte / Open Licence version 2.0";False;"ed7979a0-ef5d-4e7a-bc89-cedc38258ca3";"https://static.data.gouv.fr/resources/indicateurs-de-lactivite-epidemique-taux-dincidence-de-lepidemie-de-covid-19-par-metropole/20201117-192040/sg-metro-opendata-2020-11-17-19h20.csv";"sg-metro-opendata-2020-11-17-19h20.csv";"";"file";"csv";"text/csv";40810;"sha1";"022b536e783ae2800ccbfdf332580d090994cab7";"2020-11-17T19:20:41.116000";"2020-11-17T19:20:41.260000";0
"5f733777722fc12a413290eb";"Indicateurs de l’activité épidémique: taux d'incidence de l'épidémie de COVID-19 par métropole";"indicateurs-de-lactivite-epidemique-taux-dincidence-de-lepidemie-de-covid-19-par-metropole";"https://www.data.gouv.fr/fr/datasets/indicateurs-de-lactivite-epidemique-taux-dincidence-de-lepidemie-de-covid-19-par-metropole/";"Santé publique France";"5e721a395d57f93d0bed451f";"Licence Ouverte / Open Licence version 2.0";False;"ba4ead1b-493c-4774-ad5b-672a4213200a";"https://static.data.gouv.fr/resources/indicateurs-de-lactivite-epidemique-taux-dincidence-de-lepidemie-de-covid-19-par-metropole/20201116-193736/sg-metro-opendata-2020-11-16-19h36.csv";"sg-metro-opendata-2020-11-16-19h36.csv";"";"file";"csv";"text/csv";40817;"sha1";"23ee642e3241ac071053034ded3463e0160017ab";"2020-11-16T19:37:36.720000";"2020-11-16T19:37:36.898000";0
"5f733777722fc12a413290eb";"Indicateurs de l’activité épidémique: taux d'incidence de l'épidémie de COVID-19 par métropole";"indicateurs-de-lactivite-epidemique-taux-dincidence-de-lepidemie-de-covid-19-par-metropole";"https://www.data.gouv.fr/fr/datasets/indicateurs-de-lactivite-epidemique-taux-dincidence-de-lepidemie-de-covid-19-par-metropole/";"Santé publique France";"5e721a395d57f93d0bed451f";"Licence Ouverte / Open Licence version 2.0";False;"4efad40b-bdc0-47f5-8710-c05727a26cda";"https://static.data.gouv.fr/resources/indicateurs-de-lactivite-epidemique-taux-dincidence-de-lepidemie-de-covid-19-par-metropole/20201115-200033/sg-metro-opendata-2020-11-15-19h59.csv";"sg-metro-opendata-2020-11-15-19h59.csv";"";"file";"csv";"text/csv";40820;"sha1";"7d8a288844eea31beaadb0a89d89d1ae8c13fc8b";"2020-11-15T20:00:33.744000";"2020-11-15T20:00:33.877000";0
"5f733777722fc12a413290eb";"Indicateurs de l’activité épidémique: taux d'incidence de l'épidémie de COVID-19 par métropole";"indicateurs-de-lactivite-epidemique-taux-dincidence-de-lepidemie-de-covid-19-par-metropole";"https://www.data.gouv.fr/fr/datasets/indicateurs-de-lactivite-epidemique-taux-dincidence-de-lepidemie-de-covid-19-par-metropole/";"Santé publique France";"5e721a395d57f93d0bed451f";"Licence Ouverte / Open Licence version 2.0";False;"59b3d22b-aa5a-4c71-8b1e-5768047b0c9c";"https://static.data.gouv.fr/resources/indicateurs-de-lactivite-epidemique-taux-dincidence-de-lepidemie-de-covid-19-par-metropole/20201114-192040/sg-metro-opendata-2020-11-14-19h20.csv";"sg-metro-opendata-2020-11-14-19h20.csv";"";"file";"csv";"text/csv";40802;"sha1";"f3b1cb205bccec61be6b9dee79133099461bed6b";"2020-11-14T19:20:40.311000";"2020-11-14T19:20:40.553000";0
"5f733777722fc12a413290eb";"Indicateurs de l’activité épidémique: taux d'incidence de l'épidémie de COVID-19 par métropole";"indicateurs-de-lactivite-epidemique-taux-dincidence-de-lepidemie-de-covid-19-par-metropole";"https://www.data.gouv.fr/fr/datasets/indicateurs-de-lactivite-epidemique-taux-dincidence-de-lepidemie-de-covid-19-par-metropole/";"Santé publique France";"5e721a395d57f93d0bed451f";"Licence Ouverte / Open Licence version 2.0";False;"8087c920-8f87-494d-bc87-ad8b8f227a59";"https://static.data.gouv.fr/resources/indicateurs-de-lactivite-epidemique-taux-dincidence-de-lepidemie-de-covid-19-par-metropole/20201113-192042/sg-metro-opendata-2020-11-13-19h20.csv";"sg-metro-opendata-2020-11-13-19h20.csv";"";"file";"csv";"text/csv";40817;"sha1";"80f1614e63c6518b073bdae78f7529f034c1fbf2";"2020-11-13T19:20:42.546000";"2020-11-13T19:20:42.784000";0
"5f733777722fc12a413290eb";"Indicateurs de l’activité épidémique: taux d'incidence de l'épidémie de COVID-19 par métropole";"indicateurs-de-lactivite-epidemique-taux-dincidence-de-lepidemie-de-covid-19-par-metropole";"https://www.data.gouv.fr/fr/datasets/indicateurs-de-lactivite-epidemique-taux-dincidence-de-lepidemie-de-covid-19-par-metropole/";"Santé publique France";"5e721a395d57f93d0bed451f";"Licence Ouverte / Open Licence version 2.0";False;"0aad398a-a765-4465-88b3-6fdef314140e";"https://static.data.gouv.fr/resources/indicateurs-de-lactivite-epidemique-taux-dincidence-de-lepidemie-de-covid-19-par-metropole/20201112-192039/sg-metro-opendata-2020-11-12-19h20.csv";"sg-metro-opendata-2020-11-12-19h20.csv";"";"file";"csv";"text/csv";40822;"sha1";"fde9c89f2b7e7161e7822227fa5380070940cd43";"2020-11-12T19:20:39.712000";"2020-11-12T19:20:39.872000";0
"5f733777722fc12a413290eb";"Indicateurs de l’activité épidémique: taux d'incidence de l'épidémie de COVID-19 par métropole";"indicateurs-de-lactivite-epidemique-taux-dincidence-de-lepidemie-de-covid-19-par-metropole";"https://www.data.gouv.fr/fr/datasets/indicateurs-de-lactivite-epidemique-taux-dincidence-de-lepidemie-de-covid-19-par-metropole/";"Santé publique France";"5e721a395d57f93d0bed451f";"Licence Ouverte / Open Licence version 2.0";False;"3f3d9247-3c93-4792-b2f0-5f0e8f27d772";"https://static.data.gouv.fr/resources/indicateurs-de-lactivite-epidemique-taux-dincidence-de-lepidemie-de-covid-19-par-metropole/20201111-192038/sg-metro-opendata-2020-11-11-19h20.csv";"sg-metro-opendata-2020-11-11-19h20.csv";"";"file";"csv";"text/csv";40823;"sha1";"adcf91b95232312aba6e978c247508cdc75f89fb";"2020-11-11T19:20:39.116000";"2020-11-11T19:20:39.272000";0
"5f733777722fc12a413290eb";"Indicateurs de l’activité épidémique: taux d'incidence de l'épidémie de COVID-19 par métropole";"indicateurs-de-lactivite-epidemique-taux-dincidence-de-lepidemie-de-covid-19-par-metropole";"https://www.data.gouv.fr/fr/datasets/indicateurs-de-lactivite-epidemique-taux-dincidence-de-lepidemie-de-covid-19-par-metropole/";"Santé publique France";"5e721a395d57f93d0bed451f";"Licence Ouverte / Open Licence version 2.0";False;"bca643bb-527f-4446-8a72-0a410912ebd0";"https://static.data.gouv.fr/resources/indicateurs-de-lactivite-epidemique-taux-dincidence-de-lepidemie-de-covid-19-par-metropole/20201110-192040/sg-metro-opendata-2020-11-10-19h20.csv";"sg-metro-opendata-2020-11-10-19h20.csv";"";"file";"csv";"text/csv";40798;"sha1";"cb30a2720e000a9f2f57a159e5ecd9380f834af1";"2020-11-10T19:20:40.201000";"2020-11-10T19:20:40.571000";0
"5f733777722fc12a413290eb";"Indicateurs de l’activité épidémique: taux d'incidence de l'épidémie de COVID-19 par métropole";"indicateurs-de-lactivite-epidemique-taux-dincidence-de-lepidemie-de-covid-19-par-metropole";"https://www.data.gouv.fr/fr/datasets/indicateurs-de-lactivite-epidemique-taux-dincidence-de-lepidemie-de-covid-19-par-metropole/";"Santé publique France";"5e721a395d57f93d0bed451f";"Licence Ouverte / Open Licence version 2.0";False;"ac6e9be4-4e0d-4bf2-bafc-27cd075fe489";"https://static.data.gouv.fr/resources/indicateurs-de-lactivite-epidemique-taux-dincidence-de-lepidemie-de-covid-19-par-metropole/20201109-192041/sg-metro-opendata-2020-11-09-19h20.csv";"sg-metro-opendata-2020-11-09-19h20.csv";"";"file";"csv";"text/csv";40791;"sha1";"16ed47c087b2addb34aa10968ca867928286c660";"2020-11-09T19:20:42.017000";"2020-11-09T19:20:42.235000";0
"5f733777722fc12a413290eb";"Indicateurs de l’activité épidémique: taux d'incidence de l'épidémie de COVID-19 par métropole";"indicateurs-de-lactivite-epidemique-taux-dincidence-de-lepidemie-de-covid-19-par-metropole";"https://www.data.gouv.fr/fr/datasets/indicateurs-de-lactivite-epidemique-taux-dincidence-de-lepidemie-de-covid-19-par-metropole/";"Santé publique France";"5e721a395d57f93d0bed451f";"Licence Ouverte / Open Licence version 2.0";False;"28123b02-1b4c-4f43-b585-e9ed1bf4d606";"https://static.data.gouv.fr/resources/indicateurs-de-lactivite-epidemique-taux-dincidence-de-lepidemie-de-covid-19-par-metropole/20201108-192039/sg-metro-opendata-2020-11-08-19h20.csv";"sg-metro-opendata-2020-11-08-19h20.csv";"";"file";"csv";"text/csv";40786;"sha1";"5c10b0b55db0fd11dbc4d2d4f22ddb48859f197d";"2020-11-08T19:20:39.860000";"2020-11-08T19:20:40.133000";0
"5f733777722fc12a413290eb";"Indicateurs de l’activité épidémique: taux d'incidence de l'épidémie de COVID-19 par métropole";"indicateurs-de-lactivite-epidemique-taux-dincidence-de-lepidemie-de-covid-19-par-metropole";"https://www.data.gouv.fr/fr/datasets/indicateurs-de-lactivite-epidemique-taux-dincidence-de-lepidemie-de-covid-19-par-metropole/";"Santé publique France";"5e721a395d57f93d0bed451f";"Licence Ouverte / Open Licence version 2.0";False;"20dace5a-85c6-4030-b7de-0eed4bb1038f";"https://static.data.gouv.fr/resources/indicateurs-de-lactivite-epidemique-taux-dincidence-de-lepidemie-de-covid-19-par-metropole/20201107-192040/sg-metro-opendata-2020-11-07-19h20.csv";"sg-metro-opendata-2020-11-07-19h20.csv";"";"file";"csv";"text/csv";40785;"sha1";"4950775925bdbb5e004c0d3f296969cf0a02b88b";"2020-11-07T19:20:40.300000";"2020-11-07T19:20:40.537000";1
"5f733777722fc12a413290eb";"Indicateurs de l’activité épidémique: taux d'incidence de l'épidémie de COVID-19 par métropole";"indicateurs-de-lactivite-epidemique-taux-dincidence-de-lepidemie-de-covid-19-par-metropole";"https://www.data.gouv.fr/fr/datasets/indicateurs-de-lactivite-epidemique-taux-dincidence-de-lepidemie-de-covid-19-par-metropole/";"Santé publique France";"5e721a395d57f93d0bed451f";"Licence Ouverte / Open Licence version 2.0";False;"4bee3842-a340-4c94-805e-28a093d8d7bf";"https://static.data.gouv.fr/resources/indicateurs-de-lactivite-epidemique-taux-dincidence-de-lepidemie-de-covid-19-par-metropole/20201106-192042/sg-metro-opendata-2020-11-06-19h20.csv";"sg-metro-opendata-2020-11-06-19h20.csv";"";"file";"csv";"text/csv";40790;"sha1";"a0e873acefdfa2eca598a23c25028a6512641b77";"2020-11-06T19:20:42.699000";"2020-11-06T19:20:42.919000";0
"5f733777722fc12a413290eb";"Indicateurs de l’activité épidémique: taux d'incidence de l'épidémie de COVID-19 par métropole";"indicateurs-de-lactivite-epidemique-taux-dincidence-de-lepidemie-de-covid-19-par-metropole";"https://www.data.gouv.fr/fr/datasets/indicateurs-de-lactivite-epidemique-taux-dincidence-de-lepidemie-de-covid-19-par-metropole/";"Santé publique France";"5e721a395d57f93d0bed451f";"Licence Ouverte / Open Licence version 2.0";False;"ed3e278c-0128-4ad4-a3d3-b14f28514b0a";"https://static.data.gouv.fr/resources/indicateurs-de-lactivite-epidemique-taux-dincidence-de-lepidemie-de-covid-19-par-metropole/20201105-192040/sg-metro-opendata-2020-11-05-19h20.csv";"sg-metro-opendata-2020-11-05-19h20.csv";"";"file";"csv";"text/csv";40770;"sha1";"d0559445042835a59c851e502ae7679c3f6bc516";"2020-11-05T19:20:40.624000";"2020-11-05T19:20:40.785000";0
"5f733777722fc12a413290eb";"Indicateurs de l’activité épidémique: taux d'incidence de l'épidémie de COVID-19 par métropole";"indicateurs-de-lactivite-epidemique-taux-dincidence-de-lepidemie-de-covid-19-par-metropole";"https://www.data.gouv.fr/fr/datasets/indicateurs-de-lactivite-epidemique-taux-dincidence-de-lepidemie-de-covid-19-par-metropole/";"Santé publique France";"5e721a395d57f93d0bed451f";"Licence Ouverte / Open Licence version 2.0";False;"fca03e24-679d-4215-b39a-fce851d775ef";"https://static.data.gouv.fr/resources/indicateurs-de-lactivite-epidemique-taux-dincidence-de-lepidemie-de-covid-19-par-metropole/20201104-192039/sg-metro-opendata-2020-11-04-19h20.csv";"sg-metro-opendata-2020-11-04-19h20.csv";"";"file";"csv";"text/csv";40754;"sha1";"5fd2fe43bae20539c8eea12241d2a555f3e703bb";"2020-11-04T19:20:39.318000";"2020-11-04T19:20:39.498000";0
"5f733777722fc12a413290eb";"Indicateurs de l’activité épidémique: taux d'incidence de l'épidémie de COVID-19 par métropole";"indicateurs-de-lactivite-epidemique-taux-dincidence-de-lepidemie-de-covid-19-par-metropole";"https://www.data.gouv.fr/fr/datasets/indicateurs-de-lactivite-epidemique-taux-dincidence-de-lepidemie-de-covid-19-par-metropole/";"Santé publique France";"5e721a395d57f93d0bed451f";"Licence Ouverte / Open Licence version 2.0";False;"65fcf8ad-21fc-431a-96ef-eb24ba4e1e0f";"https://static.data.gouv.fr/resources/indicateurs-de-lactivite-epidemique-taux-dincidence-de-lepidemie-de-covid-19-par-metropole/20201103-192040/sg-metro-opendata-2020-11-03-19h20.csv";"sg-metro-opendata-2020-11-03-19h20.csv";"";"file";"csv";"text/csv";40747;"sha1";"ffbf24e7fc2c33fb48b05f79ee5fa84ba1dd74e8";"2020-11-03T19:20:40.159000";"2020-11-03T19:20:40.333000";0
"5f733777722fc12a413290eb";"Indicateurs de l’activité épidémique: taux d'incidence de l'épidémie de COVID-19 par métropole";"indicateurs-de-lactivite-epidemique-taux-dincidence-de-lepidemie-de-covid-19-par-metropole";"https://www.data.gouv.fr/fr/datasets/indicateurs-de-lactivite-epidemique-taux-dincidence-de-lepidemie-de-covid-19-par-metropole/";"Santé publique France";"5e721a395d57f93d0bed451f";"Licence Ouverte / Open Licence version 2.0";False;"c26a0a39-93b1-45f1-873b-4f97c3b3a9f8";"https://static.data.gouv.fr/resources/indicateurs-de-lactivite-epidemique-taux-dincidence-de-lepidemie-de-covid-19-par-metropole/20201102-192041/sg-metro-opendata-2020-11-02-19h20.csv";"sg-metro-opendata-2020-11-02-19h20.csv";"";"file";"csv";"text/csv";40735;"sha1";"188e35c53f91773df940c7f1084b954fdbd32762";"2020-11-02T19:20:41.496000";"2020-11-02T19:20:41.721000";0
"5f733777722fc12a413290eb";"Indicateurs de l’activité épidémique: taux d'incidence de l'épidémie de COVID-19 par métropole";"indicateurs-de-lactivite-epidemique-taux-dincidence-de-lepidemie-de-covid-19-par-metropole";"https://www.data.gouv.fr/fr/datasets/indicateurs-de-lactivite-epidemique-taux-dincidence-de-lepidemie-de-covid-19-par-metropole/";"Santé publique France";"5e721a395d57f93d0bed451f";"Licence Ouverte / Open Licence version 2.0";False;"53cb942b-596e-4bab-9ff4-c17a71e68145";"https://static.data.gouv.fr/resources/indicateurs-de-lactivite-epidemique-taux-dincidence-de-lepidemie-de-covid-19-par-metropole/20201101-192048/sg-metro-opendata-2020-11-01-19h20.csv";"sg-metro-opendata-2020-11-01-19h20.csv";"";"file";"csv";"text/csv";40709;"sha1";"db8107e462cc1acb51a1729a317b2682f1e1db9f";"2020-11-01T19:20:49.117000";"2020-11-01T19:20:49.359000";0
"5f733777722fc12a413290eb";"Indicateurs de l’activité épidémique: taux d'incidence de l'épidémie de COVID-19 par métropole";"indicateurs-de-lactivite-epidemique-taux-dincidence-de-lepidemie-de-covid-19-par-metropole";"https://www.data.gouv.fr/fr/datasets/indicateurs-de-lactivite-epidemique-taux-dincidence-de-lepidemie-de-covid-19-par-metropole/";"Santé publique France";"5e721a395d57f93d0bed451f";"Licence Ouverte / Open Licence version 2.0";False;"bc1be2a0-5a50-4ace-a66c-0a195699bd1b";"https://static.data.gouv.fr/resources/indicateurs-de-lactivite-epidemique-taux-dincidence-de-lepidemie-de-covid-19-par-metropole/20201031-192042/sg-metro-opendata-2020-10-31-19h20.csv";"sg-metro-opendata-2020-10-31-19h20.csv";"";"file";"csv";"text/csv";40703;"sha1";"c2033057be963855ba167c585e7d68390720cec8";"2020-10-31T19:20:42.633000";"2020-10-31T19:20:42.808000";0
"5f733777722fc12a413290eb";"Indicateurs de l’activité épidémique: taux d'incidence de l'épidémie de COVID-19 par métropole";"indicateurs-de-lactivite-epidemique-taux-dincidence-de-lepidemie-de-covid-19-par-metropole";"https://www.data.gouv.fr/fr/datasets/indicateurs-de-lactivite-epidemique-taux-dincidence-de-lepidemie-de-covid-19-par-metropole/";"Santé publique France";"5e721a395d57f93d0bed451f";"Licence Ouverte / Open Licence version 2.0";False;"7f2c81f0-733a-47d3-a029-dae26496e756";"https://static.data.gouv.fr/resources/indicateurs-de-lactivite-epidemique-taux-dincidence-de-lepidemie-de-covid-19-par-metropole/20201030-195203/sg-metro-opendata-2020-10-30-19h20.csv";"sg-metro-opendata-2020-10-30-19h20.csv";"";"file";"csv";"text/csv";40667;"sha1";"9fdf35f55fc592a08763a560021da766376efdb9";"2020-10-30T19:52:03.799000";"2020-10-30T19:52:15.622000";0
"5f733777722fc12a413290eb";"Indicateurs de l’activité épidémique: taux d'incidence de l'épidémie de COVID-19 par métropole";"indicateurs-de-lactivite-epidemique-taux-dincidence-de-lepidemie-de-covid-19-par-metropole";"https://www.data.gouv.fr/fr/datasets/indicateurs-de-lactivite-epidemique-taux-dincidence-de-lepidemie-de-covid-19-par-metropole/";"Santé publique France";"5e721a395d57f93d0bed451f";"Licence Ouverte / Open Licence version 2.0";False;"643b075c-1a75-411e-ba3c-a92aba6fa8d0";"https://static.data.gouv.fr/resources/indicateurs-de-lactivite-epidemique-taux-dincidence-de-lepidemie-de-covid-19-par-metropole/20201029-192255/sg-metro-opendata-2020-10-29-19h20.csv";"sg-metro-opendata-2020-10-29-19h20.csv";"";"file";"csv";"text/csv";40631;"sha1";"5bae7b057c47d98709c7e71ed7b69425bda1d518";"2020-10-29T19:22:55.286000";"2020-10-29T19:22:55.540000";0
"5f733777722fc12a413290eb";"Indicateurs de l’activité épidémique: taux d'incidence de l'épidémie de COVID-19 par métropole";"indicateurs-de-lactivite-epidemique-taux-dincidence-de-lepidemie-de-covid-19-par-metropole";"https://www.data.gouv.fr/fr/datasets/indicateurs-de-lactivite-epidemique-taux-dincidence-de-lepidemie-de-covid-19-par-metropole/";"Santé publique France";"5e721a395d57f93d0bed451f";"Licence Ouverte / Open Licence version 2.0";False;"2bf672c0-c89e-4a31-9b47-ce916e36d170";"https://static.data.gouv.fr/resources/indicateurs-de-lactivite-epidemique-taux-dincidence-de-lepidemie-de-covid-19-par-metropole/20201029-193320/sg-metro-opendata-2020-10-28-19h20.csv";"sg-metro-opendata-2020-10-28-19h20.csv";"";"file";"csv";"text/csv";40623;"sha1";"520f4fc307dfeb276bc01b43ac9ddfb03581ea88";"2020-10-29T19:33:20.310000";"2020-10-29T19:33:32.015000";0
"5f733777722fc12a413290eb";"Indicateurs de l’activité épidémique: taux d'incidence de l'épidémie de COVID-19 par métropole";"indicateurs-de-lactivite-epidemique-taux-dincidence-de-lepidemie-de-covid-19-par-metropole";"https://www.data.gouv.fr/fr/datasets/indicateurs-de-lactivite-epidemique-taux-dincidence-de-lepidemie-de-covid-19-par-metropole/";"Santé publique France";"5e721a395d57f93d0bed451f";"Licence Ouverte / Open Licence version 2.0";False;"dea08301-8d54-4d7a-8cbf-5fc8c736fc4c";"https://static.data.gouv.fr/resources/indicateurs-de-lactivite-epidemique-taux-dincidence-de-lepidemie-de-covid-19-par-metropole/20201027-192034/sg-metro-opendata-2020-10-27-19h20.csv";"sg-metro-opendata-2020-10-27-19h20.csv";"";"file";"csv";"text/csv";38852;"sha1";"399486f16b150730e8637f37e912459bf5d47230";"2020-10-27T19:20:34.245000";"2020-10-27T19:20:34.470000";0
"5f733777722fc12a413290eb";"Indicateurs de l’activité épidémique: taux d'incidence de l'épidémie de COVID-19 par métropole";"indicateurs-de-lactivite-epidemique-taux-dincidence-de-lepidemie-de-covid-19-par-metropole";"https://www.data.gouv.fr/fr/datasets/indicateurs-de-lactivite-epidemique-taux-dincidence-de-lepidemie-de-covid-19-par-metropole/";"Santé publique France";"5e721a395d57f93d0bed451f";"Licence Ouverte / Open Licence version 2.0";False;"e750fb63-689f-4ee5-8bf8-fe8c607d0af6";"https://static.data.gouv.fr/resources/indicateurs-de-lactivite-epidemique-taux-dincidence-de-lepidemie-de-covid-19-par-metropole/20201026-192032/sg-metro-opendata-2020-10-26-19h20.csv";"sg-metro-opendata-2020-10-26-19h20.csv";"";"file";"csv";"text/csv";38852;"sha1";"5c5a5f5dc06ca28d61692f42aec944b304391f44";"2020-10-26T19:20:33.118000";"2020-10-26T19:20:33.275000";0
"5f733777722fc12a413290eb";"Indicateurs de l’activité épidémique: taux d'incidence de l'épidémie de COVID-19 par métropole";"indicateurs-de-lactivite-epidemique-taux-dincidence-de-lepidemie-de-covid-19-par-metropole";"https://www.data.gouv.fr/fr/datasets/indicateurs-de-lactivite-epidemique-taux-dincidence-de-lepidemie-de-covid-19-par-metropole/";"Santé publique France";"5e721a395d57f93d0bed451f";"Licence Ouverte / Open Licence version 2.0";False;"e2a4d812-00f8-410e-8492-89abfb3f53ec";"https://static.data.gouv.fr/resources/indicateurs-de-lactivite-epidemique-taux-dincidence-de-lepidemie-de-covid-19-par-metropole/20201024-192002/sg-metro-opendata-2020-10-24-19h20.csv";"sg-metro-opendata-2020-10-24-19h20.csv";"";"file";"csv";"text/csv";41562;"sha1";"72108caed627d60d2b8ef24def2f32e4f9fc2d9b";"2020-10-24T19:20:02.314000";"2020-10-24T19:20:02.524000";0
"5f733777722fc12a413290eb";"Indicateurs de l’activité épidémique: taux d'incidence de l'épidémie de COVID-19 par métropole";"indicateurs-de-lactivite-epidemique-taux-dincidence-de-lepidemie-de-covid-19-par-metropole";"https://www.data.gouv.fr/fr/datasets/indicateurs-de-lactivite-epidemique-taux-dincidence-de-lepidemie-de-covid-19-par-metropole/";"Santé publique France";"5e721a395d57f93d0bed451f";"Licence Ouverte / Open Licence version 2.0";False;"b1ee64ab-91e6-425f-bbd3-29bcb73c4cbd";"https://static.data.gouv.fr/resources/indicateurs-de-lactivite-epidemique-taux-dincidence-de-lepidemie-de-covid-19-par-metropole/20201023-192002/sg-metro-opendata-2020-10-23-19h20.csv";"sg-metro-opendata-2020-10-23-19h20.csv";"";"file";"csv";"text/csv";41560;"sha1";"8d6e95e6b8bafa4c9eb3940646de1157bc68bbf5";"2020-10-23T19:20:02.401000";"2020-10-23T19:20:02.521000";3
"5f733777722fc12a413290eb";"Indicateurs de l’activité épidémique: taux d'incidence de l'épidémie de COVID-19 par métropole";"indicateurs-de-lactivite-epidemique-taux-dincidence-de-lepidemie-de-covid-19-par-metropole";"https://www.data.gouv.fr/fr/datasets/indicateurs-de-lactivite-epidemique-taux-dincidence-de-lepidemie-de-covid-19-par-metropole/";"Santé publique France";"5e721a395d57f93d0bed451f";"Licence Ouverte / Open Licence version 2.0";False;"5bb721ef-d6ee-4aa3-8b49-746afb305e7a";"https://static.data.gouv.fr/resources/indicateurs-de-lactivite-epidemique-taux-dincidence-de-lepidemie-de-covid-19-par-metropole/20201021-094612/faq-geodes-sidep-250920.pdf";"faq-geodes-sidep-250920.pdf";"";"file";"pdf";"application/pdf";321851;"sha1";"d87300836b4b88c5a48171625232fcc575c16653";"2020-10-21T09:46:12.570000";"2020-10-21T09:46:18.039000";104
"5f733777722fc12a413290eb";"Indicateurs de l’activité épidémique: taux d'incidence de l'épidémie de COVID-19 par métropole";"indicateurs-de-lactivite-epidemique-taux-dincidence-de-lepidemie-de-covid-19-par-metropole";"https://www.data.gouv.fr/fr/datasets/indicateurs-de-lactivite-epidemique-taux-dincidence-de-lepidemie-de-covid-19-par-metropole/";"Santé publique France";"5e721a395d57f93d0bed451f";"Licence Ouverte / Open Licence version 2.0";False;"404c1b02-6c40-4467-9705-cfdb4758a965";"https://static.data.gouv.fr/resources/indicateurs-de-lactivite-epidemique-taux-dincidence-de-lepidemie-de-covid-19-par-metropole/20201021-094602/sidep-note-methodo-270820.pdf";"sidep-note-methodo-270820.pdf";"";"file";"pdf";"application/pdf";418200;"sha1";"525806ddf75a26bd9255d306e20ff5fe206212a6";"2020-10-21T09:46:02.258000";"2020-10-21T09:46:07.198000";17
"5f733777722fc12a413290eb";"Indicateurs de l’activité épidémique: taux d'incidence de l'épidémie de COVID-19 par métropole";"indicateurs-de-lactivite-epidemique-taux-dincidence-de-lepidemie-de-covid-19-par-metropole";"https://www.data.gouv.fr/fr/datasets/indicateurs-de-lactivite-epidemique-taux-dincidence-de-lepidemie-de-covid-19-par-metropole/";"Santé publique France";"5e721a395d57f93d0bed451f";"Licence Ouverte / Open Licence version 2.0";False;"9dd5cccd-6e48-45c1-b8d1-6fec8924b621";"https://static.data.gouv.fr/resources/indicateurs-de-lactivite-epidemique-taux-dincidence-de-lepidemie-de-covid-19-par-metropole/20201020-192002/sg-metro-opendata-2020-10-20-19h20.csv";"sg-metro-opendata-2020-10-20-19h20.csv";"";"file";"csv";"text/csv";39663;"sha1";"3eec26c265c71bef97af0b044c1fe9cad758f761";"2020-10-20T19:20:02.387000";"2020-10-20T19:20:02.514000";18
"5f733777722fc12a413290eb";"Indicateurs de l’activité épidémique: taux d'incidence de l'épidémie de COVID-19 par métropole";"indicateurs-de-lactivite-epidemique-taux-dincidence-de-lepidemie-de-covid-19-par-metropole";"https://www.data.gouv.fr/fr/datasets/indicateurs-de-lactivite-epidemique-taux-dincidence-de-lepidemie-de-covid-19-par-metropole/";"Santé publique France";"5e721a395d57f93d0bed451f";"Licence Ouverte / Open Licence version 2.0";False;"493ae99a-5f67-408f-9d62-7d1fbe4ce81d";"https://static.data.gouv.fr/resources/indicateurs-de-lactivite-epidemique-taux-dincidence-de-lepidemie-de-covid-19-par-metropole/20201018-192002/sg-metro-opendata-2020-10-18-19h20.csv";"sg-metro-opendata-2020-10-18-19h20.csv";"";"file";"csv";"text/csv";40427;"sha1";"595a6745f4f16625bf0b30babbec8466da1d0682";"2020-10-18T19:20:02.384000";"2020-10-18T19:20:02.592000";10
"5f733777722fc12a413290eb";"Indicateurs de l’activité épidémique: taux d'incidence de l'épidémie de COVID-19 par métropole";"indicateurs-de-lactivite-epidemique-taux-dincidence-de-lepidemie-de-covid-19-par-metropole";"https://www.data.gouv.fr/fr/datasets/indicateurs-de-lactivite-epidemique-taux-dincidence-de-lepidemie-de-covid-19-par-metropole/";"Santé publique France";"5e721a395d57f93d0bed451f";"Licence Ouverte / Open Licence version 2.0";False;"4ef34927-dc33-4507-b97a-ab2c52a0c490";"https://static.data.gouv.fr/resources/indicateurs-de-lactivite-epidemique-taux-dincidence-de-lepidemie-de-covid-19-par-metropole/20201017-192002/sg-metro-opendata-2020-10-17-19h20.csv";"sg-metro-opendata-2020-10-17-19h20.csv";"";"file";"csv";"text/csv";40415;"sha1";"3881a7009053e55e7a435ec166e5c5307b55757a";"2020-10-17T19:20:02.393000";"2020-10-17T19:20:02.559000";1
"5f733777722fc12a413290eb";"Indicateurs de l’activité épidémique: taux d'incidence de l'épidémie de COVID-19 par métropole";"indicateurs-de-lactivite-epidemique-taux-dincidence-de-lepidemie-de-covid-19-par-metropole";"https://www.data.gouv.fr/fr/datasets/indicateurs-de-lactivite-epidemique-taux-dincidence-de-lepidemie-de-covid-19-par-metropole/";"Santé publique France";"5e721a395d57f93d0bed451f";"Licence Ouverte / Open Licence version 2.0";False;"6fda6e87-3583-4417-ac97-1b5020f57cfd";"https://static.data.gouv.fr/resources/indicateurs-de-lactivite-epidemique-taux-dincidence-de-lepidemie-de-covid-19-par-metropole/20201017-131759/sg-metro-opendata-2020-10-17-13h17.csv";"sg-metro-opendata-2020-10-17-13h17.csv";"";"file";"csv";"text/csv";40391;"sha1";"6393ce3c248c65b726cdeb81d5a08cbd0fc79b21";"2020-10-17T13:17:59.191000";"2020-10-17T13:22:52.661000";0
"5f733777722fc12a413290eb";"Indicateurs de l’activité épidémique: taux d'incidence de l'épidémie de COVID-19 par métropole";"indicateurs-de-lactivite-epidemique-taux-dincidence-de-lepidemie-de-covid-19-par-metropole";"https://www.data.gouv.fr/fr/datasets/indicateurs-de-lactivite-epidemique-taux-dincidence-de-lepidemie-de-covid-19-par-metropole/";"Santé publique France";"5e721a395d57f93d0bed451f";"Licence Ouverte / Open Licence version 2.0";False;"61533034-0f2f-4b16-9a6d-28ffabb33a02";"https://static.data.gouv.fr/resources/indicateurs-de-lactivite-epidemique-taux-dincidence-de-lepidemie-de-covid-19-par-metropole/20201207-192043/sg-metro-opendata-2020-12-07-19h20.csv";"sg-metro-opendata-2020-12-07-19h20.csv";"";"file";"csv";"text/csv";40564;"sha1";"83264446d327349b99edde0fba691d462cbf3660";"2020-10-14T18:57:02.068000";"2020-12-07T19:20:43.212000";880
"5f733777722fc12a413290eb";"Indicateurs de l’activité épidémique: taux d'incidence de l'épidémie de COVID-19 par métropole";"indicateurs-de-lactivite-epidemique-taux-dincidence-de-lepidemie-de-covid-19-par-metropole";"https://www.data.gouv.fr/fr/datasets/indicateurs-de-lactivite-epidemique-taux-dincidence-de-lepidemie-de-covid-19-par-metropole/";"Santé publique France";"5e721a395d57f93d0bed451f";"Licence Ouverte / Open Licence version 2.0";False;"0fa52fca-4eb3-4786-92f1-6db24273068f";"https://static.data.gouv.fr/resources/indicateurs-de-lactivite-epidemique-taux-dincidence-de-lepidemie-de-covid-19-par-metropole/20201014-191744/metropole-epci.csv";"metropole-epci.csv";"Correspondences entre le code EPCI et le nom des métropoles";"file";"csv";"text/csv";413;"sha1";"26c02efa8f047df48f5077ddc290c3e1c67e9e35";"2020-10-14T18:26:09.377000";"2020-10-14T19:17:46.993000";170
"5f733777722fc12a413290eb";"Indicateurs de l’activité épidémique: taux d'incidence de l'épidémie de COVID-19 par métropole";"indicateurs-de-lactivite-epidemique-taux-dincidence-de-lepidemie-de-covid-19-par-metropole";"https://www.data.gouv.fr/fr/datasets/indicateurs-de-lactivite-epidemique-taux-dincidence-de-lepidemie-de-covid-19-par-metropole/";"Santé publique France";"5e721a395d57f93d0bed451f";"Licence Ouverte / Open Licence version 2.0";False;"b91c17e9-da70-4f22-9fde-84d5953c1cbb";"https://static.data.gouv.fr/resources/indicateurs-de-lactivite-epidemique-taux-dincidence-de-lepidemie-de-covid-19-par-metropole/20201014-190008/metadonnees-sg-metro-opendata.csv";"metadonnees-sg-metro-opendata.csv";"";"file";"csv";"text/csv";575;"sha1";"607ca173fedf7d33987641f4cff18aa6f5cfd2d1";"2020-10-14T16:08:44.902000";"2020-10-14T19:00:10.736000";24
"5e74ecf52eb7514f2d3b8845";"Données des urgences hospitalières et de SOS médecins relatives à l'épidémie de COVID-19 ";"donnees-des-urgences-hospitalieres-et-de-sos-medecins-relatives-a-lepidemie-de-covid-19";"https://www.data.gouv.fr/fr/datasets/donnees-des-urgences-hospitalieres-et-de-sos-medecins-relatives-a-lepidemie-de-covid-19/";"Santé publique France";"5e721a395d57f93d0bed451f";"Licence Ouverte / Open Licence version 2.0";False;"eceb9fb4-3ebc-4da3-828d-f5939712600a";"https://static.data.gouv.fr/resources/donnees-des-urgences-hospitalieres-et-de-sos-medecins-relatives-a-lepidemie-de-covid-19/20201207-191518/sursaud-corona-quot-dep-2020-12-07-19h15.csv";"sursaud-corona-quot-dep-2020-12-07-19h15.csv";"";"file";"csv";"text/csv";6942068;"sha1";"8a68c8927d8a56a2a7d6b5c3cb867dfdea5d3897";"2020-03-20T18:56:25.178000";"2020-12-07T19:15:19.088000";17881
"5e74ecf52eb7514f2d3b8845";"Données des urgences hospitalières et de SOS médecins relatives à l'épidémie de COVID-19 ";"donnees-des-urgences-hospitalieres-et-de-sos-medecins-relatives-a-lepidemie-de-covid-19";"https://www.data.gouv.fr/fr/datasets/donnees-des-urgences-hospitalieres-et-de-sos-medecins-relatives-a-lepidemie-de-covid-19/";"Santé publique France";"5e721a395d57f93d0bed451f";"Licence Ouverte / Open Licence version 2.0";False;"d2af5160-a21d-47b7-8f30-3c20dade63b1";"https://static.data.gouv.fr/resources/donnees-des-urgences-hospitalieres-et-de-sos-medecins-relatives-a-lepidemie-de-covid-19/20201207-191517/sursaud-corona-quot-reg-2020-12-07-19h15.csv";"sursaud-corona-quot-reg-2020-12-07-19h15.csv";"";"file";"csv";"text/csv";1465225;"sha1";"39416ff86e9fadc049ea4b63f269a86db245b0c1";"2020-03-20T18:56:25.009000";"2020-12-07T19:15:17.488000";3042
"5e74ecf52eb7514f2d3b8845";"Données des urgences hospitalières et de SOS médecins relatives à l'épidémie de COVID-19 ";"donnees-des-urgences-hospitalieres-et-de-sos-medecins-relatives-a-lepidemie-de-covid-19";"https://www.data.gouv.fr/fr/datasets/donnees-des-urgences-hospitalieres-et-de-sos-medecins-relatives-a-lepidemie-de-covid-19/";"Santé publique France";"5e721a395d57f93d0bed451f";"Licence Ouverte / Open Licence version 2.0";False;"219427ba-7e90-4eb1-9ac7-4de2e7e2112c";"https://static.data.gouv.fr/resources/donnees-des-urgences-hospitalieres-et-de-sos-medecins-relatives-a-lepidemie-de-covid-19/20200703-190036/sursaud-covid19-quotidien-2020-07-03-19h00-france.csv";"sursaud-covid19-quotidien-2020-07-03-19h00-france.csv";"";"file";"csv";"text/csv";55738;"sha1";"78e14522b9e618d56dea7036fa722e8ccc86a835";"2020-03-27T16:17:55.495000";"2020-07-03T19:00:36.723000";2765
"5e74ecf52eb7514f2d3b8845";"Données des urgences hospitalières et de SOS médecins relatives à l'épidémie de COVID-19 ";"donnees-des-urgences-hospitalieres-et-de-sos-medecins-relatives-a-lepidemie-de-covid-19";"https://www.data.gouv.fr/fr/datasets/donnees-des-urgences-hospitalieres-et-de-sos-medecins-relatives-a-lepidemie-de-covid-19/";"Santé publique France";"5e721a395d57f93d0bed451f";"Licence Ouverte / Open Licence version 2.0";False;"941ff2b4-ea24-4cdf-b0a7-655f2a332fb2";"https://static.data.gouv.fr/resources/donnees-des-urgences-hospitalieres-et-de-sos-medecins-relatives-a-lepidemie-de-covid-19/20200703-190034/sursaud-covid19-quotidien-2020-07-03-19h00.xlsx";"sursaud-covid19-quotidien-2020-07-03-19h00.xlsx";"";"file";"xlsx";"application/vnd.openxmlformats-officedocument.spreadsheetml.sheet";5850795;"sha1";"225270f16a89673186807408a03b8d7b934d87c4";"2020-03-20T19:14:55.007000";"2020-07-03T19:00:34.879000";4572
"5e74ecf52eb7514f2d3b8845";"Données des urgences hospitalières et de SOS médecins relatives à l'épidémie de COVID-19 ";"donnees-des-urgences-hospitalieres-et-de-sos-medecins-relatives-a-lepidemie-de-covid-19";"https://www.data.gouv.fr/fr/datasets/donnees-des-urgences-hospitalieres-et-de-sos-medecins-relatives-a-lepidemie-de-covid-19/";"Santé publique France";"5e721a395d57f93d0bed451f";"Licence Ouverte / Open Licence version 2.0";False;"c67aebf7-9883-49ef-a654-c4af5fdf5206";"https://static.data.gouv.fr/resources/donnees-des-urgences-hospitalieres-et-de-sos-medecins-relatives-a-lepidemie-de-covid-19/20200715-191515/sursaud-corona-hebdo-2020-07-15-19h15.csv";"sursaud-corona-hebdo-2020-07-15-19h15.csv";"";"file";"csv";"text/csv";327878;"sha1";"92f1689346a158c798d9db99e45d869be0d5bc40";"2020-03-20T19:15:53.340000";"2020-07-15T19:15:15.447000";898
"5e74ecf52eb7514f2d3b8845";"Données des urgences hospitalières et de SOS médecins relatives à l'épidémie de COVID-19 ";"donnees-des-urgences-hospitalieres-et-de-sos-medecins-relatives-a-lepidemie-de-covid-19";"https://www.data.gouv.fr/fr/datasets/donnees-des-urgences-hospitalieres-et-de-sos-medecins-relatives-a-lepidemie-de-covid-19/";"Santé publique France";"5e721a395d57f93d0bed451f";"Licence Ouverte / Open Licence version 2.0";False;"2265d880-5260-4b34-8827-b3d76180032e";"https://static.data.gouv.fr/resources/donnees-relatives-a-lepidemie-du-covid-19/20200323-194934/metadonnee-urgenceshos-sosmedecin-covid19-quot.csv";"metadonnee-urgenceshos-sosmedecins-covid19-quot-dep.csv";"";"file";"csv";"text/csv";2694;"sha1";"f82854be4f6c99a887b6d03fc510e33ae4e9e679";"2020-03-23T19:49:34.576000";"2020-03-27T18:46:47.519000";1000
"5e74ecf52eb7514f2d3b8845";"Données des urgences hospitalières et de SOS médecins relatives à l'épidémie de COVID-19 ";"donnees-des-urgences-hospitalieres-et-de-sos-medecins-relatives-a-lepidemie-de-covid-19";"https://www.data.gouv.fr/fr/datasets/donnees-des-urgences-hospitalieres-et-de-sos-medecins-relatives-a-lepidemie-de-covid-19/";"Santé publique France";"5e721a395d57f93d0bed451f";"Licence Ouverte / Open Licence version 2.0";False;"02c99d99-96a0-4953-8e30-04fd660530f6";"https://static.data.gouv.fr/resources/donnees-des-ugences-hospitalieres-et-de-sos-medecins-relatives-a-lepidemie-de-covid-19/20200327-184959/metadonnee-urgenceshos-sosmedecin-covid19-quot-reg.csv";"metadonnee-urgenceshos-sosmedecin-covid19-quot-reg.csv";"";"file";"csv";"text/csv";2682;"sha1";"11861d8a08e39d5ca093e7aa10b8c8cfdc431a8b";"2020-03-27T18:49:59.817000";"2020-03-27T18:50:07.711000";212
"5e74ecf52eb7514f2d3b8845";"Données des urgences hospitalières et de SOS médecins relatives à l'épidémie de COVID-19 ";"donnees-des-urgences-hospitalieres-et-de-sos-medecins-relatives-a-lepidemie-de-covid-19";"https://www.data.gouv.fr/fr/datasets/donnees-des-urgences-hospitalieres-et-de-sos-medecins-relatives-a-lepidemie-de-covid-19/";"Santé publique France";"5e721a395d57f93d0bed451f";"Licence Ouverte / Open Licence version 2.0";False;"0289e4fe-bb67-42b9-a320-cd22c98d82c3";"https://static.data.gouv.fr/resources/donnees-des-ugences-hospitalieres-et-de-sos-medecins-relatives-a-lepidemie-de-covid-19/20200327-185634/metadonnee-urgenceshos-sosmedecin-covid19-quot-fra.csv";"metadonnee-urgenceshos-sosmedecin-covid19-quot-fra.csv";"";"file";"csv";"text/csv";2680;"sha1";"4298826ae95608b509664b32dbf4833d0049a597";"2020-03-27T18:56:34.899000";"2020-03-27T18:56:51.696000";278
"5e74ecf52eb7514f2d3b8845";"Données des urgences hospitalières et de SOS médecins relatives à l'épidémie de COVID-19 ";"donnees-des-urgences-hospitalieres-et-de-sos-medecins-relatives-a-lepidemie-de-covid-19";"https://www.data.gouv.fr/fr/datasets/donnees-des-urgences-hospitalieres-et-de-sos-medecins-relatives-a-lepidemie-de-covid-19/";"Santé publique France";"5e721a395d57f93d0bed451f";"Licence Ouverte / Open Licence version 2.0";False;"8ed0a51f-147f-4c6b-b2f3-b50c88fc7c07";"https://static.data.gouv.fr/resources/donnees-relatives-a-lepidemie-du-covid-19/20200323-194955/metadonnee-urgenceshos-sosmedecin-covid19-hebdo.csv";"metadonnee-urgenceshos-sosmedecins-covid19-hebdo.csv";"";"file";"csv";"text/csv";1329;"sha1";"8ae0c8f49f35ff3ab611de8cc8650b1340fe87d0";"2020-03-23T19:49:55.734000";"2020-03-23T19:50:19.338000";327
"5e74ecf52eb7514f2d3b8845";"Données des urgences hospitalières et de SOS médecins relatives à l'épidémie de COVID-19 ";"donnees-des-urgences-hospitalieres-et-de-sos-medecins-relatives-a-lepidemie-de-covid-19";"https://www.data.gouv.fr/fr/datasets/donnees-des-urgences-hospitalieres-et-de-sos-medecins-relatives-a-lepidemie-de-covid-19/";"Santé publique France";"5e721a395d57f93d0bed451f";"Licence Ouverte / Open Licence version 2.0";False;"cbed61a8-64e8-4c8c-8e97-65d3a31a99b6";"https://static.data.gouv.fr/resources/donnees-relatives-a-lepidemie-du-covid-19/20200320-181924/code-tranches-dage.csv";"code-tranches-dage.csv";"";"file";"csv";"text/csv";110;"sha1";"06b8b6bd3c95ebc1a283bff184ab7c60b10e6ad7";"2020-03-20T18:19:24.201000";"2020-03-23T18:47:52.441000";1446
"5ed117db6c161bd5baf070be";"Données relatives aux résultats des tests virologiques COVID-19";"donnees-relatives-aux-resultats-des-tests-virologiques-covid-19";"https://www.data.gouv.fr/fr/datasets/donnees-relatives-aux-resultats-des-tests-virologiques-covid-19/";"Santé publique France";"5e721a395d57f93d0bed451f";"Licence Ouverte / Open Licence version 2.0";False;"9417846f-0119-46f5-b49a-f97d9a869261";"https://static.data.gouv.fr/resources/donnees-relatives-aux-resultats-des-tests-virologiques-covid-19/20201021-095044/sidep-note-methodo-270820.pdf";"sidep-note-methodo-270820.pdf";"";"file";"pdf";"application/pdf";418200;"sha1";"525806ddf75a26bd9255d306e20ff5fe206212a6";"2020-10-21T09:50:45.112000";"2020-10-21T09:50:49.241000";210
"5ed117db6c161bd5baf070be";"Données relatives aux résultats des tests virologiques COVID-19";"donnees-relatives-aux-resultats-des-tests-virologiques-covid-19";"https://www.data.gouv.fr/fr/datasets/donnees-relatives-aux-resultats-des-tests-virologiques-covid-19/";"Santé publique France";"5e721a395d57f93d0bed451f";"Licence Ouverte / Open Licence version 2.0";False;"ea4b1a83-30cd-426a-b2ca-d74e5aede5ce";"https://static.data.gouv.fr/resources/donnees-relatives-aux-resultats-des-tests-virologiques-covid-19/20201021-095031/faq-geodes-sidep-250920.pdf";"faq-geodes-sidep-250920.pdf";"";"file";"pdf";"application/pdf";321851;"sha1";"d87300836b4b88c5a48171625232fcc575c16653";"2020-10-21T09:50:31.891000";"2020-10-21T09:50:40.068000";17
"5ed117db6c161bd5baf070be";"Données relatives aux résultats des tests virologiques COVID-19";"donnees-relatives-aux-resultats-des-tests-virologiques-covid-19";"https://www.data.gouv.fr/fr/datasets/donnees-relatives-aux-resultats-des-tests-virologiques-covid-19/";"Santé publique France";"5e721a395d57f93d0bed451f";"Licence Ouverte / Open Licence version 2.0";False;"406c6a23-e283-4300-9484-54e78c8ae675";"https://static.data.gouv.fr/resources/donnees-relatives-aux-resultats-des-tests-virologiques-covid-19/20201207-191507/sp-pos-quot-dep-2020-12-07-19h15.csv";"sp-pos-quot-dep-2020-12-07-19h15.csv";"Taux de positivité - quotidien - département .";"file";"csv";"text/csv";5275804;"sha1";"c856c9aea5a825f647b0b3c883e1726db0c15405";"2020-05-29T18:02:26.703000";"2020-12-07T19:15:07.807000";15566
"5ed117db6c161bd5baf070be";"Données relatives aux résultats des tests virologiques COVID-19";"donnees-relatives-aux-resultats-des-tests-virologiques-covid-19";"https://www.data.gouv.fr/fr/datasets/donnees-relatives-aux-resultats-des-tests-virologiques-covid-19/";"Santé publique France";"5e721a395d57f93d0bed451f";"Licence Ouverte / Open Licence version 2.0";False;"001aca18-df6a-45c8-89e6-f82d689e6c01";"https://static.data.gouv.fr/resources/donnees-relatives-aux-resultats-des-tests-virologiques-covid-19/20201207-191515/sp-pos-quot-reg-2020-12-07-19h15.csv";"sp-pos-quot-reg-2020-12-07-19h15.csv";"Taux de positivité - quotidien - région.";"file";"csv";"text/csv";1631125;"sha1";"91d3726f6e2177f5f39e5f6bc9371d7d25b6a70b";"2020-05-29T18:03:11.045000";"2020-12-07T19:15:15.812000";1788
"5ed117db6c161bd5baf070be";"Données relatives aux résultats des tests virologiques COVID-19";"donnees-relatives-aux-resultats-des-tests-virologiques-covid-19";"https://www.data.gouv.fr/fr/datasets/donnees-relatives-aux-resultats-des-tests-virologiques-covid-19/";"Santé publique France";"5e721a395d57f93d0bed451f";"Licence Ouverte / Open Licence version 2.0";False;"dd0de5d9-b5a5-4503-930a-7b08dc0adc7c";"https://static.data.gouv.fr/resources/donnees-relatives-aux-resultats-des-tests-virologiques-covid-19/20201207-191516/sp-pos-quot-fra-2020-12-07-19h15.csv";"sp-pos-quot-fra-2020-12-07-19h15.csv";"Taux de positivité - quotidien - france.";"file";"csv";"text/csv";98916;"sha1";"c49ba6328324677b62147cd4c8eec9214a3fecb8";"2020-05-29T18:02:57.551000";"2020-12-07T19:15:16.348000";5792
"5ed117db6c161bd5baf070be";"Données relatives aux résultats des tests virologiques COVID-19";"donnees-relatives-aux-resultats-des-tests-virologiques-covid-19";"https://www.data.gouv.fr/fr/datasets/donnees-relatives-aux-resultats-des-tests-virologiques-covid-19/";"Santé publique France";"5e721a395d57f93d0bed451f";"Licence Ouverte / Open Licence version 2.0";False;"dd3ac13c-e87f-4b33-8897-07baff4e1783";"https://static.data.gouv.fr/resources/donnees-relatives-aux-resultats-des-tests-virologiques-covid-19/20201207-191514/sp-pos-heb-dep-2020-12-07-19h15.csv";"sp-pos-heb-dep-2020-12-07-19h15.csv";"Taux de positivité - hebdomadaire - departement.";"file";"csv";"text/csv";697122;"sha1";"e2214c19e947db3f3bdcc047205ef71ee5746019";"2020-05-29T18:01:11.291000";"2020-12-07T19:15:14.376000";689
"5ed117db6c161bd5baf070be";"Données relatives aux résultats des tests virologiques COVID-19";"donnees-relatives-aux-resultats-des-tests-virologiques-covid-19";"https://www.data.gouv.fr/fr/datasets/donnees-relatives-aux-resultats-des-tests-virologiques-covid-19/";"Santé publique France";"5e721a395d57f93d0bed451f";"Licence Ouverte / Open Licence version 2.0";False;"1ff7af5f-88d6-44bd-b8b6-16308b046afc";"https://static.data.gouv.fr/resources/donnees-relatives-aux-resultats-des-tests-virologiques-covid-19/20201207-191506/sp-pos-heb-reg-2020-12-07-19h15.csv";"sp-pos-heb-reg-2020-12-07-19h15.csv";"Taux de positivité - hebdomadaire - région .";"file";"csv";"text/csv";235294;"sha1";"f90d73e9d389fe996d60daafb5bb6b18d6de3285";"2020-05-29T18:02:10.342000";"2020-12-07T19:15:06.331000";121
"5ed117db6c161bd5baf070be";"Données relatives aux résultats des tests virologiques COVID-19";"donnees-relatives-aux-resultats-des-tests-virologiques-covid-19";"https://www.data.gouv.fr/fr/datasets/donnees-relatives-aux-resultats-des-tests-virologiques-covid-19/";"Santé publique France";"5e721a395d57f93d0bed451f";"Licence Ouverte / Open Licence version 2.0";False;"2f0f720d-fbd2-41a7-95b4-3a70ff5a9253";"https://static.data.gouv.fr/resources/donnees-relatives-aux-resultats-des-tests-virologiques-covid-19/20201207-191503/sp-pos-heb-fra-2020-12-07-19h15.csv";"sp-pos-heb-fra-2020-12-07-19h15.csv";"Taux de positivité - hebdomadaire - France.";"file";"csv";"text/csv";14601;"sha1";"5820f538e052c2bb91284e1c04c9bb6498f098de";"2020-05-29T18:01:35.129000";"2020-12-07T19:15:03.195000";635
"5ed117db6c161bd5baf070be";"Données relatives aux résultats des tests virologiques COVID-19";"donnees-relatives-aux-resultats-des-tests-virologiques-covid-19";"https://www.data.gouv.fr/fr/datasets/donnees-relatives-aux-resultats-des-tests-virologiques-covid-19/";"Santé publique France";"5e721a395d57f93d0bed451f";"Licence Ouverte / Open Licence version 2.0";False;"d1c1846c-f2d1-43cb-ad84-b46c40d1bec8";"https://static.data.gouv.fr/resources/donnees-relatives-aux-resultats-des-tests-virologiques-covid-19/20200703-191519/sp-ti-tp-7j-dep-2020-07-03-19h15.csv";"sp-ti-tp-7j-dep-2020-07-03-19h15.csv";"";"file";"csv";"text/csv";215055;"sha1";"41c46a8b6c450ddffea0845c85815dc42502192b";"2020-05-29T18:20:52.321000";"2020-07-03T19:15:20.039000";0
"5ed117db6c161bd5baf070be";"Données relatives aux résultats des tests virologiques COVID-19";"donnees-relatives-aux-resultats-des-tests-virologiques-covid-19";"https://www.data.gouv.fr/fr/datasets/donnees-relatives-aux-resultats-des-tests-virologiques-covid-19/";"Santé publique France";"5e721a395d57f93d0bed451f";"Licence Ouverte / Open Licence version 2.0";False;"df2f66d3-ef9b-48e0-abdf-f33a6a7ff2fa";"https://static.data.gouv.fr/resources/donnees-relatives-aux-resultats-des-tests-virologiques-covid-19/20200703-191520/sp-ti-tp-7j-reg-2020-07-03-19h15.csv";"sp-ti-tp-7j-reg-2020-07-03-19h15.csv";"";"file";"csv";"text/csv";52837;"sha1";"215ad0960bbad3719ea13622cbca9b4f15d01332";"2020-05-29T18:20:52.324000";"2020-07-03T19:15:20.439000";0
"5ed117db6c161bd5baf070be";"Données relatives aux résultats des tests virologiques COVID-19";"donnees-relatives-aux-resultats-des-tests-virologiques-covid-19";"https://www.data.gouv.fr/fr/datasets/donnees-relatives-aux-resultats-des-tests-virologiques-covid-19/";"Santé publique France";"5e721a395d57f93d0bed451f";"Licence Ouverte / Open Licence version 2.0";False;"c1167c4e-8c89-40f2-adb3-1954f8fedfa7";"https://static.data.gouv.fr/resources/donnees-relatives-aux-resultats-des-tests-virologiques-covid-19/20200703-191519/sp-ti-tp-7j-fra-2020-07-03-19h15.csv";"sp-ti-tp-7j-fra-2020-07-03-19h15.csv";"";"file";"csv";"text/csv";2880;"sha1";"3272b07774ea14ed57c63bb7b9fd26065cf3125d";"2020-05-29T18:20:52.318000";"2020-07-03T19:15:19.607000";0
"5ed117db6c161bd5baf070be";"Données relatives aux résultats des tests virologiques COVID-19";"donnees-relatives-aux-resultats-des-tests-virologiques-covid-19";"https://www.data.gouv.fr/fr/datasets/donnees-relatives-aux-resultats-des-tests-virologiques-covid-19/";"Santé publique France";"5e721a395d57f93d0bed451f";"Licence Ouverte / Open Licence version 2.0";False;"c20aa429-d30b-41d1-8bea-37b106c5f33b";"https://static.data.gouv.fr/resources/donnees-relatives-aux-resultats-des-tests-virologiques-covid-19/20200703-191527/sp-pos-quot-2020-07-03-19h15.xlsx";"sp-pos-quot-2020-07-03-19h15.xlsx";"Taux de positivité - Quotidien.";"file";"xlsx";"application/vnd.openxmlformats-officedocument.spreadsheetml.sheet";1337737;"sha1";"ce0d062e5faa1dcd83616f7bc9f74367b43fb6ff";"2020-05-29T17:19:23.764000";"2020-07-03T19:15:27.711000";0
"5ed117db6c161bd5baf070be";"Données relatives aux résultats des tests virologiques COVID-19";"donnees-relatives-aux-resultats-des-tests-virologiques-covid-19";"https://www.data.gouv.fr/fr/datasets/donnees-relatives-aux-resultats-des-tests-virologiques-covid-19/";"Santé publique France";"5e721a395d57f93d0bed451f";"Licence Ouverte / Open Licence version 2.0";False;"fc7f9844-05bd-41eb-9d9a-2a4b8010af1d";"https://static.data.gouv.fr/resources/donnees-relatives-aux-resultats-des-tests-virologiques-covid-19/20200701-191523/sp-pos-heb-2020-07-01-19h15.xlsx";"sp-pos-heb-2020-07-01-19h15.xlsx";"Taux de positivité - hebdomadaire.";"file";"xlsx";"application/vnd.openxmlformats-officedocument.spreadsheetml.sheet";207005;"sha1";"62fb3c2bf176eed6254a72d4067d250bb5414490";"2020-05-29T17:17:47.913000";"2020-07-01T19:15:23.424000";0
"5ed117db6c161bd5baf070be";"Données relatives aux résultats des tests virologiques COVID-19";"donnees-relatives-aux-resultats-des-tests-virologiques-covid-19";"https://www.data.gouv.fr/fr/datasets/donnees-relatives-aux-resultats-des-tests-virologiques-covid-19/";"Santé publique France";"5e721a395d57f93d0bed451f";"Licence Ouverte / Open Licence version 2.0";False;"708eb9ee-d8e8-4008-ac2d-0827acd95ba7";"https://static.data.gouv.fr/resources/donnees-relatives-aux-resultats-des-tests-virologiques-covid-19/20200703-191520/sp-ti-tp-7j-2020-07-03-19h15.xlsx";"sp-ti-tp-7j-2020-07-03-19h15.xlsx";"";"file";"xlsx";"application/vnd.openxmlformats-officedocument.spreadsheetml.sheet";182582;"sha1";"f526f981c17773cfc4207320275c2822ce425613";"2020-05-29T18:49:52.653000";"2020-07-03T19:15:20.863000";0
"5ed117db6c161bd5baf070be";"Données relatives aux résultats des tests virologiques COVID-19";"donnees-relatives-aux-resultats-des-tests-virologiques-covid-19";"https://www.data.gouv.fr/fr/datasets/donnees-relatives-aux-resultats-des-tests-virologiques-covid-19/";"Santé publique France";"5e721a395d57f93d0bed451f";"Licence Ouverte / Open Licence version 2.0";False;"39aaad1c-9aac-4be8-96b2-6d001f892b34";"https://static.data.gouv.fr/resources/taux-de-positivite-aux-tests-virologiques-covid-19/20200529-170035/metadonnees-positivite.xlsx";"metadonnees-positivite.xlsx";"Description des métadonnées.";"file";"xlsx";"application/vnd.openxmlformats-officedocument.spreadsheetml.sheet";10422;"sha1";"89c55f3a82bb8dcb5f1d1b1f4cb431b798a653ec";"2020-05-29T17:00:35.757000";"2020-05-29T17:00:54.313000";434
"5ea7eaf11739179063ca0847";"Niveaux d'excès de mortalité standardisé durant l'épidémie de COVID-19";"niveaux-dexces-de-mortalite-standardise-durant-lepidemie-de-covid-19";"https://www.data.gouv.fr/fr/datasets/niveaux-dexces-de-mortalite-standardise-durant-lepidemie-de-covid-19/";"Santé publique France";"5e721a395d57f93d0bed451f";"Licence Ouverte / Open Licence";False;"055ebba4-89dc-4996-962e-71dde6aaf7a6";"https://static.data.gouv.fr/resources/niveaux-dexces-de-mortalite-standardise-durant-lepidemie-de-covid-19/20200428-103810/niveau-exces-mortalite-covid19-dep.csv";"niveaux-exces-mortalite-covid19-dep.csv";"";"file";"csv";"text/csv";20080;"sha1";"9919de0c341a10cd7d65c82a3155787c659ac3fb";"2020-04-28T10:38:10.907000";"2020-04-28T10:51:33.236000";383
"5ea7eaf11739179063ca0847";"Niveaux d'excès de mortalité standardisé durant l'épidémie de COVID-19";"niveaux-dexces-de-mortalite-standardise-durant-lepidemie-de-covid-19";"https://www.data.gouv.fr/fr/datasets/niveaux-dexces-de-mortalite-standardise-durant-lepidemie-de-covid-19/";"Santé publique France";"5e721a395d57f93d0bed451f";"Licence Ouverte / Open Licence";False;"b5f8ee61-b852-4d1e-8de8-64d2fcdc0979";"https://static.data.gouv.fr/resources/niveaux-dexces-de-mortalite-standardise-durant-lepidemie-de-covid-19/20200428-103807/niveau-exces-mortalite-covid19-reg.csv";"niveaux-exces-mortalite-covid19-reg.csv";"";"file";"csv";"text/csv";3448;"sha1";"3816c7362e017c302a8d1d40f6f4adeceb6be42e";"2020-04-28T10:38:07.959000";"2020-04-28T10:51:38.406000";9
"5ea7eaf11739179063ca0847";"Niveaux d'excès de mortalité standardisé durant l'épidémie de COVID-19";"niveaux-dexces-de-mortalite-standardise-durant-lepidemie-de-covid-19";"https://www.data.gouv.fr/fr/datasets/niveaux-dexces-de-mortalite-standardise-durant-lepidemie-de-covid-19/";"Santé publique France";"5e721a395d57f93d0bed451f";"Licence Ouverte / Open Licence";False;"00dd3fe8-a619-405a-aaa5-582069d63a20";"https://static.data.gouv.fr/resources/niveaux-dexces-de-mortalite-standardise-durant-lepidemie-de-covid-19/20200428-104526/metadonnees-niveau-exces-mortalite-covid19.csv";"metadonnees-niveaux-exces-mortalite-covid19.csv";"";"file";"csv";"text/csv";294;"sha1";"0e5be246c5f0be9ed492da2c006fcb1666d8d79c";"2020-04-28T10:45:26.402000";"2020-04-28T10:51:43.961000";21
"5ea7eaf11739179063ca0847";"Niveaux d'excès de mortalité standardisé durant l'épidémie de COVID-19";"niveaux-dexces-de-mortalite-standardise-durant-lepidemie-de-covid-19";"https://www.data.gouv.fr/fr/datasets/niveaux-dexces-de-mortalite-standardise-durant-lepidemie-de-covid-19/";"Santé publique France";"5e721a395d57f93d0bed451f";"Licence Ouverte / Open Licence";False;"db47cc61-355d-4724-a9fd-15c7992a5f81";"https://static.data.gouv.fr/resources/niveaux-dexces-de-mortalite-standardise-durant-lepidemie-de-covid-19/20200428-105155/indicateur-niveaux-exces-mortalite-standardise.csv";"indicateur-niveaux-exces-mortalite-standardise.csv";"";"file";"csv";"text/csv";158;"sha1";"7c90d2aacac24534526d70359bd64994dfceab66";"2020-04-28T10:51:56.042000";"2020-04-28T10:52:02.491000";2
"5ed1175ca00bbe1e4941a46a";"Taux d'incidence de l'épidémie de COVID-19";"taux-dincidence-de-lepidemie-de-covid-19";"https://www.data.gouv.fr/fr/datasets/taux-dincidence-de-lepidemie-de-covid-19/";"Santé publique France";"5e721a395d57f93d0bed451f";"Licence Ouverte / Open Licence version 2.0";False;"dce002b0-0343-4864-9b39-673e3f5bb32e";"https://static.data.gouv.fr/resources/taux-dincidence-de-lepidemie-de-covid-19/20201021-094955/sidep-note-methodo-270820.pdf";"sidep-note-methodo-270820.pdf";"";"file";"pdf";"application/pdf";418200;"sha1";"525806ddf75a26bd9255d306e20ff5fe206212a6";"2020-10-21T09:49:55.216000";"2020-10-21T09:50:00.620000";54
"5ed1175ca00bbe1e4941a46a";"Taux d'incidence de l'épidémie de COVID-19";"taux-dincidence-de-lepidemie-de-covid-19";"https://www.data.gouv.fr/fr/datasets/taux-dincidence-de-lepidemie-de-covid-19/";"Santé publique France";"5e721a395d57f93d0bed451f";"Licence Ouverte / Open Licence version 2.0";False;"1124cf05-f6de-41cc-9830-79c9af2e2774";"https://static.data.gouv.fr/resources/taux-dincidence-de-lepidemie-de-covid-19/20201021-094945/faq-geodes-sidep-250920.pdf";"faq-geodes-sidep-250920.pdf";"";"file";"pdf";"application/pdf";321851;"sha1";"d87300836b4b88c5a48171625232fcc575c16653";"2020-10-21T09:49:45.707000";"2020-10-21T09:49:50.525000";9
"5ed1175ca00bbe1e4941a46a";"Taux d'incidence de l'épidémie de COVID-19";"taux-dincidence-de-lepidemie-de-covid-19";"https://www.data.gouv.fr/fr/datasets/taux-dincidence-de-lepidemie-de-covid-19/";"Santé publique France";"5e721a395d57f93d0bed451f";"Licence Ouverte / Open Licence version 2.0";False;"19a91d64-3cd3-42fc-9943-d635491a4d76";"https://static.data.gouv.fr/resources/taux-dincidence-de-lepidemie-de-covid-19/20201207-191505/sp-pe-tb-quot-dep-2020-12-07-19h15.csv";"sp-pe-tb-quot-dep-2020-12-07-19h15.csv";"Taux d'incidence - quotidien - département.";"file";"csv";"text/csv";6008064;"sha1";"9295ec0a4581a325674e9f00a10123007f423871";"2020-05-29T17:56:46.196000";"2020-12-07T19:15:05.691000";8082
"5ed1175ca00bbe1e4941a46a";"Taux d'incidence de l'épidémie de COVID-19";"taux-dincidence-de-lepidemie-de-covid-19";"https://www.data.gouv.fr/fr/datasets/taux-dincidence-de-lepidemie-de-covid-19/";"Santé publique France";"5e721a395d57f93d0bed451f";"Licence Ouverte / Open Licence version 2.0";False;"ad09241e-52fa-4be8-8298-e5760b43cae2";"https://static.data.gouv.fr/resources/taux-dincidence-de-lepidemie-de-covid-19/20201207-191509/sp-pe-tb-quot-reg-2020-12-07-19h15.csv";"sp-pe-tb-quot-reg-2020-12-07-19h15.csv";"Taux d'incidence - quotidien - région.";"file";"csv";"text/csv";2109695;"sha1";"411237cab8f4ea9839fcbe4225d6a6e380d70d2f";"2020-05-29T17:56:46.175000";"2020-12-07T19:15:09.383000";179
"5ed1175ca00bbe1e4941a46a";"Taux d'incidence de l'épidémie de COVID-19";"taux-dincidence-de-lepidemie-de-covid-19";"https://www.data.gouv.fr/fr/datasets/taux-dincidence-de-lepidemie-de-covid-19/";"Santé publique France";"5e721a395d57f93d0bed451f";"Licence Ouverte / Open Licence version 2.0";False;"57d44bd6-c9fd-424f-9a72-7834454f9e3c";"https://static.data.gouv.fr/resources/taux-dincidence-de-lepidemie-de-covid-19/20201207-191511/sp-pe-tb-quot-fra-2020-12-07-19h15.csv";"sp-pe-tb-quot-fra-2020-12-07-19h15.csv";"Taux d'incidence - quotidien - France.";"file";"csv";"text/csv";130188;"sha1";"0ba9fe9ccd945f63ad0cb7751eb5a745ac1990bf";"2020-05-29T17:56:46.135000";"2020-12-07T19:15:11.388000";813
"5ed1175ca00bbe1e4941a46a";"Taux d'incidence de l'épidémie de COVID-19";"taux-dincidence-de-lepidemie-de-covid-19";"https://www.data.gouv.fr/fr/datasets/taux-dincidence-de-lepidemie-de-covid-19/";"Santé publique France";"5e721a395d57f93d0bed451f";"Licence Ouverte / Open Licence version 2.0";False;"bb2a18f3-bdd5-4101-8687-945d6e4e435f";"https://static.data.gouv.fr/resources/taux-dincidence-de-lepidemie-de-covid-19/20201207-191509/sp-pe-tb-heb-dep-2020-12-07-19h15.csv";"sp-pe-tb-heb-dep-2020-12-07-19h15.csv";"Taux d'incidence - hebdomadaire - département.";"file";"csv";"text/csv";767318;"sha1";"b65d2f938ded2cd090444310be0716df67aed569";"2020-05-29T17:56:05.228000";"2020-12-07T19:15:09.923000";281
"5ed1175ca00bbe1e4941a46a";"Taux d'incidence de l'épidémie de COVID-19";"taux-dincidence-de-lepidemie-de-covid-19";"https://www.data.gouv.fr/fr/datasets/taux-dincidence-de-lepidemie-de-covid-19/";"Santé publique France";"5e721a395d57f93d0bed451f";"Licence Ouverte / Open Licence version 2.0";False;"66b09e9a-41b5-4ed6-b03c-9aef93a4b559";"https://static.data.gouv.fr/resources/taux-dincidence-de-lepidemie-de-covid-19/20201207-191501/sp-pe-tb-heb-fra-2020-12-07-19h15.csv";"sp-pe-tb-heb-fra-2020-12-07-19h15.csv";"Taux d'incidence - hebdomadaire - France.";"file";"csv";"text/csv";17984;"sha1";"359cee8260ed6664950795d273ac41275fef5362";"2020-05-29T17:56:05.219000";"2020-12-07T19:15:01.971000";49
"5ed1175ca00bbe1e4941a46a";"Taux d'incidence de l'épidémie de COVID-19";"taux-dincidence-de-lepidemie-de-covid-19";"https://www.data.gouv.fr/fr/datasets/taux-dincidence-de-lepidemie-de-covid-19/";"Santé publique France";"5e721a395d57f93d0bed451f";"Licence Ouverte / Open Licence version 2.0";False;"2360f82e-4fa4-475a-bc07-9caa206d9e32";"https://static.data.gouv.fr/resources/taux-dincidence-de-lepidemie-de-covid-19/20201207-191502/sp-pe-tb-heb-reg-2020-12-07-19h15.csv";"sp-pe-tb-heb-reg-2020-12-07-19h15.csv";"Taux d'incidence - hebdomadaire - région.";"file";"csv";"text/csv";284177;"sha1";"c7569c4190dc9bf286382b91215ac86683ed5831";"2020-05-29T17:56:05.228000";"2020-12-07T19:15:02.379000";32
"5ed1175ca00bbe1e4941a46a";"Taux d'incidence de l'épidémie de COVID-19";"taux-dincidence-de-lepidemie-de-covid-19";"https://www.data.gouv.fr/fr/datasets/taux-dincidence-de-lepidemie-de-covid-19/";"Santé publique France";"5e721a395d57f93d0bed451f";"Licence Ouverte / Open Licence version 2.0";False;"4180a181-a648-402b-92e4-f7574647afa6";"https://static.data.gouv.fr/resources/taux-dincidence-de-lepidemie-de-covid-19/20201207-191510/sp-pe-std-quot-dep-2020-12-07-19h15.csv";"sp-pe-std-quot-dep-2020-12-07-19h15.csv";"Taux d'incidence standardisé - quotidien - département.";"file";"csv";"text/csv";721474;"sha1";"7962bfa65b4030155270a3d3cca37d587d9c0ba8";"2020-05-29T17:50:58.377000";"2020-12-07T19:15:10.848000";0
"5ed1175ca00bbe1e4941a46a";"Taux d'incidence de l'épidémie de COVID-19";"taux-dincidence-de-lepidemie-de-covid-19";"https://www.data.gouv.fr/fr/datasets/taux-dincidence-de-lepidemie-de-covid-19/";"Santé publique France";"5e721a395d57f93d0bed451f";"Licence Ouverte / Open Licence version 2.0";False;"23066f40-ddd2-40c9-931c-4257f36ad778";"https://static.data.gouv.fr/resources/taux-dincidence-de-lepidemie-de-covid-19/20201207-191510/sp-pe-std-quot-reg-2020-12-07-19h15.csv";"sp-pe-std-quot-reg-2020-12-07-19h15.csv";"Taux d'incidence standardisé - quotidien - région.";"file";"csv";"text/csv";149774;"sha1";"15456349321ea976b58ee026856b3e3a581738c8";"2020-05-29T17:50:58.377000";"2020-12-07T19:15:10.311000";0
"5ed1175ca00bbe1e4941a46a";"Taux d'incidence de l'épidémie de COVID-19";"taux-dincidence-de-lepidemie-de-covid-19";"https://www.data.gouv.fr/fr/datasets/taux-dincidence-de-lepidemie-de-covid-19/";"Santé publique France";"5e721a395d57f93d0bed451f";"Licence Ouverte / Open Licence version 2.0";False;"59ad717b-b64e-4779-85f6-cd1b25b24703";"https://static.data.gouv.fr/resources/taux-dincidence-de-lepidemie-de-covid-19/20201207-191501/sp-pe-std-quot-fra-2020-12-07-19h15.csv";"sp-pe-std-quot-fra-2020-12-07-19h15.csv";"Taux d'incidence standardisé - quotidien - France.";"file";"csv";"text/csv";7910;"sha1";"e9b71c2bf2b9784a3874f16f3b41cc62f2f5c69d";"2020-05-29T17:50:58.377000";"2020-12-07T19:15:01.591000";0
"5ed1175ca00bbe1e4941a46a";"Taux d'incidence de l'épidémie de COVID-19";"taux-dincidence-de-lepidemie-de-covid-19";"https://www.data.gouv.fr/fr/datasets/taux-dincidence-de-lepidemie-de-covid-19/";"Santé publique France";"5e721a395d57f93d0bed451f";"Licence Ouverte / Open Licence version 2.0";False;"d9f31e19-c018-43af-a089-aaec2bbcf4cf";"https://static.data.gouv.fr/resources/taux-dincidence-de-lepidemie-de-covid-19/20201207-191508/sp-pe-std-heb-reg-2020-12-07-19h15.csv";"sp-pe-std-heb-reg-2020-12-07-19h15.csv";"Taux d'incidence standardisé - hebdomadaire - région.";"file";"csv";"text/csv";19846;"sha1";"397f01dc4866633f7ab3427e1ee40a0eeb5190f8";"2020-05-29T17:54:17.181000";"2020-12-07T19:15:08.295000";0
"5ed1175ca00bbe1e4941a46a";"Taux d'incidence de l'épidémie de COVID-19";"taux-dincidence-de-lepidemie-de-covid-19";"https://www.data.gouv.fr/fr/datasets/taux-dincidence-de-lepidemie-de-covid-19/";"Santé publique France";"5e721a395d57f93d0bed451f";"Licence Ouverte / Open Licence version 2.0";False;"b4c0001e-fc7e-46a8-a6c4-441f54f8e061";"https://static.data.gouv.fr/resources/taux-dincidence-de-lepidemie-de-covid-19/20201207-191512/sp-pe-std-heb-fra-2020-12-07-19h15.csv";"sp-pe-std-heb-fra-2020-12-07-19h15.csv";"Taux d'incidence standardisé - hebdomadaire - France.";"file";"csv";"text/csv";1053;"sha1";"9e4890eb38b31b83803b2925a47c9d90437c8594";"2020-05-29T17:54:17.171000";"2020-12-07T19:15:12.364000";0
"5ed1175ca00bbe1e4941a46a";"Taux d'incidence de l'épidémie de COVID-19";"taux-dincidence-de-lepidemie-de-covid-19";"https://www.data.gouv.fr/fr/datasets/taux-dincidence-de-lepidemie-de-covid-19/";"Santé publique France";"5e721a395d57f93d0bed451f";"Licence Ouverte / Open Licence version 2.0";False;"071f41a9-f378-44f5-8826-ed20e72d4688";"https://static.data.gouv.fr/resources/taux-dincidence-de-lepidemie-de-covid-19/20201207-191502/sp-pe-std-heb-dep-2020-12-07-19h15.csv";"sp-pe-std-heb-dep-2020-12-07-19h15.csv";"Taux d'incidence standardisé - hebdomadaire - département.";"file";"csv";"text/csv";96820;"sha1";"22a28f077a0bf57072b57616d8599f9fa1b8d284";"2020-05-29T17:54:17.154000";"2020-12-07T19:15:02.815000";0
"5ed1175ca00bbe1e4941a46a";"Taux d'incidence de l'épidémie de COVID-19";"taux-dincidence-de-lepidemie-de-covid-19";"https://www.data.gouv.fr/fr/datasets/taux-dincidence-de-lepidemie-de-covid-19/";"Santé publique France";"5e721a395d57f93d0bed451f";"Licence Ouverte / Open Licence version 2.0";False;"3c18e242-7d45-44f2-ac70-dee78a38ee1c";"https://static.data.gouv.fr/resources/taux-dincidence-de-lepidemie-de-covid-19/20201207-191513/sp-ti-tp-7j-dep-2020-12-07-19h15.csv";"sp-ti-tp-7j-dep-2020-12-07-19h15.csv";"";"file";"csv";"text/csv";848213;"sha1";"49e8f0726f850d9f96f1e510604a349e23175612";"2020-05-29T17:58:40.244000";"2020-12-07T19:15:13.264000";0
"5ed1175ca00bbe1e4941a46a";"Taux d'incidence de l'épidémie de COVID-19";"taux-dincidence-de-lepidemie-de-covid-19";"https://www.data.gouv.fr/fr/datasets/taux-dincidence-de-lepidemie-de-covid-19/";"Santé publique France";"5e721a395d57f93d0bed451f";"Licence Ouverte / Open Licence version 2.0";False;"36ab36ea-d073-4543-9ea0-a64a0175083f";"https://static.data.gouv.fr/resources/taux-dincidence-de-lepidemie-de-covid-19/20201207-191513/sp-ti-tp-7j-reg-2020-12-07-19h15.csv";"sp-ti-tp-7j-reg-2020-12-07-19h15.csv";"";"file";"csv";"text/csv";175278;"sha1";"a7e2a9ad4b3c9ef546b337992c88d850e313244b";"2020-05-29T17:58:40.234000";"2020-12-07T19:15:13.784000";0
"5ed1175ca00bbe1e4941a46a";"Taux d'incidence de l'épidémie de COVID-19";"taux-dincidence-de-lepidemie-de-covid-19";"https://www.data.gouv.fr/fr/datasets/taux-dincidence-de-lepidemie-de-covid-19/";"Santé publique France";"5e721a395d57f93d0bed451f";"Licence Ouverte / Open Licence version 2.0";False;"cbd6477e-bda6-485d-afdc-8e61b904d771";"https://static.data.gouv.fr/resources/taux-dincidence-de-lepidemie-de-covid-19/20201207-191514/sp-ti-tp-7j-fra-2020-12-07-19h15.csv";"sp-ti-tp-7j-fra-2020-12-07-19h15.csv";"";"file";"csv";"text/csv";9450;"sha1";"53b585ebc401d635c9f5cc10db902cbab04e3abe";"2020-05-29T17:58:40.234000";"2020-12-07T19:15:14.752000";0
"5ed1175ca00bbe1e4941a46a";"Taux d'incidence de l'épidémie de COVID-19";"taux-dincidence-de-lepidemie-de-covid-19";"https://www.data.gouv.fr/fr/datasets/taux-dincidence-de-lepidemie-de-covid-19/";"Santé publique France";"5e721a395d57f93d0bed451f";"Licence Ouverte / Open Licence version 2.0";False;"aa7a0f1c-89e3-4d40-af94-6f226202ada3";"https://static.data.gouv.fr/resources/taux-dincidence-de-lepidemie-de-covid-19/20200703-191522/sp-pe-tb-quot-2020-07-03-19h15.xlsx";"sp-pe-tb-quot-2020-07-03-19h15.xlsx";"";"file";"xlsx";"application/vnd.openxmlformats-officedocument.spreadsheetml.sheet";1723169;"sha1";"c14a621a3ea11da0dd9818cee52538586fe62441";"2020-05-29T17:24:45.446000";"2020-07-03T19:15:22.995000";0
"5ed1175ca00bbe1e4941a46a";"Taux d'incidence de l'épidémie de COVID-19";"taux-dincidence-de-lepidemie-de-covid-19";"https://www.data.gouv.fr/fr/datasets/taux-dincidence-de-lepidemie-de-covid-19/";"Santé publique France";"5e721a395d57f93d0bed451f";"Licence Ouverte / Open Licence version 2.0";False;"f9e0b0f6-8b54-48ee-b91b-47d5efa914a9";"https://static.data.gouv.fr/resources/taux-dincidence-de-lepidemie-de-covid-19/20200701-191535/sp-pe-tb-heb-2020-07-01-19h15.xlsx";"sp-pe-tb-heb-2020-07-01-19h15.xlsx";"";"file";"xlsx";"application/vnd.openxmlformats-officedocument.spreadsheetml.sheet";231910;"sha1";"c07fbe5a6a003f618c75d1a01f71c5543a5ec9a9";"2020-05-29T17:24:53.287000";"2020-07-01T19:15:35.244000";0
"5ed1175ca00bbe1e4941a46a";"Taux d'incidence de l'épidémie de COVID-19";"taux-dincidence-de-lepidemie-de-covid-19";"https://www.data.gouv.fr/fr/datasets/taux-dincidence-de-lepidemie-de-covid-19/";"Santé publique France";"5e721a395d57f93d0bed451f";"Licence Ouverte / Open Licence version 2.0";False;"4964c5d0-c7c2-48ce-967d-81bc1f14e00f";"https://static.data.gouv.fr/resources/taux-dincidence-de-lepidemie-de-covid-19/20200703-191516/sp-pe-std-quot-2020-07-03-19h15.xlsx";"sp-pe-std-quot-2020-07-03-19h15.xlsx";"";"file";"xlsx";"application/vnd.openxmlformats-officedocument.spreadsheetml.sheet";187545;"sha1";"cf53d513999d7534814ef6a732407835809b10a4";"2020-05-29T17:24:56.765000";"2020-07-03T19:15:16.707000";0
"5ed1175ca00bbe1e4941a46a";"Taux d'incidence de l'épidémie de COVID-19";"taux-dincidence-de-lepidemie-de-covid-19";"https://www.data.gouv.fr/fr/datasets/taux-dincidence-de-lepidemie-de-covid-19/";"Santé publique France";"5e721a395d57f93d0bed451f";"Licence Ouverte / Open Licence version 2.0";False;"cb8760ed-1e2d-460f-91ea-5eb82eab0920";"https://static.data.gouv.fr/resources/taux-dincidence-de-lepidemie-de-covid-19/20200701-191525/sp-pe-std-heb-2020-07-01-19h15.xlsx";"sp-pe-std-heb-2020-07-01-19h15.xlsx";"";"file";"xlsx";"application/vnd.openxmlformats-officedocument.spreadsheetml.sheet";32408;"sha1";"c41c6058d4b39322572e8bd1221e6232895ad44f";"2020-05-29T17:19:06.628000";"2020-07-01T19:15:25.788000";0
"5ed1175ca00bbe1e4941a46a";"Taux d'incidence de l'épidémie de COVID-19";"taux-dincidence-de-lepidemie-de-covid-19";"https://www.data.gouv.fr/fr/datasets/taux-dincidence-de-lepidemie-de-covid-19/";"Santé publique France";"5e721a395d57f93d0bed451f";"Licence Ouverte / Open Licence version 2.0";False;"a4eecf68-9013-4876-a49c-bdf342105fc7";"https://static.data.gouv.fr/resources/taux-dincidence-de-lepidemie-de-covid-19/20200703-191519/sp-ti-tp-7j-2020-07-03-19h15.xlsx";"sp-ti-tp-7j-2020-07-03-19h15.xlsx";"";"file";"xlsx";"application/vnd.openxmlformats-officedocument.spreadsheetml.sheet";182582;"sha1";"f526f981c17773cfc4207320275c2822ce425613";"2020-05-29T18:01:10.686000";"2020-07-03T19:15:19.215000";0
"5ed1175ca00bbe1e4941a46a";"Taux d'incidence de l'épidémie de COVID-19";"taux-dincidence-de-lepidemie-de-covid-19";"https://www.data.gouv.fr/fr/datasets/taux-dincidence-de-lepidemie-de-covid-19/";"Santé publique France";"5e721a395d57f93d0bed451f";"Licence Ouverte / Open Licence version 2.0";False;"a8b5931a-3aa7-4aec-a81b-8b3de628cf63";"https://static.data.gouv.fr/resources/taux-dincidence-de-lepidemie-de-covid-19/20200529-170119/metadonnees-incidence.xlsx";"metadonnees-incidence.xlsx";"Description des métadonnées.";"file";"xlsx";"application/vnd.openxmlformats-officedocument.spreadsheetml.sheet";10555;"sha1";"f61e6ee185b8c17f553ad7480599a1e23211dd94";"2020-05-29T17:01:19.832000";"2020-05-29T18:01:32.162000";223
